"treatment","Trait","groups","combi","trait","Year","part","BBCH","group"
"Apertus",65.1573872659735,"a","var","CEDM","DFG2019",NA,"61_87","biomass"
"Patras",53.0518928065423,"ab","var","CEDM","DFG2019",NA,"61_87","biomass"
"Capone",46.95967029765,"ab","var","CEDM","DFG2019",NA,"61_87","biomass"
"Pionier",42.0969761356782,"b","var","CEDM","DFG2019",NA,"61_87","biomass"
"220_Late_Apertus",99.6058005310631,"a","nitrogen:timeid:var","CEN","DFG2019",NA,"61_87","nitrogen"
"220_Late_Pionier",90.5830627846527,"ab","nitrogen:timeid:var","CEN","DFG2019",NA,"61_87","nitrogen"
"176_Early_Capone",87.7850371359386,"abc","nitrogen:timeid:var","CEN","DFG2019",NA,"61_87","nitrogen"
"220_Early_Patras",85.8894813513981,"abc","nitrogen:timeid:var","CEN","DFG2019",NA,"61_87","nitrogen"
"176_Late_Apertus",84.6545184899709,"abc","nitrogen:timeid:var","CEN","DFG2019",NA,"61_87","nitrogen"
"220_Late_Capone",83.9883570543951,"abc","nitrogen:timeid:var","CEN","DFG2019",NA,"61_87","nitrogen"
"176_Early_Patras",81.2664394590461,"abc","nitrogen:timeid:var","CEN","DFG2019",NA,"61_87","nitrogen"
"220_Early_Apertus",79.3756234011741,"abc","nitrogen:timeid:var","CEN","DFG2019",NA,"61_87","nitrogen"
"176_Early_Pionier",78.0106496983638,"abc","nitrogen:timeid:var","CEN","DFG2019",NA,"61_87","nitrogen"
"176_Late_Capone",77.8106208345732,"abc","nitrogen:timeid:var","CEN","DFG2019",NA,"61_87","nitrogen"
"220_Late_Patras",73.4754778777676,"abc","nitrogen:timeid:var","CEN","DFG2019",NA,"61_87","nitrogen"
"176_Late_Pionier",72.9316313134401,"abc","nitrogen:timeid:var","CEN","DFG2019",NA,"61_87","nitrogen"
"176_Late_Patras",69.3994116315435,"bc","nitrogen:timeid:var","CEN","DFG2019",NA,"61_87","nitrogen"
"176_Early_Apertus",68.3271144080932,"bc","nitrogen:timeid:var","CEN","DFG2019",NA,"61_87","nitrogen"
"220_Early_Pionier",65.3341070260419,"bc","nitrogen:timeid:var","CEN","DFG2019",NA,"61_87","nitrogen"
"220_Early_Capone",59.803276801874,"c","nitrogen:timeid:var","CEN","DFG2019",NA,"61_87","nitrogen"
"Split",0.00351891696286084,"a","appl","CGR_tt_23_31","DFG2019","all","23_31",NA
"Combined",0.00302268243064594,"b","appl","CGR_tt_23_31","DFG2019","all","23_31",NA
"Early",0.0158416800929535,"a","timeid","CGR_tt_31_41","DFG2019","all","31_41",NA
"Late",0.0134347351808404,"b","timeid","CGR_tt_31_41","DFG2019","all","31_41",NA
"Apertus",0.0155477031024735,"a","var","CGR_tt_31_41","DFG2019","all","31_41",NA
"Patras",0.014959616280578,"a","var","CGR_tt_31_41","DFG2019","all","31_41",NA
"Pionier",0.0144971969837589,"ab","var","CGR_tt_31_41","DFG2019","all","31_41",NA
"Capone",0.0135483141807773,"b","var","CGR_tt_31_41","DFG2019","all","31_41",NA
"Split_Early_Apertus",0.0194154997833656,"a","appl:timeid:var","CGR_tt_31_41","DFG2019","all","31_41",NA
"Split_Early_Pionier",0.0181673263524801,"ab","appl:timeid:var","CGR_tt_31_41","DFG2019","all","31_41",NA
"Combined_Early_Patras",0.0177656153632296,"abc","appl:timeid:var","CGR_tt_31_41","DFG2019","all","31_41",NA
"Split_Early_Patras",0.0162661068821913,"abcd","appl:timeid:var","CGR_tt_31_41","DFG2019","all","31_41",NA
"Combined_Late_Apertus",0.0155296367352322,"bcde","appl:timeid:var","CGR_tt_31_41","DFG2019","all","31_41",NA
"Combined_Early_Pionier",0.0146178165532825,"cdef","appl:timeid:var","CGR_tt_31_41","DFG2019","all","31_41",NA
"Split_Late_Apertus",0.0144132415124606,"def","appl:timeid:var","CGR_tt_31_41","DFG2019","all","31_41",NA
"Split_Early_Capone",0.0142894337604825,"def","appl:timeid:var","CGR_tt_31_41","DFG2019","all","31_41",NA
"Combined_Late_Patras",0.0138064241186456,"def","appl:timeid:var","CGR_tt_31_41","DFG2019","all","31_41",NA
"Split_Late_Capone",0.0134817608720424,"def","appl:timeid:var","CGR_tt_31_41","DFG2019","all","31_41",NA
"Combined_Early_Capone",0.0133792076697601,"def","appl:timeid:var","CGR_tt_31_41","DFG2019","all","31_41",NA
"Combined_Late_Pionier",0.0133159753844152,"def","appl:timeid:var","CGR_tt_31_41","DFG2019","all","31_41",NA
"Combined_Late_Capone",0.0130428544208242,"def","appl:timeid:var","CGR_tt_31_41","DFG2019","all","31_41",NA
"Combined_Early_Apertus",0.0128324343788358,"ef","appl:timeid:var","CGR_tt_31_41","DFG2019","all","31_41",NA
"Split_Late_Patras",0.0120003187582455,"f","appl:timeid:var","CGR_tt_31_41","DFG2019","all","31_41",NA
"Split_Late_Pionier",0.0118876696448578,"f","appl:timeid:var","CGR_tt_31_41","DFG2019","all","31_41",NA
"Capone",0.0106708670951216,"a","var","CGR_tt_61_87","DFG2019","all","61_87",NA
"Pionier",0.0102589363563723,"a","var","CGR_tt_61_87","DFG2019","all","61_87",NA
"Patras",0.00890262859749959,"ab","var","CGR_tt_61_87","DFG2019","all","61_87",NA
"Apertus",0.00697007288666959,"b","var","CGR_tt_61_87","DFG2019","all","61_87",NA
"Apertus",27.3062754738236,"a","var","DMTE","DFG2019",NA,"61_87","biomass"
"Patras",23.41673991167,"ab","var","DMTE","DFG2019",NA,"61_87","biomass"
"Capone",18.9195125986879,"b","var","DMTE","DFG2019",NA,"61_87","biomass"
"Pionier",16.3317700810588,"b","var","DMTE","DFG2019",NA,"61_87","biomass"
"Split",0.98124999509375,"a","appl","Delta_DM_23_31","DFG2019","all","23_31",NA
"Combined",0.842874995785625,"b","appl","Delta_DM_23_31","DFG2019","all","23_31",NA
"Early",7.45331246273344,"a","timeid","Delta_DM_31_41","DFG2019","all","31_41",NA
"Late",6.32087496839562,"b","timeid","Delta_DM_31_41","DFG2019","all","31_41",NA
"Apertus",7.314999963425,"a","var","Delta_DM_31_41","DFG2019","all","31_41",NA
"Patras",7.03831246480844,"a","var","Delta_DM_31_41","DFG2019","all","31_41",NA
"Pionier",6.82074996589625,"ab","var","Delta_DM_31_41","DFG2019","all","31_41",NA
"Capone",6.37431246812844,"b","var","Delta_DM_31_41","DFG2019","all","31_41",NA
"Split_Early_Apertus",9.13474995432625,"a","appl:timeid:var","Delta_DM_31_41","DFG2019","all","31_41",NA
"Split_Early_Pionier",8.5474999572625,"ab","appl:timeid:var","Delta_DM_31_41","DFG2019","all","31_41",NA
"Combined_Early_Patras",8.3584999582075,"abc","appl:timeid:var","Delta_DM_31_41","DFG2019","all","31_41",NA
"Split_Early_Patras",7.652999961735,"abcd","appl:timeid:var","Delta_DM_31_41","DFG2019","all","31_41",NA
"Combined_Late_Apertus",7.3064999634675,"bcde","appl:timeid:var","Delta_DM_31_41","DFG2019","all","31_41",NA
"Combined_Early_Pionier",6.8774999656125,"cdef","appl:timeid:var","Delta_DM_31_41","DFG2019","all","31_41",NA
"Split_Late_Apertus",6.78124996609375,"def","appl:timeid:var","Delta_DM_31_41","DFG2019","all","31_41",NA
"Split_Early_Capone",6.722999966385,"def","appl:timeid:var","Delta_DM_31_41","DFG2019","all","31_41",NA
"Combined_Late_Patras",6.49574996752125,"def","appl:timeid:var","Delta_DM_31_41","DFG2019","all","31_41",NA
"Split_Late_Capone",6.342999968285,"def","appl:timeid:var","Delta_DM_31_41","DFG2019","all","31_41",NA
"Combined_Early_Capone",6.29474996852625,"def","appl:timeid:var","Delta_DM_31_41","DFG2019","all","31_41",NA
"Combined_Late_Pionier",6.264999968675,"def","appl:timeid:var","Delta_DM_31_41","DFG2019","all","31_41",NA
"Combined_Late_Capone",6.1364999693175,"def","appl:timeid:var","Delta_DM_31_41","DFG2019","all","31_41",NA
"Combined_Early_Apertus",6.0374999698125,"ef","appl:timeid:var","Delta_DM_31_41","DFG2019","all","31_41",NA
"Split_Late_Patras",5.64599997177,"f","appl:timeid:var","Delta_DM_31_41","DFG2019","all","31_41",NA
"Split_Late_Pionier",5.592999972035,"f","appl:timeid:var","Delta_DM_31_41","DFG2019","all","31_41",NA
"Capone",8.20687495896562,"a","var","Delta_DM_61_87","DFG2019","all","61_87",NA
"Pionier",7.89006246054969,"a","var","Delta_DM_61_87","DFG2019","all","61_87",NA
"Patras",6.84693746576531,"ab","var","Delta_DM_61_87","DFG2019","all","61_87",NA
"Apertus",5.36062497319687,"b","var","Delta_DM_61_87","DFG2019","all","61_87",NA
"220",1.32853124335734,"a","nitrogen","Delta_ear_51_61","DFG2019","ear","51_61",NA
"176",0.953968745230156,"b","nitrogen","Delta_ear_51_61","DFG2019","ear","51_61",NA
"Early",10.5330624473347,"a","timeid","Delta_ear_61_87","DFG2019","ear","61_87",NA
"Late",9.38084370309578,"b","timeid","Delta_ear_61_87","DFG2019","ear","61_87",NA
"Capone",10.4941874475291,"a","var","Delta_ear_61_87","DFG2019","ear","61_87",NA
"Patras",10.2375624488122,"a","var","Delta_ear_61_87","DFG2019","ear","61_87",NA
"Pionier",9.72206245138969,"ab","var","Delta_ear_61_87","DFG2019","ear","61_87",NA
"Apertus",9.37399995313,"b","var","Delta_ear_61_87","DFG2019","ear","61_87",NA
"220_Early_Capone",14.1874999290625,"a","nitrogen:timeid:var","Delta_ear_61_87","DFG2019","ear","61_87",NA
"220_Early_Pionier",10.9972499450138,"ab","nitrogen:timeid:var","Delta_ear_61_87","DFG2019","ear","61_87",NA
"176_Early_Patras",10.9034999454825,"ab","nitrogen:timeid:var","Delta_ear_61_87","DFG2019","ear","61_87",NA
"220_Late_Patras",10.742999946285,"ab","nitrogen:timeid:var","Delta_ear_61_87","DFG2019","ear","61_87",NA
"220_Early_Apertus",10.4567499477163,"ab","nitrogen:timeid:var","Delta_ear_61_87","DFG2019","ear","61_87",NA
"176_Early_Pionier",10.218999948905,"ab","nitrogen:timeid:var","Delta_ear_61_87","DFG2019","ear","61_87",NA
"176_Late_Patras",10.01399994993,"ab","nitrogen:timeid:var","Delta_ear_61_87","DFG2019","ear","61_87",NA
"176_Early_Capone",9.74074995129625,"ab","nitrogen:timeid:var","Delta_ear_61_87","DFG2019","ear","61_87",NA
"176_Late_Capone",9.5054999524725,"ab","nitrogen:timeid:var","Delta_ear_61_87","DFG2019","ear","61_87",NA
"220_Late_Apertus",9.49374995253125,"ab","nitrogen:timeid:var","Delta_ear_61_87","DFG2019","ear","61_87",NA
"176_Late_Pionier",9.35274995323625,"ab","nitrogen:timeid:var","Delta_ear_61_87","DFG2019","ear","61_87",NA
"220_Early_Patras",9.28974995355125,"ab","nitrogen:timeid:var","Delta_ear_61_87","DFG2019","ear","61_87",NA
"176_Late_Apertus",9.0754999546225,"b","nitrogen:timeid:var","Delta_ear_61_87","DFG2019","ear","61_87",NA
"220_Late_Capone",8.542999957285,"b","nitrogen:timeid:var","Delta_ear_61_87","DFG2019","ear","61_87",NA
"176_Early_Apertus",8.46999995765,"b","nitrogen:timeid:var","Delta_ear_61_87","DFG2019","ear","61_87",NA
"220_Late_Pionier",8.31924995840375,"b","nitrogen:timeid:var","Delta_ear_61_87","DFG2019","ear","61_87",NA
"220",2.34062498829688,"a","nitrogen","Delta_spikeNr_51_61","DFG2019","biomasscut","51_61",NA
"176",1.08124999459375,"b","nitrogen","Delta_spikeNr_51_61","DFG2019","biomasscut","51_61",NA
"220_Split_Late_Apertus",3.599999982,"a","nitrogen:appl:timeid:var","Delta_spikeNr_51_61","DFG2019","biomasscut","51_61",NA
"220_Combined_Early_Pionier",3.54999998225,"a","nitrogen:appl:timeid:var","Delta_spikeNr_51_61","DFG2019","biomasscut","51_61",NA
"220_Combined_Late_Apertus",3.54999998225,"a","nitrogen:appl:timeid:var","Delta_spikeNr_51_61","DFG2019","biomasscut","51_61",NA
"220_Split_Late_Pionier",3.4999999825,"a","nitrogen:appl:timeid:var","Delta_spikeNr_51_61","DFG2019","biomasscut","51_61",NA
"176_Split_Early_Pionier",2.799999986,"ab","nitrogen:appl:timeid:var","Delta_spikeNr_51_61","DFG2019","biomasscut","51_61",NA
"220_Combined_Late_Capone",2.799999986,"ab","nitrogen:appl:timeid:var","Delta_spikeNr_51_61","DFG2019","biomasscut","51_61",NA
"220_Split_Early_Capone",2.64999998675,"ab","nitrogen:appl:timeid:var","Delta_spikeNr_51_61","DFG2019","biomasscut","51_61",NA
"176_Combined_Late_Pionier",2.599999987,"ab","nitrogen:appl:timeid:var","Delta_spikeNr_51_61","DFG2019","biomasscut","51_61",NA
"220_Split_Early_Apertus",2.599999987,"ab","nitrogen:appl:timeid:var","Delta_spikeNr_51_61","DFG2019","biomasscut","51_61",NA
"176_Split_Late_Apertus",2.54999998725,"ab","nitrogen:appl:timeid:var","Delta_spikeNr_51_61","DFG2019","biomasscut","51_61",NA
"220_Split_Late_Patras",2.44999998775,"ab","nitrogen:appl:timeid:var","Delta_spikeNr_51_61","DFG2019","biomasscut","51_61",NA
"220_Combined_Late_Patras",2.199999989,"ab","nitrogen:appl:timeid:var","Delta_spikeNr_51_61","DFG2019","biomasscut","51_61",NA
"176_Combined_Late_Capone",2.14999998925,"ab","nitrogen:appl:timeid:var","Delta_spikeNr_51_61","DFG2019","biomasscut","51_61",NA
"220_Combined_Late_Pionier",2.0999999895,"ab","nitrogen:appl:timeid:var","Delta_spikeNr_51_61","DFG2019","biomasscut","51_61",NA
"220_Split_Late_Capone",2.04999998975,"ab","nitrogen:appl:timeid:var","Delta_spikeNr_51_61","DFG2019","biomasscut","51_61",NA
"220_Combined_Early_Capone",1.799999991,"ab","nitrogen:appl:timeid:var","Delta_spikeNr_51_61","DFG2019","biomasscut","51_61",NA
"176_Split_Late_Capone",1.6999999915,"ab","nitrogen:appl:timeid:var","Delta_spikeNr_51_61","DFG2019","biomasscut","51_61",NA
"176_Split_Late_Patras",1.6999999915,"ab","nitrogen:appl:timeid:var","Delta_spikeNr_51_61","DFG2019","biomasscut","51_61",NA
"220_Split_Early_Patras",1.64999999175,"ab","nitrogen:appl:timeid:var","Delta_spikeNr_51_61","DFG2019","biomasscut","51_61",NA
"220_Split_Early_Pionier",1.44999999275,"ab","nitrogen:appl:timeid:var","Delta_spikeNr_51_61","DFG2019","biomasscut","51_61",NA
"176_Combined_Late_Apertus",1.24999999375,"ab","nitrogen:appl:timeid:var","Delta_spikeNr_51_61","DFG2019","biomasscut","51_61",NA
"176_Split_Early_Patras",0.999999995,"ab","nitrogen:appl:timeid:var","Delta_spikeNr_51_61","DFG2019","biomasscut","51_61",NA
"176_Combined_Early_Apertus",0.94999999525,"ab","nitrogen:appl:timeid:var","Delta_spikeNr_51_61","DFG2019","biomasscut","51_61",NA
"220_Combined_Early_Apertus",0.799999996,"ab","nitrogen:appl:timeid:var","Delta_spikeNr_51_61","DFG2019","biomasscut","51_61",NA
"220_Combined_Early_Patras",0.6999999965,"ab","nitrogen:appl:timeid:var","Delta_spikeNr_51_61","DFG2019","biomasscut","51_61",NA
"176_Combined_Early_Capone",0.6999999965,"ab","nitrogen:appl:timeid:var","Delta_spikeNr_51_61","DFG2019","biomasscut","51_61",NA
"176_Combined_Late_Patras",0.64999999675,"ab","nitrogen:appl:timeid:var","Delta_spikeNr_51_61","DFG2019","biomasscut","51_61",NA
"176_Split_Late_Pionier",0.44999999775,"ab","nitrogen:appl:timeid:var","Delta_spikeNr_51_61","DFG2019","biomasscut","51_61",NA
"176_Combined_Early_Pionier",0.399999998,"ab","nitrogen:appl:timeid:var","Delta_spikeNr_51_61","DFG2019","biomasscut","51_61",NA
"176_Split_Early_Apertus",-0.199999999,"ab","nitrogen:appl:timeid:var","Delta_spikeNr_51_61","DFG2019","biomasscut","51_61",NA
"176_Combined_Early_Patras",-0.399999998,"ab","nitrogen:appl:timeid:var","Delta_spikeNr_51_61","DFG2019","biomasscut","51_61",NA
"176_Split_Early_Capone",-0.999999995,"b","nitrogen:appl:timeid:var","Delta_spikeNr_51_61","DFG2019","biomasscut","51_61",NA
"Pionier",0.53124999734375,"a","var","Delta_spikeNr_61_87","DFG2019","biomasscut","61_87",NA
"Capone",0.19374999903125,"ab","var","Delta_spikeNr_61_87","DFG2019","biomasscut","61_87",NA
"Patras",0.0312499998437499,"ab","var","Delta_spikeNr_61_87","DFG2019","biomasscut","61_87",NA
"Apertus",-0.6999999965,"b","var","Delta_spikeNr_61_87","DFG2019","biomasscut","61_87",NA
"Pionier",4.9124999754375,"a","var","Delta_tillerNr_31_41","DFG2019","biomasscut","31_41",NA
"Apertus",4.24999997875,"ab","var","Delta_tillerNr_31_41","DFG2019","biomasscut","31_41",NA
"Capone",3.524999982375,"bc","var","Delta_tillerNr_31_41","DFG2019","biomasscut","31_41",NA
"Patras",3.274999983625,"c","var","Delta_tillerNr_31_41","DFG2019","biomasscut","31_41",NA
"Split_Early",4.4999999775,"a","appl:timeid","Delta_tillerNr_31_41","DFG2019","biomasscut","31_41",NA
"Combined_Late",4.1124999794375,"ab","appl:timeid","Delta_tillerNr_31_41","DFG2019","biomasscut","31_41",NA
"Split_Late",4.0874999795625,"ab","appl:timeid","Delta_tillerNr_31_41","DFG2019","biomasscut","31_41",NA
"Combined_Early",3.2624999836875,"b","appl:timeid","Delta_tillerNr_31_41","DFG2019","biomasscut","31_41",NA
"Split",3.43124998284375,"a","appl","Delta_tillerNr_31_61","DFG2019","biomasscut","31_61",NA
"Combined",2.55624998721875,"b","appl","Delta_tillerNr_31_61","DFG2019","biomasscut","31_61",NA
"176_Split_Late_Apertus",4.94999997525,"a","nitrogen:appl:timeid:var","Delta_tillerNr_31_61","DFG2019","biomasscut","31_61",NA
"176_Split_Early_Pionier",4.74999997625,"ab","nitrogen:appl:timeid:var","Delta_tillerNr_31_61","DFG2019","biomasscut","31_61",NA
"220_Combined_Late_Apertus",4.74999997625,"ab","nitrogen:appl:timeid:var","Delta_tillerNr_31_61","DFG2019","biomasscut","31_61",NA
"220_Split_Late_Apertus",4.74999997625,"ab","nitrogen:appl:timeid:var","Delta_tillerNr_31_61","DFG2019","biomasscut","31_61",NA
"220_Split_Late_Pionier",4.0999999795,"abc","nitrogen:appl:timeid:var","Delta_tillerNr_31_61","DFG2019","biomasscut","31_61",NA
"220_Split_Early_Apertus",4.04999997975,"abc","nitrogen:appl:timeid:var","Delta_tillerNr_31_61","DFG2019","biomasscut","31_61",NA
"220_Combined_Late_Pionier",3.94999998025,"abc","nitrogen:appl:timeid:var","Delta_tillerNr_31_61","DFG2019","biomasscut","31_61",NA
"220_Combined_Early_Pionier",3.74999998125,"abcd","nitrogen:appl:timeid:var","Delta_tillerNr_31_61","DFG2019","biomasscut","31_61",NA
"220_Split_Late_Patras",3.6999999815,"abcd","nitrogen:appl:timeid:var","Delta_tillerNr_31_61","DFG2019","biomasscut","31_61",NA
"176_Split_Late_Patras",3.54999998225,"abcd","nitrogen:appl:timeid:var","Delta_tillerNr_31_61","DFG2019","biomasscut","31_61",NA
"220_Split_Early_Capone",3.24999998375,"abcd","nitrogen:appl:timeid:var","Delta_tillerNr_31_61","DFG2019","biomasscut","31_61",NA
"176_Split_Early_Patras",3.199999984,"abcd","nitrogen:appl:timeid:var","Delta_tillerNr_31_61","DFG2019","biomasscut","31_61",NA
"220_Combined_Early_Apertus",3.0999999845,"abcd","nitrogen:appl:timeid:var","Delta_tillerNr_31_61","DFG2019","biomasscut","31_61",NA
"176_Split_Early_Capone",3.04999998475,"abcd","nitrogen:appl:timeid:var","Delta_tillerNr_31_61","DFG2019","biomasscut","31_61",NA
"220_Split_Early_Patras",3.04999998475,"abcd","nitrogen:appl:timeid:var","Delta_tillerNr_31_61","DFG2019","biomasscut","31_61",NA
"176_Combined_Early_Apertus",2.94999998525,"abcd","nitrogen:appl:timeid:var","Delta_tillerNr_31_61","DFG2019","biomasscut","31_61",NA
"176_Split_Late_Capone",2.94999998525,"abcd","nitrogen:appl:timeid:var","Delta_tillerNr_31_61","DFG2019","biomasscut","31_61",NA
"220_Combined_Late_Patras",2.8999999855,"abcd","nitrogen:appl:timeid:var","Delta_tillerNr_31_61","DFG2019","biomasscut","31_61",NA
"220_Combined_Late_Capone",2.799999986,"abcd","nitrogen:appl:timeid:var","Delta_tillerNr_31_61","DFG2019","biomasscut","31_61",NA
"176_Split_Early_Apertus",2.74999998625,"abcd","nitrogen:appl:timeid:var","Delta_tillerNr_31_61","DFG2019","biomasscut","31_61",NA
"176_Combined_Late_Apertus",2.64999998675,"abcd","nitrogen:appl:timeid:var","Delta_tillerNr_31_61","DFG2019","biomasscut","31_61",NA
"176_Combined_Early_Pionier",2.599999987,"abcd","nitrogen:appl:timeid:var","Delta_tillerNr_31_61","DFG2019","biomasscut","31_61",NA
"176_Combined_Late_Pionier",2.4999999875,"abcd","nitrogen:appl:timeid:var","Delta_tillerNr_31_61","DFG2019","biomasscut","31_61",NA
"220_Split_Late_Capone",2.4999999875,"abcd","nitrogen:appl:timeid:var","Delta_tillerNr_31_61","DFG2019","biomasscut","31_61",NA
"220_Split_Early_Pionier",2.44999998775,"abcd","nitrogen:appl:timeid:var","Delta_tillerNr_31_61","DFG2019","biomasscut","31_61",NA
"176_Combined_Early_Patras",1.99999999,"abcd","nitrogen:appl:timeid:var","Delta_tillerNr_31_61","DFG2019","biomasscut","31_61",NA
"176_Split_Late_Pionier",1.84999999075,"abcd","nitrogen:appl:timeid:var","Delta_tillerNr_31_61","DFG2019","biomasscut","31_61",NA
"220_Combined_Early_Capone",1.64999999175,"bcd","nitrogen:appl:timeid:var","Delta_tillerNr_31_61","DFG2019","biomasscut","31_61",NA
"220_Combined_Early_Patras",1.599999992,"cd","nitrogen:appl:timeid:var","Delta_tillerNr_31_61","DFG2019","biomasscut","31_61",NA
"176_Combined_Late_Capone",1.54999999225,"cd","nitrogen:appl:timeid:var","Delta_tillerNr_31_61","DFG2019","biomasscut","31_61",NA
"176_Combined_Late_Patras",1.44999999275,"cd","nitrogen:appl:timeid:var","Delta_tillerNr_31_61","DFG2019","biomasscut","31_61",NA
"176_Combined_Early_Capone",0.6999999965,"d","nitrogen:appl:timeid:var","Delta_tillerNr_31_61","DFG2019","biomasscut","31_61",NA
"Early_Patras",-0.5374999973125,"a","timeid:var","Delta_tillerNr_41_51","DFG2019","biomasscut","41_51",NA
"Early_Capone",-0.9374999953125,"a","timeid:var","Delta_tillerNr_41_51","DFG2019","biomasscut","41_51",NA
"Late_Pionier",-1.124999994375,"a","timeid:var","Delta_tillerNr_41_51","DFG2019","biomasscut","41_51",NA
"Early_Apertus",-1.14999999425,"a","timeid:var","Delta_tillerNr_41_51","DFG2019","biomasscut","41_51",NA
"Late_Apertus",-1.574999992125,"a","timeid:var","Delta_tillerNr_41_51","DFG2019","biomasscut","41_51",NA
"Late_Patras",-1.724999991375,"a","timeid:var","Delta_tillerNr_41_51","DFG2019","biomasscut","41_51",NA
"Late_Capone",-2.04999998975,"a","timeid:var","Delta_tillerNr_41_51","DFG2019","biomasscut","41_51",NA
"Early_Pionier",-2.199999989,"a","timeid:var","Delta_tillerNr_41_51","DFG2019","biomasscut","41_51",NA
"220_Split_Early_Capone",2.0999999895,"a","nitrogen:appl:timeid:var","Delta_tillerNr_51_61","DFG2019","biomasscut","51_61",NA
"220_Split_Late_Apertus",1.94999999025,"a","nitrogen:appl:timeid:var","Delta_tillerNr_51_61","DFG2019","biomasscut","51_61",NA
"220_Combined_Late_Apertus",1.799999991,"a","nitrogen:appl:timeid:var","Delta_tillerNr_51_61","DFG2019","biomasscut","51_61",NA
"220_Split_Late_Patras",1.6999999915,"a","nitrogen:appl:timeid:var","Delta_tillerNr_51_61","DFG2019","biomasscut","51_61",NA
"176_Split_Early_Pionier",1.64999999175,"a","nitrogen:appl:timeid:var","Delta_tillerNr_51_61","DFG2019","biomasscut","51_61",NA
"176_Split_Late_Apertus",1.599999992,"a","nitrogen:appl:timeid:var","Delta_tillerNr_51_61","DFG2019","biomasscut","51_61",NA
"220_Split_Early_Apertus",1.54999999225,"a","nitrogen:appl:timeid:var","Delta_tillerNr_51_61","DFG2019","biomasscut","51_61",NA
"220_Combined_Late_Patras",1.54999999225,"a","nitrogen:appl:timeid:var","Delta_tillerNr_51_61","DFG2019","biomasscut","51_61",NA
"176_Split_Late_Patras",1.2999999935,"a","nitrogen:appl:timeid:var","Delta_tillerNr_51_61","DFG2019","biomasscut","51_61",NA
"176_Combined_Early_Apertus",0.8999999955,"a","nitrogen:appl:timeid:var","Delta_tillerNr_51_61","DFG2019","biomasscut","51_61",NA
"176_Combined_Late_Capone",0.8999999955,"a","nitrogen:appl:timeid:var","Delta_tillerNr_51_61","DFG2019","biomasscut","51_61",NA
"220_Split_Early_Patras",0.84999999575,"a","nitrogen:appl:timeid:var","Delta_tillerNr_51_61","DFG2019","biomasscut","51_61",NA
"176_Split_Late_Capone",0.799999996,"a","nitrogen:appl:timeid:var","Delta_tillerNr_51_61","DFG2019","biomasscut","51_61",NA
"220_Split_Late_Pionier",0.74999999625,"a","nitrogen:appl:timeid:var","Delta_tillerNr_51_61","DFG2019","biomasscut","51_61",NA
"220_Combined_Late_Capone",0.64999999675,"a","nitrogen:appl:timeid:var","Delta_tillerNr_51_61","DFG2019","biomasscut","51_61",NA
"220_Combined_Late_Pionier",0.599999997,"a","nitrogen:appl:timeid:var","Delta_tillerNr_51_61","DFG2019","biomasscut","51_61",NA
"220_Combined_Early_Pionier",0.399999998,"a","nitrogen:appl:timeid:var","Delta_tillerNr_51_61","DFG2019","biomasscut","51_61",NA
"220_Combined_Early_Apertus",0.0999999995,"a","nitrogen:appl:timeid:var","Delta_tillerNr_51_61","DFG2019","biomasscut","51_61",NA
"176_Combined_Late_Apertus",0.04999999975,"a","nitrogen:appl:timeid:var","Delta_tillerNr_51_61","DFG2019","biomasscut","51_61",NA
"176_Split_Early_Patras",0.0499999997499997,"a","nitrogen:appl:timeid:var","Delta_tillerNr_51_61","DFG2019","biomasscut","51_61",NA
"220_Combined_Early_Capone",-0.0999999994999997,"a","nitrogen:appl:timeid:var","Delta_tillerNr_51_61","DFG2019","biomasscut","51_61",NA
"176_Combined_Late_Pionier",-0.0999999994999999,"a","nitrogen:appl:timeid:var","Delta_tillerNr_51_61","DFG2019","biomasscut","51_61",NA
"176_Combined_Late_Patras",-0.0999999995,"a","nitrogen:appl:timeid:var","Delta_tillerNr_51_61","DFG2019","biomasscut","51_61",NA
"220_Split_Late_Capone",-0.14999999925,"a","nitrogen:appl:timeid:var","Delta_tillerNr_51_61","DFG2019","biomasscut","51_61",NA
"176_Combined_Early_Patras",-0.44999999775,"a","nitrogen:appl:timeid:var","Delta_tillerNr_51_61","DFG2019","biomasscut","51_61",NA
"176_Combined_Early_Capone",-0.599999997,"a","nitrogen:appl:timeid:var","Delta_tillerNr_51_61","DFG2019","biomasscut","51_61",NA
"220_Combined_Early_Patras",-0.599999997,"a","nitrogen:appl:timeid:var","Delta_tillerNr_51_61","DFG2019","biomasscut","51_61",NA
"176_Combined_Early_Pionier",-0.599999997,"a","nitrogen:appl:timeid:var","Delta_tillerNr_51_61","DFG2019","biomasscut","51_61",NA
"220_Split_Early_Pionier",-0.64999999675,"a","nitrogen:appl:timeid:var","Delta_tillerNr_51_61","DFG2019","biomasscut","51_61",NA
"176_Split_Early_Apertus",-1.0999999945,"a","nitrogen:appl:timeid:var","Delta_tillerNr_51_61","DFG2019","biomasscut","51_61",NA
"176_Split_Early_Capone",-1.399999993,"a","nitrogen:appl:timeid:var","Delta_tillerNr_51_61","DFG2019","biomasscut","51_61",NA
"176_Split_Late_Pionier",-2.0999999895,"a","nitrogen:appl:timeid:var","Delta_tillerNr_51_61","DFG2019","biomasscut","51_61",NA
"220",0.0109905724864971,"a","nitrogen","EGR_tt_51_61","DFG2019","ear","51_61",NA
"176",0.00789192026663126,"b","nitrogen","EGR_tt_51_61","DFG2019","ear","51_61",NA
"Early",0.0136954577768163,"a","timeid","EGR_tt_61_87","DFG2019","ear","61_87",NA
"Late",0.0121973024928919,"b","timeid","EGR_tt_61_87","DFG2019","ear","61_87",NA
"Capone",0.0136449111365516,"a","var","EGR_tt_61_87","DFG2019","ear","61_87",NA
"Patras",0.0133112382990482,"a","var","EGR_tt_61_87","DFG2019","ear","61_87",NA
"Pionier",0.0126409670950229,"ab","var","EGR_tt_61_87","DFG2019","ear","61_87",NA
"Apertus",0.0121884040087939,"b","var","EGR_tt_61_87","DFG2019","ear","61_87",NA
"220_Early_Capone",0.0184470857557887,"a","nitrogen:timeid:var","EGR_tt_61_87","DFG2019","ear","61_87",NA
"220_Early_Pionier",0.0142990106662799,"ab","nitrogen:timeid:var","EGR_tt_61_87","DFG2019","ear","61_87",NA
"176_Early_Patras",0.0141771136238408,"ab","nitrogen:timeid:var","EGR_tt_61_87","DFG2019","ear","61_87",NA
"220_Late_Patras",0.013968425887185,"ab","nitrogen:timeid:var","EGR_tt_61_87","DFG2019","ear","61_87",NA
"220_Early_Apertus",0.0135962335842709,"ab","nitrogen:timeid:var","EGR_tt_61_87","DFG2019","ear","61_87",NA
"176_Early_Pionier",0.0132871026846452,"ab","nitrogen:timeid:var","EGR_tt_61_87","DFG2019","ear","61_87",NA
"176_Late_Patras",0.0130205544851783,"ab","nitrogen:timeid:var","EGR_tt_61_87","DFG2019","ear","61_87",NA
"176_Early_Capone",0.0126652652388157,"ab","nitrogen:timeid:var","EGR_tt_61_87","DFG2019","ear","61_87",NA
"176_Late_Capone",0.0123593849269885,"ab","nitrogen:timeid:var","EGR_tt_61_87","DFG2019","ear","61_87",NA
"220_Late_Apertus",0.0123441071643361,"ab","nitrogen:timeid:var","EGR_tt_61_87","DFG2019","ear","61_87",NA
"176_Late_Pionier",0.0121607740125077,"ab","nitrogen:timeid:var","EGR_tt_61_87","DFG2019","ear","61_87",NA
"220_Early_Patras",0.0120788591999886,"ab","nitrogen:timeid:var","EGR_tt_61_87","DFG2019","ear","61_87",NA
"176_Late_Apertus",0.0118002838256677,"b","nitrogen:timeid:var","EGR_tt_61_87","DFG2019","ear","61_87",NA
"220_Late_Capone",0.0111079086246134,"b","nitrogen:timeid:var","EGR_tt_61_87","DFG2019","ear","61_87",NA
"176_Early_Apertus",0.0110129914609008,"b","nitrogen:timeid:var","EGR_tt_61_87","DFG2019","ear","61_87",NA
"220_Late_Pionier",0.0108169810166587,"b","nitrogen:timeid:var","EGR_tt_61_87","DFG2019","ear","61_87",NA
"Pionier",108.662106634158,"a","var","FE","DFG2019",NA,"",NA
"Capone",80.5198317887213,"b","var","FE","DFG2019",NA,"",NA
"Apertus",78.5317933986959,"b","var","FE","DFG2019",NA,"",NA
"Patras",74.1339038615792,"b","var","FE","DFG2019",NA,"",NA
"Combined",0.559811962146912,"a","appl","HI","DFG2019",NA,"87","2019-07-23"
"Split",0.543110979230855,"b","appl","HI","DFG2019",NA,"87","2019-07-23"
"Patras",0.567091143940523,"a","var","HI","DFG2019",NA,"87","2019-07-23"
"Capone",0.563116968231028,"a","var","HI","DFG2019",NA,"87","2019-07-23"
"Apertus",0.544642622834453,"b","var","HI","DFG2019",NA,"87","2019-07-23"
"Pionier",0.530995147749529,"b","var","HI","DFG2019",NA,"87","2019-07-23"
"176_Late",0.559191224780066,"a","nitrogen:timeid","HI","DFG2019",NA,"87","2019-07-23"
"220_Early",0.550015044605813,"b","nitrogen:timeid","HI","DFG2019",NA,"87","2019-07-23"
"176_Early",0.549580705868646,"b","nitrogen:timeid","HI","DFG2019",NA,"87","2019-07-23"
"220_Late",0.547058907501008,"b","nitrogen:timeid","HI","DFG2019",NA,"87","2019-07-23"
"176_Combined_Late",0.567917165792877,"a","nitrogen:appl:timeid","HI","DFG2019",NA,"87","2019-07-23"
"220_Combined_Early",0.562217551046884,"b","nitrogen:appl:timeid","HI","DFG2019",NA,"87","2019-07-23"
"176_Combined_Early",0.55755473480721,"b","nitrogen:appl:timeid","HI","DFG2019",NA,"87","2019-07-23"
"220_Combined_Late",0.551558396940676,"c","nitrogen:appl:timeid","HI","DFG2019",NA,"87","2019-07-23"
"176_Split_Late",0.550465283767254,"c","nitrogen:appl:timeid","HI","DFG2019",NA,"87","2019-07-23"
"220_Split_Late",0.54255941806134,"d","nitrogen:appl:timeid","HI","DFG2019",NA,"87","2019-07-23"
"176_Split_Early",0.541606676930083,"d","nitrogen:appl:timeid","HI","DFG2019",NA,"87","2019-07-23"
"220_Split_Early",0.537812538164742,"d","nitrogen:appl:timeid","HI","DFG2019",NA,"87","2019-07-23"
"220",76.4322916666667,"a","nitrogen","Height_77","DFG2019",NA,"77","2019-06-25"
"176",72.65625,"b","nitrogen","Height_77","DFG2019",NA,"77","2019-06-25"
"Patras",78.0208333333333,"a","var","Height_77","DFG2019",NA,"77","2019-06-25"
"Pionier",75.8854166666667,"b","var","Height_77","DFG2019",NA,"77","2019-06-25"
"Apertus",73.0208333333333,"c","var","Height_77","DFG2019",NA,"77","2019-06-25"
"Capone",71.25,"c","var","Height_77","DFG2019",NA,"77","2019-06-25"
"Split",5.50270833333333,"a","appl","LAI_51","DFG2019",NA,"51","2019-06-05"
"Combined",4.80875,"b","appl","LAI_51","DFG2019",NA,"51","2019-06-05"
"Pionier",5.49333333333333,"a","var","LAI_51","DFG2019",NA,"51","2019-06-05"
"Apertus",5.14541666666667,"b","var","LAI_51","DFG2019",NA,"51","2019-06-05"
"Patras",5.02708333333333,"b","var","LAI_51","DFG2019",NA,"51","2019-06-05"
"Capone",4.95708333333333,"b","var","LAI_51","DFG2019",NA,"51","2019-06-05"
"220",6.50708333333333,"a","nitrogen","LAI_77","DFG2019",NA,"77","2019-06-25"
"176",5.65083333333333,"b","nitrogen","LAI_77","DFG2019",NA,"77","2019-06-25"
"Split",6.26083333333333,"a","appl","LAI_77","DFG2019",NA,"77","2019-06-25"
"Combined",5.89708333333333,"b","appl","LAI_77","DFG2019",NA,"77","2019-06-25"
"Late",6.21208333333333,"a","timeid","LAI_77","DFG2019",NA,"77","2019-06-25"
"Early",5.94583333333333,"b","timeid","LAI_77","DFG2019",NA,"77","2019-06-25"
"Pionier",6.42583333333333,"a","var","LAI_77","DFG2019",NA,"77","2019-06-25"
"Apertus",6.10291666666667,"ab","var","LAI_77","DFG2019",NA,"77","2019-06-25"
"Capone",6.03666666666667,"bc","var","LAI_77","DFG2019",NA,"77","2019-06-25"
"Patras",5.75041666666667,"c","var","LAI_77","DFG2019",NA,"77","2019-06-25"
"Late",60.1497036281875,"a","timeid","NTE","DFG2019",NA,"61_87","nitrogen"
"Early",56.9917739468195,"b","timeid","NTE","DFG2019",NA,"61_87","nitrogen"
"Pionier",0.010441297538059,"a","var","TGR_tt_31_41","DFG2019","biomasscut","31_41",NA
"Apertus",0.00903318362071259,"ab","var","TGR_tt_31_41","DFG2019","biomasscut","31_41",NA
"Capone",0.0074922287677675,"bc","var","TGR_tt_31_41","DFG2019","biomasscut","31_41",NA
"Patras",0.00696086502537264,"c","var","TGR_tt_31_41","DFG2019","biomasscut","31_41",NA
"Split_Early",0.00956454736310742,"a","appl:timeid","TGR_tt_31_41","DFG2019","biomasscut","31_41",NA
"Combined_Late",0.00874093356239544,"ab","appl:timeid","TGR_tt_31_41","DFG2019","biomasscut","31_41",NA
"Split_Late",0.00868779718815596,"ab","appl:timeid","TGR_tt_31_41","DFG2019","biomasscut","31_41",NA
"Combined_Early",0.00693429683825288,"b","appl:timeid","TGR_tt_31_41","DFG2019","biomasscut","31_41",NA
"Split",0.00454889437772397,"a","appl","TGR_tt_31_61","DFG2019","biomasscut","31_61",NA
"Combined",0.00338888488249381,"b","appl","TGR_tt_31_61","DFG2019","biomasscut","31_61",NA
"176_Split_Late_Apertus",0.00656233943015914,"a","nitrogen:appl:timeid:var","TGR_tt_31_61","DFG2019","biomasscut","31_61",NA
"176_Split_Early_Pionier",0.00629719440267801,"ab","nitrogen:appl:timeid:var","TGR_tt_31_61","DFG2019","biomasscut","31_61",NA
"220_Combined_Late_Apertus",0.00629719440267796,"ab","nitrogen:appl:timeid:var","TGR_tt_31_61","DFG2019","biomasscut","31_61",NA
"220_Split_Late_Apertus",0.00629719440267796,"ab","nitrogen:appl:timeid:var","TGR_tt_31_61","DFG2019","biomasscut","31_61",NA
"220_Split_Late_Pionier",0.00543547306336413,"abc","nitrogen:appl:timeid:var","TGR_tt_31_61","DFG2019","biomasscut","31_61",NA
"220_Split_Early_Apertus",0.00536918680649389,"abc","nitrogen:appl:timeid:var","TGR_tt_31_61","DFG2019","biomasscut","31_61",NA
"220_Combined_Late_Pionier",0.00523661429275325,"abc","nitrogen:appl:timeid:var","TGR_tt_31_61","DFG2019","biomasscut","31_61",NA
"220_Combined_Early_Pionier",0.00497146926527212,"abcd","nitrogen:appl:timeid:var","TGR_tt_31_61","DFG2019","biomasscut","31_61",NA
"220_Split_Late_Patras",0.00490518300840178,"abcd","nitrogen:appl:timeid:var","TGR_tt_31_61","DFG2019","biomasscut","31_61",NA
"176_Split_Late_Patras",0.0047063242377909,"abcd","nitrogen:appl:timeid:var","TGR_tt_31_61","DFG2019","biomasscut","31_61",NA
"220_Split_Early_Capone",0.00430860669656917,"abcd","nitrogen:appl:timeid:var","TGR_tt_31_61","DFG2019","biomasscut","31_61",NA
"176_Split_Early_Patras",0.00424232043969888,"abcd","nitrogen:appl:timeid:var","TGR_tt_31_61","DFG2019","biomasscut","31_61",NA
"220_Combined_Early_Apertus",0.00410974792595829,"abcd","nitrogen:appl:timeid:var","TGR_tt_31_61","DFG2019","biomasscut","31_61",NA
"176_Split_Early_Capone",0.00404346166908799,"abcd","nitrogen:appl:timeid:var","TGR_tt_31_61","DFG2019","biomasscut","31_61",NA
"220_Split_Early_Patras",0.00404346166908799,"abcd","nitrogen:appl:timeid:var","TGR_tt_31_61","DFG2019","biomasscut","31_61",NA
"176_Combined_Early_Apertus",0.0039108891553474,"abcd","nitrogen:appl:timeid:var","TGR_tt_31_61","DFG2019","biomasscut","31_61",NA
"176_Split_Late_Capone",0.00391088915534736,"abcd","nitrogen:appl:timeid:var","TGR_tt_31_61","DFG2019","biomasscut","31_61",NA
"220_Combined_Late_Patras",0.00384460289847707,"abcd","nitrogen:appl:timeid:var","TGR_tt_31_61","DFG2019","biomasscut","31_61",NA
"220_Combined_Late_Capone",0.00371203038473648,"abcd","nitrogen:appl:timeid:var","TGR_tt_31_61","DFG2019","biomasscut","31_61",NA
"176_Split_Early_Apertus",0.00364574412786622,"abcd","nitrogen:appl:timeid:var","TGR_tt_31_61","DFG2019","biomasscut","31_61",NA
"176_Combined_Late_Apertus",0.0035131716141256,"abcd","nitrogen:appl:timeid:var","TGR_tt_31_61","DFG2019","biomasscut","31_61",NA
"176_Combined_Early_Pionier",0.00344688535725534,"abcd","nitrogen:appl:timeid:var","TGR_tt_31_61","DFG2019","biomasscut","31_61",NA
"176_Combined_Late_Pionier",0.00331431284351472,"abcd","nitrogen:appl:timeid:var","TGR_tt_31_61","DFG2019","biomasscut","31_61",NA
"220_Split_Late_Capone",0.00331431284351472,"abcd","nitrogen:appl:timeid:var","TGR_tt_31_61","DFG2019","biomasscut","31_61",NA
"220_Split_Early_Pionier",0.00324802658664445,"abcd","nitrogen:appl:timeid:var","TGR_tt_31_61","DFG2019","biomasscut","31_61",NA
"176_Combined_Early_Patras",0.0026514502748118,"abcd","nitrogen:appl:timeid:var","TGR_tt_31_61","DFG2019","biomasscut","31_61",NA
"176_Split_Late_Pionier",0.00245259150420089,"abcd","nitrogen:appl:timeid:var","TGR_tt_31_61","DFG2019","biomasscut","31_61",NA
"220_Combined_Early_Capone",0.00218744647671973,"bcd","nitrogen:appl:timeid:var","TGR_tt_31_61","DFG2019","biomasscut","31_61",NA
"220_Combined_Early_Patras",0.00212116021984944,"cd","nitrogen:appl:timeid:var","TGR_tt_31_61","DFG2019","biomasscut","31_61",NA
"176_Combined_Late_Capone",0.00205487396297913,"cd","nitrogen:appl:timeid:var","TGR_tt_31_61","DFG2019","biomasscut","31_61",NA
"176_Combined_Late_Patras",0.00192230144923854,"cd","nitrogen:appl:timeid:var","TGR_tt_31_61","DFG2019","biomasscut","31_61",NA
"176_Combined_Early_Capone",0.00092800759618413,"d","nitrogen:appl:timeid:var","TGR_tt_31_61","DFG2019","biomasscut","31_61",NA
"Early_Patras",-0.00329881087725355,"a","timeid:var","TGR_tt_41_51","DFG2019","biomasscut","41_51",NA
"Early_Capone",-0.00575373990218643,"a","timeid:var","TGR_tt_41_51","DFG2019","biomasscut","41_51",NA
"Late_Pionier",-0.0069044878826237,"a","timeid:var","TGR_tt_41_51","DFG2019","biomasscut","41_51",NA
"Early_Apertus",-0.007057920946682,"a","timeid:var","TGR_tt_41_51","DFG2019","biomasscut","41_51",NA
"Late_Apertus",-0.00966628303567319,"a","timeid:var","TGR_tt_41_51","DFG2019","biomasscut","41_51",NA
"Late_Patras",-0.010586881420023,"a","timeid:var","TGR_tt_41_51","DFG2019","biomasscut","41_51",NA
"Late_Capone",-0.012581511252781,"a","timeid:var","TGR_tt_41_51","DFG2019","biomasscut","41_51",NA
"Early_Pionier",-0.0135021096371308,"a","timeid:var","TGR_tt_41_51","DFG2019","biomasscut","41_51",NA
"220_Split_Early_Capone",0.0173727206052886,"a","nitrogen:appl:timeid:var","TGR_tt_51_61","DFG2019","biomasscut","51_61",NA
"220_Split_Late_Apertus",0.0161318119906238,"a","nitrogen:appl:timeid:var","TGR_tt_51_61","DFG2019","biomasscut","51_61",NA
"220_Combined_Late_Apertus",0.0148909033759605,"a","nitrogen:appl:timeid:var","TGR_tt_51_61","DFG2019","biomasscut","51_61",NA
"220_Split_Late_Patras",0.0140636309661848,"a","nitrogen:appl:timeid:var","TGR_tt_51_61","DFG2019","biomasscut","51_61",NA
"176_Split_Early_Pionier",0.0136499947612982,"a","nitrogen:appl:timeid:var","TGR_tt_51_61","DFG2019","biomasscut","51_61",NA
"176_Split_Late_Apertus",0.0132363585564093,"a","nitrogen:appl:timeid:var","TGR_tt_51_61","DFG2019","biomasscut","51_61",NA
"220_Split_Early_Apertus",0.0128227223515226,"a","nitrogen:appl:timeid:var","TGR_tt_51_61","DFG2019","biomasscut","51_61",NA
"220_Combined_Late_Patras",0.0128227223515215,"a","nitrogen:appl:timeid:var","TGR_tt_51_61","DFG2019","biomasscut","51_61",NA
"176_Split_Late_Patras",0.0107545413270825,"a","nitrogen:appl:timeid:var","TGR_tt_51_61","DFG2019","biomasscut","51_61",NA
"176_Combined_Early_Apertus",0.00744545168798084,"a","nitrogen:appl:timeid:var","TGR_tt_51_61","DFG2019","biomasscut","51_61",NA
"176_Combined_Late_Capone",0.00744545168798022,"a","nitrogen:appl:timeid:var","TGR_tt_51_61","DFG2019","biomasscut","51_61",NA
"220_Split_Early_Patras",0.00703181548309303,"a","nitrogen:appl:timeid:var","TGR_tt_51_61","DFG2019","biomasscut","51_61",NA
"176_Split_Late_Capone",0.00661817927820463,"a","nitrogen:appl:timeid:var","TGR_tt_51_61","DFG2019","biomasscut","51_61",NA
"220_Split_Late_Pionier",0.00620454307331687,"a","nitrogen:appl:timeid:var","TGR_tt_51_61","DFG2019","biomasscut","51_61",NA
"220_Combined_Late_Capone",0.00537727066354126,"a","nitrogen:appl:timeid:var","TGR_tt_51_61","DFG2019","biomasscut","51_61",NA
"220_Combined_Late_Pionier",0.00496363445865349,"a","nitrogen:appl:timeid:var","TGR_tt_51_61","DFG2019","biomasscut","51_61",NA
"220_Combined_Early_Pionier",0.00330908963910259,"a","nitrogen:appl:timeid:var","TGR_tt_51_61","DFG2019","biomasscut","51_61",NA
"220_Combined_Early_Apertus",0.000827272409775657,"a","nitrogen:appl:timeid:var","TGR_tt_51_61","DFG2019","biomasscut","51_61",NA
"176_Split_Early_Patras",0.00041363620488782,"a","nitrogen:appl:timeid:var","TGR_tt_51_61","DFG2019","biomasscut","51_61",NA
"176_Combined_Late_Apertus",0.000413636204887796,"a","nitrogen:appl:timeid:var","TGR_tt_51_61","DFG2019","biomasscut","51_61",NA
"176_Combined_Late_Patras",-0.00082727240977558,"a","nitrogen:appl:timeid:var","TGR_tt_51_61","DFG2019","biomasscut","51_61",NA
"176_Combined_Late_Pionier",-0.000827272409775586,"a","nitrogen:appl:timeid:var","TGR_tt_51_61","DFG2019","biomasscut","51_61",NA
"220_Combined_Early_Capone",-0.000827272409775663,"a","nitrogen:appl:timeid:var","TGR_tt_51_61","DFG2019","biomasscut","51_61",NA
"220_Split_Late_Capone",-0.00124090861466337,"a","nitrogen:appl:timeid:var","TGR_tt_51_61","DFG2019","biomasscut","51_61",NA
"176_Combined_Early_Patras",-0.00372272584399042,"a","nitrogen:appl:timeid:var","TGR_tt_51_61","DFG2019","biomasscut","51_61",NA
"220_Combined_Early_Patras",-0.00496363445865391,"a","nitrogen:appl:timeid:var","TGR_tt_51_61","DFG2019","biomasscut","51_61",NA
"176_Combined_Early_Capone",-0.00496363445865391,"a","nitrogen:appl:timeid:var","TGR_tt_51_61","DFG2019","biomasscut","51_61",NA
"176_Combined_Early_Pionier",-0.00496363445865391,"a","nitrogen:appl:timeid:var","TGR_tt_51_61","DFG2019","biomasscut","51_61",NA
"220_Split_Early_Pionier",-0.00537727066354171,"a","nitrogen:appl:timeid:var","TGR_tt_51_61","DFG2019","biomasscut","51_61",NA
"176_Split_Early_Apertus",-0.00909999650753217,"a","nitrogen:appl:timeid:var","TGR_tt_51_61","DFG2019","biomasscut","51_61",NA
"176_Split_Early_Capone",-0.0115818137368591,"a","nitrogen:appl:timeid:var","TGR_tt_51_61","DFG2019","biomasscut","51_61",NA
"176_Split_Late_Pionier",-0.0173727206052872,"a","nitrogen:appl:timeid:var","TGR_tt_51_61","DFG2019","biomasscut","51_61",NA
"176",0.793290641520301,"a","nitrogen","WSCTE","DFG2019",NA,NA,NA
"220",0.750551193795166,"b","nitrogen","WSCTE","DFG2019",NA,NA,NA
"Apertus",0.834504573969594,"a","var","WSCTE","DFG2019",NA,NA,NA
"Patras",0.834340376830211,"a","var","WSCTE","DFG2019",NA,NA,NA
"Pionier",0.721553596014648,"b","var","WSCTE","DFG2019",NA,NA,NA
"Capone",0.697285123816481,"b","var","WSCTE","DFG2019",NA,NA,NA
"220_Patras",0.841750188544622,"a","nitrogen:var","WSCTE","DFG2019",NA,NA,NA
"176_Apertus",0.839447307385803,"a","nitrogen:var","WSCTE","DFG2019",NA,NA,NA
"220_Apertus",0.829561840553385,"a","nitrogen:var","WSCTE","DFG2019",NA,NA,NA
"176_Patras",0.8269305651158,"a","nitrogen:var","WSCTE","DFG2019",NA,NA,NA
"176_Pionier",0.786952273043157,"a","nitrogen:var","WSCTE","DFG2019",NA,NA,NA
"176_Capone",0.719832420536443,"b","nitrogen:var","WSCTE","DFG2019",NA,NA,NA
"220_Capone",0.674737827096519,"b","nitrogen:var","WSCTE","DFG2019",NA,NA,NA
"220_Pionier",0.656154918986139,"b","nitrogen:var","WSCTE","DFG2019",NA,NA,NA
"Late_Patras",0.843175919293942,"a","timeid:var","WSCTE","DFG2019",NA,NA,NA
"Late_Apertus",0.836316046425842,"a","timeid:var","WSCTE","DFG2019",NA,NA,NA
"Early_Apertus",0.832693101513346,"a","timeid:var","WSCTE","DFG2019",NA,NA,NA
"Early_Patras",0.825504834366481,"a","timeid:var","WSCTE","DFG2019",NA,NA,NA
"Early_Pionier",0.760718100291498,"b","timeid:var","WSCTE","DFG2019",NA,NA,NA
"Late_Capone",0.714616398407592,"bc","timeid:var","WSCTE","DFG2019",NA,NA,NA
"Late_Pionier",0.682389091737798,"c","timeid:var","WSCTE","DFG2019",NA,NA,NA
"Early_Capone",0.679953849225369,"c","timeid:var","WSCTE","DFG2019",NA,NA,NA
"Early",11.9684374401578,"a","timeid","all_DM51","DFG2019","all","51","2019-06-05"
"Late",9.70131245149344,"b","timeid","all_DM51","DFG2019","all","51","2019-06-05"
"Early_Patras",12.860999935695,"a","timeid:var","all_DM51","DFG2019","all","51","2019-06-05"
"Early_Apertus",12.3124999384375,"ab","timeid:var","all_DM51","DFG2019","all","51","2019-06-05"
"Early_Capone",11.5327499423363,"abc","timeid:var","all_DM51","DFG2019","all","51","2019-06-05"
"Early_Pionier",11.1674999441625,"abc","timeid:var","all_DM51","DFG2019","all","51","2019-06-05"
"Late_Pionier",10.7371249463144,"bcd","timeid:var","all_DM51","DFG2019","all","51","2019-06-05"
"Late_Apertus",10.1788749491056,"cde","timeid:var","all_DM51","DFG2019","all","51","2019-06-05"
"Late_Patras",9.07124995464375,"de","timeid:var","all_DM51","DFG2019","all","51","2019-06-05"
"Late_Capone",8.81799995591,"e","timeid:var","all_DM51","DFG2019","all","51","2019-06-05"
"Early",21.2790936436045,"a","timeid","all_DM87","DFG2019","all","87","2019-07-23"
"Late",18.9111874054441,"b","timeid","all_DM87","DFG2019","all","87","2019-07-23"
"Early",2.24175139168854,"a","timeid","all_total_C51","DFG2019","all","51","2019-06-05"
"Late",1.73067554880769,"b","timeid","all_total_C51","DFG2019","all","51","2019-06-05"
"Patras",2.28501919182414,"a","var","all_total_C51","DFG2019","all","51","2019-06-05"
"Pionier",1.96460713389292,"ab","var","all_total_C51","DFG2019","all","51","2019-06-05"
"Apertus",1.90577945110906,"b","var","all_total_C51","DFG2019","all","51","2019-06-05"
"Capone",1.78944810416634,"b","var","all_total_C51","DFG2019","all","51","2019-06-05"
"176_Early",2.74979339534855,"a","nitrogen:timeid","all_total_C51","DFG2019","all","51","2019-06-05"
"176_Late",1.92085349317825,"b","nitrogen:timeid","all_total_C51","DFG2019","all","51","2019-06-05"
"220_Early",1.73370938802853,"b","nitrogen:timeid","all_total_C51","DFG2019","all","51","2019-06-05"
"220_Late",1.54049760443714,"b","nitrogen:timeid","all_total_C51","DFG2019","all","51","2019-06-05"
"Early_Patras",2.71045621017867,"a","timeid:var","all_total_C51","DFG2019","all","51","2019-06-05"
"Early_Capone",2.12830790034072,"b","timeid:var","all_total_C51","DFG2019","all","51","2019-06-05"
"Early_Pionier",2.08836986750358,"b","timeid:var","all_total_C51","DFG2019","all","51","2019-06-05"
"Early_Apertus",2.03987158873119,"b","timeid:var","all_total_C51","DFG2019","all","51","2019-06-05"
"Late_Patras",1.85958217346962,"bc","timeid:var","all_total_C51","DFG2019","all","51","2019-06-05"
"Late_Pionier",1.84084440028227,"bc","timeid:var","all_total_C51","DFG2019","all","51","2019-06-05"
"Late_Apertus",1.77168731348694,"bc","timeid:var","all_total_C51","DFG2019","all","51","2019-06-05"
"Late_Capone",1.45058830799196,"c","timeid:var","all_total_C51","DFG2019","all","51","2019-06-05"
"Patras",2.64467511956849,"a","var","all_total_C61","DFG2019","all","61","2019-06-12"
"Apertus",2.26292239109578,"ab","var","all_total_C61","DFG2019","all","61","2019-06-12"
"Capone",1.92287081395462,"b","var","all_total_C61","DFG2019","all","61","2019-06-12"
"Pionier",1.90184598788169,"b","var","all_total_C61","DFG2019","all","61","2019-06-12"
"Early_Patras",3.02175830940093,"a","timeid:var","all_total_C61","DFG2019","all","61","2019-06-12"
"Late_Apertus",2.27806465818807,"b","timeid:var","all_total_C61","DFG2019","all","61","2019-06-12"
"Late_Patras",2.26759192973605,"b","timeid:var","all_total_C61","DFG2019","all","61","2019-06-12"
"Early_Apertus",2.24778012400349,"b","timeid:var","all_total_C61","DFG2019","all","61","2019-06-12"
"Early_Pionier",2.12138636223848,"b","timeid:var","all_total_C61","DFG2019","all","61","2019-06-12"
"Early_Capone",2.09170747760399,"b","timeid:var","all_total_C61","DFG2019","all","61","2019-06-12"
"Late_Capone",1.75403415030525,"b","timeid:var","all_total_C61","DFG2019","all","61","2019-06-12"
"Late_Pionier",1.6823056135249,"b","timeid:var","all_total_C61","DFG2019","all","61","2019-06-12"
"Early",0.219057481173463,"a","timeid","all_total_N51","DFG2019","all","51","2019-06-05"
"Late",0.17665794491671,"b","timeid","all_total_N51","DFG2019","all","51","2019-06-05"
"220",0.219421075646645,"a","nitrogen","all_total_N61","DFG2019","all","61","2019-06-12"
"176",0.189431528787217,"b","nitrogen","all_total_N61","DFG2019","all","61","2019-06-12"
"Split_Early",0.220554965184725,"a","appl:timeid","all_total_N61","DFG2019","all","61","2019-06-12"
"Split_Late",0.219860177094449,"a","appl:timeid","all_total_N61","DFG2019","all","61","2019-06-12"
"Combined_Early",0.195066473162168,"b","appl:timeid","all_total_N61","DFG2019","all","61","2019-06-12"
"Combined_Late",0.182223593426382,"c","appl:timeid","all_total_N61","DFG2019","all","61","2019-06-12"
"Late_Apertus",0.235240877998796,"a","timeid:var","all_total_N61","DFG2019","all","61","2019-06-12"
"Early_Patras",0.220851176008244,"ab","timeid:var","all_total_N61","DFG2019","all","61","2019-06-12"
"Early_Apertus",0.209467024140165,"ab","timeid:var","all_total_N61","DFG2019","all","61","2019-06-12"
"Early_Capone",0.203601098481994,"ab","timeid:var","all_total_N61","DFG2019","all","61","2019-06-12"
"Early_Pionier",0.197323578063382,"b","timeid:var","all_total_N61","DFG2019","all","61","2019-06-12"
"Late_Pionier",0.19297202982264,"b","timeid:var","all_total_N61","DFG2019","all","61","2019-06-12"
"Late_Patras",0.188972880155135,"b","timeid:var","all_total_N61","DFG2019","all","61","2019-06-12"
"Late_Capone",0.186981753065091,"b","timeid:var","all_total_N61","DFG2019","all","61","2019-06-12"
"220_Late_Apertus",0.262094800314526,"a","nitrogen:timeid:var","all_total_N61","DFG2019","all","61","2019-06-12"
"220_Late_Pionier",0.236014172019929,"ab","nitrogen:timeid:var","all_total_N61","DFG2019","all","61","2019-06-12"
"220_Early_Apertus",0.22834200475829,"ab","nitrogen:timeid:var","all_total_N61","DFG2019","all","61","2019-06-12"
"220_Early_Patras",0.227271027913645,"ab","nitrogen:timeid:var","all_total_N61","DFG2019","all","61","2019-06-12"
"176_Early_Patras",0.214431324102843,"bc","nitrogen:timeid:var","all_total_N61","DFG2019","all","61","2019-06-12"
"220_Early_Capone",0.208502772132486,"bc","nitrogen:timeid:var","all_total_N61","DFG2019","all","61","2019-06-12"
"176_Late_Apertus",0.208386955683065,"bc","nitrogen:timeid:var","all_total_N61","DFG2019","all","61","2019-06-12"
"176_Early_Pionier",0.203832583455837,"bc","nitrogen:timeid:var","all_total_N61","DFG2019","all","61","2019-06-12"
"220_Late_Capone",0.202187028439065,"bc","nitrogen:timeid:var","all_total_N61","DFG2019","all","61","2019-06-12"
"220_Late_Patras",0.200142226924289,"bc","nitrogen:timeid:var","all_total_N61","DFG2019","all","61","2019-06-12"
"176_Early_Capone",0.198699424831503,"bc","nitrogen:timeid:var","all_total_N61","DFG2019","all","61","2019-06-12"
"220_Early_Pionier",0.190814572670927,"bcd","nitrogen:timeid:var","all_total_N61","DFG2019","all","61","2019-06-12"
"176_Early_Apertus",0.19059204352204,"bcd","nitrogen:timeid:var","all_total_N61","DFG2019","all","61","2019-06-12"
"176_Late_Patras",0.177803533385982,"cd","nitrogen:timeid:var","all_total_N61","DFG2019","all","61","2019-06-12"
"176_Late_Capone",0.171776477691118,"cd","nitrogen:timeid:var","all_total_N61","DFG2019","all","61","2019-06-12"
"176_Late_Pionier",0.149929887625351,"d","nitrogen:timeid:var","all_total_N61","DFG2019","all","61","2019-06-12"
"Early",0.243569239038404,"a","timeid","all_total_N87","DFG2019","all","87","2019-07-23"
"Late",0.220191702374042,"b","timeid","all_total_N87","DFG2019","all","87","2019-07-23"
"176_Patras",179.449468708333,"a","nitrogen:var","ear_CHO51","DFG2019","ear","51","2019-06-05"
"176_Apertus",175.99325655,"a","nitrogen:var","ear_CHO51","DFG2019","ear","51","2019-06-05"
"220_Patras",172.349650366667,"a","nitrogen:var","ear_CHO51","DFG2019","ear","51","2019-06-05"
"176_Pionier",170.4534946,"ab","nitrogen:var","ear_CHO51","DFG2019","ear","51","2019-06-05"
"220_Capone",169.267364091667,"ab","nitrogen:var","ear_CHO51","DFG2019","ear","51","2019-06-05"
"220_Pionier",160.664592216667,"ab","nitrogen:var","ear_CHO51","DFG2019","ear","51","2019-06-05"
"176_Capone",155.558496008333,"ab","nitrogen:var","ear_CHO51","DFG2019","ear","51","2019-06-05"
"220_Apertus",143.260435313333,"b","nitrogen:var","ear_CHO51","DFG2019","ear","51","2019-06-05"
"176",119.408797860833,"a","nitrogen","ear_CHO61","DFG2019","ear","61","2019-06-12"
"220",104.831056000417,"b","nitrogen","ear_CHO61","DFG2019","ear","61","2019-06-12"
"Patras",132.483895335,"a","var","ear_CHO61","DFG2019","ear","61","2019-06-12"
"Capone",113.889031956667,"b","var","ear_CHO61","DFG2019","ear","61","2019-06-12"
"Apertus",105.15926361125,"bc","var","ear_CHO61","DFG2019","ear","61","2019-06-12"
"Pionier",96.9475168195833,"c","var","ear_CHO61","DFG2019","ear","61","2019-06-12"
"Early",1.44209374278953,"a","timeid","ear_DM51","DFG2019","ear","51","2019-06-05"
"Late",0.916999995415,"b","timeid","ear_DM51","DFG2019","ear","51","2019-06-05"
"Patras",1.40306249298469,"a","var","ear_DM51","DFG2019","ear","51","2019-06-05"
"Apertus",1.24093749379531,"b","var","ear_DM51","DFG2019","ear","51","2019-06-05"
"Capone",1.16824999415875,"b","var","ear_DM51","DFG2019","ear","51","2019-06-05"
"Pionier",0.905937495470313,"c","var","ear_DM51","DFG2019","ear","51","2019-06-05"
"Early_Patras",1.75787499121063,"a","timeid:var","ear_DM51","DFG2019","ear","51","2019-06-05"
"Early_Apertus",1.52062499239688,"a","timeid:var","ear_DM51","DFG2019","ear","51","2019-06-05"
"Early_Capone",1.45474999272625,"a","timeid:var","ear_DM51","DFG2019","ear","51","2019-06-05"
"Late_Patras",1.04824999475875,"b","timeid:var","ear_DM51","DFG2019","ear","51","2019-06-05"
"Early_Pionier",1.03512499482438,"b","timeid:var","ear_DM51","DFG2019","ear","51","2019-06-05"
"Late_Apertus",0.96124999519375,"b","timeid:var","ear_DM51","DFG2019","ear","51","2019-06-05"
"Late_Capone",0.88174999559125,"b","timeid:var","ear_DM51","DFG2019","ear","51","2019-06-05"
"Late_Pionier",0.77674999611625,"b","timeid:var","ear_DM51","DFG2019","ear","51","2019-06-05"
"Early",12.9934686850327,"a","timeid","ear_DM87","DFG2019","ear","87","2019-07-23"
"Late",11.5620311921898,"b","timeid","ear_DM87","DFG2019","ear","87","2019-07-23"
"Capone",12.9027499354863,"a","var","ear_DM87","DFG2019","ear","87","2019-07-23"
"Patras",12.6363124368184,"ab","var","ear_DM87","DFG2019","ear","87","2019-07-23"
"Apertus",11.8223749408881,"b","var","ear_DM87","DFG2019","ear","87","2019-07-23"
"Pionier",11.7495624412522,"b","var","ear_DM87","DFG2019","ear","87","2019-07-23"
"220",21.0668520833333,"a","nitrogen","ear_Nitrogen51","DFG2019","ear","51","2019-06-05"
"176",20.2350645833333,"b","nitrogen","ear_Nitrogen51","DFG2019","ear","51","2019-06-05"
"Split",21.03784375,"a","appl","ear_Nitrogen51","DFG2019","ear","51","2019-06-05"
"Combined",20.2640729166667,"b","appl","ear_Nitrogen51","DFG2019","ear","51","2019-06-05"
"Capone",21.3808916666667,"a","var","ear_Nitrogen51","DFG2019","ear","51","2019-06-05"
"Apertus",20.8232666666667,"a","var","ear_Nitrogen51","DFG2019","ear","51","2019-06-05"
"Pionier",20.7767291666667,"a","var","ear_Nitrogen51","DFG2019","ear","51","2019-06-05"
"Patras",19.6229458333333,"b","var","ear_Nitrogen51","DFG2019","ear","51","2019-06-05"
"Patras",0.24599824853019,"a","var","ear_total_C51","DFG2019","ear","51","2019-06-05"
"Apertus",0.197105484963491,"b","var","ear_total_C51","DFG2019","ear","51","2019-06-05"
"Capone",0.183748412122696,"bc","var","ear_total_C51","DFG2019","ear","51","2019-06-05"
"Pionier",0.150099675883533,"c","var","ear_total_C51","DFG2019","ear","51","2019-06-05"
"Early",0.293405583522987,"a","timeid","ear_total_C61","DFG2019","ear","61","2019-06-12"
"Late",0.231821827144451,"b","timeid","ear_total_C61","DFG2019","ear","61","2019-06-12"
"Patras",0.322614631960046,"a","var","ear_total_C61","DFG2019","ear","61","2019-06-12"
"Capone",0.273007904897685,"ab","var","ear_total_C61","DFG2019","ear","61","2019-06-12"
"Apertus",0.258161626963331,"ab","var","ear_total_C61","DFG2019","ear","61","2019-06-12"
"Pionier",0.196670657513814,"b","var","ear_total_C61","DFG2019","ear","61","2019-06-12"
"Early_Patras",0.39689105262527,"a","timeid:var","ear_total_C61","DFG2019","ear","61","2019-06-12"
"Early_Capone",0.298389193995584,"b","timeid:var","ear_total_C61","DFG2019","ear","61","2019-06-12"
"Early_Apertus",0.260859631638092,"bc","timeid:var","ear_total_C61","DFG2019","ear","61","2019-06-12"
"Late_Apertus",0.255463622288571,"bc","timeid:var","ear_total_C61","DFG2019","ear","61","2019-06-12"
"Late_Patras",0.248338211294821,"bc","timeid:var","ear_total_C61","DFG2019","ear","61","2019-06-12"
"Late_Capone",0.247626615799787,"bc","timeid:var","ear_total_C61","DFG2019","ear","61","2019-06-12"
"Early_Pionier",0.217482455833,"bc","timeid:var","ear_total_C61","DFG2019","ear","61","2019-06-12"
"Late_Pionier",0.175858859194627,"c","timeid:var","ear_total_C61","DFG2019","ear","61","2019-06-12"
"Early",0.029402401390488,"a","timeid","ear_total_N51","DFG2019","ear","51","2019-06-05"
"Late",0.0188741411337543,"b","timeid","ear_total_N51","DFG2019","ear","51","2019-06-05"
"Patras",0.0274104321191978,"a","var","ear_total_N51","DFG2019","ear","51","2019-06-05"
"Apertus",0.025764809908676,"ab","var","ear_total_N51","DFG2019","ear","51","2019-06-05"
"Capone",0.024651402945493,"b","var","ear_total_N51","DFG2019","ear","51","2019-06-05"
"Pionier",0.0187264400751178,"c","var","ear_total_N51","DFG2019","ear","51","2019-06-05"
"Early_Patras",0.034400396990498,"a","timeid:var","ear_total_N51","DFG2019","ear","51","2019-06-05"
"Early_Apertus",0.0316806172665969,"a","timeid:var","ear_total_N51","DFG2019","ear","51","2019-06-05"
"Early_Capone",0.0306561678467192,"a","timeid:var","ear_total_N51","DFG2019","ear","51","2019-06-05"
"Early_Pionier",0.0208724234581379,"b","timeid:var","ear_total_N51","DFG2019","ear","51","2019-06-05"
"Late_Patras",0.0204204672478977,"b","timeid:var","ear_total_N51","DFG2019","ear","51","2019-06-05"
"Late_Apertus",0.019849002550755,"b","timeid:var","ear_total_N51","DFG2019","ear","51","2019-06-05"
"Late_Capone",0.0186466380442668,"b","timeid:var","ear_total_N51","DFG2019","ear","51","2019-06-05"
"Late_Pionier",0.0165804566920977,"b","timeid:var","ear_total_N51","DFG2019","ear","51","2019-06-05"
"Capone",1.89698375,"a","var","grain_LB_ratio","DFG2019","plot","harvest",NA
"Apertus",1.88359458333333,"a","var","grain_LB_ratio","DFG2019","plot","harvest",NA
"Patras",1.8171275,"b","var","grain_LB_ratio","DFG2019","plot","harvest",NA
"Pionier",1.79994291666667,"b","var","grain_LB_ratio","DFG2019","plot","harvest",NA
"Combined",17.6787795833333,"a","appl","grain_area","DFG2019","plot","harvest",NA
"Split",17.2623125,"b","appl","grain_area","DFG2019","plot","harvest",NA
"Patras",18.56838125,"a","var","grain_area","DFG2019","plot","harvest",NA
"Apertus",17.6895391666667,"b","var","grain_area","DFG2019","plot","harvest",NA
"Capone",17.6506254166667,"b","var","grain_area","DFG2019","plot","harvest",NA
"Pionier",15.9736383333333,"c","var","grain_area","DFG2019","plot","harvest",NA
"176_Early",17.6770183333333,"a","nitrogen:timeid","grain_area","DFG2019","plot","harvest",NA
"176_Late",17.5622583333333,"a","nitrogen:timeid","grain_area","DFG2019","plot","harvest",NA
"220_Late",17.3276041666667,"b","nitrogen:timeid","grain_area","DFG2019","plot","harvest",NA
"220_Early",17.3153033333333,"b","nitrogen:timeid","grain_area","DFG2019","plot","harvest",NA
"Combined",42.0604166666667,"a","appl","grain_bulk_density","DFG2019","plot","harvest",NA
"Split",41.2691666666667,"b","appl","grain_bulk_density","DFG2019","plot","harvest",NA
"Combined_Pionier",43.1133333333333,"a","appl:var","grain_bulk_density","DFG2019","plot","harvest",NA
"Combined_Patras",42.3633333333333,"ab","appl:var","grain_bulk_density","DFG2019","plot","harvest",NA
"Split_Capone",42.1016666666667,"ab","appl:var","grain_bulk_density","DFG2019","plot","harvest",NA
"Split_Pionier",41.8233333333333,"ab","appl:var","grain_bulk_density","DFG2019","plot","harvest",NA
"Combined_Capone",41.6333333333333,"ab","appl:var","grain_bulk_density","DFG2019","plot","harvest",NA
"Split_Apertus",41.2016666666667,"ab","appl:var","grain_bulk_density","DFG2019","plot","harvest",NA
"Combined_Apertus",41.1316666666667,"ab","appl:var","grain_bulk_density","DFG2019","plot","harvest",NA
"Split_Patras",39.95,"b","appl:var","grain_bulk_density","DFG2019","plot","harvest",NA
"Apertus",1.32687625,"a","var","grain_circularity","DFG2019","plot","harvest",NA
"Capone",1.3259425,"a","var","grain_circularity","DFG2019","plot","harvest",NA
"Patras",1.29938958333333,"b","var","grain_circularity","DFG2019","plot","harvest",NA
"Pionier",1.29501041666667,"b","var","grain_circularity","DFG2019","plot","harvest",NA
"Early",6.53410208333333,"a","timeid","grain_length","DFG2019","plot","harvest",NA
"Late",6.51696958333333,"b","timeid","grain_length","DFG2019","plot","harvest",NA
"Patras",6.67500375,"a","var","grain_length","DFG2019","plot","harvest",NA
"Apertus",6.66103083333333,"ab","var","grain_length","DFG2019","plot","harvest",NA
"Capone",6.62611625,"b","var","grain_length","DFG2019","plot","harvest",NA
"Pionier",6.1399925,"c","var","grain_length","DFG2019","plot","harvest",NA
"Apertus",9.67583333333333,"a","var","grain_moisture","DFG2019","plot","87","2019-07-23"
"Pionier",9.5925,"ab","var","grain_moisture","DFG2019","plot","87","2019-07-23"
"Patras",9.49875,"ab","var","grain_moisture","DFG2019","plot","87","2019-07-23"
"Capone",9.27833333333333,"b","var","grain_moisture","DFG2019","plot","87","2019-07-23"
"Patras",3.69528625,"a","var","grain_width","DFG2019","plot","harvest",NA
"Apertus",3.56038291666667,"b","var","grain_width","DFG2019","plot","harvest",NA
"Capone",3.52203625,"c","var","grain_width","DFG2019","plot","harvest",NA
"Pionier",3.44105583333333,"d","var","grain_width","DFG2019","plot","harvest",NA
"176_Early",3.57546083333333,"a","nitrogen:timeid","grain_width","DFG2019","plot","harvest",NA
"176_Late",3.57094958333333,"a","nitrogen:timeid","grain_width","DFG2019","plot","harvest",NA
"220_Late",3.54009208333333,"b","nitrogen:timeid","grain_width","DFG2019","plot","harvest",NA
"220_Early",3.53225875,"c","nitrogen:timeid","grain_width","DFG2019","plot","harvest",NA
"Early",11.7206874413966,"a","timeid","kernel_DM87","DFG2019","kernel","87","2019-07-23"
"Late",10.464999947675,"b","timeid","kernel_DM87","DFG2019","kernel","87","2019-07-23"
"Capone",11.5722499421388,"a","var","kernel_DM87","DFG2019","kernel","87","2019-07-23"
"Patras",11.49199994254,"a","var","kernel_DM87","DFG2019","kernel","87","2019-07-23"
"Apertus",10.7117499464413,"ab","var","kernel_DM87","DFG2019","kernel","87","2019-07-23"
"Pionier",10.5953749470231,"b","var","kernel_DM87","DFG2019","kernel","87","2019-07-23"
"220",18.1785416666667,"a","nitrogen","kernel_Nitrogen87","DFG2019","kernel","87","2019-07-23"
"176",16.4995833333333,"b","nitrogen","kernel_Nitrogen87","DFG2019","kernel","87","2019-07-23"
"Pionier",17.5808333333333,"a","var","kernel_Nitrogen87","DFG2019","kernel","87","2019-07-23"
"Apertus",17.4704166666667,"ab","var","kernel_Nitrogen87","DFG2019","kernel","87","2019-07-23"
"Patras",17.3170833333333,"ab","var","kernel_Nitrogen87","DFG2019","kernel","87","2019-07-23"
"Capone",16.9879166666667,"b","var","kernel_Nitrogen87","DFG2019","kernel","87","2019-07-23"
"Early",0.201745703053772,"a","timeid","kernel_total_N87","DFG2019","kernel","87","2019-07-23"
"Late",0.183411139082944,"b","timeid","kernel_total_N87","DFG2019","kernel","87","2019-07-23"
"Late_Apertus",0.150685465609073,"a","timeid:var","mobile61_N","DFG2019",NA,"61_87","nitrogen"
"Early_Patras",0.139285002553575,"ab","timeid:var","mobile61_N","DFG2019",NA,"61_87","nitrogen"
"Late_Pionier",0.124193469116533,"ab","timeid:var","mobile61_N","DFG2019",NA,"61_87","nitrogen"
"Early_Apertus",0.119730323388848,"ab","timeid:var","mobile61_N","DFG2019",NA,"61_87","nitrogen"
"Early_Pionier",0.116950983377745,"ab","timeid:var","mobile61_N","DFG2019",NA,"61_87","nitrogen"
"Late_Capone",0.111047764532261,"b","timeid:var","mobile61_N","DFG2019",NA,"61_87","nitrogen"
"Late_Patras",0.110119740949401,"b","timeid:var","mobile61_N","DFG2019",NA,"61_87","nitrogen"
"Early_Capone",0.109683875164081,"b","timeid:var","mobile61_N","DFG2019",NA,"61_87","nitrogen"
"220_Late_Apertus",0.175886883795565,"a","nitrogen:timeid:var","mobile61_N","DFG2019",NA,"61_87","nitrogen"
"220_Late_Pionier",0.158871048305645,"ab","nitrogen:timeid:var","mobile61_N","DFG2019",NA,"61_87","nitrogen"
"220_Early_Patras",0.149103057179485,"ab","nitrogen:timeid:var","mobile61_N","DFG2019",NA,"61_87","nitrogen"
"220_Early_Apertus",0.139075391229623,"ab","nitrogen:timeid:var","mobile61_N","DFG2019",NA,"61_87","nitrogen"
"176_Early_Patras",0.129466947927665,"ab","nitrogen:timeid:var","mobile61_N","DFG2019",NA,"61_87","nitrogen"
"176_Early_Pionier",0.127205909838971,"ab","nitrogen:timeid:var","mobile61_N","DFG2019",NA,"61_87","nitrogen"
"176_Late_Apertus",0.12548404742258,"ab","nitrogen:timeid:var","mobile61_N","DFG2019",NA,"61_87","nitrogen"
"220_Late_Capone",0.118119594059402,"ab","nitrogen:timeid:var","mobile61_N","DFG2019",NA,"61_87","nitrogen"
"220_Late_Patras",0.112831305110844,"ab","nitrogen:timeid:var","mobile61_N","DFG2019",NA,"61_87","nitrogen"
"176_Early_Capone",0.111777180341114,"ab","nitrogen:timeid:var","mobile61_N","DFG2019",NA,"61_87","nitrogen"
"220_Early_Capone",0.107590569987047,"ab","nitrogen:timeid:var","mobile61_N","DFG2019",NA,"61_87","nitrogen"
"176_Late_Patras",0.107408176787959,"ab","nitrogen:timeid:var","mobile61_N","DFG2019",NA,"61_87","nitrogen"
"220_Early_Pionier",0.10669605691652,"ab","nitrogen:timeid:var","mobile61_N","DFG2019",NA,"61_87","nitrogen"
"176_Late_Capone",0.103975935005121,"ab","nitrogen:timeid:var","mobile61_N","DFG2019",NA,"61_87","nitrogen"
"176_Early_Apertus",0.100385255548074,"b","nitrogen:timeid:var","mobile61_N","DFG2019",NA,"61_87","nitrogen"
"176_Late_Pionier",0.0895158899274206,"b","nitrogen:timeid:var","mobile61_N","DFG2019",NA,"61_87","nitrogen"
"Patras",2.21084740816383,"a","var","mobile61_WSC","DFG2019",NA,NA,NA
"Apertus",1.90565019169431,"a","var","mobile61_WSC","DFG2019",NA,NA,NA
"Pionier",1.40040495252823,"b","var","mobile61_WSC","DFG2019",NA,NA,NA
"Capone",1.35837286773482,"b","var","mobile61_WSC","DFG2019",NA,NA,NA
"Early_Patras",2.50805859470771,"a","timeid:var","mobile61_WSC","DFG2019",NA,NA,NA
"Late_Apertus",1.92834002016805,"b","timeid:var","mobile61_WSC","DFG2019",NA,NA,NA
"Late_Patras",1.91363622161995,"b","timeid:var","mobile61_WSC","DFG2019",NA,NA,NA
"Early_Apertus",1.88296036322057,"bc","timeid:var","mobile61_WSC","DFG2019",NA,NA,NA
"Early_Pionier",1.63034218500066,"bcd","timeid:var","mobile61_WSC","DFG2019",NA,NA,NA
"Early_Capone",1.44726593022079,"cde","timeid:var","mobile61_WSC","DFG2019",NA,NA,NA
"Late_Capone",1.26947980524885,"de","timeid:var","mobile61_WSC","DFG2019",NA,NA,NA
"Late_Pionier",1.17046772005579,"e","timeid:var","mobile61_WSC","DFG2019",NA,NA,NA
"Patras",0.927677109769895,"a","var","mobile_effciency_WSC","DFG2019",NA,NA,NA
"Apertus",0.919627223748117,"a","var","mobile_effciency_WSC","DFG2019",NA,NA,NA
"Pionier",0.764460342181677,"b","var","mobile_effciency_WSC","DFG2019",NA,NA,NA
"Capone",0.763127157391851,"b","var","mobile_effciency_WSC","DFG2019",NA,NA,NA
"220_Patras",0.937568654821872,"a","nitrogen:var","mobile_effciency_WSC","DFG2019",NA,NA,NA
"176_Apertus",0.931278312264387,"a","nitrogen:var","mobile_effciency_WSC","DFG2019",NA,NA,NA
"176_Patras",0.917785564717917,"a","nitrogen:var","mobile_effciency_WSC","DFG2019",NA,NA,NA
"220_Apertus",0.907976135231846,"a","nitrogen:var","mobile_effciency_WSC","DFG2019",NA,NA,NA
"176_Pionier",0.860383118357387,"ab","nitrogen:var","mobile_effciency_WSC","DFG2019",NA,NA,NA
"176_Capone",0.766413214462851,"bc","nitrogen:var","mobile_effciency_WSC","DFG2019",NA,NA,NA
"220_Capone",0.759841100320851,"cd","nitrogen:var","mobile_effciency_WSC","DFG2019",NA,NA,NA
"220_Pionier",0.668537566005967,"d","nitrogen:var","mobile_effciency_WSC","DFG2019",NA,NA,NA
"Late_Patras",0.931485880702205,"a","timeid:var","mobile_effciency_WSC","DFG2019",NA,NA,NA
"Early_Patras",0.923868338837584,"a","timeid:var","mobile_effciency_WSC","DFG2019",NA,NA,NA
"Early_Apertus",0.921177378719336,"a","timeid:var","mobile_effciency_WSC","DFG2019",NA,NA,NA
"Late_Apertus",0.918077068776898,"a","timeid:var","mobile_effciency_WSC","DFG2019",NA,NA,NA
"Early_Pionier",0.827598234200191,"b","timeid:var","mobile_effciency_WSC","DFG2019",NA,NA,NA
"Late_Capone",0.764042960956654,"bc","timeid:var","mobile_effciency_WSC","DFG2019",NA,NA,NA
"Early_Capone",0.762211353827048,"bc","timeid:var","mobile_effciency_WSC","DFG2019",NA,NA,NA
"Late_Pionier",0.701322450163164,"c","timeid:var","mobile_effciency_WSC","DFG2019",NA,NA,NA
"Pionier",209.912174553917,"a","var","plot_grain_number","DFG2019","plot","87","2019-07-23"
"Capone",186.820776515714,"b","var","plot_grain_number","DFG2019","plot","87","2019-07-23"
"Apertus",184.712630302299,"b","var","plot_grain_number","DFG2019","plot","87","2019-07-23"
"Patras",169.105212013876,"c","var","plot_grain_number","DFG2019","plot","87","2019-07-23"
"Capone",38.9842121614137,"a","var","plot_grain_per_spike","DFG2019","plot","87","2019-07-23"
"Apertus",34.1183538681663,"b","var","plot_grain_per_spike","DFG2019","plot","87","2019-07-23"
"Pionier",34.0768055457341,"b","var","plot_grain_per_spike","DFG2019","plot","87","2019-07-23"
"Patras",33.3788413981256,"b","var","plot_grain_per_spike","DFG2019","plot","87","2019-07-23"
"Patras",48.4589583333333,"a","var","plot_tkw","DFG2019","plot","87","2019-07-23"
"Apertus",44.1203333333333,"b","var","plot_tkw","DFG2019","plot","87","2019-07-23"
"Capone",43.3732083333333,"b","var","plot_tkw","DFG2019","plot","87","2019-07-23"
"Pionier",38.794625,"c","var","plot_tkw","DFG2019","plot","87","2019-07-23"
"Early",7.716999961415,"a","timeid","post61_DM","DFG2019",NA,"61_87","biomass"
"Late",6.47556246762219,"b","timeid","post61_DM","DFG2019",NA,"61_87","biomass"
"Capone",8.16518745917406,"a","var","post61_DM","DFG2019",NA,"61_87","biomass"
"Pionier",7.84312496078438,"a","var","post61_DM","DFG2019",NA,"61_87","biomass"
"Patras",7.04318746478406,"ab","var","post61_DM","DFG2019",NA,"61_87","biomass"
"Apertus",5.33362497333188,"b","var","post61_DM","DFG2019",NA,"61_87","biomass"
"220_Early_Capone",13.938999930305,"a","nitrogen:timeid:var","post61_DM","DFG2019",NA,"61_87","biomass"
"220_Early_Pionier",9.89624995051875,"ab","nitrogen:timeid:var","post61_DM","DFG2019",NA,"61_87","biomass"
"220_Late_Patras",8.58874995705625,"ab","nitrogen:timeid:var","post61_DM","DFG2019",NA,"61_87","biomass"
"176_Early_Pionier",8.08624995956875,"ab","nitrogen:timeid:var","post61_DM","DFG2019",NA,"61_87","biomass"
"176_Late_Pionier",8.08224995958875,"ab","nitrogen:timeid:var","post61_DM","DFG2019",NA,"61_87","biomass"
"176_Late_Patras",7.57224996213875,"ab","nitrogen:timeid:var","post61_DM","DFG2019",NA,"61_87","biomass"
"176_Early_Patras",7.260999963695,"ab","nitrogen:timeid:var","post61_DM","DFG2019",NA,"61_87","biomass"
"176_Late_Capone",6.76824996615875,"ab","nitrogen:timeid:var","post61_DM","DFG2019",NA,"61_87","biomass"
"220_Early_Apertus",6.56724996716375,"ab","nitrogen:timeid:var","post61_DM","DFG2019",NA,"61_87","biomass"
"176_Early_Capone",6.07774996961125,"ab","nitrogen:timeid:var","post61_DM","DFG2019",NA,"61_87","biomass"
"220_Late_Capone",5.87574997062125,"b","nitrogen:timeid:var","post61_DM","DFG2019",NA,"61_87","biomass"
"220_Late_Pionier",5.30774997346125,"b","nitrogen:timeid:var","post61_DM","DFG2019",NA,"61_87","biomass"
"176_Late_Apertus",5.2404999737975,"b","nitrogen:timeid:var","post61_DM","DFG2019",NA,"61_87","biomass"
"176_Early_Apertus",5.15774997421125,"b","nitrogen:timeid:var","post61_DM","DFG2019",NA,"61_87","biomass"
"220_Early_Patras",4.75074997624625,"b","nitrogen:timeid:var","post61_DM","DFG2019",NA,"61_87","biomass"
"220_Late_Apertus",4.368999978155,"b","nitrogen:timeid:var","post61_DM","DFG2019",NA,"61_87","biomass"
"Pionier",0.620444540782883,"a","var","post61_DM_rel","DFG2019",NA,"61_87","biomass"
"Capone",0.579371716658949,"ab","var","post61_DM_rel","DFG2019",NA,"61_87","biomass"
"Patras",0.519701032084221,"ab","var","post61_DM_rel","DFG2019",NA,"61_87","biomass"
"Apertus",0.409060309260454,"b","var","post61_DM_rel","DFG2019",NA,"61_87","biomass"
"Early",0.0587638609280557,"a","timeid","post61_N","DFG2019",NA,"61_87","nitrogen"
"Late",0.0370180311805349,"b","timeid","post61_N","DFG2019",NA,"61_87","nitrogen"
"220_Early_Capone",0.40196723198126,"a","nitrogen:timeid:var","post61_N_rel","DFG2019",NA,"61_87","nitrogen"
"220_Early_Pionier",0.346658929739581,"ab","nitrogen:timeid:var","post61_N_rel","DFG2019",NA,"61_87","nitrogen"
"176_Early_Apertus",0.316728855919068,"ab","nitrogen:timeid:var","post61_N_rel","DFG2019",NA,"61_87","nitrogen"
"176_Late_Patras",0.306005883684565,"ab","nitrogen:timeid:var","post61_N_rel","DFG2019",NA,"61_87","nitrogen"
"176_Late_Pionier",0.270683686865599,"abc","nitrogen:timeid:var","post61_N_rel","DFG2019",NA,"61_87","nitrogen"
"220_Late_Patras",0.265245221222324,"abc","nitrogen:timeid:var","post61_N_rel","DFG2019",NA,"61_87","nitrogen"
"176_Late_Capone",0.221893791654268,"abc","nitrogen:timeid:var","post61_N_rel","DFG2019",NA,"61_87","nitrogen"
"176_Early_Pionier",0.219893503016362,"abc","nitrogen:timeid:var","post61_N_rel","DFG2019",NA,"61_87","nitrogen"
"220_Early_Apertus",0.206243765988259,"abc","nitrogen:timeid:var","post61_N_rel","DFG2019",NA,"61_87","nitrogen"
"176_Early_Patras",0.187335605409539,"abc","nitrogen:timeid:var","post61_N_rel","DFG2019",NA,"61_87","nitrogen"
"220_Late_Capone",0.160116429456049,"abc","nitrogen:timeid:var","post61_N_rel","DFG2019",NA,"61_87","nitrogen"
"176_Late_Apertus",0.153454815100291,"abc","nitrogen:timeid:var","post61_N_rel","DFG2019",NA,"61_87","nitrogen"
"220_Early_Patras",0.141105186486019,"abc","nitrogen:timeid:var","post61_N_rel","DFG2019",NA,"61_87","nitrogen"
"176_Early_Capone",0.122149628640615,"abc","nitrogen:timeid:var","post61_N_rel","DFG2019",NA,"61_87","nitrogen"
"220_Late_Pionier",0.0941693721534734,"bc","nitrogen:timeid:var","post61_N_rel","DFG2019",NA,"61_87","nitrogen"
"220_Late_Apertus",0.0039419946893688,"c","nitrogen:timeid:var","post61_N_rel","DFG2019",NA,"61_87","nitrogen"
"Apertus",6.48874996755625,"a","var","pre61_DM","DFG2019",NA,"61_87","biomass"
"Patras",5.59312497203438,"ab","var","pre61_DM","DFG2019",NA,"61_87","biomass"
"Capone",4.73756247631219,"ab","var","pre61_DM","DFG2019",NA,"61_87","biomass"
"Pionier",3.90643748046781,"b","var","pre61_DM","DFG2019",NA,"61_87","biomass"
"Apertus",0.590939690739546,"a","var","pre61_DM_rel","DFG2019",NA,"61_87","biomass"
"Patras",0.480298967915779,"ab","var","pre61_DM_rel","DFG2019",NA,"61_87","biomass"
"Capone",0.420628283341051,"ab","var","pre61_DM_rel","DFG2019",NA,"61_87","biomass"
"Pionier",0.379555459217117,"b","var","pre61_DM_rel","DFG2019",NA,"61_87","biomass"
"220",0.154555604855347,"a","nitrogen","pre61_N","DFG2019",NA,"61_87","nitrogen"
"176",0.134819345172778,"b","nitrogen","pre61_N","DFG2019",NA,"61_87","nitrogen"
"Late",0.146393107902409,"a","timeid","pre61_N","DFG2019",NA,"61_87","nitrogen"
"Early",0.142981842125716,"b","timeid","pre61_N","DFG2019",NA,"61_87","nitrogen"
"220_Late_Apertus",0.996058005310631,"a","nitrogen:timeid:var","pre61_N_rel","DFG2019",NA,"61_87","nitrogen"
"220_Late_Pionier",0.905830627846527,"ab","nitrogen:timeid:var","pre61_N_rel","DFG2019",NA,"61_87","nitrogen"
"176_Early_Capone",0.877850371359385,"abc","nitrogen:timeid:var","pre61_N_rel","DFG2019",NA,"61_87","nitrogen"
"220_Early_Patras",0.858894813513981,"abc","nitrogen:timeid:var","pre61_N_rel","DFG2019",NA,"61_87","nitrogen"
"176_Late_Apertus",0.846545184899709,"abc","nitrogen:timeid:var","pre61_N_rel","DFG2019",NA,"61_87","nitrogen"
"220_Late_Capone",0.83988357054395,"abc","nitrogen:timeid:var","pre61_N_rel","DFG2019",NA,"61_87","nitrogen"
"176_Early_Patras",0.812664394590461,"abc","nitrogen:timeid:var","pre61_N_rel","DFG2019",NA,"61_87","nitrogen"
"220_Early_Apertus",0.793756234011741,"abc","nitrogen:timeid:var","pre61_N_rel","DFG2019",NA,"61_87","nitrogen"
"176_Early_Pionier",0.780106496983639,"abc","nitrogen:timeid:var","pre61_N_rel","DFG2019",NA,"61_87","nitrogen"
"176_Late_Capone",0.778106208345732,"abc","nitrogen:timeid:var","pre61_N_rel","DFG2019",NA,"61_87","nitrogen"
"220_Late_Patras",0.734754778777676,"abc","nitrogen:timeid:var","pre61_N_rel","DFG2019",NA,"61_87","nitrogen"
"176_Late_Pionier",0.729316313134401,"abc","nitrogen:timeid:var","pre61_N_rel","DFG2019",NA,"61_87","nitrogen"
"176_Late_Patras",0.693994116315435,"bc","nitrogen:timeid:var","pre61_N_rel","DFG2019",NA,"61_87","nitrogen"
"176_Early_Apertus",0.683271144080932,"bc","nitrogen:timeid:var","pre61_N_rel","DFG2019",NA,"61_87","nitrogen"
"220_Early_Pionier",0.653341070260419,"bc","nitrogen:timeid:var","pre61_N_rel","DFG2019",NA,"61_87","nitrogen"
"220_Early_Capone",0.59803276801874,"c","nitrogen:timeid:var","pre61_N_rel","DFG2019",NA,"61_87","nitrogen"
"Capone",1.3304999933475,"a","var","rachis_DM87","DFG2019","rachis","87","2019-07-23"
"Pionier",1.15418749422906,"b","var","rachis_DM87","DFG2019","rachis","87","2019-07-23"
"Patras",1.14431249427844,"b","var","rachis_DM87","DFG2019","rachis","87","2019-07-23"
"Apertus",1.11062499444687,"b","var","rachis_DM87","DFG2019","rachis","87","2019-07-23"
"Split",0.0993896553631932,"a","appl","rachis_ratio_DM87","DFG2019","rachis_ratio","87","2019-07-23"
"Combined",0.0937227493418704,"b","appl","rachis_ratio_DM87","DFG2019","rachis_ratio","87","2019-07-23"
"Capone",0.103647196337298,"a","var","rachis_ratio_DM87","DFG2019","rachis_ratio","87","2019-07-23"
"Pionier",0.0983616776881562,"ab","var","rachis_ratio_DM87","DFG2019","rachis_ratio","87","2019-07-23"
"Apertus",0.0934015185160267,"b","var","rachis_ratio_DM87","DFG2019","rachis_ratio","87","2019-07-23"
"Patras",0.0908144168686461,"b","var","rachis_ratio_DM87","DFG2019","rachis_ratio","87","2019-07-23"
"220",0.0193633448413103,"a","nitrogen","spikeNrGR_tt_51_61","DFG2019","biomasscut","51_61",NA
"176",0.00894488293069864,"b","nitrogen","spikeNrGR_tt_51_61","DFG2019","biomasscut","51_61",NA
"220_Split_Late_Apertus",0.0297818067519209,"a","nitrogen:appl:timeid:var","spikeNrGR_tt_51_61","DFG2019","biomasscut","51_61",NA
"220_Combined_Early_Pionier",0.0293681705470356,"a","nitrogen:appl:timeid:var","spikeNrGR_tt_51_61","DFG2019","biomasscut","51_61",NA
"220_Combined_Late_Apertus",0.0293681705470331,"a","nitrogen:appl:timeid:var","spikeNrGR_tt_51_61","DFG2019","biomasscut","51_61",NA
"220_Split_Late_Pionier",0.0289545343421453,"a","nitrogen:appl:timeid:var","spikeNrGR_tt_51_61","DFG2019","biomasscut","51_61",NA
"176_Split_Early_Pionier",0.0231636274737182,"ab","nitrogen:appl:timeid:var","spikeNrGR_tt_51_61","DFG2019","biomasscut","51_61",NA
"220_Combined_Late_Capone",0.0231636274737162,"ab","nitrogen:appl:timeid:var","spikeNrGR_tt_51_61","DFG2019","biomasscut","51_61",NA
"220_Split_Early_Capone",0.0219227188590547,"ab","nitrogen:appl:timeid:var","spikeNrGR_tt_51_61","DFG2019","biomasscut","51_61",NA
"220_Split_Early_Apertus",0.0215090826541669,"ab","nitrogen:appl:timeid:var","spikeNrGR_tt_51_61","DFG2019","biomasscut","51_61",NA
"176_Combined_Late_Pionier",0.0215090826541651,"ab","nitrogen:appl:timeid:var","spikeNrGR_tt_51_61","DFG2019","biomasscut","51_61",NA
"176_Split_Late_Apertus",0.0210954464492773,"ab","nitrogen:appl:timeid:var","spikeNrGR_tt_51_61","DFG2019","biomasscut","51_61",NA
"220_Split_Late_Patras",0.0202681740395017,"ab","nitrogen:appl:timeid:var","spikeNrGR_tt_51_61","DFG2019","biomasscut","51_61",NA
"220_Combined_Late_Patras",0.0181999930150628,"ab","nitrogen:appl:timeid:var","spikeNrGR_tt_51_61","DFG2019","biomasscut","51_61",NA
"176_Combined_Late_Capone",0.017786356810175,"ab","nitrogen:appl:timeid:var","spikeNrGR_tt_51_61","DFG2019","biomasscut","51_61",NA
"220_Combined_Late_Pionier",0.0173727206052872,"ab","nitrogen:appl:timeid:var","spikeNrGR_tt_51_61","DFG2019","biomasscut","51_61",NA
"220_Split_Late_Capone",0.0169590844003994,"ab","nitrogen:appl:timeid:var","spikeNrGR_tt_51_61","DFG2019","biomasscut","51_61",NA
"220_Combined_Early_Capone",0.0148909033759617,"ab","nitrogen:appl:timeid:var","spikeNrGR_tt_51_61","DFG2019","biomasscut","51_61",NA
"176_Split_Late_Capone",0.0140636309661848,"ab","nitrogen:appl:timeid:var","spikeNrGR_tt_51_61","DFG2019","biomasscut","51_61",NA
"176_Split_Late_Patras",0.0140636309661848,"ab","nitrogen:appl:timeid:var","spikeNrGR_tt_51_61","DFG2019","biomasscut","51_61",NA
"220_Split_Early_Patras",0.0136499947612982,"ab","nitrogen:appl:timeid:var","spikeNrGR_tt_51_61","DFG2019","biomasscut","51_61",NA
"220_Split_Early_Pionier",0.0119954499417469,"ab","nitrogen:appl:timeid:var","spikeNrGR_tt_51_61","DFG2019","biomasscut","51_61",NA
"176_Combined_Late_Apertus",0.0103409051221948,"ab","nitrogen:appl:timeid:var","spikeNrGR_tt_51_61","DFG2019","biomasscut","51_61",NA
"176_Split_Early_Patras",0.0082727240977565,"ab","nitrogen:appl:timeid:var","spikeNrGR_tt_51_61","DFG2019","biomasscut","51_61",NA
"176_Combined_Early_Apertus",0.00785908789286867,"ab","nitrogen:appl:timeid:var","spikeNrGR_tt_51_61","DFG2019","biomasscut","51_61",NA
"220_Combined_Early_Apertus",0.00661817927820518,"ab","nitrogen:appl:timeid:var","spikeNrGR_tt_51_61","DFG2019","biomasscut","51_61",NA
"176_Combined_Early_Capone",0.00579090686842955,"ab","nitrogen:appl:timeid:var","spikeNrGR_tt_51_61","DFG2019","biomasscut","51_61",NA
"220_Combined_Early_Patras",0.00579090686842955,"ab","nitrogen:appl:timeid:var","spikeNrGR_tt_51_61","DFG2019","biomasscut","51_61",NA
"176_Combined_Late_Patras",0.00537727066354126,"ab","nitrogen:appl:timeid:var","spikeNrGR_tt_51_61","DFG2019","biomasscut","51_61",NA
"176_Split_Late_Pionier",0.0037227258439901,"ab","nitrogen:appl:timeid:var","spikeNrGR_tt_51_61","DFG2019","biomasscut","51_61",NA
"176_Combined_Early_Pionier",0.0033090896391026,"ab","nitrogen:appl:timeid:var","spikeNrGR_tt_51_61","DFG2019","biomasscut","51_61",NA
"176_Split_Early_Apertus",-0.0016545448195513,"ab","nitrogen:appl:timeid:var","spikeNrGR_tt_51_61","DFG2019","biomasscut","51_61",NA
"176_Combined_Early_Patras",-0.0033090896391026,"ab","nitrogen:appl:timeid:var","spikeNrGR_tt_51_61","DFG2019","biomasscut","51_61",NA
"176_Split_Early_Capone",-0.00827272409775651,"b","nitrogen:appl:timeid:var","spikeNrGR_tt_51_61","DFG2019","biomasscut","51_61",NA
"Pionier",0.000690749907155082,"a","var","spikeNrGR_tt_61_87","DFG2019","biomasscut","61_87",NA
"Capone",0.000251920554374207,"ab","var","spikeNrGR_tt_61_87","DFG2019","biomasscut","61_87",NA
"Patras",4.06323474797109e-05,"ab","var","spikeNrGR_tt_61_87","DFG2019","biomasscut","61_87",NA
"Apertus",-0.00091016458354552,"b","var","spikeNrGR_tt_61_87","DFG2019","biomasscut","61_87",NA
"176",4.36874997815625,"a","nitrogen","spike_number_51","DFG2019",NA,"51","2019-06-05"
"220",3.424999982875,"b","nitrogen","spike_number_51","DFG2019",NA,"51","2019-06-05"
"Apertus",4.46874997765625,"a","var","spike_number_51","DFG2019",NA,"51","2019-06-05"
"Patras",4.04374997978125,"ab","var","spike_number_51","DFG2019",NA,"51","2019-06-05"
"Pionier",3.76874998115625,"bc","var","spike_number_51","DFG2019",NA,"51","2019-06-05"
"Capone",3.30624998346875,"c","var","spike_number_51","DFG2019",NA,"51","2019-06-05"
"Early_Apertus",5.0999999745,"a","timeid:var","spike_number_51","DFG2019",NA,"51","2019-06-05"
"Early_Patras",4.724999976375,"a","timeid:var","spike_number_51","DFG2019",NA,"51","2019-06-05"
"Early_Pionier",4.04999997975,"b","timeid:var","spike_number_51","DFG2019",NA,"51","2019-06-05"
"Early_Capone",3.99999998,"b","timeid:var","spike_number_51","DFG2019",NA,"51","2019-06-05"
"Late_Apertus",3.8374999808125,"bc","timeid:var","spike_number_51","DFG2019",NA,"51","2019-06-05"
"Late_Pionier",3.4874999825625,"bc","timeid:var","spike_number_51","DFG2019",NA,"51","2019-06-05"
"Late_Patras",3.3624999831875,"c","timeid:var","spike_number_51","DFG2019",NA,"51","2019-06-05"
"Late_Capone",2.6124999869375,"d","timeid:var","spike_number_51","DFG2019",NA,"51","2019-06-05"
"Apertus",6.35624996821875,"a","var","spike_number_61","DFG2019",NA,"61","2019-06-12"
"Pionier",5.874999970625,"ab","var","spike_number_61","DFG2019",NA,"61","2019-06-12"
"Patras",5.2874999735625,"ab","var","spike_number_61","DFG2019",NA,"61","2019-06-12"
"Capone",4.9124999754375,"b","var","spike_number_61","DFG2019",NA,"61","2019-06-12"
"Pionier",6.40624996796875,"a","var","spike_number_87","DFG2019",NA,"87","2019-07-23"
"Apertus",5.65624997171875,"b","var","spike_number_87","DFG2019",NA,"87","2019-07-23"
"Patras",5.31874997340625,"bc","var","spike_number_87","DFG2019",NA,"87","2019-07-23"
"Capone",5.10624997446875,"c","var","spike_number_87","DFG2019",NA,"87","2019-07-23"
"Late",119.729434916667,"a","timeid","straw_CHO23","DFG2019","straw","23","2019-03-12"
"Early",84.1131954791667,"b","timeid","straw_CHO23","DFG2019","straw","23","2019-03-12"
"Late_Apertus",137.942908583333,"a","timeid:var","straw_CHO23","DFG2019","straw","23","2019-03-12"
"Late_Pionier",123.986634666667,"ab","timeid:var","straw_CHO23","DFG2019","straw","23","2019-03-12"
"Late_Capone",112.461751833333,"abc","timeid:var","straw_CHO23","DFG2019","straw","23","2019-03-12"
"Late_Patras",104.526444583333,"abcd","timeid:var","straw_CHO23","DFG2019","straw","23","2019-03-12"
"Early_Patras",97.4004729166667,"bcd","timeid:var","straw_CHO23","DFG2019","straw","23","2019-03-12"
"Early_Apertus",83.6082651666667,"cd","timeid:var","straw_CHO23","DFG2019","straw","23","2019-03-12"
"Early_Pionier",83.089377,"cd","timeid:var","straw_CHO23","DFG2019","straw","23","2019-03-12"
"Early_Capone",72.3546668333333,"d","timeid:var","straw_CHO23","DFG2019","straw","23","2019-03-12"
"220_Late_Apertus",147.495244166667,"a","nitrogen:timeid:var","straw_CHO23","DFG2019","straw","23","2019-03-12"
"220_Late_Pionier",138.010089333333,"ab","nitrogen:timeid:var","straw_CHO23","DFG2019","straw","23","2019-03-12"
"176_Late_Apertus",128.390573,"abc","nitrogen:timeid:var","straw_CHO23","DFG2019","straw","23","2019-03-12"
"176_Late_Capone",121.825895666667,"abcd","nitrogen:timeid:var","straw_CHO23","DFG2019","straw","23","2019-03-12"
"176_Late_Patras",116.774684,"abcd","nitrogen:timeid:var","straw_CHO23","DFG2019","straw","23","2019-03-12"
"176_Late_Pionier",109.96318,"abcd","nitrogen:timeid:var","straw_CHO23","DFG2019","straw","23","2019-03-12"
"220_Early_Patras",103.426566166667,"abcd","nitrogen:timeid:var","straw_CHO23","DFG2019","straw","23","2019-03-12"
"220_Late_Capone",103.097608,"abcd","nitrogen:timeid:var","straw_CHO23","DFG2019","straw","23","2019-03-12"
"220_Late_Patras",92.2782051666667,"abcd","nitrogen:timeid:var","straw_CHO23","DFG2019","straw","23","2019-03-12"
"176_Early_Patras",91.3743796666667,"abcd","nitrogen:timeid:var","straw_CHO23","DFG2019","straw","23","2019-03-12"
"176_Early_Apertus",87.49397,"bcd","nitrogen:timeid:var","straw_CHO23","DFG2019","straw","23","2019-03-12"
"220_Early_Pionier",83.8507691666667,"bcd","nitrogen:timeid:var","straw_CHO23","DFG2019","straw","23","2019-03-12"
"176_Early_Pionier",82.3279848333333,"bcd","nitrogen:timeid:var","straw_CHO23","DFG2019","straw","23","2019-03-12"
"220_Early_Apertus",79.7225603333333,"cd","nitrogen:timeid:var","straw_CHO23","DFG2019","straw","23","2019-03-12"
"220_Early_Capone",76.8653535,"cd","nitrogen:timeid:var","straw_CHO23","DFG2019","straw","23","2019-03-12"
"176_Early_Capone",67.8439801666667,"d","nitrogen:timeid:var","straw_CHO23","DFG2019","straw","23","2019-03-12"
"Combined",363.031942458333,"a","appl","straw_CHO31","DFG2019","straw","31","2019-04-17"
"Split",337.996402645833,"b","appl","straw_CHO31","DFG2019","straw","31","2019-04-17"
"Pionier",372.239012583333,"a","var","straw_CHO31","DFG2019","straw","31","2019-04-17"
"Patras",368.44310675,"a","var","straw_CHO31","DFG2019","straw","31","2019-04-17"
"Apertus",366.403008375,"a","var","straw_CHO31","DFG2019","straw","31","2019-04-17"
"Capone",294.9715625,"b","var","straw_CHO31","DFG2019","straw","31","2019-04-17"
"176",177.336505660417,"a","nitrogen","straw_CHO41","DFG2019","straw","41","2019-05-27"
"220",137.669761189375,"b","nitrogen","straw_CHO41","DFG2019","straw","41","2019-05-27"
"Patras",182.396326279167,"a","var","straw_CHO41","DFG2019","straw","41","2019-05-27"
"Apertus",158.046731747917,"b","var","straw_CHO41","DFG2019","straw","41","2019-05-27"
"Capone",146.023666183333,"bc","var","straw_CHO41","DFG2019","straw","41","2019-05-27"
"Pionier",143.545809489167,"c","var","straw_CHO41","DFG2019","straw","41","2019-05-27"
"176",209.648207791667,"a","nitrogen","straw_CHO51","DFG2019","straw","51","2019-06-05"
"220",162.954938628542,"b","nitrogen","straw_CHO51","DFG2019","straw","51","2019-06-05"
"Combined",201.887926467917,"a","appl","straw_CHO51","DFG2019","straw","51","2019-06-05"
"Split",170.715219952292,"b","appl","straw_CHO51","DFG2019","straw","51","2019-06-05"
"Patras",212.454513254167,"a","var","straw_CHO51","DFG2019","straw","51","2019-06-05"
"Pionier",180.275554523333,"b","var","straw_CHO51","DFG2019","straw","51","2019-06-05"
"Capone",178.4958303875,"b","var","straw_CHO51","DFG2019","straw","51","2019-06-05"
"Apertus",173.980394675417,"b","var","straw_CHO51","DFG2019","straw","51","2019-06-05"
"Patras",214.324404166667,"a","var","straw_CHO61","DFG2019","straw","61","2019-06-12"
"Pionier",175.073270833333,"b","var","straw_CHO61","DFG2019","straw","61","2019-06-12"
"Capone",169.864916666667,"b","var","straw_CHO61","DFG2019","straw","61","2019-06-12"
"Apertus",169.54045,"b","var","straw_CHO61","DFG2019","straw","61","2019-06-12"
"Capone",38.578262125,"a","var","straw_CHO87","DFG2019","straw","87","2019-07-23"
"Pionier",37.25664575,"a","var","straw_CHO87","DFG2019","straw","87","2019-07-23"
"Patras",14.5266056666667,"b","var","straw_CHO87","DFG2019","straw","87","2019-07-23"
"Apertus",12.7670975416667,"b","var","straw_CHO87","DFG2019","straw","87","2019-07-23"
"220_Pionier",47.216986,"a","nitrogen:var","straw_CHO87","DFG2019","straw","87","2019-07-23"
"176_Capone",42.2409291666667,"ab","nitrogen:var","straw_CHO87","DFG2019","straw","87","2019-07-23"
"220_Capone",34.9155950833333,"bc","nitrogen:var","straw_CHO87","DFG2019","straw","87","2019-07-23"
"176_Pionier",27.2963055,"c","nitrogen:var","straw_CHO87","DFG2019","straw","87","2019-07-23"
"176_Patras",16.7360784166667,"d","nitrogen:var","straw_CHO87","DFG2019","straw","87","2019-07-23"
"220_Apertus",13.5356148333333,"d","nitrogen:var","straw_CHO87","DFG2019","straw","87","2019-07-23"
"220_Patras",12.3171329166667,"d","nitrogen:var","straw_CHO87","DFG2019","straw","87","2019-07-23"
"176_Apertus",11.99858025,"d","nitrogen:var","straw_CHO87","DFG2019","straw","87","2019-07-23"
"Late_Pionier",44.1755931666667,"a","timeid:var","straw_CHO87","DFG2019","straw","87","2019-07-23"
"Early_Capone",39.45831875,"a","timeid:var","straw_CHO87","DFG2019","straw","87","2019-07-23"
"Late_Capone",37.6982055,"ab","timeid:var","straw_CHO87","DFG2019","straw","87","2019-07-23"
"Early_Pionier",30.3376983333333,"b","timeid:var","straw_CHO87","DFG2019","straw","87","2019-07-23"
"Early_Patras",15.17127875,"c","timeid:var","straw_CHO87","DFG2019","straw","87","2019-07-23"
"Late_Patras",13.8819325833333,"c","timeid:var","straw_CHO87","DFG2019","straw","87","2019-07-23"
"Early_Apertus",13.16440825,"c","timeid:var","straw_CHO87","DFG2019","straw","87","2019-07-23"
"Late_Apertus",12.3697868333333,"c","timeid:var","straw_CHO87","DFG2019","straw","87","2019-07-23"
"Apertus",0.476687497616562,"a","var","straw_DM23","DFG2019","straw","23","2019-03-12"
"Pionier",0.442124997789375,"a","var","straw_DM23","DFG2019","straw","23","2019-03-12"
"Capone",0.418437497907812,"a","var","straw_DM23","DFG2019","straw","23","2019-03-12"
"Patras",0.313937498430312,"b","var","straw_DM23","DFG2019","straw","23","2019-03-12"
"176",1.36999999315,"a","nitrogen","straw_DM31","DFG2019","straw","31","2019-04-17"
"220",1.27971874360141,"b","nitrogen","straw_DM31","DFG2019","straw","31","2019-04-17"
"Split",1.40603124296984,"a","appl","straw_DM31","DFG2019","straw","31","2019-04-17"
"Combined",1.24368749378156,"b","appl","straw_DM31","DFG2019","straw","31","2019-04-17"
"176_Split_Capone",1.66824999165875,"a","nitrogen:appl:var","straw_DM31","DFG2019","straw","31","2019-04-17"
"176_Split_Apertus",1.6599999917,"a","nitrogen:appl:var","straw_DM31","DFG2019","straw","31","2019-04-17"
"220_Split_Pionier",1.50324999248375,"a","nitrogen:appl:var","straw_DM31","DFG2019","straw","31","2019-04-17"
"176_Split_Pionier",1.4034999929825,"a","nitrogen:appl:var","straw_DM31","DFG2019","straw","31","2019-04-17"
"176_Split_Patras",1.388999993055,"a","nitrogen:appl:var","straw_DM31","DFG2019","straw","31","2019-04-17"
"220_Split_Apertus",1.3544999932275,"a","nitrogen:appl:var","straw_DM31","DFG2019","straw","31","2019-04-17"
"220_Combined_Pionier",1.3414999932925,"a","nitrogen:appl:var","straw_DM31","DFG2019","straw","31","2019-04-17"
"220_Combined_Capone",1.32874999335625,"a","nitrogen:appl:var","straw_DM31","DFG2019","straw","31","2019-04-17"
"176_Combined_Pionier",1.32674999336625,"a","nitrogen:appl:var","straw_DM31","DFG2019","straw","31","2019-04-17"
"220_Combined_Apertus",1.31524999342375,"a","nitrogen:appl:var","straw_DM31","DFG2019","straw","31","2019-04-17"
"176_Combined_Apertus",1.262999993685,"a","nitrogen:appl:var","straw_DM31","DFG2019","straw","31","2019-04-17"
"220_Split_Patras",1.16799999416,"a","nitrogen:appl:var","straw_DM31","DFG2019","straw","31","2019-04-17"
"176_Combined_Patras",1.15224999423875,"a","nitrogen:appl:var","straw_DM31","DFG2019","straw","31","2019-04-17"
"220_Combined_Patras",1.12474999437625,"a","nitrogen:appl:var","straw_DM31","DFG2019","straw","31","2019-04-17"
"220_Split_Capone",1.10174999449125,"a","nitrogen:appl:var","straw_DM31","DFG2019","straw","31","2019-04-17"
"176_Combined_Capone",1.09724999451375,"a","nitrogen:appl:var","straw_DM31","DFG2019","straw","31","2019-04-17"
"Early",8.95068745524656,"a","timeid","straw_DM41","DFG2019","straw","41","2019-05-27"
"Late",7.47321871263391,"b","timeid","straw_DM41","DFG2019","straw","41","2019-05-27"
"Apertus",8.71318745643406,"a","var","straw_DM41","DFG2019","straw","41","2019-05-27"
"Patras",8.24681245876594,"a","var","straw_DM41","DFG2019","straw","41","2019-05-27"
"Pionier",8.2144999589275,"a","var","straw_DM41","DFG2019","straw","41","2019-05-27"
"Capone",7.67331246163344,"b","var","straw_DM41","DFG2019","straw","41","2019-05-27"
"Split_Early_Apertus",10.5414999472925,"a","appl:timeid:var","straw_DM41","DFG2019","straw","41","2019-05-27"
"Split_Early_Pionier",10.1642499491787,"ab","appl:timeid:var","straw_DM41","DFG2019","straw","41","2019-05-27"
"Combined_Early_Patras",9.65974995170125,"ab","appl:timeid:var","straw_DM41","DFG2019","straw","41","2019-05-27"
"Split_Early_Patras",9.06924995465375,"bc","appl:timeid:var","straw_DM41","DFG2019","straw","41","2019-05-27"
"Combined_Early_Pionier",8.47224995763875,"cd","appl:timeid:var","straw_DM41","DFG2019","straw","41","2019-05-27"
"Split_Late_Apertus",8.388999958055,"cde","appl:timeid:var","straw_DM41","DFG2019","straw","41","2019-05-27"
"Split_Early_Capone",8.34524995827375,"cde","appl:timeid:var","straw_DM41","DFG2019","straw","41","2019-05-27"
"Combined_Late_Apertus",8.33074995834625,"cde","appl:timeid:var","straw_DM41","DFG2019","straw","41","2019-05-27"
"Combined_Early_Capone",7.76174996119125,"def","appl:timeid:var","straw_DM41","DFG2019","straw","41","2019-05-27"
"Combined_Early_Apertus",7.5914999620425,"def","appl:timeid:var","straw_DM41","DFG2019","straw","41","2019-05-27"
"Split_Late_Capone",7.49074996254625,"def","appl:timeid:var","straw_DM41","DFG2019","straw","41","2019-05-27"
"Combined_Late_Patras",7.4714999626425,"def","appl:timeid:var","straw_DM41","DFG2019","straw","41","2019-05-27"
"Combined_Late_Pionier",7.3384999633075,"ef","appl:timeid:var","straw_DM41","DFG2019","straw","41","2019-05-27"
"Combined_Late_Capone",7.0954999645225,"f","appl:timeid:var","straw_DM41","DFG2019","straw","41","2019-05-27"
"Split_Late_Pionier",6.882999965585,"f","appl:timeid:var","straw_DM41","DFG2019","straw","41","2019-05-27"
"Split_Late_Patras",6.78674996606625,"f","appl:timeid:var","straw_DM41","DFG2019","straw","41","2019-05-27"
"Early",10.5448749472756,"a","timeid","straw_DM51","DFG2019","straw","51","2019-06-05"
"Late",8.80756245596219,"b","timeid","straw_DM51","DFG2019","straw","51","2019-06-05"
"Early_Patras",11.1192499444037,"a","timeid:var","straw_DM51","DFG2019","straw","51","2019-06-05"
"Early_Apertus",10.7913749460431,"a","timeid:var","straw_DM51","DFG2019","straw","51","2019-06-05"
"Early_Pionier",10.1623749491881,"a","timeid:var","straw_DM51","DFG2019","straw","51","2019-06-05"
"Early_Capone",10.1064999494675,"a","timeid:var","straw_DM51","DFG2019","straw","51","2019-06-05"
"Late_Pionier",9.97637495011812,"ab","timeid:var","straw_DM51","DFG2019","straw","51","2019-06-05"
"Late_Apertus",9.24787495376063,"abc","timeid:var","straw_DM51","DFG2019","straw","51","2019-06-05"
"Late_Patras",8.04074995979625,"bc","timeid:var","straw_DM51","DFG2019","straw","51","2019-06-05"
"Late_Capone",7.96524996017375,"c","timeid:var","straw_DM51","DFG2019","straw","51","2019-06-05"
"176_Split_Early",12.9563749352181,"a","nitrogen:appl:timeid","straw_DM51","DFG2019","straw","51","2019-06-05"
"220_Combined_Early",10.3758749481206,"b","nitrogen:appl:timeid","straw_DM51","DFG2019","straw","51","2019-06-05"
"176_Combined_Early",10.0782499496088,"bc","nitrogen:appl:timeid","straw_DM51","DFG2019","straw","51","2019-06-05"
"176_Split_Late",9.71537495142313,"bc","nitrogen:appl:timeid","straw_DM51","DFG2019","straw","51","2019-06-05"
"220_Split_Late",9.23087495384562,"bc","nitrogen:appl:timeid","straw_DM51","DFG2019","straw","51","2019-06-05"
"220_Split_Early",8.768999956155,"bc","nitrogen:appl:timeid","straw_DM51","DFG2019","straw","51","2019-06-05"
"220_Combined_Late",8.546999957265,"bc","nitrogen:appl:timeid","straw_DM51","DFG2019","straw","51","2019-06-05"
"176_Combined_Late",7.736999961315,"c","nitrogen:appl:timeid","straw_DM51","DFG2019","straw","51","2019-06-05"
"Early",8.28562495857187,"a","timeid","straw_DM87","DFG2019","straw","87","2019-07-23"
"Late",7.34915621325422,"b","timeid","straw_DM87","DFG2019","straw","87","2019-07-23"
"Pionier",8.19531245902344,"a","var","straw_DM87","DFG2019","straw","87","2019-07-23"
"Apertus",7.83212496083937,"ab","var","straw_DM87","DFG2019","straw","87","2019-07-23"
"Capone",7.63706246181469,"ab","var","straw_DM87","DFG2019","straw","87","2019-07-23"
"Patras",7.60506246197469,"b","var","straw_DM87","DFG2019","straw","87","2019-07-23"
"Patras",43.390575,"a","var","straw_Nitrogen23","DFG2019","straw","23","2019-03-12"
"Capone",42.2504791666667,"a","var","straw_Nitrogen23","DFG2019","straw","23","2019-03-12"
"Pionier",40.883,"ab","var","straw_Nitrogen23","DFG2019","straw","23","2019-03-12"
"Apertus",37.4984208333333,"b","var","straw_Nitrogen23","DFG2019","straw","23","2019-03-12"
"176_Early",43.2076875,"a","nitrogen:timeid","straw_Nitrogen23","DFG2019","straw","23","2019-03-12"
"220_Late",42.2523791666667,"a","nitrogen:timeid","straw_Nitrogen23","DFG2019","straw","23","2019-03-12"
"176_Late",40.084275,"a","nitrogen:timeid","straw_Nitrogen23","DFG2019","straw","23","2019-03-12"
"220_Early",38.4781333333333,"a","nitrogen:timeid","straw_Nitrogen23","DFG2019","straw","23","2019-03-12"
"Capone",38.4427166666667,"a","var","straw_Nitrogen31","DFG2019","straw","31","2019-04-17"
"Patras",35.7065,"b","var","straw_Nitrogen31","DFG2019","straw","31","2019-04-17"
"Pionier",35.4599458333333,"b","var","straw_Nitrogen31","DFG2019","straw","31","2019-04-17"
"Apertus",35.4581833333333,"b","var","straw_Nitrogen31","DFG2019","straw","31","2019-04-17"
"Early_Capone",38.476575,"a","timeid:var","straw_Nitrogen31","DFG2019","straw","31","2019-04-17"
"Late_Capone",38.4088583333333,"a","timeid:var","straw_Nitrogen31","DFG2019","straw","31","2019-04-17"
"Late_Pionier",36.4689,"ab","timeid:var","straw_Nitrogen31","DFG2019","straw","31","2019-04-17"
"Early_Patras",36.41005,"ab","timeid:var","straw_Nitrogen31","DFG2019","straw","31","2019-04-17"
"Late_Apertus",36.3901083333333,"ab","timeid:var","straw_Nitrogen31","DFG2019","straw","31","2019-04-17"
"Late_Patras",35.00295,"b","timeid:var","straw_Nitrogen31","DFG2019","straw","31","2019-04-17"
"Early_Apertus",34.5262583333333,"b","timeid:var","straw_Nitrogen31","DFG2019","straw","31","2019-04-17"
"Early_Pionier",34.4509916666667,"b","timeid:var","straw_Nitrogen31","DFG2019","straw","31","2019-04-17"
"220",23.3447083333333,"a","nitrogen","straw_Nitrogen41","DFG2019","straw","41","2019-05-27"
"176",20.0756375,"b","nitrogen","straw_Nitrogen41","DFG2019","straw","41","2019-05-27"
"Split_Pionier",18.9496833333333,"a","appl:var","straw_Nitrogen51","DFG2019","straw","51","2019-06-05"
"Split_Apertus",18.421675,"ab","appl:var","straw_Nitrogen51","DFG2019","straw","51","2019-06-05"
"Combined_Capone",18.4079083333333,"ab","appl:var","straw_Nitrogen51","DFG2019","straw","51","2019-06-05"
"Combined_Patras",18.2079083333333,"ab","appl:var","straw_Nitrogen51","DFG2019","straw","51","2019-06-05"
"Split_Patras",18.1905166666667,"ab","appl:var","straw_Nitrogen51","DFG2019","straw","51","2019-06-05"
"Combined_Pionier",17.9761583333333,"ab","appl:var","straw_Nitrogen51","DFG2019","straw","51","2019-06-05"
"Combined_Apertus",16.9143166666667,"ab","appl:var","straw_Nitrogen51","DFG2019","straw","51","2019-06-05"
"Split_Capone",16.7022833333333,"b","appl:var","straw_Nitrogen51","DFG2019","straw","51","2019-06-05"
"220_Split_Pionier",19.4862333333333,"a","nitrogen:appl:var","straw_Nitrogen51","DFG2019","straw","51","2019-06-05"
"176_Combined_Capone",19.32855,"a","nitrogen:appl:var","straw_Nitrogen51","DFG2019","straw","51","2019-06-05"
"176_Combined_Patras",18.7675333333333,"a","nitrogen:appl:var","straw_Nitrogen51","DFG2019","straw","51","2019-06-05"
"220_Split_Apertus",18.6859833333333,"a","nitrogen:appl:var","straw_Nitrogen51","DFG2019","straw","51","2019-06-05"
"220_Split_Capone",18.5374166666667,"a","nitrogen:appl:var","straw_Nitrogen51","DFG2019","straw","51","2019-06-05"
"176_Split_Pionier",18.4131333333333,"a","nitrogen:appl:var","straw_Nitrogen51","DFG2019","straw","51","2019-06-05"
"176_Split_Patras",18.3602666666667,"a","nitrogen:appl:var","straw_Nitrogen51","DFG2019","straw","51","2019-06-05"
"176_Combined_Pionier",18.1962166666667,"a","nitrogen:appl:var","straw_Nitrogen51","DFG2019","straw","51","2019-06-05"
"176_Split_Apertus",18.1573666666667,"a","nitrogen:appl:var","straw_Nitrogen51","DFG2019","straw","51","2019-06-05"
"220_Split_Patras",18.0207666666667,"a","nitrogen:appl:var","straw_Nitrogen51","DFG2019","straw","51","2019-06-05"
"220_Combined_Pionier",17.7561,"ab","nitrogen:appl:var","straw_Nitrogen51","DFG2019","straw","51","2019-06-05"
"220_Combined_Patras",17.6482833333333,"ab","nitrogen:appl:var","straw_Nitrogen51","DFG2019","straw","51","2019-06-05"
"220_Combined_Capone",17.4872666666667,"ab","nitrogen:appl:var","straw_Nitrogen51","DFG2019","straw","51","2019-06-05"
"176_Combined_Apertus",17.1665166666667,"ab","nitrogen:appl:var","straw_Nitrogen51","DFG2019","straw","51","2019-06-05"
"220_Combined_Apertus",16.6621166666667,"ab","nitrogen:appl:var","straw_Nitrogen51","DFG2019","straw","51","2019-06-05"
"176_Split_Capone",14.86715,"b","nitrogen:appl:var","straw_Nitrogen51","DFG2019","straw","51","2019-06-05"
"220",16.1270083333333,"a","nitrogen","straw_Nitrogen61","DFG2019","straw","61","2019-06-12"
"176",14.1825458333333,"b","nitrogen","straw_Nitrogen61","DFG2019","straw","61","2019-06-12"
"Split_Late",16.5635708333333,"a","appl:timeid","straw_Nitrogen61","DFG2019","straw","61","2019-06-12"
"Combined_Early",14.8065875,"a","appl:timeid","straw_Nitrogen61","DFG2019","straw","61","2019-06-12"
"Combined_Late",14.8035541666667,"a","appl:timeid","straw_Nitrogen61","DFG2019","straw","61","2019-06-12"
"Split_Early",14.4453958333333,"a","appl:timeid","straw_Nitrogen61","DFG2019","straw","61","2019-06-12"
"Apertus",0.0516226211346369,"a","var","straw_total_C23","DFG2019","straw","23","2019-03-12"
"Pionier",0.0467191916492166,"ab","var","straw_total_C23","DFG2019","straw","23","2019-03-12"
"Capone",0.0377504257561229,"bc","var","straw_total_C23","DFG2019","straw","23","2019-03-12"
"Patras",0.0318469735867651,"c","var","straw_total_C23","DFG2019","straw","23","2019-03-12"
"Combined_Early_Pionier",0.603034725812827,"a","appl:timeid:var","straw_total_C31","DFG2019","straw","31","2019-04-17"
"Combined_Early_Apertus",0.592358234113209,"ab","appl:timeid:var","straw_total_C31","DFG2019","straw","31","2019-04-17"
"Split_Early_Pionier",0.583759034784205,"ab","appl:timeid:var","straw_total_C31","DFG2019","straw","31","2019-04-17"
"Split_Late_Apertus",0.571532254049589,"ab","appl:timeid:var","straw_total_C31","DFG2019","straw","31","2019-04-17"
"Combined_Early_Patras",0.486108951026455,"bc","appl:timeid:var","straw_total_C31","DFG2019","straw","31","2019-04-17"
"Split_Early_Apertus",0.479317410519663,"bc","appl:timeid:var","straw_total_C31","DFG2019","straw","31","2019-04-17"
"Split_Late_Pionier",0.477540646581047,"bc","appl:timeid:var","straw_total_C31","DFG2019","straw","31","2019-04-17"
"Split_Early_Patras",0.448994259090029,"cd","appl:timeid:var","straw_total_C31","DFG2019","straw","31","2019-04-17"
"Combined_Early_Capone",0.424626333784368,"cd","appl:timeid:var","straw_total_C31","DFG2019","straw","31","2019-04-17"
"Split_Late_Patras",0.423679792516101,"cd","appl:timeid:var","straw_total_C31","DFG2019","straw","31","2019-04-17"
"Split_Early_Capone",0.413046843840516,"cde","appl:timeid:var","straw_total_C31","DFG2019","straw","31","2019-04-17"
"Combined_Late_Pionier",0.390258604192707,"cde","appl:timeid:var","straw_total_C31","DFG2019","straw","31","2019-04-17"
"Combined_Late_Patras",0.382868584561157,"cde","appl:timeid:var","straw_total_C31","DFG2019","straw","31","2019-04-17"
"Combined_Late_Apertus",0.379613060001685,"cde","appl:timeid:var","straw_total_C31","DFG2019","straw","31","2019-04-17"
"Split_Late_Capone",0.34083805948456,"de","appl:timeid:var","straw_total_C31","DFG2019","straw","31","2019-04-17"
"Combined_Late_Capone",0.30277194762989,"e","appl:timeid:var","straw_total_C31","DFG2019","straw","31","2019-04-17"
"176",1.52439099196256,"a","nitrogen","straw_total_C41","DFG2019","straw","41","2019-05-27"
"220",1.09465291233117,"b","nitrogen","straw_total_C41","DFG2019","straw","41","2019-05-27"
"Early",1.50761379022738,"a","timeid","straw_total_C41","DFG2019","straw","41","2019-05-27"
"Late",1.11143011406636,"b","timeid","straw_total_C41","DFG2019","straw","41","2019-05-27"
"Patras",1.51313380154489,"a","var","straw_total_C41","DFG2019","straw","41","2019-05-27"
"Apertus",1.38820474746515,"ab","var","straw_total_C41","DFG2019","straw","41","2019-05-27"
"Pionier",1.21090712960437,"bc","var","straw_total_C41","DFG2019","straw","41","2019-05-27"
"Capone",1.12584212997306,"c","var","straw_total_C41","DFG2019","straw","41","2019-05-27"
"Combined_Early_Patras",2.0148803437808,"a","appl:timeid:var","straw_total_C41","DFG2019","straw","41","2019-05-27"
"Split_Early_Patras",1.61368382996388,"b","appl:timeid:var","straw_total_C41","DFG2019","straw","41","2019-05-27"
"Split_Early_Apertus",1.58055350360781,"bc","appl:timeid:var","straw_total_C41","DFG2019","straw","41","2019-05-27"
"Split_Early_Pionier",1.55687348668757,"bc","appl:timeid:var","straw_total_C41","DFG2019","straw","41","2019-05-27"
"Combined_Late_Apertus",1.39143904312713,"bcd","appl:timeid:var","straw_total_C41","DFG2019","straw","41","2019-05-27"
"Combined_Early_Apertus",1.38537134032277,"bcd","appl:timeid:var","straw_total_C41","DFG2019","straw","41","2019-05-27"
"Combined_Late_Patras",1.38214571571817,"bcd","appl:timeid:var","straw_total_C41","DFG2019","straw","41","2019-05-27"
"Combined_Early_Pionier",1.33573390480018,"bcde","appl:timeid:var","straw_total_C41","DFG2019","straw","41","2019-05-27"
"Combined_Early_Capone",1.29987085847767,"bcde","appl:timeid:var","straw_total_C41","DFG2019","straw","41","2019-05-27"
"Split_Early_Capone",1.27394305417833,"cde","appl:timeid:var","straw_total_C41","DFG2019","straw","41","2019-05-27"
"Split_Late_Apertus",1.19545510280289,"def","appl:timeid:var","straw_total_C41","DFG2019","straw","41","2019-05-27"
"Split_Late_Patras",1.0418253167167,"ef","appl:timeid:var","straw_total_C41","DFG2019","straw","41","2019-05-27"
"Combined_Late_Capone",1.03183639626044,"ef","appl:timeid:var","straw_total_C41","DFG2019","straw","41","2019-05-27"
"Combined_Late_Pionier",1.02332287084668,"ef","appl:timeid:var","straw_total_C41","DFG2019","straw","41","2019-05-27"
"Split_Late_Pionier",0.927698256083034,"f","appl:timeid:var","straw_total_C41","DFG2019","straw","41","2019-05-27"
"Split_Late_Capone",0.897718210975809,"f","appl:timeid:var","straw_total_C41","DFG2019","straw","41","2019-05-27"
"Early",2.00645908294617,"a","timeid","straw_total_C51","DFG2019","straw","51","2019-06-05"
"Late",1.57749194680011,"b","timeid","straw_total_C51","DFG2019","straw","51","2019-06-05"
"Patras",2.03902094329395,"a","var","straw_total_C51","DFG2019","straw","51","2019-06-05"
"Pionier",1.81450745800939,"ab","var","straw_total_C51","DFG2019","straw","51","2019-06-05"
"Apertus",1.70867396614557,"ab","var","straw_total_C51","DFG2019","straw","51","2019-06-05"
"Capone",1.60569969204364,"b","var","straw_total_C51","DFG2019","straw","51","2019-06-05"
"176_Early",2.467518273585,"a","nitrogen:timeid","straw_total_C51","DFG2019","straw","51","2019-06-05"
"176_Late",1.75027726834284,"b","nitrogen:timeid","straw_total_C51","DFG2019","straw","51","2019-06-05"
"220_Early",1.54539989230734,"b","nitrogen:timeid","straw_total_C51","DFG2019","straw","51","2019-06-05"
"220_Late",1.40470662525738,"b","nitrogen:timeid","straw_total_C51","DFG2019","straw","51","2019-06-05"
"Early_Patras",2.4042796263651,"a","timeid:var","straw_total_C51","DFG2019","straw","51","2019-06-05"
"Early_Pionier",1.91931551388867,"b","timeid:var","straw_total_C51","DFG2019","straw","51","2019-06-05"
"Early_Capone",1.90424398645715,"b","timeid:var","straw_total_C51","DFG2019","straw","51","2019-06-05"
"Early_Apertus",1.79799720507375,"b","timeid:var","straw_total_C51","DFG2019","straw","51","2019-06-05"
"Late_Pionier",1.7096994021301,"bc","timeid:var","straw_total_C51","DFG2019","straw","51","2019-06-05"
"Late_Patras",1.6737622602228,"bc","timeid:var","straw_total_C51","DFG2019","straw","51","2019-06-05"
"Late_Apertus",1.6193507272174,"bc","timeid:var","straw_total_C51","DFG2019","straw","51","2019-06-05"
"Late_Capone",1.30715539763014,"c","timeid:var","straw_total_C51","DFG2019","straw","51","2019-06-05"
"Patras",2.32206048760845,"a","var","straw_total_C61","DFG2019","straw","61","2019-06-12"
"Apertus",2.00476076413245,"ab","var","straw_total_C61","DFG2019","straw","61","2019-06-12"
"Pionier",1.70517533036787,"b","var","straw_total_C61","DFG2019","straw","61","2019-06-12"
"Capone",1.64986290905693,"b","var","straw_total_C61","DFG2019","straw","61","2019-06-12"
"Pionier",0.304770377839648,"a","var","straw_total_C87","DFG2019","straw","87","2019-07-23"
"Capone",0.291490041322112,"a","var","straw_total_C87","DFG2019","straw","87","2019-07-23"
"Patras",0.111213079444622,"b","var","straw_total_C87","DFG2019","straw","87","2019-07-23"
"Apertus",0.0991105724381346,"b","var","straw_total_C87","DFG2019","straw","87","2019-07-23"
"220_Pionier",0.390507790699211,"a","nitrogen:var","straw_total_C87","DFG2019","straw","87","2019-07-23"
"176_Capone",0.291708284524709,"b","nitrogen:var","straw_total_C87","DFG2019","straw","87","2019-07-23"
"220_Capone",0.291271798119516,"b","nitrogen:var","straw_total_C87","DFG2019","straw","87","2019-07-23"
"176_Pionier",0.219032964980085,"c","nitrogen:var","straw_total_C87","DFG2019","straw","87","2019-07-23"
"176_Patras",0.131647278868513,"d","nitrogen:var","straw_total_C87","DFG2019","straw","87","2019-07-23"
"220_Apertus",0.110155938463345,"d","nitrogen:var","straw_total_C87","DFG2019","straw","87","2019-07-23"
"220_Patras",0.0907788800207307,"d","nitrogen:var","straw_total_C87","DFG2019","straw","87","2019-07-23"
"176_Apertus",0.088065206412924,"d","nitrogen:var","straw_total_C87","DFG2019","straw","87","2019-07-23"
"Pionier",0.0179660962289195,"a","var","straw_total_N23","DFG2019","straw","23","2019-03-12"
"Apertus",0.017737205042564,"a","var","straw_total_N23","DFG2019","straw","23","2019-03-12"
"Capone",0.0174774919938625,"a","var","straw_total_N23","DFG2019","straw","23","2019-03-12"
"Patras",0.0134796682263517,"b","var","straw_total_N23","DFG2019","straw","23","2019-03-12"
"Split_Pionier",0.0207132128839339,"a","appl:var","straw_total_N23","DFG2019","straw","23","2019-03-12"
"Split_Apertus",0.0188686118806569,"ab","appl:var","straw_total_N23","DFG2019","straw","23","2019-03-12"
"Split_Capone",0.0182500458712498,"ab","appl:var","straw_total_N23","DFG2019","straw","23","2019-03-12"
"Combined_Capone",0.0167049381164753,"abc","appl:var","straw_total_N23","DFG2019","straw","23","2019-03-12"
"Combined_Apertus",0.016605798204471,"bc","appl:var","straw_total_N23","DFG2019","straw","23","2019-03-12"
"Combined_Pionier",0.0152189795739051,"bc","appl:var","straw_total_N23","DFG2019","straw","23","2019-03-12"
"Split_Patras",0.0135770703321146,"c","appl:var","straw_total_N23","DFG2019","straw","23","2019-03-12"
"Combined_Patras",0.0133822661205887,"c","appl:var","straw_total_N23","DFG2019","straw","23","2019-03-12"
"176",0.0498338233320809,"a","nitrogen","straw_total_N31","DFG2019","straw","31","2019-04-17"
"220",0.0460038779762306,"b","nitrogen","straw_total_N31","DFG2019","straw","31","2019-04-17"
"Split",0.0514165468866673,"a","appl","straw_total_N31","DFG2019","straw","31","2019-04-17"
"Combined",0.0444211544216442,"b","appl","straw_total_N31","DFG2019","straw","31","2019-04-17"
"176_Split_Capone",0.0655225757223872,"a","nitrogen:appl:var","straw_total_N31","DFG2019","straw","31","2019-04-17"
"176_Split_Apertus",0.0588771266306144,"ab","nitrogen:appl:var","straw_total_N31","DFG2019","straw","31","2019-04-17"
"176_Split_Patras",0.0516754679916227,"ab","nitrogen:appl:var","straw_total_N31","DFG2019","straw","31","2019-04-17"
"220_Split_Pionier",0.0514754528426227,"ab","nitrogen:appl:var","straw_total_N31","DFG2019","straw","31","2019-04-17"
"220_Combined_Capone",0.0501990469490048,"ab","nitrogen:appl:var","straw_total_N31","DFG2019","straw","31","2019-04-17"
"176_Split_Pionier",0.0500508324497458,"ab","nitrogen:appl:var","straw_total_N31","DFG2019","straw","31","2019-04-17"
"220_Split_Apertus",0.0493103407784483,"ab","nitrogen:appl:var","straw_total_N31","DFG2019","straw","31","2019-04-17"
"220_Combined_Pionier",0.0470618675396907,"ab","nitrogen:appl:var","straw_total_N31","DFG2019","straw","31","2019-04-17"
"176_Combined_Pionier",0.0467741704661292,"ab","nitrogen:appl:var","straw_total_N31","DFG2019","straw","31","2019-04-17"
"220_Combined_Apertus",0.0457136221464319,"ab","nitrogen:appl:var","straw_total_N31","DFG2019","straw","31","2019-04-17"
"176_Combined_Apertus",0.0443980419030098,"ab","nitrogen:appl:var","straw_total_N31","DFG2019","straw","31","2019-04-17"
"220_Split_Patras",0.042402797662986,"b","nitrogen:appl:var","straw_total_N31","DFG2019","straw","31","2019-04-17"
"220_Split_Capone",0.0420177810149111,"b","nitrogen:appl:var","straw_total_N31","DFG2019","straw","31","2019-04-17"
"176_Combined_Capone",0.0417318721913406,"b","nitrogen:appl:var","straw_total_N31","DFG2019","straw","31","2019-04-17"
"220_Combined_Patras",0.0398501148757494,"b","nitrogen:appl:var","straw_total_N31","DFG2019","straw","31","2019-04-17"
"176_Combined_Patras",0.0396404993017975,"b","nitrogen:appl:var","straw_total_N31","DFG2019","straw","31","2019-04-17"
"Apertus",0.18740793045046,"a","var","straw_total_N41","DFG2019","straw","41","2019-05-27"
"Pionier",0.177455536156472,"ab","var","straw_total_N41","DFG2019","straw","41","2019-05-27"
"Capone",0.171693453197783,"ab","var","straw_total_N41","DFG2019","straw","41","2019-05-27"
"Patras",0.169432886084086,"b","var","straw_total_N41","DFG2019","straw","41","2019-05-27"
"Early",0.189655079782975,"a","timeid","straw_total_N51","DFG2019","straw","51","2019-06-05"
"Late",0.157783803782956,"b","timeid","straw_total_N51","DFG2019","straw","51","2019-06-05"
"220",0.174699897335875,"a","nitrogen","straw_total_N61","DFG2019","straw","61","2019-06-12"
"176",0.148623300278759,"b","nitrogen","straw_total_N61","DFG2019","straw","61","2019-06-12"
"Split_Late",0.177836505373318,"a","appl:timeid","straw_total_N61","DFG2019","straw","61","2019-06-12"
"Split_Early",0.17200805254621,"a","appl:timeid","straw_total_N61","DFG2019","straw","61","2019-06-12"
"Combined_Early",0.15305399599723,"b","appl:timeid","straw_total_N61","DFG2019","straw","61","2019-06-12"
"Combined_Late",0.143747841312511,"c","appl:timeid","straw_total_N61","DFG2019","straw","61","2019-06-12"
"Late_Apertus",0.188993524180032,"a","timeid:var","straw_total_N61","DFG2019","straw","61","2019-06-12"
"Early_Patras",0.171707524941462,"ab","timeid:var","straw_total_N61","DFG2019","straw","61","2019-06-12"
"Early_Apertus",0.165119083824405,"ab","timeid:var","straw_total_N61","DFG2019","straw","61","2019-06-12"
"Late_Pionier",0.159110668166947,"b","timeid:var","straw_total_N61","DFG2019","straw","61","2019-06-12"
"Early_Pionier",0.157633682074332,"b","timeid:var","straw_total_N61","DFG2019","straw","61","2019-06-12"
"Early_Capone",0.155663806246681,"b","timeid:var","straw_total_N61","DFG2019","straw","61","2019-06-12"
"Late_Patras",0.149776234601119,"b","timeid:var","straw_total_N61","DFG2019","straw","61","2019-06-12"
"Late_Capone",0.145288266423559,"b","timeid:var","straw_total_N61","DFG2019","straw","61","2019-06-12"
"220_Late_Apertus",0.214127757779361,"a","nitrogen:timeid:var","straw_total_N61","DFG2019","straw","61","2019-06-12"
"220_Late_Pionier",0.19827194950864,"ab","nitrogen:timeid:var","straw_total_N61","DFG2019","straw","61","2019-06-12"
"220_Early_Apertus",0.180066923424666,"abc","nitrogen:timeid:var","straw_total_N61","DFG2019","straw","61","2019-06-12"
"220_Early_Patras",0.177822853835886,"abcd","nitrogen:timeid:var","straw_total_N61","DFG2019","straw","61","2019-06-12"
"176_Early_Patras",0.165592196047039,"bcde","nitrogen:timeid:var","straw_total_N61","DFG2019","straw","61","2019-06-12"
"176_Late_Apertus",0.163859290580704,"bcde","nitrogen:timeid:var","straw_total_N61","DFG2019","straw","61","2019-06-12"
"176_Early_Pionier",0.162583565962082,"bcde","nitrogen:timeid:var","straw_total_N61","DFG2019","straw","61","2019-06-12"
"220_Early_Capone",0.160720548396397,"bcde","nitrogen:timeid:var","straw_total_N61","DFG2019","straw","61","2019-06-12"
"220_Late_Capone",0.157750858286246,"bcde","nitrogen:timeid:var","straw_total_N61","DFG2019","straw","61","2019-06-12"
"220_Late_Patras",0.156154489269228,"bcde","nitrogen:timeid:var","straw_total_N61","DFG2019","straw","61","2019-06-12"
"220_Early_Pionier",0.152683798186581,"bcde","nitrogen:timeid:var","straw_total_N61","DFG2019","straw","61","2019-06-12"
"176_Early_Capone",0.150607064096965,"cde","nitrogen:timeid:var","straw_total_N61","DFG2019","straw","61","2019-06-12"
"176_Early_Apertus",0.150171244224144,"cde","nitrogen:timeid:var","straw_total_N61","DFG2019","straw","61","2019-06-12"
"176_Late_Patras",0.14339797993301,"cde","nitrogen:timeid:var","straw_total_N61","DFG2019","straw","61","2019-06-12"
"176_Late_Capone",0.132825674560872,"de","nitrogen:timeid:var","straw_total_N61","DFG2019","straw","61","2019-06-12"
"176_Late_Pionier",0.119949386825253,"e","nitrogen:timeid:var","straw_total_N61","DFG2019","straw","61","2019-06-12"
"Pionier",8.174999959125,"a","var","tiller_41","DFG2019","biomasscut","41","2019-05-27"
"Apertus",7.33124996334375,"b","var","tiller_41","DFG2019","biomasscut","41","2019-05-27"
"Capone",6.80624996596875,"bc","var","tiller_41","DFG2019","biomasscut","41","2019-05-27"
"Patras",6.399999968,"c","var","tiller_41","DFG2019","biomasscut","41","2019-05-27"
"Early",6.07812496960937,"a","timeid","tiller_51","DFG2019","biomasscut","51","2019-06-05"
"Late",5.45312497273437,"b","timeid","tiller_51","DFG2019","biomasscut","51","2019-06-05"
"Pionier",6.5124999674375,"a","var","tiller_51","DFG2019","biomasscut","51","2019-06-05"
"Apertus",5.96874997015625,"ab","var","tiller_51","DFG2019","biomasscut","51","2019-06-05"
"Capone",5.3124999734375,"b","var","tiller_51","DFG2019","biomasscut","51","2019-06-05"
"Patras",5.26874997365625,"b","var","tiller_51","DFG2019","biomasscut","51","2019-06-05"
"Split",6.65312496673438,"a","appl","tiller_61","DFG2019","biomasscut","61","2019-06-12"
"Combined",5.70937497145312,"b","appl","tiller_61","DFG2019","biomasscut","61","2019-06-12"
"220_Combined",54.7189930404917,"a","nitrogen:appl","CEDM","DFG2020",NA,"61_87","biomass"
"176_Split",48.6626603712306,"ab","nitrogen:appl","CEDM","DFG2020",NA,"61_87","biomass"
"220_Split",47.348631523829,"ab","nitrogen:appl","CEDM","DFG2020",NA,"61_87","biomass"
"176_Combined",43.3819402867748,"b","nitrogen:appl","CEDM","DFG2020",NA,"61_87","biomass"
"176_Split_Torrild",88.1730016471276,"a","nitrogen:appl:var","CEDM","DFG2020",NA,"61_87","biomass"
"176_Split_Alves",81.8060232009083,"ab","nitrogen:appl:var","CEDM","DFG2020",NA,"61_87","biomass"
"220_Split_Alves",69.5976484465624,"ab","nitrogen:appl:var","CEDM","DFG2020",NA,"61_87","biomass"
"220_Combined_Potenzial",68.4157517680332,"ab","nitrogen:appl:var","CEDM","DFG2020",NA,"61_87","biomass"
"220_Combined_Alves",65.0094725738239,"ab","nitrogen:appl:var","CEDM","DFG2020",NA,"61_87","biomass"
"176_Split_Capone",62.3253727659173,"ab","nitrogen:appl:var","CEDM","DFG2020",NA,"61_87","biomass"
"220_Combined_Esket",57.8715198971848,"ab","nitrogen:appl:var","CEDM","DFG2020",NA,"61_87","biomass"
"176_Combined_Patras",57.1140412514044,"ab","nitrogen:appl:var","CEDM","DFG2020",NA,"61_87","biomass"
"220_Combined_Patras",56.3022527490682,"ab","nitrogen:appl:var","CEDM","DFG2020",NA,"61_87","biomass"
"220_Combined_Apertus",55.86551896452,"ab","nitrogen:appl:var","CEDM","DFG2020",NA,"61_87","biomass"
"220_Split_Patras",55.5687730188152,"ab","nitrogen:appl:var","CEDM","DFG2020",NA,"61_87","biomass"
"220_Combined_Torrild",55.4085729426483,"ab","nitrogen:appl:var","CEDM","DFG2020",NA,"61_87","biomass"
"220_Split_Esket",54.8301112526803,"ab","nitrogen:appl:var","CEDM","DFG2020",NA,"61_87","biomass"
"176_Combined_Apertus",47.9884943775606,"ab","nitrogen:appl:var","CEDM","DFG2020",NA,"61_87","biomass"
"176_Combined_Alves",47.0941243146857,"ab","nitrogen:appl:var","CEDM","DFG2020",NA,"61_87","biomass"
"220_Split_Apertus",46.4483969969909,"ab","nitrogen:appl:var","CEDM","DFG2020",NA,"61_87","biomass"
"220_Combined_Capone",46.0152445059076,"ab","nitrogen:appl:var","CEDM","DFG2020",NA,"61_87","biomass"
"176_Combined_Pionier",44.6609670064829,"ab","nitrogen:appl:var","CEDM","DFG2020",NA,"61_87","biomass"
"176_Combined_Potenzial",42.0567359660919,"ab","nitrogen:appl:var","CEDM","DFG2020",NA,"61_87","biomass"
"176_Combined_Capone",39.6593548424853,"ab","nitrogen:appl:var","CEDM","DFG2020",NA,"61_87","biomass"
"220_Split_Potenzial",39.1869227192378,"ab","nitrogen:appl:var","CEDM","DFG2020",NA,"61_87","biomass"
"220_Split_Capone",38.9624744822449,"ab","nitrogen:appl:var","CEDM","DFG2020",NA,"61_87","biomass"
"220_Split_Pionier",38.9509412685687,"ab","nitrogen:appl:var","CEDM","DFG2020",NA,"61_87","biomass"
"176_Combined_Esket",38.4753876382291,"ab","nitrogen:appl:var","CEDM","DFG2020",NA,"61_87","biomass"
"176_Split_Apertus",35.9008178576579,"ab","nitrogen:appl:var","CEDM","DFG2020",NA,"61_87","biomass"
"220_Split_Torrild",35.2437840055317,"ab","nitrogen:appl:var","CEDM","DFG2020",NA,"61_87","biomass"
"220_Combined_Pionier",32.8636109227477,"ab","nitrogen:appl:var","CEDM","DFG2020",NA,"61_87","biomass"
"176_Split_Patras",31.7241728090035,"ab","nitrogen:appl:var","CEDM","DFG2020",NA,"61_87","biomass"
"176_Split_Pionier",30.836105001988,"ab","nitrogen:appl:var","CEDM","DFG2020",NA,"61_87","biomass"
"176_Split_Potenzial",30.4224358769727,"b","nitrogen:appl:var","CEDM","DFG2020",NA,"61_87","biomass"
"176_Combined_Torrild",30.006416897259,"b","nitrogen:appl:var","CEDM","DFG2020",NA,"61_87","biomass"
"176_Split_Esket",28.1133538102698,"b","nitrogen:appl:var","CEDM","DFG2020",NA,"61_87","biomass"
"176_Split_Alves",90.7461057256832,"a","nitrogen:appl:var","CEN","DFG2020",NA,"61_87","nitrogen"
"176_Split_Torrild",86.6635829862221,"ab","nitrogen:appl:var","CEN","DFG2020",NA,"61_87","nitrogen"
"220_Split_Alves",86.46467312627,"ab","nitrogen:appl:var","CEN","DFG2020",NA,"61_87","nitrogen"
"220_Combined_Esket",83.8736864939309,"abc","nitrogen:appl:var","CEN","DFG2020",NA,"61_87","nitrogen"
"220_Split_Apertus",80.9679796540415,"abcd","nitrogen:appl:var","CEN","DFG2020",NA,"61_87","nitrogen"
"220_Combined_Alves",80.3547086016705,"abcde","nitrogen:appl:var","CEN","DFG2020",NA,"61_87","nitrogen"
"176_Split_Capone",80.3460441947957,"abcde","nitrogen:appl:var","CEN","DFG2020",NA,"61_87","nitrogen"
"220_Split_Patras",77.544812349727,"abcde","nitrogen:appl:var","CEN","DFG2020",NA,"61_87","nitrogen"
"220_Combined_Patras",77.0401285665023,"abcde","nitrogen:appl:var","CEN","DFG2020",NA,"61_87","nitrogen"
"220_Split_Esket",77.0294073386663,"abcde","nitrogen:appl:var","CEN","DFG2020",NA,"61_87","nitrogen"
"220_Combined_Potenzial",77.0051769558063,"abcde","nitrogen:appl:var","CEN","DFG2020",NA,"61_87","nitrogen"
"220_Combined_Torrild",76.4053369268598,"abcde","nitrogen:appl:var","CEN","DFG2020",NA,"61_87","nitrogen"
"176_Combined_Patras",73.6597782360098,"abcde","nitrogen:appl:var","CEN","DFG2020",NA,"61_87","nitrogen"
"220_Split_Pionier",73.6436091710114,"abcde","nitrogen:appl:var","CEN","DFG2020",NA,"61_87","nitrogen"
"220_Combined_Capone",71.254596787055,"abcde","nitrogen:appl:var","CEN","DFG2020",NA,"61_87","nitrogen"
"176_Combined_Capone",70.4335846619895,"abcde","nitrogen:appl:var","CEN","DFG2020",NA,"61_87","nitrogen"
"220_Combined_Apertus",69.9274614173026,"abcde","nitrogen:appl:var","CEN","DFG2020",NA,"61_87","nitrogen"
"220_Split_Torrild",67.7288208293965,"abcde","nitrogen:appl:var","CEN","DFG2020",NA,"61_87","nitrogen"
"176_Combined_Apertus",66.0167488463062,"abcde","nitrogen:appl:var","CEN","DFG2020",NA,"61_87","nitrogen"
"176_Combined_Pionier",65.2626829420658,"abcde","nitrogen:appl:var","CEN","DFG2020",NA,"61_87","nitrogen"
"220_Split_Capone",64.4154675792828,"abcde","nitrogen:appl:var","CEN","DFG2020",NA,"61_87","nitrogen"
"176_Combined_Potenzial",64.2552511768665,"abcde","nitrogen:appl:var","CEN","DFG2020",NA,"61_87","nitrogen"
"220_Split_Potenzial",64.1095946248439,"abcde","nitrogen:appl:var","CEN","DFG2020",NA,"61_87","nitrogen"
"176_Combined_Esket",60.1623902797773,"bcde","nitrogen:appl:var","CEN","DFG2020",NA,"61_87","nitrogen"
"220_Combined_Pionier",58.8397554202131,"bcde","nitrogen:appl:var","CEN","DFG2020",NA,"61_87","nitrogen"
"176_Split_Esket",58.5574815202692,"bcde","nitrogen:appl:var","CEN","DFG2020",NA,"61_87","nitrogen"
"176_Combined_Alves",57.998745981121,"bcde","nitrogen:appl:var","CEN","DFG2020",NA,"61_87","nitrogen"
"176_Split_Patras",56.092764296354,"cde","nitrogen:appl:var","CEN","DFG2020",NA,"61_87","nitrogen"
"176_Split_Potenzial",54.9147440798849,"de","nitrogen:appl:var","CEN","DFG2020",NA,"61_87","nitrogen"
"176_Split_Pionier",54.4160142027956,"de","nitrogen:appl:var","CEN","DFG2020",NA,"61_87","nitrogen"
"176_Combined_Torrild",53.0225738717564,"de","nitrogen:appl:var","CEN","DFG2020",NA,"61_87","nitrogen"
"176_Split_Apertus",52.1309447705414,"e","nitrogen:appl:var","CEN","DFG2020",NA,"61_87","nitrogen"
"Split",0.00483835298458145,"a","appl","CGR_tt_23_31","DFG2020","all","23_31",NA
"Combined",0.00350135639458985,"b","appl","CGR_tt_23_31","DFG2020","all","23_31",NA
"Early",0.0139459652797934,"a","timeid","CGR_tt_31_41","DFG2020","all","31_41",NA
"Late",0.0127616679539221,"b","timeid","CGR_tt_31_41","DFG2020","all","31_41",NA
"220_Split_Patras",0.0179827177906984,"a","nitrogen:appl:var","CGR_tt_31_41","DFG2020","all","31_41",NA
"176_Split_Torrild",0.017407854480994,"a","nitrogen:appl:var","CGR_tt_31_41","DFG2020","all","31_41",NA
"220_Combined_Alves",0.0168816294711206,"a","nitrogen:appl:var","CGR_tt_31_41","DFG2020","all","31_41",NA
"220_Combined_Torrild",0.0165716896668785,"a","nitrogen:appl:var","CGR_tt_31_41","DFG2020","all","31_41",NA
"176_Combined_Potenzial",0.0159388743403543,"a","nitrogen:appl:var","CGR_tt_31_41","DFG2020","all","31_41",NA
"220_Split_Apertus",0.0157945117270262,"a","nitrogen:appl:var","CGR_tt_31_41","DFG2020","all","31_41",NA
"220_Split_Esket",0.0157381119963711,"a","nitrogen:appl:var","CGR_tt_31_41","DFG2020","all","31_41",NA
"176_Split_Alves",0.0155404542247175,"a","nitrogen:appl:var","CGR_tt_31_41","DFG2020","all","31_41",NA
"220_Split_Pionier",0.0153433138817856,"a","nitrogen:appl:var","CGR_tt_31_41","DFG2020","all","31_41",NA
"220_Split_Alves",0.0150240603605547,"a","nitrogen:appl:var","CGR_tt_31_41","DFG2020","all","31_41",NA
"220_Combined_Capone",0.0146856619766243,"a","nitrogen:appl:var","CGR_tt_31_41","DFG2020","all","31_41",NA
"176_Combined_Torrild",0.0142437778483727,"a","nitrogen:appl:var","CGR_tt_31_41","DFG2020","all","31_41",NA
"176_Split_Potenzial",0.013694268546027,"a","nitrogen:appl:var","CGR_tt_31_41","DFG2020","all","31_41",NA
"220_Combined_Esket",0.0132270304104167,"a","nitrogen:appl:var","CGR_tt_31_41","DFG2020","all","31_41",NA
"220_Combined_Apertus",0.0128953585998672,"a","nitrogen:appl:var","CGR_tt_31_41","DFG2020","all","31_41",NA
"220_Split_Torrild",0.0128161920054615,"a","nitrogen:appl:var","CGR_tt_31_41","DFG2020","all","31_41",NA
"220_Combined_Potenzial",0.0128032562874213,"a","nitrogen:appl:var","CGR_tt_31_41","DFG2020","all","31_41",NA
"176_Combined_Pionier",0.0127189154057995,"a","nitrogen:appl:var","CGR_tt_31_41","DFG2020","all","31_41",NA
"176_Split_Apertus",0.0127013228292649,"a","nitrogen:appl:var","CGR_tt_31_41","DFG2020","all","31_41",NA
"176_Split_Capone",0.0124669276183773,"a","nitrogen:appl:var","CGR_tt_31_41","DFG2020","all","31_41",NA
"220_Split_Potenzial",0.0122485726978596,"a","nitrogen:appl:var","CGR_tt_31_41","DFG2020","all","31_41",NA
"176_Combined_Alves",0.0122175269745632,"a","nitrogen:appl:var","CGR_tt_31_41","DFG2020","all","31_41",NA
"176_Combined_Patras",0.0119557080414305,"a","nitrogen:appl:var","CGR_tt_31_41","DFG2020","all","31_41",NA
"176_Split_Pionier",0.0119541557552657,"a","nitrogen:appl:var","CGR_tt_31_41","DFG2020","all","31_41",NA
"176_Split_Patras",0.0118351471492963,"a","nitrogen:appl:var","CGR_tt_31_41","DFG2020","all","31_41",NA
"176_Combined_Esket",0.0116105830841193,"a","nitrogen:appl:var","CGR_tt_31_41","DFG2020","all","31_41",NA
"220_Combined_Pionier",0.011421721600733,"a","nitrogen:appl:var","CGR_tt_31_41","DFG2020","all","31_41",NA
"176_Split_Esket",0.0110005346213457,"a","nitrogen:appl:var","CGR_tt_31_41","DFG2020","all","31_41",NA
"220_Combined_Patras",0.0102647509792218,"a","nitrogen:appl:var","CGR_tt_31_41","DFG2020","all","31_41",NA
"220_Split_Capone",0.00978147255324169,"a","nitrogen:appl:var","CGR_tt_31_41","DFG2020","all","31_41",NA
"176_Combined_Apertus",0.00972610768002983,"a","nitrogen:appl:var","CGR_tt_31_41","DFG2020","all","31_41",NA
"176_Combined_Capone",0.00882992113420807,"a","nitrogen:appl:var","CGR_tt_31_41","DFG2020","all","31_41",NA
"220_Early",0.0185997868003396,"a","nitrogen:timeid","CGR_tt_31_61","DFG2020","all","31_61",NA
"220_Late",0.0156605402735039,"ab","nitrogen:timeid","CGR_tt_31_61","DFG2020","all","31_61",NA
"176_Late",0.0149676727281764,"ab","nitrogen:timeid","CGR_tt_31_61","DFG2020","all","31_61",NA
"176_Early",0.0134769193975613,"b","nitrogen:timeid","CGR_tt_31_61","DFG2020","all","31_61",NA
"Split_Torrild",0.0190672669622266,"a","appl:var","CGR_tt_31_61","DFG2020","all","31_61",NA
"Split_Alves",0.0173853497330765,"ab","appl:var","CGR_tt_31_61","DFG2020","all","31_61",NA
"Split_Esket",0.0167660762252105,"ab","appl:var","CGR_tt_31_61","DFG2020","all","31_61",NA
"Combined_Alves",0.0161984539927162,"ab","appl:var","CGR_tt_31_61","DFG2020","all","31_61",NA
"Split_Apertus",0.0160021430265307,"ab","appl:var","CGR_tt_31_61","DFG2020","all","31_61",NA
"Combined_Patras",0.0159044390406002,"ab","appl:var","CGR_tt_31_61","DFG2020","all","31_61",NA
"Combined_Apertus",0.0157763944453605,"ab","appl:var","CGR_tt_31_61","DFG2020","all","31_61",NA
"Combined_Capone",0.0156918741765704,"ab","appl:var","CGR_tt_31_61","DFG2020","all","31_61",NA
"Combined_Torrild",0.0155965179758841,"ab","appl:var","CGR_tt_31_61","DFG2020","all","31_61",NA
"Split_Capone",0.0153382615990254,"ab","appl:var","CGR_tt_31_61","DFG2020","all","31_61",NA
"Combined_Potenzial",0.0149741742873142,"b","appl:var","CGR_tt_31_61","DFG2020","all","31_61",NA
"Split_Pionier",0.0149739936884493,"b","appl:var","CGR_tt_31_61","DFG2020","all","31_61",NA
"Split_Potenzial",0.0148840554537111,"b","appl:var","CGR_tt_31_61","DFG2020","all","31_61",NA
"Combined_Pionier",0.014273450691362,"b","appl:var","CGR_tt_31_61","DFG2020","all","31_61",NA
"Combined_Esket",0.014168883948564,"b","appl:var","CGR_tt_31_61","DFG2020","all","31_61",NA
"Split_Patras",0.013818341551723,"b","appl:var","CGR_tt_31_61","DFG2020","all","31_61",NA
"176_Split_Torrild",0.021605403410039,"a","nitrogen:appl:var","CGR_tt_31_61","DFG2020","all","31_61",NA
"220_Split_Esket",0.0193746462303479,"ab","nitrogen:appl:var","CGR_tt_31_61","DFG2020","all","31_61",NA
"220_Combined_Capone",0.018678979402614,"ab","nitrogen:appl:var","CGR_tt_31_61","DFG2020","all","31_61",NA
"220_Combined_Torrild",0.0185388346834235,"ab","nitrogen:appl:var","CGR_tt_31_61","DFG2020","all","31_61",NA
"220_Combined_Alves",0.0184358933304099,"ab","nitrogen:appl:var","CGR_tt_31_61","DFG2020","all","31_61",NA
"220_Split_Apertus",0.0182722707587778,"ab","nitrogen:appl:var","CGR_tt_31_61","DFG2020","all","31_61",NA
"176_Split_Alves",0.0178482246239078,"ab","nitrogen:appl:var","CGR_tt_31_61","DFG2020","all","31_61",NA
"220_Combined_Apertus",0.017553487276332,"ab","nitrogen:appl:var","CGR_tt_31_61","DFG2020","all","31_61",NA
"220_Combined_Patras",0.0171579757621219,"ab","nitrogen:appl:var","CGR_tt_31_61","DFG2020","all","31_61",NA
"220_Split_Alves",0.0169224748422452,"ab","nitrogen:appl:var","CGR_tt_31_61","DFG2020","all","31_61",NA
"220_Combined_Potenzial",0.0167967780322496,"ab","nitrogen:appl:var","CGR_tt_31_61","DFG2020","all","31_61",NA
"220_Split_Pionier",0.0166432689970539,"ab","nitrogen:appl:var","CGR_tt_31_61","DFG2020","all","31_61",NA
"220_Split_Patras",0.0165851161625445,"ab","nitrogen:appl:var","CGR_tt_31_61","DFG2020","all","31_61",NA
"220_Split_Torrild",0.0165291305144143,"ab","nitrogen:appl:var","CGR_tt_31_61","DFG2020","all","31_61",NA
"220_Combined_Esket",0.0162741249171245,"ab","nitrogen:appl:var","CGR_tt_31_61","DFG2020","all","31_61",NA
"220_Split_Potenzial",0.0160610182564998,"ab","nitrogen:appl:var","CGR_tt_31_61","DFG2020","all","31_61",NA
"220_Split_Capone",0.0156680351263988,"ab","nitrogen:appl:var","CGR_tt_31_61","DFG2020","all","31_61",NA
"176_Split_Capone",0.015008488071652,"ab","nitrogen:appl:var","CGR_tt_31_61","DFG2020","all","31_61",NA
"176_Combined_Patras",0.0146509023190785,"ab","nitrogen:appl:var","CGR_tt_31_61","DFG2020","all","31_61",NA
"220_Combined_Pionier",0.0145905822981899,"ab","nitrogen:appl:var","CGR_tt_31_61","DFG2020","all","31_61",NA
"176_Split_Esket",0.014157506220073,"ab","nitrogen:appl:var","CGR_tt_31_61","DFG2020","all","31_61",NA
"176_Combined_Apertus",0.013999301614389,"ab","nitrogen:appl:var","CGR_tt_31_61","DFG2020","all","31_61",NA
"176_Combined_Alves",0.0139610146550225,"ab","nitrogen:appl:var","CGR_tt_31_61","DFG2020","all","31_61",NA
"176_Combined_Pionier",0.0139563190845342,"ab","nitrogen:appl:var","CGR_tt_31_61","DFG2020","all","31_61",NA
"176_Split_Apertus",0.0137320152942835,"ab","nitrogen:appl:var","CGR_tt_31_61","DFG2020","all","31_61",NA
"176_Split_Potenzial",0.0137070926509223,"ab","nitrogen:appl:var","CGR_tt_31_61","DFG2020","all","31_61",NA
"176_Split_Pionier",0.0133047183798446,"ab","nitrogen:appl:var","CGR_tt_31_61","DFG2020","all","31_61",NA
"176_Combined_Potenzial",0.0131515705423788,"b","nitrogen:appl:var","CGR_tt_31_61","DFG2020","all","31_61",NA
"176_Combined_Capone",0.0127047689505268,"b","nitrogen:appl:var","CGR_tt_31_61","DFG2020","all","31_61",NA
"176_Combined_Torrild",0.0126542012683447,"b","nitrogen:appl:var","CGR_tt_31_61","DFG2020","all","31_61",NA
"176_Combined_Esket",0.0120636429800036,"b","nitrogen:appl:var","CGR_tt_31_61","DFG2020","all","31_61",NA
"176_Split_Patras",0.0110515669409015,"b","nitrogen:appl:var","CGR_tt_31_61","DFG2020","all","31_61",NA
"220_Split_Apertus",0.0339769567938572,"a","nitrogen:appl:var","CGR_tt_41_51","DFG2020","all","41_51",NA
"220_Split_Capone",0.0327245000058124,"a","nitrogen:appl:var","CGR_tt_41_51","DFG2020","all","41_51",NA
"176_Split_Pionier",0.0323788544636573,"a","nitrogen:appl:var","CGR_tt_41_51","DFG2020","all","41_51",NA
"220_Split_Potenzial",0.0301972211299364,"ab","nitrogen:appl:var","CGR_tt_41_51","DFG2020","all","41_51",NA
"176_Combined_Capone",0.0276841747175609,"ab","nitrogen:appl:var","CGR_tt_41_51","DFG2020","all","41_51",NA
"220_Split_Pionier",0.0269176548976049,"ab","nitrogen:appl:var","CGR_tt_41_51","DFG2020","all","41_51",NA
"176_Combined_Apertus",0.0263320906850126,"abc","nitrogen:appl:var","CGR_tt_41_51","DFG2020","all","41_51",NA
"220_Combined_Patras",0.0258766518529963,"abc","nitrogen:appl:var","CGR_tt_41_51","DFG2020","all","41_51",NA
"176_Combined_Esket",0.0233392069317627,"abc","nitrogen:appl:var","CGR_tt_41_51","DFG2020","all","41_51",NA
"220_Combined_Potenzial",0.0217187393017762,"abc","nitrogen:appl:var","CGR_tt_41_51","DFG2020","all","41_51",NA
"220_Split_Torrild",0.021308031069333,"abc","nitrogen:appl:var","CGR_tt_41_51","DFG2020","all","41_51",NA
"220_Combined_Pionier",0.0210782784442534,"abc","nitrogen:appl:var","CGR_tt_41_51","DFG2020","all","41_51",NA
"176_Split_Esket",0.0208485258191737,"abc","nitrogen:appl:var","CGR_tt_41_51","DFG2020","all","41_51",NA
"176_Combined_Alves",0.0200881056264322,"abc","nitrogen:appl:var","CGR_tt_41_51","DFG2020","all","41_51",NA
"176_Combined_Patras",0.0182216196987941,"abc","nitrogen:appl:var","CGR_tt_41_51","DFG2020","all","41_51",NA
"220_Combined_Torrild",0.0181341917087195,"abc","nitrogen:appl:var","CGR_tt_41_51","DFG2020","all","41_51",NA
"220_Combined_Alves",0.017957302519499,"abc","nitrogen:appl:var","CGR_tt_41_51","DFG2020","all","41_51",NA
"220_Combined_Apertus",0.0178373431842803,"abc","nitrogen:appl:var","CGR_tt_41_51","DFG2020","all","41_51",NA
"176_Split_Apertus",0.0166743475953817,"abc","nitrogen:appl:var","CGR_tt_41_51","DFG2020","all","41_51",NA
"220_Split_Esket",0.0158082005309221,"abc","nitrogen:appl:var","CGR_tt_41_51","DFG2020","all","41_51",NA
"176_Split_Capone",0.0141267366287906,"abc","nitrogen:appl:var","CGR_tt_41_51","DFG2020","all","41_51",NA
"220_Split_Alves",0.0124127413815151,"abc","nitrogen:appl:var","CGR_tt_41_51","DFG2020","all","41_51",NA
"220_Split_Patras",0.0122602507011525,"abc","nitrogen:appl:var","CGR_tt_41_51","DFG2020","all","41_51",NA
"176_Split_Alves",0.0108898677869607,"abc","nitrogen:appl:var","CGR_tt_41_51","DFG2020","all","41_51",NA
"176_Split_Patras",0.0095174516636973,"abc","nitrogen:appl:var","CGR_tt_41_51","DFG2020","all","41_51",NA
"220_Combined_Esket",0.00879362923424288,"abc","nitrogen:appl:var","CGR_tt_41_51","DFG2020","all","41_51",NA
"220_Combined_Capone",0.00843985085580165,"abc","nitrogen:appl:var","CGR_tt_41_51","DFG2020","all","41_51",NA
"176_Split_Potenzial",0.00709793286861083,"abc","nitrogen:appl:var","CGR_tt_41_51","DFG2020","all","41_51",NA
"176_Combined_Torrild",0.00625821752208081,"abc","nitrogen:appl:var","CGR_tt_41_51","DFG2020","all","41_51",NA
"176_Combined_Potenzial",0.00223246356050836,"bc","nitrogen:appl:var","CGR_tt_41_51","DFG2020","all","41_51",NA
"176_Split_Torrild",-0.00141104709562187,"c","nitrogen:appl:var","CGR_tt_41_51","DFG2020","all","41_51",NA
"176_Combined_Pionier",-0.00162453404812949,"c","nitrogen:appl:var","CGR_tt_41_51","DFG2020","all","41_51",NA
"220_Early_Apertus",0.0391555402989709,"a","nitrogen:timeid:var","CGR_tt_41_51","DFG2020","all","41_51",NA
"220_Late_Pionier",0.0301036935126474,"ab","nitrogen:timeid:var","CGR_tt_41_51","DFG2020","all","41_51",NA
"176_Late_Apertus",0.0300853946310039,"ab","nitrogen:timeid:var","CGR_tt_41_51","DFG2020","all","41_51",NA
"220_Late_Alves",0.0296441882624881,"ab","nitrogen:timeid:var","CGR_tt_41_51","DFG2020","all","41_51",NA
"220_Late_Potenzial",0.0281314807132912,"ab","nitrogen:timeid:var","CGR_tt_41_51","DFG2020","all","41_51",NA
"220_Late_Patras",0.0262060317225795,"ab","nitrogen:timeid:var","CGR_tt_41_51","DFG2020","all","41_51",NA
"176_Early_Esket",0.0239471364441416,"ab","nitrogen:timeid:var","CGR_tt_41_51","DFG2020","all","41_51",NA
"220_Early_Potenzial",0.0237844797184215,"ab","nitrogen:timeid:var","CGR_tt_41_51","DFG2020","all","41_51",NA
"176_Early_Capone",0.0216394441479877,"ab","nitrogen:timeid:var","CGR_tt_41_51","DFG2020","all","41_51",NA
"220_Late_Capone",0.0210457470991093,"ab","nitrogen:timeid:var","CGR_tt_41_51","DFG2020","all","41_51",NA
"220_Late_Torrild",0.0207001015569541,"ab","nitrogen:timeid:var","CGR_tt_41_51","DFG2020","all","41_51",NA
"176_Late_Esket",0.0202405963067948,"ab","nitrogen:timeid:var","CGR_tt_41_51","DFG2020","all","41_51",NA
"176_Late_Capone",0.0201714671983638,"ab","nitrogen:timeid:var","CGR_tt_41_51","DFG2020","all","41_51",NA
"220_Early_Capone",0.0201186037625048,"ab","nitrogen:timeid:var","CGR_tt_41_51","DFG2020","all","41_51",NA
"220_Late_Esket",0.0196265671672015,"ab","nitrogen:timeid:var","CGR_tt_41_51","DFG2020","all","41_51",NA
"220_Early_Torrild",0.0187421212210984,"ab","nitrogen:timeid:var","CGR_tt_41_51","DFG2020","all","41_51",NA
"220_Early_Pionier",0.0178922398292109,"ab","nitrogen:timeid:var","CGR_tt_41_51","DFG2020","all","41_51",NA
"176_Early_Patras",0.0163652998165135,"ab","nitrogen:timeid:var","CGR_tt_41_51","DFG2020","all","41_51",NA
"176_Late_Alves",0.0160928498009323,"ab","nitrogen:timeid:var","CGR_tt_41_51","DFG2020","all","41_51",NA
"176_Early_Pionier",0.015637410968916,"ab","nitrogen:timeid:var","CGR_tt_41_51","DFG2020","all","41_51",NA
"176_Late_Pionier",0.0151169094466117,"ab","nitrogen:timeid:var","CGR_tt_41_51","DFG2020","all","41_51",NA
"176_Early_Alves",0.0148851236124606,"ab","nitrogen:timeid:var","CGR_tt_41_51","DFG2020","all","41_51",NA
"176_Late_Torrild",0.0146513045692379,"ab","nitrogen:timeid:var","CGR_tt_41_51","DFG2020","all","41_51",NA
"176_Early_Apertus",0.0129210436493904,"ab","nitrogen:timeid:var","CGR_tt_41_51","DFG2020","all","41_51",NA
"220_Late_Apertus",0.0126587596791667,"ab","nitrogen:timeid:var","CGR_tt_41_51","DFG2020","all","41_51",NA
"220_Early_Patras",0.0119308708315693,"ab","nitrogen:timeid:var","CGR_tt_41_51","DFG2020","all","41_51",NA
"176_Late_Patras",0.0113737715459779,"ab","nitrogen:timeid:var","CGR_tt_41_51","DFG2020","all","41_51",NA
"176_Late_Potenzial",0.00935479493797721,"ab","nitrogen:timeid:var","CGR_tt_41_51","DFG2020","all","41_51",NA
"220_Early_Esket",0.00497526259796355,"ab","nitrogen:timeid:var","CGR_tt_41_51","DFG2020","all","41_51",NA
"220_Early_Alves",0.000725855638525936,"ab","nitrogen:timeid:var","CGR_tt_41_51","DFG2020","all","41_51",NA
"176_Early_Potenzial",-2.43985088580055e-05,"ab","nitrogen:timeid:var","CGR_tt_41_51","DFG2020","all","41_51",NA
"176_Early_Torrild",-0.00980413414277898,"b","nitrogen:timeid:var","CGR_tt_41_51","DFG2020","all","41_51",NA
"220_Split_Early_Apertus",0.0616956960656336,"a","nitrogen:appl:timeid:var","CGR_tt_41_51","DFG2020","all","41_51",NA
"176_Split_Early_Pionier",0.0531155537838984,"ab","nitrogen:appl:timeid:var","CGR_tt_41_51","DFG2020","all","41_51",NA
"220_Split_Early_Capone",0.0447631309181713,"ab","nitrogen:appl:timeid:var","CGR_tt_41_51","DFG2020","all","41_51",NA
"220_Split_Late_Potenzial",0.0357885460765648,"ab","nitrogen:appl:timeid:var","CGR_tt_41_51","DFG2020","all","41_51",NA
"176_Combined_Early_Capone",0.0341416467286488,"ab","nitrogen:appl:timeid:var","CGR_tt_41_51","DFG2020","all","41_51",NA
"220_Combined_Late_Patras",0.0339220601489267,"ab","nitrogen:appl:timeid:var","CGR_tt_41_51","DFG2020","all","41_51",NA
"220_Combined_Late_Pionier",0.0319701794402855,"ab","nitrogen:appl:timeid:var","CGR_tt_41_51","DFG2020","all","41_51",NA
"176_Combined_Late_Apertus",0.0312463570108311,"ab","nitrogen:appl:timeid:var","CGR_tt_41_51","DFG2020","all","41_51",NA
"220_Split_Late_Esket",0.0308315823602448,"ab","nitrogen:appl:timeid:var","CGR_tt_41_51","DFG2020","all","41_51",NA
"220_Combined_Late_Alves",0.0297743136430642,"ab","nitrogen:appl:timeid:var","CGR_tt_41_51","DFG2020","all","41_51",NA
"220_Split_Late_Alves",0.029514062881912,"ab","nitrogen:appl:timeid:var","CGR_tt_41_51","DFG2020","all","41_51",NA
"176_Split_Late_Apertus",0.0289244322511766,"ab","nitrogen:appl:timeid:var","CGR_tt_41_51","DFG2020","all","41_51",NA
"176_Split_Early_Esket",0.0282575396757242,"ab","nitrogen:appl:timeid:var","CGR_tt_41_51","DFG2020","all","41_51",NA
"220_Split_Late_Pionier",0.0282372075850092,"ab","nitrogen:appl:timeid:var","CGR_tt_41_51","DFG2020","all","41_51",NA
"176_Combined_Late_Esket",0.0270416806509665,"ab","nitrogen:appl:timeid:var","CGR_tt_41_51","DFG2020","all","41_51",NA
"176_Combined_Late_Alves",0.0266391052548092,"ab","nitrogen:appl:timeid:var","CGR_tt_41_51","DFG2020","all","41_51",NA
"220_Split_Early_Pionier",0.0255981022102006,"ab","nitrogen:appl:timeid:var","CGR_tt_41_51","DFG2020","all","41_51",NA
"220_Split_Early_Potenzial",0.024605896183308,"ab","nitrogen:appl:timeid:var","CGR_tt_41_51","DFG2020","all","41_51",NA
"220_Combined_Early_Potenzial",0.022963063253535,"ab","nitrogen:appl:timeid:var","CGR_tt_41_51","DFG2020","all","41_51",NA
"220_Split_Early_Torrild",0.0228248050366729,"ab","nitrogen:appl:timeid:var","CGR_tt_41_51","DFG2020","all","41_51",NA
"176_Combined_Early_Patras",0.0217797355739213,"ab","nitrogen:appl:timeid:var","CGR_tt_41_51","DFG2020","all","41_51",NA
"220_Combined_Late_Torrild",0.0216089460119152,"ab","nitrogen:appl:timeid:var","CGR_tt_41_51","DFG2020","all","41_51",NA
"176_Combined_Early_Apertus",0.0214178243591941,"ab","nitrogen:appl:timeid:var","CGR_tt_41_51","DFG2020","all","41_51",NA
"220_Combined_Late_Capone",0.021405625104765,"ab","nitrogen:appl:timeid:var","CGR_tt_41_51","DFG2020","all","41_51",NA
"176_Combined_Late_Capone",0.021226702706473,"ab","nitrogen:appl:timeid:var","CGR_tt_41_51","DFG2020","all","41_51",NA
"220_Split_Late_Capone",0.0206858690934536,"ab","nitrogen:appl:timeid:var","CGR_tt_41_51","DFG2020","all","41_51",NA
"220_Combined_Late_Potenzial",0.0204744153500175,"ab","nitrogen:appl:timeid:var","CGR_tt_41_51","DFG2020","all","41_51",NA
"220_Split_Late_Torrild",0.0197912571019931,"ab","nitrogen:appl:timeid:var","CGR_tt_41_51","DFG2020","all","41_51",NA
"176_Combined_Early_Esket",0.019636733212559,"ab","nitrogen:appl:timeid:var","CGR_tt_41_51","DFG2020","all","41_51",NA
"176_Split_Late_Capone",0.0191162316902547,"ab","nitrogen:appl:timeid:var","CGR_tt_41_51","DFG2020","all","41_51",NA
"220_Combined_Late_Apertus",0.0190593018362526,"ab","nitrogen:appl:timeid:var","CGR_tt_41_51","DFG2020","all","41_51",NA
"176_Combined_Late_Pionier",0.0185916637498073,"ab","nitrogen:appl:timeid:var","CGR_tt_41_51","DFG2020","all","41_51",NA
"220_Split_Late_Patras",0.0184900032962323,"ab","nitrogen:appl:timeid:var","CGR_tt_41_51","DFG2020","all","41_51",NA
"220_Combined_Early_Patras",0.0178312435570659,"ab","nitrogen:appl:timeid:var","CGR_tt_41_51","DFG2020","all","41_51",NA
"176_Combined_Late_Torrild",0.0177255166853478,"ab","nitrogen:appl:timeid:var","CGR_tt_41_51","DFG2020","all","41_51",NA
"220_Combined_Early_Apertus",0.0166153845323081,"ab","nitrogen:appl:timeid:var","CGR_tt_41_51","DFG2020","all","41_51",NA
"176_Split_Early_Alves",0.0162331412268659,"ab","nitrogen:appl:timeid:var","CGR_tt_41_51","DFG2020","all","41_51",NA
"176_Combined_Late_Patras",0.014663503823667,"ab","nitrogen:appl:timeid:var","CGR_tt_41_51","DFG2020","all","41_51",NA
"220_Combined_Early_Torrild",0.0146594374055239,"ab","nitrogen:appl:timeid:var","CGR_tt_41_51","DFG2020","all","41_51",NA
"176_Combined_Early_Alves",0.0135371059980552,"ab","nitrogen:appl:timeid:var","CGR_tt_41_51","DFG2020","all","41_51",NA
"176_Split_Late_Esket",0.0134395119626232,"ab","nitrogen:appl:timeid:var","CGR_tt_41_51","DFG2020","all","41_51",NA
"176_Split_Late_Pionier",0.0116421551434161,"ab","nitrogen:appl:timeid:var","CGR_tt_41_51","DFG2020","all","41_51",NA
"176_Split_Late_Torrild",0.011577092453128,"ab","nitrogen:appl:timeid:var","CGR_tt_41_51","DFG2020","all","41_51",NA
"176_Split_Late_Potenzial",0.011414435727408,"ab","nitrogen:appl:timeid:var","CGR_tt_41_51","DFG2020","all","41_51",NA
"176_Split_Early_Patras",0.0109508640591057,"ab","nitrogen:appl:timeid:var","CGR_tt_41_51","DFG2020","all","41_51",NA
"220_Combined_Early_Pionier",0.0101863774482212,"ab","nitrogen:appl:timeid:var","CGR_tt_41_51","DFG2020","all","41_51",NA
"220_Combined_Early_Esket",0.0091657064943276,"ab","nitrogen:appl:timeid:var","CGR_tt_41_51","DFG2020","all","41_51",NA
"176_Split_Early_Capone",0.00913724156732657,"ab","nitrogen:appl:timeid:var","CGR_tt_41_51","DFG2020","all","41_51",NA
"220_Combined_Late_Esket",0.00842155197415815,"ab","nitrogen:appl:timeid:var","CGR_tt_41_51","DFG2020","all","41_51",NA
"176_Split_Late_Patras",0.00808403926828893,"ab","nitrogen:appl:timeid:var","CGR_tt_41_51","DFG2020","all","41_51",NA
"176_Combined_Late_Potenzial",0.00729515414854643,"ab","nitrogen:appl:timeid:var","CGR_tt_41_51","DFG2020","all","41_51",NA
"220_Split_Late_Apertus",0.00625821752208082,"ab","nitrogen:appl:timeid:var","CGR_tt_41_51","DFG2020","all","41_51",NA
"220_Combined_Early_Alves",0.00614029139593376,"ab","nitrogen:appl:timeid:var","CGR_tt_41_51","DFG2020","all","41_51",NA
"220_Split_Early_Patras",0.00603049810607267,"ab","nitrogen:appl:timeid:var","CGR_tt_41_51","DFG2020","all","41_51",NA
"176_Split_Late_Alves",0.00554659434705541,"ab","nitrogen:appl:timeid:var","CGR_tt_41_51","DFG2020","all","41_51",NA
"176_Split_Early_Apertus",0.00442426293958671,"ab","nitrogen:appl:timeid:var","CGR_tt_41_51","DFG2020","all","41_51",NA
"176_Split_Early_Potenzial",0.00278143000981369,"ab","nitrogen:appl:timeid:var","CGR_tt_41_51","DFG2020","all","41_51",NA
"220_Split_Early_Esket",0.000784818701599497,"ab","nitrogen:appl:timeid:var","CGR_tt_41_51","DFG2020","all","41_51",NA
"176_Combined_Early_Potenzial",-0.0028302270275297,"ab","nitrogen:appl:timeid:var","CGR_tt_41_51","DFG2020","all","41_51",NA
"220_Combined_Early_Capone",-0.00452592339316176,"ab","nitrogen:appl:timeid:var","CGR_tt_41_51","DFG2020","all","41_51",NA
"220_Split_Early_Alves",-0.00468858011888188,"ab","nitrogen:appl:timeid:var","CGR_tt_41_51","DFG2020","all","41_51",NA
"176_Combined_Early_Torrild",-0.00520908164118617,"ab","nitrogen:appl:timeid:var","CGR_tt_41_51","DFG2020","all","41_51",NA
"176_Split_Early_Torrild",-0.0143991866443718,"ab","nitrogen:appl:timeid:var","CGR_tt_41_51","DFG2020","all","41_51",NA
"176_Combined_Early_Pionier",-0.0218407318460663,"b","nitrogen:appl:timeid:var","CGR_tt_41_51","DFG2020","all","41_51",NA
"220",0.0303051437020052,"a","nitrogen","CGR_tt_51_61","DFG2020","all","51_61",NA
"176",0.0220915067189525,"b","nitrogen","CGR_tt_51_61","DFG2020","all","51_61",NA
"220_Combined",0.0374832895539378,"a","nitrogen:appl","CGR_tt_51_61","DFG2020","all","51_61",NA
"176_Split",0.0265892907708606,"a","nitrogen:appl","CGR_tt_51_61","DFG2020","all","51_61",NA
"220_Split",0.0231269978500727,"a","nitrogen:appl","CGR_tt_51_61","DFG2020","all","51_61",NA
"176_Combined",0.0175937226670445,"a","nitrogen:appl","CGR_tt_51_61","DFG2020","all","51_61",NA
"Split_Torrild",0.0543156056569311,"a","appl:var","CGR_tt_51_61","DFG2020","all","51_61",NA
"Split_Alves",0.0373931994642982,"ab","appl:var","CGR_tt_51_61","DFG2020","all","51_61",NA
"Combined_Capone",0.034399883582723,"ab","appl:var","CGR_tt_51_61","DFG2020","all","51_61",NA
"Combined_Patras",0.0340482416199361,"ab","appl:var","CGR_tt_51_61","DFG2020","all","51_61",NA
"Split_Esket",0.0336108687653952,"ab","appl:var","CGR_tt_51_61","DFG2020","all","51_61",NA
"Combined_Pionier",0.0331458876575778,"ab","appl:var","CGR_tt_51_61","DFG2020","all","51_61",NA
"Combined_Apertus",0.0318410344237649,"ab","appl:var","CGR_tt_51_61","DFG2020","all","51_61",NA
"Split_Capone",0.0274469629548896,"ab","appl:var","CGR_tt_51_61","DFG2020","all","51_61",NA
"Combined_Potenzial",0.0226474860826359,"ab","appl:var","CGR_tt_51_61","DFG2020","all","51_61",NA
"Combined_Torrild",0.0215170007642546,"ab","appl:var","CGR_tt_51_61","DFG2020","all","51_61",NA
"Combined_Alves",0.0214225514767291,"ab","appl:var","CGR_tt_51_61","DFG2020","all","51_61",NA
"Combined_Esket",0.0212859632763077,"ab","appl:var","CGR_tt_51_61","DFG2020","all","51_61",NA
"Split_Potenzial",0.020247021113528,"ab","appl:var","CGR_tt_51_61","DFG2020","all","51_61",NA
"Split_Apertus",0.0125283347237577,"ab","appl:var","CGR_tt_51_61","DFG2020","all","51_61",NA
"Split_Patras",0.011880267304737,"ab","appl:var","CGR_tt_51_61","DFG2020","all","51_61",NA
"Split_Pionier",0.00144289450019618,"b","appl:var","CGR_tt_51_61","DFG2020","all","51_61",NA
"220_Split_Capone",0.0149403754195743,"a","nitrogen:appl:var","CGR_tt_61_87","DFG2020","all","61_87",NA
"220_Split_Torrild",0.0147999542605824,"a","nitrogen:appl:var","CGR_tt_61_87","DFG2020","all","61_87",NA
"220_Combined_Pionier",0.0143282512542126,"a","nitrogen:appl:var","CGR_tt_61_87","DFG2020","all","61_87",NA
"176_Split_Potenzial",0.0137211087707663,"a","nitrogen:appl:var","CGR_tt_61_87","DFG2020","all","61_87",NA
"176_Split_Pionier",0.0127914023832942,"a","nitrogen:appl:var","CGR_tt_61_87","DFG2020","all","61_87",NA
"220_Combined_Capone",0.0126914573898653,"a","nitrogen:appl:var","CGR_tt_61_87","DFG2020","all","61_87",NA
"176_Combined_Torrild",0.0124461095555291,"a","nitrogen:appl:var","CGR_tt_61_87","DFG2020","all","61_87",NA
"220_Split_Potenzial",0.0124261828278673,"a","nitrogen:appl:var","CGR_tt_61_87","DFG2020","all","61_87",NA
"176_Split_Esket",0.0119952673421803,"a","nitrogen:appl:var","CGR_tt_61_87","DFG2020","all","61_87",NA
"176_Split_Apertus",0.011880377303005,"a","nitrogen:appl:var","CGR_tt_61_87","DFG2020","all","61_87",NA
"176_Split_Patras",0.0111181799699402,"a","nitrogen:appl:var","CGR_tt_61_87","DFG2020","all","61_87",NA
"220_Split_Apertus",0.0107654146193019,"a","nitrogen:appl:var","CGR_tt_61_87","DFG2020","all","61_87",NA
"220_Split_Pionier",0.0105689495387611,"a","nitrogen:appl:var","CGR_tt_61_87","DFG2020","all","61_87",NA
"176_Combined_Capone",0.00997332719474428,"a","nitrogen:appl:var","CGR_tt_61_87","DFG2020","all","61_87",NA
"176_Combined_Potenzial",0.00925409686820023,"a","nitrogen:appl:var","CGR_tt_61_87","DFG2020","all","61_87",NA
"220_Combined_Apertus",0.0091448112211799,"a","nitrogen:appl:var","CGR_tt_61_87","DFG2020","all","61_87",NA
"220_Combined_Torrild",0.00901871239769491,"a","nitrogen:appl:var","CGR_tt_61_87","DFG2020","all","61_87",NA
"220_Split_Esket",0.00901559884649774,"a","nitrogen:appl:var","CGR_tt_61_87","DFG2020","all","61_87",NA
"176_Combined_Pionier",0.00879889568317537,"a","nitrogen:appl:var","CGR_tt_61_87","DFG2020","all","61_87",NA
"176_Combined_Alves",0.00878332792718956,"a","nitrogen:appl:var","CGR_tt_61_87","DFG2020","all","61_87",NA
"176_Combined_Apertus",0.00857970167889528,"a","nitrogen:appl:var","CGR_tt_61_87","DFG2020","all","61_87",NA
"220_Combined_Patras",0.00836798019748838,"a","nitrogen:appl:var","CGR_tt_61_87","DFG2020","all","61_87",NA
"176_Combined_Esket",0.00804666171394141,"a","nitrogen:appl:var","CGR_tt_61_87","DFG2020","all","61_87",NA
"220_Split_Patras",0.00786732116498498,"a","nitrogen:appl:var","CGR_tt_61_87","DFG2020","all","61_87",NA
"220_Combined_Esket",0.00733895152682684,"a","nitrogen:appl:var","CGR_tt_61_87","DFG2020","all","61_87",NA
"220_Combined_Alves",0.00731777937868616,"a","nitrogen:appl:var","CGR_tt_61_87","DFG2020","all","61_87",NA
"220_Combined_Potenzial",0.00731777937868615,"a","nitrogen:appl:var","CGR_tt_61_87","DFG2020","all","61_87",NA
"176_Split_Capone",0.00727325559656676,"a","nitrogen:appl:var","CGR_tt_61_87","DFG2020","all","61_87",NA
"176_Combined_Patras",0.0070643363112373,"a","nitrogen:appl:var","CGR_tt_61_87","DFG2020","all","61_87",NA
"220_Split_Alves",0.00471142567154316,"a","nitrogen:appl:var","CGR_tt_61_87","DFG2020","all","61_87",NA
"176_Split_Alves",0.00443307419451701,"a","nitrogen:appl:var","CGR_tt_61_87","DFG2020","all","61_87",NA
"176_Split_Torrild",0.00252976034769284,"a","nitrogen:appl:var","CGR_tt_61_87","DFG2020","all","61_87",NA
"176_Split_Torrild",33.414751635325,"a","nitrogen:appl:var","DMTE","DFG2020",NA,"61_87","biomass"
"176_Split_Alves",31.6699696750868,"a","nitrogen:appl:var","DMTE","DFG2020",NA,"61_87","biomass"
"220_Combined_Potenzial",30.091180135303,"a","nitrogen:appl:var","DMTE","DFG2020",NA,"61_87","biomass"
"220_Combined_Alves",28.0037989048274,"a","nitrogen:appl:var","DMTE","DFG2020",NA,"61_87","biomass"
"176_Split_Capone",26.3085626053697,"a","nitrogen:appl:var","DMTE","DFG2020",NA,"61_87","biomass"
"176_Combined_Patras",24.6066774189001,"a","nitrogen:appl:var","DMTE","DFG2020",NA,"61_87","biomass"
"220_Combined_Patras",24.4954723596284,"a","nitrogen:appl:var","DMTE","DFG2020",NA,"61_87","biomass"
"220_Combined_Apertus",23.662875366212,"a","nitrogen:appl:var","DMTE","DFG2020",NA,"61_87","biomass"
"220_Split_Alves",23.395724699583,"a","nitrogen:appl:var","DMTE","DFG2020",NA,"61_87","biomass"
"220_Split_Patras",23.2225731596306,"a","nitrogen:appl:var","DMTE","DFG2020",NA,"61_87","biomass"
"220_Split_Esket",23.0661890377162,"a","nitrogen:appl:var","DMTE","DFG2020",NA,"61_87","biomass"
"220_Combined_Torrild",21.0983002660947,"a","nitrogen:appl:var","DMTE","DFG2020",NA,"61_87","biomass"
"220_Split_Apertus",20.4584155325043,"a","nitrogen:appl:var","DMTE","DFG2020",NA,"61_87","biomass"
"176_Combined_Apertus",19.9591372206447,"a","nitrogen:appl:var","DMTE","DFG2020",NA,"61_87","biomass"
"176_Combined_Pionier",19.7884179642848,"a","nitrogen:appl:var","DMTE","DFG2020",NA,"61_87","biomass"
"176_Combined_Alves",19.116410302298,"a","nitrogen:appl:var","DMTE","DFG2020",NA,"61_87","biomass"
"220_Combined_Esket",19.1059314132687,"a","nitrogen:appl:var","DMTE","DFG2020",NA,"61_87","biomass"
"220_Combined_Capone",18.5827966363745,"a","nitrogen:appl:var","DMTE","DFG2020",NA,"61_87","biomass"
"176_Combined_Potenzial",17.5576980317812,"a","nitrogen:appl:var","DMTE","DFG2020",NA,"61_87","biomass"
"220_Split_Pionier",16.7519662997689,"a","nitrogen:appl:var","DMTE","DFG2020",NA,"61_87","biomass"
"220_Split_Capone",16.731770325584,"a","nitrogen:appl:var","DMTE","DFG2020",NA,"61_87","biomass"
"176_Combined_Esket",15.9166579701598,"a","nitrogen:appl:var","DMTE","DFG2020",NA,"61_87","biomass"
"220_Split_Potenzial",15.3802191846091,"a","nitrogen:appl:var","DMTE","DFG2020",NA,"61_87","biomass"
"176_Combined_Capone",15.0088534435714,"a","nitrogen:appl:var","DMTE","DFG2020",NA,"61_87","biomass"
"176_Split_Apertus",14.1671914822014,"a","nitrogen:appl:var","DMTE","DFG2020",NA,"61_87","biomass"
"176_Split_Patras",13.2418928246957,"a","nitrogen:appl:var","DMTE","DFG2020",NA,"61_87","biomass"
"220_Split_Torrild",13.000810439246,"a","nitrogen:appl:var","DMTE","DFG2020",NA,"61_87","biomass"
"176_Split_Pionier",11.7537228472533,"a","nitrogen:appl:var","DMTE","DFG2020",NA,"61_87","biomass"
"176_Split_Potenzial",10.5671247728888,"a","nitrogen:appl:var","DMTE","DFG2020",NA,"61_87","biomass"
"176_Combined_Torrild",10.4839263582438,"a","nitrogen:appl:var","DMTE","DFG2020",NA,"61_87","biomass"
"176_Split_Esket",10.4219308662475,"a","nitrogen:appl:var","DMTE","DFG2020",NA,"61_87","biomass"
"220_Combined_Pionier",9.94853655131529,"a","nitrogen:appl:var","DMTE","DFG2020",NA,"61_87","biomass"
"220_Early_Alves",33.4076786848035,"a","nitrogen:timeid:var","DMTE","DFG2020",NA,"61_87","biomass"
"220_Early_Patras",29.3816225734595,"a","nitrogen:timeid:var","DMTE","DFG2020",NA,"61_87","biomass"
"176_Early_Alves",29.0511209277076,"a","nitrogen:timeid:var","DMTE","DFG2020",NA,"61_87","biomass"
"176_Late_Patras",28.2800334365363,"ab","nitrogen:timeid:var","DMTE","DFG2020",NA,"61_87","biomass"
"220_Late_Apertus",25.6699518534575,"ab","nitrogen:timeid:var","DMTE","DFG2020",NA,"61_87","biomass"
"176_Early_Torrild",25.226053843629,"ab","nitrogen:timeid:var","DMTE","DFG2020",NA,"61_87","biomass"
"220_Early_Potenzial",24.6900375295146,"ab","nitrogen:timeid:var","DMTE","DFG2020",NA,"61_87","biomass"
"176_Late_Capone",24.5991193726478,"ab","nitrogen:timeid:var","DMTE","DFG2020",NA,"61_87","biomass"
"176_Early_Esket",22.5664674484175,"ab","nitrogen:timeid:var","DMTE","DFG2020",NA,"61_87","biomass"
"220_Late_Esket",22.4185880010303,"ab","nitrogen:timeid:var","DMTE","DFG2020",NA,"61_87","biomass"
"176_Late_Alves",21.7352590496772,"ab","nitrogen:timeid:var","DMTE","DFG2020",NA,"61_87","biomass"
"220_Late_Capone",21.6145062220423,"ab","nitrogen:timeid:var","DMTE","DFG2020",NA,"61_87","biomass"
"176_Late_Apertus",21.455810918472,"ab","nitrogen:timeid:var","DMTE","DFG2020",NA,"61_87","biomass"
"220_Late_Potenzial",20.7813617903975,"ab","nitrogen:timeid:var","DMTE","DFG2020",NA,"61_87","biomass"
"220_Late_Torrild",20.2764528122907,"ab","nitrogen:timeid:var","DMTE","DFG2020",NA,"61_87","biomass"
"220_Early_Esket",19.7535324499546,"ab","nitrogen:timeid:var","DMTE","DFG2020",NA,"61_87","biomass"
"176_Late_Pionier",19.3336430640046,"ab","nitrogen:timeid:var","DMTE","DFG2020",NA,"61_87","biomass"
"176_Late_Torrild",18.6726241499398,"ab","nitrogen:timeid:var","DMTE","DFG2020",NA,"61_87","biomass"
"220_Early_Apertus",18.4513390452587,"ab","nitrogen:timeid:var","DMTE","DFG2020",NA,"61_87","biomass"
"220_Late_Patras",18.3364229457994,"ab","nitrogen:timeid:var","DMTE","DFG2020",NA,"61_87","biomass"
"220_Late_Alves",17.9918449196068,"ab","nitrogen:timeid:var","DMTE","DFG2020",NA,"61_87","biomass"
"176_Early_Capone",16.7182966762932,"ab","nitrogen:timeid:var","DMTE","DFG2020",NA,"61_87","biomass"
"220_Late_Pionier",16.4128025536475,"ab","nitrogen:timeid:var","DMTE","DFG2020",NA,"61_87","biomass"
"176_Late_Potenzial",15.8126537470527,"ab","nitrogen:timeid:var","DMTE","DFG2020",NA,"61_87","biomass"
"220_Early_Torrild",13.82265789305,"ab","nitrogen:timeid:var","DMTE","DFG2020",NA,"61_87","biomass"
"220_Early_Capone",13.7000607399162,"ab","nitrogen:timeid:var","DMTE","DFG2020",NA,"61_87","biomass"
"176_Early_Apertus",12.6705177843741,"ab","nitrogen:timeid:var","DMTE","DFG2020",NA,"61_87","biomass"
"176_Early_Potenzial",12.3121690576173,"ab","nitrogen:timeid:var","DMTE","DFG2020",NA,"61_87","biomass"
"176_Early_Pionier",12.2084977475335,"ab","nitrogen:timeid:var","DMTE","DFG2020",NA,"61_87","biomass"
"220_Early_Pionier",10.2877002974368,"ab","nitrogen:timeid:var","DMTE","DFG2020",NA,"61_87","biomass"
"176_Early_Patras",9.56853680705954,"ab","nitrogen:timeid:var","DMTE","DFG2020",NA,"61_87","biomass"
"176_Late_Esket",3.77212138798982,"b","nitrogen:timeid:var","DMTE","DFG2020",NA,"61_87","biomass"
"Split",1.32298436838508,"a","appl","Delta_DM_23_31","DFG2020","all","23_31",NA
"Combined",0.957453120212734,"b","appl","Delta_DM_23_31","DFG2020","all","23_31",NA
"Early",1.40295311798523,"a","timeid","Delta_DM_23_31","DFG2020","all","23_31",NA
"Late",0.877484370612578,"b","timeid","Delta_DM_23_31","DFG2020","all","23_31",NA
"Early",6.73810934130945,"a","timeid","Delta_DM_31_41","DFG2020","all","31_41",NA
"Late",6.16590621917047,"b","timeid","Delta_DM_31_41","DFG2020","all","31_41",NA
"220_Split_Patras",8.6884999565575,"a","nitrogen:appl:var","Delta_DM_31_41","DFG2020","all","31_41",NA
"176_Split_Torrild",8.41074995794625,"a","nitrogen:appl:var","Delta_DM_31_41","DFG2020","all","31_41",NA
"220_Combined_Alves",8.1564999592175,"a","nitrogen:appl:var","Delta_DM_31_41","DFG2020","all","31_41",NA
"220_Combined_Torrild",8.00674995996625,"a","nitrogen:appl:var","Delta_DM_31_41","DFG2020","all","31_41",NA
"176_Combined_Potenzial",7.700999961495,"a","nitrogen:appl:var","Delta_DM_31_41","DFG2020","all","31_41",NA
"220_Split_Apertus",7.63124996184375,"a","nitrogen:appl:var","Delta_DM_31_41","DFG2020","all","31_41",NA
"220_Split_Esket",7.60399996198,"a","nitrogen:appl:var","Delta_DM_31_41","DFG2020","all","31_41",NA
"176_Split_Alves",7.5084999624575,"a","nitrogen:appl:var","Delta_DM_31_41","DFG2020","all","31_41",NA
"220_Split_Pionier",7.41324996293375,"a","nitrogen:appl:var","Delta_DM_31_41","DFG2020","all","31_41",NA
"220_Split_Alves",7.258999963705,"a","nitrogen:appl:var","Delta_DM_31_41","DFG2020","all","31_41",NA
"220_Combined_Capone",7.0954999645225,"a","nitrogen:appl:var","Delta_DM_31_41","DFG2020","all","31_41",NA
"176_Combined_Torrild",6.88199996559,"a","nitrogen:appl:var","Delta_DM_31_41","DFG2020","all","31_41",NA
"176_Split_Potenzial",6.6164999669175,"a","nitrogen:appl:var","Delta_DM_31_41","DFG2020","all","31_41",NA
"220_Combined_Esket",6.39074996804625,"a","nitrogen:appl:var","Delta_DM_31_41","DFG2020","all","31_41",NA
"220_Combined_Apertus",6.2304999688475,"a","nitrogen:appl:var","Delta_DM_31_41","DFG2020","all","31_41",NA
"220_Split_Torrild",6.19224996903875,"a","nitrogen:appl:var","Delta_DM_31_41","DFG2020","all","31_41",NA
"220_Combined_Potenzial",6.18599996907,"a","nitrogen:appl:var","Delta_DM_31_41","DFG2020","all","31_41",NA
"176_Combined_Pionier",6.14524996927375,"a","nitrogen:appl:var","Delta_DM_31_41","DFG2020","all","31_41",NA
"176_Split_Apertus",6.13674996931625,"a","nitrogen:appl:var","Delta_DM_31_41","DFG2020","all","31_41",NA
"176_Split_Capone",6.0234999698825,"a","nitrogen:appl:var","Delta_DM_31_41","DFG2020","all","31_41",NA
"220_Split_Potenzial",5.91799997041,"a","nitrogen:appl:var","Delta_DM_31_41","DFG2020","all","31_41",NA
"176_Combined_Alves",5.902999970485,"a","nitrogen:appl:var","Delta_DM_31_41","DFG2020","all","31_41",NA
"176_Combined_Patras",5.7764999711175,"a","nitrogen:appl:var","Delta_DM_31_41","DFG2020","all","31_41",NA
"176_Split_Pionier",5.77574997112125,"a","nitrogen:appl:var","Delta_DM_31_41","DFG2020","all","31_41",NA
"176_Split_Patras",5.71824997140875,"a","nitrogen:appl:var","Delta_DM_31_41","DFG2020","all","31_41",NA
"176_Combined_Esket",5.60974997195125,"a","nitrogen:appl:var","Delta_DM_31_41","DFG2020","all","31_41",NA
"220_Combined_Pionier",5.5184999724075,"a","nitrogen:appl:var","Delta_DM_31_41","DFG2020","all","31_41",NA
"176_Split_Esket",5.314999973425,"a","nitrogen:appl:var","Delta_DM_31_41","DFG2020","all","31_41",NA
"220_Combined_Patras",4.9594999752025,"a","nitrogen:appl:var","Delta_DM_31_41","DFG2020","all","31_41",NA
"220_Split_Capone",4.72599997637,"a","nitrogen:appl:var","Delta_DM_31_41","DFG2020","all","31_41",NA
"176_Combined_Apertus",4.69924997650375,"a","nitrogen:appl:var","Delta_DM_31_41","DFG2020","all","31_41",NA
"176_Combined_Capone",4.26624997866875,"a","nitrogen:appl:var","Delta_DM_31_41","DFG2020","all","31_41",NA
"220_Early",12.8736874356316,"a","nitrogen:timeid","Delta_DM_31_61","DFG2020","all","31_61",NA
"220_Late",10.8393124458034,"ab","nitrogen:timeid","Delta_DM_31_61","DFG2020","all","31_61",NA
"176_Late",10.3597499482012,"ab","nitrogen:timeid","Delta_DM_31_61","DFG2020","all","31_61",NA
"176_Early",9.32793745336031,"b","nitrogen:timeid","Delta_DM_31_61","DFG2020","all","31_61",NA
"Split_Torrild",13.1972499340137,"a","appl:var","Delta_DM_31_61","DFG2020","all","31_61",NA
"Split_Alves",12.0331249398344,"ab","appl:var","Delta_DM_31_61","DFG2020","all","31_61",NA
"Split_Esket",11.6044999419775,"ab","appl:var","Delta_DM_31_61","DFG2020","all","31_61",NA
"Combined_Alves",11.2116249439419,"ab","appl:var","Delta_DM_31_61","DFG2020","all","31_61",NA
"Split_Apertus",11.0757499446213,"ab","appl:var","Delta_DM_31_61","DFG2020","all","31_61",NA
"Combined_Patras",11.0081249449594,"ab","appl:var","Delta_DM_31_61","DFG2020","all","31_61",NA
"Combined_Apertus",10.9194999454025,"ab","appl:var","Delta_DM_31_61","DFG2020","all","31_61",NA
"Combined_Capone",10.860999945695,"ab","appl:var","Delta_DM_31_61","DFG2020","all","31_61",NA
"Combined_Torrild",10.794999946025,"ab","appl:var","Delta_DM_31_61","DFG2020","all","31_61",NA
"Split_Capone",10.6162499469187,"ab","appl:var","Delta_DM_31_61","DFG2020","all","31_61",NA
"Combined_Potenzial",10.3642499481788,"b","appl:var","Delta_DM_31_61","DFG2020","all","31_61",NA
"Split_Pionier",10.3641249481794,"b","appl:var","Delta_DM_31_61","DFG2020","all","31_61",NA
"Split_Potenzial",10.3018749484906,"b","appl:var","Delta_DM_31_61","DFG2020","all","31_61",NA
"Combined_Pionier",9.87924995060375,"b","appl:var","Delta_DM_31_61","DFG2020","all","31_61",NA
"Combined_Esket",9.80687495096563,"b","appl:var","Delta_DM_31_61","DFG2020","all","31_61",NA
"Split_Patras",9.56424995217875,"b","appl:var","Delta_DM_31_61","DFG2020","all","31_61",NA
"176_Split_Torrild",14.95399992523,"a","nitrogen:appl:var","Delta_DM_31_61","DFG2020","all","31_61",NA
"220_Split_Esket",13.40999993295,"ab","nitrogen:appl:var","Delta_DM_31_61","DFG2020","all","31_61",NA
"220_Combined_Capone",12.9284999353575,"ab","nitrogen:appl:var","Delta_DM_31_61","DFG2020","all","31_61",NA
"220_Combined_Torrild",12.8314999358425,"ab","nitrogen:appl:var","Delta_DM_31_61","DFG2020","all","31_61",NA
"220_Combined_Alves",12.7602499361988,"ab","nitrogen:appl:var","Delta_DM_31_61","DFG2020","all","31_61",NA
"220_Split_Apertus",12.646999936765,"ab","nitrogen:appl:var","Delta_DM_31_61","DFG2020","all","31_61",NA
"176_Split_Alves",12.3534999382325,"ab","nitrogen:appl:var","Delta_DM_31_61","DFG2020","all","31_61",NA
"220_Combined_Apertus",12.1494999392525,"ab","nitrogen:appl:var","Delta_DM_31_61","DFG2020","all","31_61",NA
"220_Combined_Patras",11.8757499406213,"ab","nitrogen:appl:var","Delta_DM_31_61","DFG2020","all","31_61",NA
"220_Split_Alves",11.7127499414363,"ab","nitrogen:appl:var","Delta_DM_31_61","DFG2020","all","31_61",NA
"220_Combined_Potenzial",11.6257499418713,"ab","nitrogen:appl:var","Delta_DM_31_61","DFG2020","all","31_61",NA
"220_Split_Pionier",11.5194999424025,"ab","nitrogen:appl:var","Delta_DM_31_61","DFG2020","all","31_61",NA
"220_Split_Patras",11.4792499426038,"ab","nitrogen:appl:var","Delta_DM_31_61","DFG2020","all","31_61",NA
"220_Split_Torrild",11.4404999427975,"ab","nitrogen:appl:var","Delta_DM_31_61","DFG2020","all","31_61",NA
"220_Combined_Esket",11.26399994368,"ab","nitrogen:appl:var","Delta_DM_31_61","DFG2020","all","31_61",NA
"220_Split_Potenzial",11.1164999444175,"ab","nitrogen:appl:var","Delta_DM_31_61","DFG2020","all","31_61",NA
"220_Split_Capone",10.8444999457775,"ab","nitrogen:appl:var","Delta_DM_31_61","DFG2020","all","31_61",NA
"176_Split_Capone",10.38799994806,"ab","nitrogen:appl:var","Delta_DM_31_61","DFG2020","all","31_61",NA
"176_Combined_Patras",10.1404999492975,"ab","nitrogen:appl:var","Delta_DM_31_61","DFG2020","all","31_61",NA
"220_Combined_Pionier",10.0987499495062,"ab","nitrogen:appl:var","Delta_DM_31_61","DFG2020","all","31_61",NA
"176_Split_Esket",9.798999951005,"ab","nitrogen:appl:var","Delta_DM_31_61","DFG2020","all","31_61",NA
"176_Combined_Apertus",9.6894999515525,"ab","nitrogen:appl:var","Delta_DM_31_61","DFG2020","all","31_61",NA
"176_Combined_Alves",9.662999951685,"ab","nitrogen:appl:var","Delta_DM_31_61","DFG2020","all","31_61",NA
"176_Combined_Pionier",9.65974995170125,"ab","nitrogen:appl:var","Delta_DM_31_61","DFG2020","all","31_61",NA
"176_Split_Apertus",9.5044999524775,"ab","nitrogen:appl:var","Delta_DM_31_61","DFG2020","all","31_61",NA
"176_Split_Potenzial",9.48724995256375,"ab","nitrogen:appl:var","Delta_DM_31_61","DFG2020","all","31_61",NA
"176_Split_Pionier",9.20874995395625,"ab","nitrogen:appl:var","Delta_DM_31_61","DFG2020","all","31_61",NA
"176_Combined_Potenzial",9.10274995448625,"b","nitrogen:appl:var","Delta_DM_31_61","DFG2020","all","31_61",NA
"176_Combined_Capone",8.7934999560325,"b","nitrogen:appl:var","Delta_DM_31_61","DFG2020","all","31_61",NA
"176_Combined_Torrild",8.7584999562075,"b","nitrogen:appl:var","Delta_DM_31_61","DFG2020","all","31_61",NA
"176_Combined_Esket",8.34974995825125,"b","nitrogen:appl:var","Delta_DM_31_61","DFG2020","all","31_61",NA
"176_Split_Patras",7.64924996175375,"b","nitrogen:appl:var","Delta_DM_31_61","DFG2020","all","31_61",NA
"220_Split_Apertus",4.17774997911125,"a","nitrogen:appl:var","Delta_DM_41_51","DFG2020","all","41_51",NA
"220_Split_Capone",4.02374997988125,"a","nitrogen:appl:var","Delta_DM_41_51","DFG2020","all","41_51",NA
"176_Split_Pionier",3.98124998009375,"a","nitrogen:appl:var","Delta_DM_41_51","DFG2020","all","41_51",NA
"220_Split_Potenzial",3.712999981435,"ab","nitrogen:appl:var","Delta_DM_41_51","DFG2020","all","41_51",NA
"176_Combined_Capone",3.40399998298,"ab","nitrogen:appl:var","Delta_DM_41_51","DFG2020","all","41_51",NA
"220_Split_Pionier",3.30974998345125,"ab","nitrogen:appl:var","Delta_DM_41_51","DFG2020","all","41_51",NA
"176_Combined_Apertus",3.23774998381125,"abc","nitrogen:appl:var","Delta_DM_41_51","DFG2020","all","41_51",NA
"220_Combined_Patras",3.18174998409125,"abc","nitrogen:appl:var","Delta_DM_41_51","DFG2020","all","41_51",NA
"176_Combined_Esket",2.86974998565125,"abc","nitrogen:appl:var","Delta_DM_41_51","DFG2020","all","41_51",NA
"220_Combined_Potenzial",2.6704999866475,"abc","nitrogen:appl:var","Delta_DM_41_51","DFG2020","all","41_51",NA
"220_Split_Torrild",2.6199999869,"abc","nitrogen:appl:var","Delta_DM_41_51","DFG2020","all","41_51",NA
"220_Combined_Pionier",2.59174998704125,"abc","nitrogen:appl:var","Delta_DM_41_51","DFG2020","all","41_51",NA
"176_Split_Esket",2.5634999871825,"abc","nitrogen:appl:var","Delta_DM_41_51","DFG2020","all","41_51",NA
"176_Combined_Alves",2.46999998765,"abc","nitrogen:appl:var","Delta_DM_41_51","DFG2020","all","41_51",NA
"176_Combined_Patras",2.2404999887975,"abc","nitrogen:appl:var","Delta_DM_41_51","DFG2020","all","41_51",NA
"220_Combined_Torrild",2.22974998885125,"abc","nitrogen:appl:var","Delta_DM_41_51","DFG2020","all","41_51",NA
"220_Combined_Alves",2.20799998896,"abc","nitrogen:appl:var","Delta_DM_41_51","DFG2020","all","41_51",NA
"220_Combined_Apertus",2.19324998903375,"abc","nitrogen:appl:var","Delta_DM_41_51","DFG2020","all","41_51",NA
"176_Split_Apertus",2.05024998974875,"abc","nitrogen:appl:var","Delta_DM_41_51","DFG2020","all","41_51",NA
"220_Split_Esket",1.94374999028125,"abc","nitrogen:appl:var","Delta_DM_41_51","DFG2020","all","41_51",NA
"176_Split_Capone",1.736999991315,"abc","nitrogen:appl:var","Delta_DM_41_51","DFG2020","all","41_51",NA
"220_Split_Alves",1.52624999236875,"abc","nitrogen:appl:var","Delta_DM_41_51","DFG2020","all","41_51",NA
"220_Split_Patras",1.5074999924625,"abc","nitrogen:appl:var","Delta_DM_41_51","DFG2020","all","41_51",NA
"176_Split_Alves",1.338999993305,"abc","nitrogen:appl:var","Delta_DM_41_51","DFG2020","all","41_51",NA
"176_Split_Patras",1.17024999414875,"abc","nitrogen:appl:var","Delta_DM_41_51","DFG2020","all","41_51",NA
"220_Combined_Esket",1.08124999459375,"abc","nitrogen:appl:var","Delta_DM_41_51","DFG2020","all","41_51",NA
"220_Combined_Capone",1.03774999481125,"abc","nitrogen:appl:var","Delta_DM_41_51","DFG2020","all","41_51",NA
"176_Split_Potenzial",0.87274999563625,"abc","nitrogen:appl:var","Delta_DM_41_51","DFG2020","all","41_51",NA
"176_Combined_Torrild",0.7694999961525,"abc","nitrogen:appl:var","Delta_DM_41_51","DFG2020","all","41_51",NA
"176_Combined_Potenzial",0.2744999986275,"bc","nitrogen:appl:var","Delta_DM_41_51","DFG2020","all","41_51",NA
"176_Split_Torrild",-0.1734999991325,"c","nitrogen:appl:var","Delta_DM_41_51","DFG2020","all","41_51",NA
"176_Combined_Pionier",-0.19974999900125,"c","nitrogen:appl:var","Delta_DM_41_51","DFG2020","all","41_51",NA
"220_Early_Apertus",4.8144999759275,"a","nitrogen:timeid:var","Delta_DM_41_51","DFG2020","all","41_51",NA
"220_Late_Pionier",3.7014999814925,"ab","nitrogen:timeid:var","Delta_DM_41_51","DFG2020","all","41_51",NA
"176_Late_Apertus",3.69924998150375,"ab","nitrogen:timeid:var","Delta_DM_41_51","DFG2020","all","41_51",NA
"220_Late_Alves",3.644999981775,"ab","nitrogen:timeid:var","Delta_DM_41_51","DFG2020","all","41_51",NA
"220_Late_Potenzial",3.458999982705,"ab","nitrogen:timeid:var","Delta_DM_41_51","DFG2020","all","41_51",NA
"220_Late_Patras",3.22224998388875,"ab","nitrogen:timeid:var","Delta_DM_41_51","DFG2020","all","41_51",NA
"176_Early_Esket",2.9444999852775,"ab","nitrogen:timeid:var","Delta_DM_41_51","DFG2020","all","41_51",NA
"220_Early_Potenzial",2.9244999853775,"ab","nitrogen:timeid:var","Delta_DM_41_51","DFG2020","all","41_51",NA
"176_Early_Capone",2.66074998669625,"ab","nitrogen:timeid:var","Delta_DM_41_51","DFG2020","all","41_51",NA
"220_Late_Capone",2.58774998706125,"ab","nitrogen:timeid:var","Delta_DM_41_51","DFG2020","all","41_51",NA
"220_Late_Torrild",2.54524998727375,"ab","nitrogen:timeid:var","Delta_DM_41_51","DFG2020","all","41_51",NA
"176_Late_Esket",2.48874998755625,"ab","nitrogen:timeid:var","Delta_DM_41_51","DFG2020","all","41_51",NA
"176_Late_Capone",2.48024998759875,"ab","nitrogen:timeid:var","Delta_DM_41_51","DFG2020","all","41_51",NA
"220_Early_Capone",2.47374998763125,"ab","nitrogen:timeid:var","Delta_DM_41_51","DFG2020","all","41_51",NA
"220_Late_Esket",2.41324998793375,"ab","nitrogen:timeid:var","Delta_DM_41_51","DFG2020","all","41_51",NA
"220_Early_Torrild",2.3044999884775,"ab","nitrogen:timeid:var","Delta_DM_41_51","DFG2020","all","41_51",NA
"220_Early_Pionier",2.199999989,"ab","nitrogen:timeid:var","Delta_DM_41_51","DFG2020","all","41_51",NA
"176_Early_Patras",2.01224998993875,"ab","nitrogen:timeid:var","Delta_DM_41_51","DFG2020","all","41_51",NA
"176_Late_Alves",1.97874999010625,"ab","nitrogen:timeid:var","Delta_DM_41_51","DFG2020","all","41_51",NA
"176_Early_Pionier",1.92274999038625,"ab","nitrogen:timeid:var","Delta_DM_41_51","DFG2020","all","41_51",NA
"176_Late_Pionier",1.85874999070625,"ab","nitrogen:timeid:var","Delta_DM_41_51","DFG2020","all","41_51",NA
"176_Early_Alves",1.83024999084875,"ab","nitrogen:timeid:var","Delta_DM_41_51","DFG2020","all","41_51",NA
"176_Late_Torrild",1.8014999909925,"ab","nitrogen:timeid:var","Delta_DM_41_51","DFG2020","all","41_51",NA
"176_Early_Apertus",1.58874999205625,"ab","nitrogen:timeid:var","Delta_DM_41_51","DFG2020","all","41_51",NA
"220_Late_Apertus",1.5564999922175,"ab","nitrogen:timeid:var","Delta_DM_41_51","DFG2020","all","41_51",NA
"220_Early_Patras",1.466999992665,"ab","nitrogen:timeid:var","Delta_DM_41_51","DFG2020","all","41_51",NA
"176_Late_Patras",1.3984999930075,"ab","nitrogen:timeid:var","Delta_DM_41_51","DFG2020","all","41_51",NA
"176_Late_Potenzial",1.15024999424875,"ab","nitrogen:timeid:var","Delta_DM_41_51","DFG2020","all","41_51",NA
"220_Early_Esket",0.61174999694125,"ab","nitrogen:timeid:var","Delta_DM_41_51","DFG2020","all","41_51",NA
"220_Early_Alves",0.0892499995537503,"ab","nitrogen:timeid:var","Delta_DM_41_51","DFG2020","all","41_51",NA
"176_Early_Potenzial",-0.00299999998499998,"ab","nitrogen:timeid:var","Delta_DM_41_51","DFG2020","all","41_51",NA
"176_Early_Torrild",-1.2054999939725,"b","nitrogen:timeid:var","Delta_DM_41_51","DFG2020","all","41_51",NA
"220_Split_Early_Apertus",7.58599996207,"a","nitrogen:appl:timeid:var","Delta_DM_41_51","DFG2020","all","41_51",NA
"176_Split_Early_Pionier",6.530999967345,"ab","nitrogen:appl:timeid:var","Delta_DM_41_51","DFG2020","all","41_51",NA
"220_Split_Early_Capone",5.50399997248,"ab","nitrogen:appl:timeid:var","Delta_DM_41_51","DFG2020","all","41_51",NA
"220_Split_Late_Potenzial",4.4004999779975,"ab","nitrogen:appl:timeid:var","Delta_DM_41_51","DFG2020","all","41_51",NA
"176_Combined_Early_Capone",4.19799997901,"ab","nitrogen:appl:timeid:var","Delta_DM_41_51","DFG2020","all","41_51",NA
"220_Combined_Late_Patras",4.170999979145,"ab","nitrogen:appl:timeid:var","Delta_DM_41_51","DFG2020","all","41_51",NA
"220_Combined_Late_Pionier",3.930999980345,"ab","nitrogen:appl:timeid:var","Delta_DM_41_51","DFG2020","all","41_51",NA
"176_Combined_Late_Apertus",3.84199998079,"ab","nitrogen:appl:timeid:var","Delta_DM_41_51","DFG2020","all","41_51",NA
"220_Split_Late_Esket",3.790999981045,"ab","nitrogen:appl:timeid:var","Delta_DM_41_51","DFG2020","all","41_51",NA
"220_Combined_Late_Alves",3.660999981695,"ab","nitrogen:appl:timeid:var","Delta_DM_41_51","DFG2020","all","41_51",NA
"220_Split_Late_Alves",3.628999981855,"ab","nitrogen:appl:timeid:var","Delta_DM_41_51","DFG2020","all","41_51",NA
"176_Split_Late_Apertus",3.5564999822175,"ab","nitrogen:appl:timeid:var","Delta_DM_41_51","DFG2020","all","41_51",NA
"176_Split_Early_Esket",3.4744999826275,"ab","nitrogen:appl:timeid:var","Delta_DM_41_51","DFG2020","all","41_51",NA
"220_Split_Late_Pionier",3.47199998264,"ab","nitrogen:appl:timeid:var","Delta_DM_41_51","DFG2020","all","41_51",NA
"176_Combined_Late_Esket",3.324999983375,"ab","nitrogen:appl:timeid:var","Delta_DM_41_51","DFG2020","all","41_51",NA
"176_Combined_Late_Alves",3.2754999836225,"ab","nitrogen:appl:timeid:var","Delta_DM_41_51","DFG2020","all","41_51",NA
"220_Split_Early_Pionier",3.1474999842625,"ab","nitrogen:appl:timeid:var","Delta_DM_41_51","DFG2020","all","41_51",NA
"220_Split_Early_Potenzial",3.0254999848725,"ab","nitrogen:appl:timeid:var","Delta_DM_41_51","DFG2020","all","41_51",NA
"220_Combined_Early_Potenzial",2.8234999858825,"ab","nitrogen:appl:timeid:var","Delta_DM_41_51","DFG2020","all","41_51",NA
"220_Split_Early_Torrild",2.8064999859675,"ab","nitrogen:appl:timeid:var","Delta_DM_41_51","DFG2020","all","41_51",NA
"176_Combined_Early_Patras",2.67799998661,"ab","nitrogen:appl:timeid:var","Delta_DM_41_51","DFG2020","all","41_51",NA
"220_Combined_Late_Torrild",2.656999986715,"ab","nitrogen:appl:timeid:var","Delta_DM_41_51","DFG2020","all","41_51",NA
"176_Combined_Early_Apertus",2.6334999868325,"ab","nitrogen:appl:timeid:var","Delta_DM_41_51","DFG2020","all","41_51",NA
"220_Combined_Late_Capone",2.63199998684,"ab","nitrogen:appl:timeid:var","Delta_DM_41_51","DFG2020","all","41_51",NA
"176_Combined_Late_Capone",2.60999998695,"ab","nitrogen:appl:timeid:var","Delta_DM_41_51","DFG2020","all","41_51",NA
"220_Split_Late_Capone",2.5434999872825,"ab","nitrogen:appl:timeid:var","Delta_DM_41_51","DFG2020","all","41_51",NA
"220_Combined_Late_Potenzial",2.5174999874125,"ab","nitrogen:appl:timeid:var","Delta_DM_41_51","DFG2020","all","41_51",NA
"220_Split_Late_Torrild",2.4334999878325,"ab","nitrogen:appl:timeid:var","Delta_DM_41_51","DFG2020","all","41_51",NA
"176_Combined_Early_Esket",2.4144999879275,"ab","nitrogen:appl:timeid:var","Delta_DM_41_51","DFG2020","all","41_51",NA
"176_Split_Late_Capone",2.3504999882475,"ab","nitrogen:appl:timeid:var","Delta_DM_41_51","DFG2020","all","41_51",NA
"220_Combined_Late_Apertus",2.3434999882825,"ab","nitrogen:appl:timeid:var","Delta_DM_41_51","DFG2020","all","41_51",NA
"176_Combined_Late_Pionier",2.28599998857,"ab","nitrogen:appl:timeid:var","Delta_DM_41_51","DFG2020","all","41_51",NA
"220_Split_Late_Patras",2.2734999886325,"ab","nitrogen:appl:timeid:var","Delta_DM_41_51","DFG2020","all","41_51",NA
"220_Combined_Early_Patras",2.1924999890375,"ab","nitrogen:appl:timeid:var","Delta_DM_41_51","DFG2020","all","41_51",NA
"176_Combined_Late_Torrild",2.1794999891025,"ab","nitrogen:appl:timeid:var","Delta_DM_41_51","DFG2020","all","41_51",NA
"220_Combined_Early_Apertus",2.042999989785,"ab","nitrogen:appl:timeid:var","Delta_DM_41_51","DFG2020","all","41_51",NA
"176_Split_Early_Alves",1.99599999002,"ab","nitrogen:appl:timeid:var","Delta_DM_41_51","DFG2020","all","41_51",NA
"176_Combined_Late_Patras",1.802999990985,"ab","nitrogen:appl:timeid:var","Delta_DM_41_51","DFG2020","all","41_51",NA
"220_Combined_Early_Torrild",1.8024999909875,"ab","nitrogen:appl:timeid:var","Delta_DM_41_51","DFG2020","all","41_51",NA
"176_Combined_Early_Alves",1.6644999916775,"ab","nitrogen:appl:timeid:var","Delta_DM_41_51","DFG2020","all","41_51",NA
"176_Split_Late_Esket",1.6524999917375,"ab","nitrogen:appl:timeid:var","Delta_DM_41_51","DFG2020","all","41_51",NA
"176_Split_Late_Pionier",1.4314999928425,"ab","nitrogen:appl:timeid:var","Delta_DM_41_51","DFG2020","all","41_51",NA
"176_Split_Late_Torrild",1.4234999928825,"ab","nitrogen:appl:timeid:var","Delta_DM_41_51","DFG2020","all","41_51",NA
"176_Split_Late_Potenzial",1.4034999929825,"ab","nitrogen:appl:timeid:var","Delta_DM_41_51","DFG2020","all","41_51",NA
"176_Split_Early_Patras",1.3464999932675,"ab","nitrogen:appl:timeid:var","Delta_DM_41_51","DFG2020","all","41_51",NA
"220_Combined_Early_Pionier",1.2524999937375,"ab","nitrogen:appl:timeid:var","Delta_DM_41_51","DFG2020","all","41_51",NA
"220_Combined_Early_Esket",1.126999994365,"ab","nitrogen:appl:timeid:var","Delta_DM_41_51","DFG2020","all","41_51",NA
"176_Split_Early_Capone",1.1234999943825,"ab","nitrogen:appl:timeid:var","Delta_DM_41_51","DFG2020","all","41_51",NA
"220_Combined_Late_Esket",1.0354999948225,"ab","nitrogen:appl:timeid:var","Delta_DM_41_51","DFG2020","all","41_51",NA
"176_Split_Late_Patras",0.99399999503,"ab","nitrogen:appl:timeid:var","Delta_DM_41_51","DFG2020","all","41_51",NA
"176_Combined_Late_Potenzial",0.896999995515,"ab","nitrogen:appl:timeid:var","Delta_DM_41_51","DFG2020","all","41_51",NA
"220_Split_Late_Apertus",0.7694999961525,"ab","nitrogen:appl:timeid:var","Delta_DM_41_51","DFG2020","all","41_51",NA
"220_Combined_Early_Alves",0.754999996225,"ab","nitrogen:appl:timeid:var","Delta_DM_41_51","DFG2020","all","41_51",NA
"220_Split_Early_Patras",0.7414999962925,"ab","nitrogen:appl:timeid:var","Delta_DM_41_51","DFG2020","all","41_51",NA
"176_Split_Late_Alves",0.68199999659,"ab","nitrogen:appl:timeid:var","Delta_DM_41_51","DFG2020","all","41_51",NA
"176_Split_Early_Apertus",0.54399999728,"ab","nitrogen:appl:timeid:var","Delta_DM_41_51","DFG2020","all","41_51",NA
"176_Split_Early_Potenzial",0.34199999829,"ab","nitrogen:appl:timeid:var","Delta_DM_41_51","DFG2020","all","41_51",NA
"220_Split_Early_Esket",0.0964999995175,"ab","nitrogen:appl:timeid:var","Delta_DM_41_51","DFG2020","all","41_51",NA
"176_Combined_Early_Potenzial",-0.34799999826,"ab","nitrogen:appl:timeid:var","Delta_DM_41_51","DFG2020","all","41_51",NA
"220_Combined_Early_Capone",-0.5564999972175,"ab","nitrogen:appl:timeid:var","Delta_DM_41_51","DFG2020","all","41_51",NA
"220_Split_Early_Alves",-0.576499997117499,"ab","nitrogen:appl:timeid:var","Delta_DM_41_51","DFG2020","all","41_51",NA
"176_Combined_Early_Torrild",-0.6404999967975,"ab","nitrogen:appl:timeid:var","Delta_DM_41_51","DFG2020","all","41_51",NA
"176_Split_Early_Torrild",-1.7704999911475,"ab","nitrogen:appl:timeid:var","Delta_DM_41_51","DFG2020","all","41_51",NA
"176_Combined_Early_Pionier",-2.6854999865725,"b","nitrogen:appl:timeid:var","Delta_DM_41_51","DFG2020","all","41_51",NA
"220",2.606999986965,"a","nitrogen","Delta_DM_51_61","DFG2020","all","51_61",NA
"176",1.90042186549789,"b","nitrogen","Delta_DM_51_61","DFG2020","all","51_61",NA
"220_Combined",3.2244999838775,"a","nitrogen:appl","Delta_DM_51_61","DFG2020","all","51_61",NA
"176_Split",2.28734373856328,"a","nitrogen:appl","Delta_DM_51_61","DFG2020","all","51_61",NA
"220_Split",1.9894999900525,"a","nitrogen:appl","Delta_DM_51_61","DFG2020","all","51_61",NA
"176_Combined",1.5134999924325,"a","nitrogen:appl","Delta_DM_51_61","DFG2020","all","51_61",NA
"Split_Torrild",4.6724999766375,"a","appl:var","Delta_DM_51_61","DFG2020","all","51_61",NA
"Split_Alves",3.21674998391625,"ab","appl:var","Delta_DM_51_61","DFG2020","all","51_61",NA
"Combined_Capone",2.95924998520375,"ab","appl:var","Delta_DM_51_61","DFG2020","all","51_61",NA
"Combined_Patras",2.928999985355,"ab","appl:var","Delta_DM_51_61","DFG2020","all","51_61",NA
"Split_Esket",2.89137498554313,"ab","appl:var","Delta_DM_51_61","DFG2020","all","51_61",NA
"Combined_Pionier",2.85137498574313,"ab","appl:var","Delta_DM_51_61","DFG2020","all","51_61",NA
"Combined_Apertus",2.73912498630437,"ab","appl:var","Delta_DM_51_61","DFG2020","all","51_61",NA
"Split_Capone",2.36112498819437,"ab","appl:var","Delta_DM_51_61","DFG2020","all","51_61",NA
"Combined_Potenzial",1.94824999025875,"ab","appl:var","Delta_DM_51_61","DFG2020","all","51_61",NA
"Combined_Torrild",1.850999990745,"ab","appl:var","Delta_DM_51_61","DFG2020","all","51_61",NA
"Combined_Alves",1.84287499078563,"ab","appl:var","Delta_DM_51_61","DFG2020","all","51_61",NA
"Combined_Esket",1.83112499084437,"ab","appl:var","Delta_DM_51_61","DFG2020","all","51_61",NA
"Split_Potenzial",1.74174999129125,"ab","appl:var","Delta_DM_51_61","DFG2020","all","51_61",NA
"Split_Apertus",1.07774999461125,"ab","appl:var","Delta_DM_51_61","DFG2020","all","51_61",NA
"Split_Patras",1.02199999489,"ab","appl:var","Delta_DM_51_61","DFG2020","all","51_61",NA
"Split_Pionier",0.124124999379375,"b","appl:var","Delta_DM_51_61","DFG2020","all","51_61",NA
"220_Split_Capone",11.9962499400187,"a","nitrogen:appl:var","Delta_DM_61_87","DFG2020","all","61_87",NA
"220_Split_Torrild",11.8834999405825,"a","nitrogen:appl:var","Delta_DM_61_87","DFG2020","all","61_87",NA
"220_Combined_Pionier",11.5047499424763,"a","nitrogen:appl:var","Delta_DM_61_87","DFG2020","all","61_87",NA
"176_Split_Potenzial",11.0172499449138,"a","nitrogen:appl:var","Delta_DM_61_87","DFG2020","all","61_87",NA
"176_Split_Pionier",10.2707499486462,"a","nitrogen:appl:var","Delta_DM_61_87","DFG2020","all","61_87",NA
"220_Combined_Capone",10.1904999490475,"a","nitrogen:appl:var","Delta_DM_61_87","DFG2020","all","61_87",NA
"176_Combined_Torrild",9.9934999500325,"a","nitrogen:appl:var","Delta_DM_61_87","DFG2020","all","61_87",NA
"220_Split_Potenzial",9.9774999501125,"a","nitrogen:appl:var","Delta_DM_61_87","DFG2020","all","61_87",NA
"176_Split_Esket",9.6314999518425,"a","nitrogen:appl:var","Delta_DM_61_87","DFG2020","all","61_87",NA
"176_Split_Apertus",9.53924995230375,"a","nitrogen:appl:var","Delta_DM_61_87","DFG2020","all","61_87",NA
"176_Split_Patras",8.92724995536375,"a","nitrogen:appl:var","Delta_DM_61_87","DFG2020","all","61_87",NA
"220_Split_Apertus",8.64399995678,"a","nitrogen:appl:var","Delta_DM_61_87","DFG2020","all","61_87",NA
"220_Split_Pionier",8.48624995756875,"a","nitrogen:appl:var","Delta_DM_61_87","DFG2020","all","61_87",NA
"176_Combined_Capone",8.00799995996,"a","nitrogen:appl:var","Delta_DM_61_87","DFG2020","all","61_87",NA
"176_Combined_Potenzial",7.4304999628475,"a","nitrogen:appl:var","Delta_DM_61_87","DFG2020","all","61_87",NA
"220_Combined_Apertus",7.34274996328625,"a","nitrogen:appl:var","Delta_DM_61_87","DFG2020","all","61_87",NA
"220_Combined_Torrild",7.2414999637925,"a","nitrogen:appl:var","Delta_DM_61_87","DFG2020","all","61_87",NA
"220_Split_Esket",7.238999963805,"a","nitrogen:appl:var","Delta_DM_61_87","DFG2020","all","61_87",NA
"176_Combined_Pionier",7.064999964675,"a","nitrogen:appl:var","Delta_DM_61_87","DFG2020","all","61_87",NA
"176_Combined_Alves",7.0524999647375,"a","nitrogen:appl:var","Delta_DM_61_87","DFG2020","all","61_87",NA
"176_Combined_Apertus",6.888999965555,"a","nitrogen:appl:var","Delta_DM_61_87","DFG2020","all","61_87",NA
"220_Combined_Patras",6.718999966405,"a","nitrogen:appl:var","Delta_DM_61_87","DFG2020","all","61_87",NA
"176_Combined_Esket",6.460999967695,"a","nitrogen:appl:var","Delta_DM_61_87","DFG2020","all","61_87",NA
"220_Split_Patras",6.316999968415,"a","nitrogen:appl:var","Delta_DM_61_87","DFG2020","all","61_87",NA
"220_Combined_Esket",5.89274997053625,"a","nitrogen:appl:var","Delta_DM_61_87","DFG2020","all","61_87",NA
"220_Combined_Alves",5.87574997062125,"a","nitrogen:appl:var","Delta_DM_61_87","DFG2020","all","61_87",NA
"220_Combined_Potenzial",5.87574997062125,"a","nitrogen:appl:var","Delta_DM_61_87","DFG2020","all","61_87",NA
"176_Split_Capone",5.8399999708,"a","nitrogen:appl:var","Delta_DM_61_87","DFG2020","all","61_87",NA
"176_Combined_Patras",5.67224997163875,"a","nitrogen:appl:var","Delta_DM_61_87","DFG2020","all","61_87",NA
"220_Split_Alves",3.782999981085,"a","nitrogen:appl:var","Delta_DM_61_87","DFG2020","all","61_87",NA
"176_Split_Alves",3.5594999822025,"a","nitrogen:appl:var","Delta_DM_61_87","DFG2020","all","61_87",NA
"176_Split_Torrild",2.03124998984375,"a","nitrogen:appl:var","Delta_DM_61_87","DFG2020","all","61_87",NA
"Capone",1.34706249326469,"a","var","Delta_ear_51_61","DFG2020","ear","51_61",NA
"Esket",1.27431249362844,"a","var","Delta_ear_51_61","DFG2020","ear","51_61",NA
"Apertus",1.25087499374562,"a","var","Delta_ear_51_61","DFG2020","ear","51_61",NA
"Torrild",1.21824999390875,"a","var","Delta_ear_51_61","DFG2020","ear","51_61",NA
"Pionier",1.19893749400531,"a","var","Delta_ear_51_61","DFG2020","ear","51_61",NA
"Potenzial",1.00106249499469,"a","var","Delta_ear_51_61","DFG2020","ear","51_61",NA
"Alves",0.939187495304063,"a","var","Delta_ear_51_61","DFG2020","ear","51_61",NA
"Patras",0.930437495347813,"a","var","Delta_ear_51_61","DFG2020","ear","51_61",NA
"Combined_Capone",1.53524999232375,"a","appl:var","Delta_ear_51_61","DFG2020","ear","51_61",NA
"Split_Torrild",1.51162499244187,"ab","appl:var","Delta_ear_51_61","DFG2020","ear","51_61",NA
"Combined_Pionier",1.42662499286688,"ab","appl:var","Delta_ear_51_61","DFG2020","ear","51_61",NA
"Combined_Apertus",1.37637499311813,"abc","appl:var","Delta_ear_51_61","DFG2020","ear","51_61",NA
"Combined_Esket",1.30862499345687,"abc","appl:var","Delta_ear_51_61","DFG2020","ear","51_61",NA
"Split_Esket",1.2399999938,"abc","appl:var","Delta_ear_51_61","DFG2020","ear","51_61",NA
"Split_Capone",1.15887499420562,"abc","appl:var","Delta_ear_51_61","DFG2020","ear","51_61",NA
"Split_Apertus",1.12537499437313,"abc","appl:var","Delta_ear_51_61","DFG2020","ear","51_61",NA
"Split_Alves",1.11837499440812,"abc","appl:var","Delta_ear_51_61","DFG2020","ear","51_61",NA
"Combined_Potenzial",1.09199999454,"abc","appl:var","Delta_ear_51_61","DFG2020","ear","51_61",NA
"Combined_Patras",1.06012499469937,"abc","appl:var","Delta_ear_51_61","DFG2020","ear","51_61",NA
"Split_Pionier",0.97124999514375,"abc","appl:var","Delta_ear_51_61","DFG2020","ear","51_61",NA
"Combined_Torrild",0.924874995375625,"abc","appl:var","Delta_ear_51_61","DFG2020","ear","51_61",NA
"Split_Potenzial",0.910124995449375,"bc","appl:var","Delta_ear_51_61","DFG2020","ear","51_61",NA
"Split_Patras",0.80074999599625,"c","appl:var","Delta_ear_51_61","DFG2020","ear","51_61",NA
"Combined_Alves",0.7599999962,"c","appl:var","Delta_ear_51_61","DFG2020","ear","51_61",NA
"220_Early_Esket",2.2494999887525,"a","nitrogen:timeid:var","Delta_ear_51_61","DFG2020","ear","51_61",NA
"220_Early_Capone",1.75324999123375,"ab","nitrogen:timeid:var","Delta_ear_51_61","DFG2020","ear","51_61",NA
"220_Late_Apertus",1.56424999217875,"abc","nitrogen:timeid:var","Delta_ear_51_61","DFG2020","ear","51_61",NA
"220_Late_Pionier",1.50199999249,"abc","nitrogen:timeid:var","Delta_ear_51_61","DFG2020","ear","51_61",NA
"220_Early_Alves",1.4754999926225,"abc","nitrogen:timeid:var","Delta_ear_51_61","DFG2020","ear","51_61",NA
"220_Late_Torrild",1.43624999281875,"abc","nitrogen:timeid:var","Delta_ear_51_61","DFG2020","ear","51_61",NA
"220_Late_Capone",1.41574999292125,"abc","nitrogen:timeid:var","Delta_ear_51_61","DFG2020","ear","51_61",NA
"176_Late_Torrild",1.374999993125,"abc","nitrogen:timeid:var","Delta_ear_51_61","DFG2020","ear","51_61",NA
"176_Late_Capone",1.370999993145,"abc","nitrogen:timeid:var","Delta_ear_51_61","DFG2020","ear","51_61",NA
"176_Late_Pionier",1.3364999933175,"abc","nitrogen:timeid:var","Delta_ear_51_61","DFG2020","ear","51_61",NA
"176_Late_Apertus",1.31424999342875,"abc","nitrogen:timeid:var","Delta_ear_51_61","DFG2020","ear","51_61",NA
"220_Early_Patras",1.28724999356375,"abc","nitrogen:timeid:var","Delta_ear_51_61","DFG2020","ear","51_61",NA
"176_Late_Patras",1.24824999375875,"abc","nitrogen:timeid:var","Delta_ear_51_61","DFG2020","ear","51_61",NA
"220_Early_Potenzial",1.2474999937625,"abc","nitrogen:timeid:var","Delta_ear_51_61","DFG2020","ear","51_61",NA
"220_Late_Esket",1.21799999391,"abc","nitrogen:timeid:var","Delta_ear_51_61","DFG2020","ear","51_61",NA
"176_Early_Apertus",1.17274999413625,"abc","nitrogen:timeid:var","Delta_ear_51_61","DFG2020","ear","51_61",NA
"220_Early_Pionier",1.10374999448125,"abc","nitrogen:timeid:var","Delta_ear_51_61","DFG2020","ear","51_61",NA
"176_Late_Potenzial",1.06774999466125,"abc","nitrogen:timeid:var","Delta_ear_51_61","DFG2020","ear","51_61",NA
"220_Late_Potenzial",1.06424999467875,"abc","nitrogen:timeid:var","Delta_ear_51_61","DFG2020","ear","51_61",NA
"176_Early_Torrild",1.04674999476625,"abc","nitrogen:timeid:var","Delta_ear_51_61","DFG2020","ear","51_61",NA
"220_Early_Torrild",1.014999994925,"abc","nitrogen:timeid:var","Delta_ear_51_61","DFG2020","ear","51_61",NA
"176_Late_Esket",0.9844999950775,"abc","nitrogen:timeid:var","Delta_ear_51_61","DFG2020","ear","51_61",NA
"220_Early_Apertus",0.95224999523875,"abc","nitrogen:timeid:var","Delta_ear_51_61","DFG2020","ear","51_61",NA
"176_Late_Alves",0.87399999563,"bc","nitrogen:timeid:var","Delta_ear_51_61","DFG2020","ear","51_61",NA
"176_Early_Pionier",0.8534999957325,"bc","nitrogen:timeid:var","Delta_ear_51_61","DFG2020","ear","51_61",NA
"220_Late_Patras",0.85174999574125,"bc","nitrogen:timeid:var","Delta_ear_51_61","DFG2020","ear","51_61",NA
"176_Early_Capone",0.84824999575875,"bc","nitrogen:timeid:var","Delta_ear_51_61","DFG2020","ear","51_61",NA
"176_Early_Alves",0.83074999584625,"bc","nitrogen:timeid:var","Delta_ear_51_61","DFG2020","ear","51_61",NA
"176_Early_Esket",0.64524999677375,"bc","nitrogen:timeid:var","Delta_ear_51_61","DFG2020","ear","51_61",NA
"176_Early_Potenzial",0.62474999687625,"bc","nitrogen:timeid:var","Delta_ear_51_61","DFG2020","ear","51_61",NA
"220_Late_Alves",0.5764999971175,"bc","nitrogen:timeid:var","Delta_ear_51_61","DFG2020","ear","51_61",NA
"176_Early_Patras",0.3344999983275,"c","nitrogen:timeid:var","Delta_ear_51_61","DFG2020","ear","51_61",NA
"220_Capone",13.0124999349375,"a","nitrogen:var","Delta_ear_61_87","DFG2020","ear","61_87",NA
"220_Torrild",11.6723749416381,"ab","nitrogen:var","Delta_ear_61_87","DFG2020","ear","61_87",NA
"220_Pionier",11.2098749439506,"abc","nitrogen:var","Delta_ear_61_87","DFG2020","ear","61_87",NA
"220_Apertus",11.1916249440419,"abc","nitrogen:var","Delta_ear_61_87","DFG2020","ear","61_87",NA
"220_Potenzial",10.7233749463831,"abc","nitrogen:var","Delta_ear_61_87","DFG2020","ear","61_87",NA
"176_Potenzial",10.3926249480369,"abc","nitrogen:var","Delta_ear_61_87","DFG2020","ear","61_87",NA
"176_Pionier",10.1014999494925,"bc","nitrogen:var","Delta_ear_61_87","DFG2020","ear","61_87",NA
"220_Patras",9.97974995010125,"bc","nitrogen:var","Delta_ear_61_87","DFG2020","ear","61_87",NA
"176_Apertus",9.91187495044062,"bc","nitrogen:var","Delta_ear_61_87","DFG2020","ear","61_87",NA
"220_Esket",9.6084999519575,"bc","nitrogen:var","Delta_ear_61_87","DFG2020","ear","61_87",NA
"176_Esket",9.57024995214875,"bc","nitrogen:var","Delta_ear_61_87","DFG2020","ear","61_87",NA
"176_Torrild",9.42224995288875,"bc","nitrogen:var","Delta_ear_61_87","DFG2020","ear","61_87",NA
"176_Patras",9.19574995402125,"bc","nitrogen:var","Delta_ear_61_87","DFG2020","ear","61_87",NA
"176_Capone",9.16662495416687,"bc","nitrogen:var","Delta_ear_61_87","DFG2020","ear","61_87",NA
"176_Alves",8.764999956175,"c","nitrogen:var","Delta_ear_61_87","DFG2020","ear","61_87",NA
"220_Alves",8.66999995665,"c","nitrogen:var","Delta_ear_61_87","DFG2020","ear","61_87",NA
"Late",2.38281248808594,"a","timeid","Delta_spikeNr_51_61","DFG2020","biomasscut","51_61",NA
"Early",1.7828593660857,"b","timeid","Delta_spikeNr_51_61","DFG2020","biomasscut","51_61",NA
"Pionier",3.35624998321875,"a","var","Delta_spikeNr_51_61","DFG2020","biomasscut","51_61",NA
"Apertus",2.324999988375,"ab","var","Delta_spikeNr_51_61","DFG2020","biomasscut","51_61",NA
"Torrild",2.11893748940531,"ab","var","Delta_spikeNr_51_61","DFG2020","biomasscut","51_61",NA
"Esket",2.0999999895,"ab","var","Delta_spikeNr_51_61","DFG2020","biomasscut","51_61",NA
"Potenzial",2.04374998978125,"ab","var","Delta_spikeNr_51_61","DFG2020","biomasscut","51_61",NA
"Capone",1.9374999903125,"ab","var","Delta_spikeNr_51_61","DFG2020","biomasscut","51_61",NA
"Alves",1.45624999271875,"b","var","Delta_spikeNr_51_61","DFG2020","biomasscut","51_61",NA
"Patras",1.324999993375,"b","var","Delta_spikeNr_51_61","DFG2020","biomasscut","51_61",NA
"220_Combined_Late_Pionier",4.199999979,"a","nitrogen:appl:timeid:var","Delta_spikeNr_51_61","DFG2020","biomasscut","51_61",NA
"220_Split_Late_Pionier",4.04999997975,"ab","nitrogen:appl:timeid:var","Delta_spikeNr_51_61","DFG2020","biomasscut","51_61",NA
"176_Combined_Late_Pionier",3.99999998,"abc","nitrogen:appl:timeid:var","Delta_spikeNr_51_61","DFG2020","biomasscut","51_61",NA
"176_Split_Late_Pionier",3.799999981,"abcd","nitrogen:appl:timeid:var","Delta_spikeNr_51_61","DFG2020","biomasscut","51_61",NA
"220_Split_Early_Pionier",3.6999999815,"abcd","nitrogen:appl:timeid:var","Delta_spikeNr_51_61","DFG2020","biomasscut","51_61",NA
"220_Split_Late_Esket",3.6999999815,"abcd","nitrogen:appl:timeid:var","Delta_spikeNr_51_61","DFG2020","biomasscut","51_61",NA
"176_Combined_Early_Pionier",3.34999998325,"abcde","nitrogen:appl:timeid:var","Delta_spikeNr_51_61","DFG2020","biomasscut","51_61",NA
"176_Split_Late_Torrild",3.34999998325,"abcde","nitrogen:appl:timeid:var","Delta_spikeNr_51_61","DFG2020","biomasscut","51_61",NA
"220_Split_Early_Esket",3.34999998325,"abcde","nitrogen:appl:timeid:var","Delta_spikeNr_51_61","DFG2020","biomasscut","51_61",NA
"220_Combined_Late_Apertus",3.2999999835,"abcdef","nitrogen:appl:timeid:var","Delta_spikeNr_51_61","DFG2020","biomasscut","51_61",NA
"220_Split_Late_Apertus",3.199999984,"abcdefg","nitrogen:appl:timeid:var","Delta_spikeNr_51_61","DFG2020","biomasscut","51_61",NA
"220_Combined_Early_Capone",3.0999999845,"abcdefg","nitrogen:appl:timeid:var","Delta_spikeNr_51_61","DFG2020","biomasscut","51_61",NA
"220_Combined_Late_Potenzial",2.999999985,"abcdefg","nitrogen:appl:timeid:var","Delta_spikeNr_51_61","DFG2020","biomasscut","51_61",NA
"176_Split_Early_Torrild",2.999999985,"abcdefg","nitrogen:appl:timeid:var","Delta_spikeNr_51_61","DFG2020","biomasscut","51_61",NA
"220_Combined_Late_Capone",2.94999998525,"abcdefg","nitrogen:appl:timeid:var","Delta_spikeNr_51_61","DFG2020","biomasscut","51_61",NA
"220_Combined_Late_Torrild",2.94999998525,"abcdefg","nitrogen:appl:timeid:var","Delta_spikeNr_51_61","DFG2020","biomasscut","51_61",NA
"220_Split_Early_Alves",2.8999999855,"abcdefg","nitrogen:appl:timeid:var","Delta_spikeNr_51_61","DFG2020","biomasscut","51_61",NA
"176_Split_Late_Apertus",2.74999998625,"abcdefg","nitrogen:appl:timeid:var","Delta_spikeNr_51_61","DFG2020","biomasscut","51_61",NA
"220_Combined_Early_Esket",2.6999999865,"abcdefg","nitrogen:appl:timeid:var","Delta_spikeNr_51_61","DFG2020","biomasscut","51_61",NA
"220_Split_Late_Potenzial",2.6999999865,"abcdefg","nitrogen:appl:timeid:var","Delta_spikeNr_51_61","DFG2020","biomasscut","51_61",NA
"220_Combined_Early_Potenzial",2.599999987,"abcdefg","nitrogen:appl:timeid:var","Delta_spikeNr_51_61","DFG2020","biomasscut","51_61",NA
"176_Combined_Late_Apertus",2.54999998725,"abcdefg","nitrogen:appl:timeid:var","Delta_spikeNr_51_61","DFG2020","biomasscut","51_61",NA
"220_Split_Late_Torrild",2.54999998725,"abcdefg","nitrogen:appl:timeid:var","Delta_spikeNr_51_61","DFG2020","biomasscut","51_61",NA
"176_Split_Late_Potenzial",2.4999999875,"abcdefg","nitrogen:appl:timeid:var","Delta_spikeNr_51_61","DFG2020","biomasscut","51_61",NA
"176_Combined_Late_Patras",2.44999998775,"abcdefgh","nitrogen:appl:timeid:var","Delta_spikeNr_51_61","DFG2020","biomasscut","51_61",NA
"220_Combined_Early_Apertus",2.34999998825,"abcdefgh","nitrogen:appl:timeid:var","Delta_spikeNr_51_61","DFG2020","biomasscut","51_61",NA
"220_Combined_Early_Pionier",2.34999998825,"abcdefgh","nitrogen:appl:timeid:var","Delta_spikeNr_51_61","DFG2020","biomasscut","51_61",NA
"176_Split_Late_Alves",2.24999998875,"abcdefgh","nitrogen:appl:timeid:var","Delta_spikeNr_51_61","DFG2020","biomasscut","51_61",NA
"220_Split_Early_Potenzial",2.199999989,"abcdefgh","nitrogen:appl:timeid:var","Delta_spikeNr_51_61","DFG2020","biomasscut","51_61",NA
"176_Combined_Late_Potenzial",2.04999998975,"abcdefgh","nitrogen:appl:timeid:var","Delta_spikeNr_51_61","DFG2020","biomasscut","51_61",NA
"220_Combined_Early_Alves",2.04999998975,"abcdefgh","nitrogen:appl:timeid:var","Delta_spikeNr_51_61","DFG2020","biomasscut","51_61",NA
"176_Combined_Early_Apertus",1.99999999,"abcdefgh","nitrogen:appl:timeid:var","Delta_spikeNr_51_61","DFG2020","biomasscut","51_61",NA
"220_Split_Late_Capone",1.99999999,"abcdefgh","nitrogen:appl:timeid:var","Delta_spikeNr_51_61","DFG2020","biomasscut","51_61",NA
"176_Split_Late_Patras",1.94999999025,"abcdefgh","nitrogen:appl:timeid:var","Delta_spikeNr_51_61","DFG2020","biomasscut","51_61",NA
"220_Combined_Early_Torrild",1.9014999904925,"abcdefgh","nitrogen:appl:timeid:var","Delta_spikeNr_51_61","DFG2020","biomasscut","51_61",NA
"176_Split_Early_Capone",1.8999999905,"abcdefgh","nitrogen:appl:timeid:var","Delta_spikeNr_51_61","DFG2020","biomasscut","51_61",NA
"220_Combined_Early_Patras",1.8999999905,"abcdefgh","nitrogen:appl:timeid:var","Delta_spikeNr_51_61","DFG2020","biomasscut","51_61",NA
"176_Split_Early_Apertus",1.84999999075,"abcdefgh","nitrogen:appl:timeid:var","Delta_spikeNr_51_61","DFG2020","biomasscut","51_61",NA
"176_Split_Late_Esket",1.84999999075,"abcdefgh","nitrogen:appl:timeid:var","Delta_spikeNr_51_61","DFG2020","biomasscut","51_61",NA
"176_Combined_Late_Capone",1.799999991,"abcdefgh","nitrogen:appl:timeid:var","Delta_spikeNr_51_61","DFG2020","biomasscut","51_61",NA
"176_Split_Late_Capone",1.64999999175,"abcdefgh","nitrogen:appl:timeid:var","Delta_spikeNr_51_61","DFG2020","biomasscut","51_61",NA
"220_Split_Early_Patras",1.599999992,"abcdefgh","nitrogen:appl:timeid:var","Delta_spikeNr_51_61","DFG2020","biomasscut","51_61",NA
"220_Combined_Late_Esket",1.54999999225,"abcdefgh","nitrogen:appl:timeid:var","Delta_spikeNr_51_61","DFG2020","biomasscut","51_61",NA
"220_Split_Early_Capone",1.4999999925,"abcdefgh","nitrogen:appl:timeid:var","Delta_spikeNr_51_61","DFG2020","biomasscut","51_61",NA
"176_Combined_Late_Esket",1.4999999925,"abcdefgh","nitrogen:appl:timeid:var","Delta_spikeNr_51_61","DFG2020","biomasscut","51_61",NA
"176_Combined_Late_Torrild",1.44999999275,"bcdefgh","nitrogen:appl:timeid:var","Delta_spikeNr_51_61","DFG2020","biomasscut","51_61",NA
"176_Split_Early_Esket",1.399999993,"bcdefgh","nitrogen:appl:timeid:var","Delta_spikeNr_51_61","DFG2020","biomasscut","51_61",NA
"176_Split_Early_Pionier",1.399999993,"bcdefgh","nitrogen:appl:timeid:var","Delta_spikeNr_51_61","DFG2020","biomasscut","51_61",NA
"220_Combined_Late_Patras",1.399999993,"bcdefgh","nitrogen:appl:timeid:var","Delta_spikeNr_51_61","DFG2020","biomasscut","51_61",NA
"176_Split_Early_Alves",1.2999999935,"cdefgh","nitrogen:appl:timeid:var","Delta_spikeNr_51_61","DFG2020","biomasscut","51_61",NA
"220_Split_Early_Torrild",1.24999999375,"defgh","nitrogen:appl:timeid:var","Delta_spikeNr_51_61","DFG2020","biomasscut","51_61",NA
"176_Combined_Early_Alves",1.24999999375,"defgh","nitrogen:appl:timeid:var","Delta_spikeNr_51_61","DFG2020","biomasscut","51_61",NA
"220_Split_Late_Alves",0.8999999955,"efgh","nitrogen:appl:timeid:var","Delta_spikeNr_51_61","DFG2020","biomasscut","51_61",NA
"220_Split_Late_Patras",0.8999999955,"efgh","nitrogen:appl:timeid:var","Delta_spikeNr_51_61","DFG2020","biomasscut","51_61",NA
"176_Combined_Early_Esket",0.74999999625,"efgh","nitrogen:appl:timeid:var","Delta_spikeNr_51_61","DFG2020","biomasscut","51_61",NA
"176_Combined_Early_Patras",0.64999999675,"efgh","nitrogen:appl:timeid:var","Delta_spikeNr_51_61","DFG2020","biomasscut","51_61",NA
"176_Combined_Early_Potenzial",0.64999999675,"efgh","nitrogen:appl:timeid:var","Delta_spikeNr_51_61","DFG2020","biomasscut","51_61",NA
"176_Split_Early_Potenzial",0.64999999675,"efgh","nitrogen:appl:timeid:var","Delta_spikeNr_51_61","DFG2020","biomasscut","51_61",NA
"176_Combined_Early_Capone",0.599999997,"fgh","nitrogen:appl:timeid:var","Delta_spikeNr_51_61","DFG2020","biomasscut","51_61",NA
"220_Split_Early_Apertus",0.599999997,"fgh","nitrogen:appl:timeid:var","Delta_spikeNr_51_61","DFG2020","biomasscut","51_61",NA
"176_Combined_Late_Alves",0.4999999975,"gh","nitrogen:appl:timeid:var","Delta_spikeNr_51_61","DFG2020","biomasscut","51_61",NA
"220_Combined_Late_Alves",0.4999999975,"gh","nitrogen:appl:timeid:var","Delta_spikeNr_51_61","DFG2020","biomasscut","51_61",NA
"176_Combined_Early_Torrild",0.4999999975,"gh","nitrogen:appl:timeid:var","Delta_spikeNr_51_61","DFG2020","biomasscut","51_61",NA
"176_Split_Early_Patras",-0.24999999875,"h","nitrogen:appl:timeid:var","Delta_spikeNr_51_61","DFG2020","biomasscut","51_61",NA
"220_Combined_Pionier",2.2999999885,"a","nitrogen:appl:var","Delta_spikeNr_61_87","DFG2020","biomasscut","61_87",NA
"176_Split_Potenzial",1.924999990375,"ab","nitrogen:appl:var","Delta_spikeNr_61_87","DFG2020","biomasscut","61_87",NA
"176_Combined_Torrild",1.774999991125,"ab","nitrogen:appl:var","Delta_spikeNr_61_87","DFG2020","biomasscut","61_87",NA
"220_Split_Torrild",1.6999999915,"ab","nitrogen:appl:var","Delta_spikeNr_61_87","DFG2020","biomasscut","61_87",NA
"176_Split_Pionier",1.674999991625,"ab","nitrogen:appl:var","Delta_spikeNr_61_87","DFG2020","biomasscut","61_87",NA
"220_Split_Capone",1.399999993,"ab","nitrogen:appl:var","Delta_spikeNr_61_87","DFG2020","biomasscut","61_87",NA
"176_Split_Esket",1.374999993125,"ab","nitrogen:appl:var","Delta_spikeNr_61_87","DFG2020","biomasscut","61_87",NA
"220_Split_Potenzial",1.374999993125,"ab","nitrogen:appl:var","Delta_spikeNr_61_87","DFG2020","biomasscut","61_87",NA
"176_Split_Patras",1.2999999935,"ab","nitrogen:appl:var","Delta_spikeNr_61_87","DFG2020","biomasscut","61_87",NA
"220_Split_Pionier",0.974999995125,"ab","nitrogen:appl:var","Delta_spikeNr_61_87","DFG2020","biomasscut","61_87",NA
"176_Combined_Esket",0.924999995375,"ab","nitrogen:appl:var","Delta_spikeNr_61_87","DFG2020","biomasscut","61_87",NA
"176_Combined_Potenzial",0.6999999965,"ab","nitrogen:appl:var","Delta_spikeNr_61_87","DFG2020","biomasscut","61_87",NA
"176_Combined_Pionier",0.674999996625,"ab","nitrogen:appl:var","Delta_spikeNr_61_87","DFG2020","biomasscut","61_87",NA
"176_Combined_Capone",0.624999996875,"ab","nitrogen:appl:var","Delta_spikeNr_61_87","DFG2020","biomasscut","61_87",NA
"176_Split_Apertus",0.524999997375,"ab","nitrogen:appl:var","Delta_spikeNr_61_87","DFG2020","biomasscut","61_87",NA
"220_Combined_Potenzial",0.44999999775,"ab","nitrogen:appl:var","Delta_spikeNr_61_87","DFG2020","biomasscut","61_87",NA
"220_Split_Apertus",0.44999999775,"ab","nitrogen:appl:var","Delta_spikeNr_61_87","DFG2020","biomasscut","61_87",NA
"220_Combined_Patras",0.399999998,"ab","nitrogen:appl:var","Delta_spikeNr_61_87","DFG2020","biomasscut","61_87",NA
"176_Combined_Alves",0.34999999825,"ab","nitrogen:appl:var","Delta_spikeNr_61_87","DFG2020","biomasscut","61_87",NA
"220_Split_Alves",0.2999999985,"ab","nitrogen:appl:var","Delta_spikeNr_61_87","DFG2020","biomasscut","61_87",NA
"220_Split_Patras",0.2999999985,"ab","nitrogen:appl:var","Delta_spikeNr_61_87","DFG2020","biomasscut","61_87",NA
"220_Combined_Esket",0.274999998625,"ab","nitrogen:appl:var","Delta_spikeNr_61_87","DFG2020","biomasscut","61_87",NA
"220_Combined_Torrild",0.199999999,"ab","nitrogen:appl:var","Delta_spikeNr_61_87","DFG2020","biomasscut","61_87",NA
"176_Combined_Patras",0.174999999125,"ab","nitrogen:appl:var","Delta_spikeNr_61_87","DFG2020","biomasscut","61_87",NA
"220_Combined_Capone",0.174999999125,"ab","nitrogen:appl:var","Delta_spikeNr_61_87","DFG2020","biomasscut","61_87",NA
"220_Split_Esket",0.14999999925,"ab","nitrogen:appl:var","Delta_spikeNr_61_87","DFG2020","biomasscut","61_87",NA
"176_Combined_Apertus",0.04999999975,"ab","nitrogen:appl:var","Delta_spikeNr_61_87","DFG2020","biomasscut","61_87",NA
"220_Combined_Alves",9.25185853854297e-18,"ab","nitrogen:appl:var","Delta_spikeNr_61_87","DFG2020","biomasscut","61_87",NA
"220_Combined_Apertus",-0.074999999625,"ab","nitrogen:appl:var","Delta_spikeNr_61_87","DFG2020","biomasscut","61_87",NA
"176_Split_Capone",-0.0999999995,"ab","nitrogen:appl:var","Delta_spikeNr_61_87","DFG2020","biomasscut","61_87",NA
"176_Split_Alves",-0.474999997625,"ab","nitrogen:appl:var","Delta_spikeNr_61_87","DFG2020","biomasscut","61_87",NA
"176_Split_Torrild",-1.799999991,"b","nitrogen:appl:var","Delta_spikeNr_61_87","DFG2020","biomasscut","61_87",NA
"Late",1.70742186646289,"a","timeid","Delta_straw_41_51","DFG2020","straw","41_51",NA
"Early",0.561968747190156,"b","timeid","Delta_straw_41_51","DFG2020","straw","41_51",NA
"176_Split_Pionier",3.11124998444375,"a","nitrogen:appl:var","Delta_straw_41_51","DFG2020","straw","41_51",NA
"220_Split_Apertus",3.09174998454125,"a","nitrogen:appl:var","Delta_straw_41_51","DFG2020","straw","41_51",NA
"220_Split_Capone",3.00074998499625,"ab","nitrogen:appl:var","Delta_straw_41_51","DFG2020","straw","41_51",NA
"220_Split_Potenzial",2.6704999866475,"abc","nitrogen:appl:var","Delta_straw_41_51","DFG2020","straw","41_51",NA
"220_Split_Pionier",2.64799998676,"abc","nitrogen:appl:var","Delta_straw_41_51","DFG2020","straw","41_51",NA
"176_Combined_Apertus",2.5364999873175,"abcd","nitrogen:appl:var","Delta_straw_41_51","DFG2020","straw","41_51",NA
"176_Combined_Capone",2.520999987395,"abcd","nitrogen:appl:var","Delta_straw_41_51","DFG2020","straw","41_51",NA
"220_Combined_Pionier",2.1964999890175,"abcde","nitrogen:appl:var","Delta_straw_41_51","DFG2020","straw","41_51",NA
"220_Combined_Patras",2.0824999895875,"abcde","nitrogen:appl:var","Delta_straw_41_51","DFG2020","straw","41_51",NA
"176_Combined_Esket",1.98874999005625,"abcde","nitrogen:appl:var","Delta_straw_41_51","DFG2020","straw","41_51",NA
"176_Split_Esket",1.6584999917075,"abcdef","nitrogen:appl:var","Delta_straw_41_51","DFG2020","straw","41_51",NA
"220_Combined_Potenzial",1.6374999918125,"abcdef","nitrogen:appl:var","Delta_straw_41_51","DFG2020","straw","41_51",NA
"220_Split_Torrild",1.39524999302375,"abcdef","nitrogen:appl:var","Delta_straw_41_51","DFG2020","straw","41_51",NA
"220_Combined_Apertus",1.39424999302875,"abcdef","nitrogen:appl:var","Delta_straw_41_51","DFG2020","straw","41_51",NA
"176_Split_Apertus",1.28474999357625,"abcdef","nitrogen:appl:var","Delta_straw_41_51","DFG2020","straw","41_51",NA
"220_Split_Esket",1.130999994345,"abcdef","nitrogen:appl:var","Delta_straw_41_51","DFG2020","straw","41_51",NA
"176_Combined_Patras",1.12574999437125,"abcdef","nitrogen:appl:var","Delta_straw_41_51","DFG2020","straw","41_51",NA
"176_Combined_Alves",1.07824999460875,"abcdef","nitrogen:appl:var","Delta_straw_41_51","DFG2020","straw","41_51",NA
"176_Split_Capone",0.8324999958375,"abcdef","nitrogen:appl:var","Delta_straw_41_51","DFG2020","straw","41_51",NA
"220_Combined_Torrild",0.7124999964375,"abcdef","nitrogen:appl:var","Delta_straw_41_51","DFG2020","straw","41_51",NA
"220_Combined_Alves",0.5524999972375,"abcdef","nitrogen:appl:var","Delta_straw_41_51","DFG2020","straw","41_51",NA
"220_Split_Patras",0.2884999985575,"abcdef","nitrogen:appl:var","Delta_straw_41_51","DFG2020","straw","41_51",NA
"220_Combined_Esket",0.284999998575,"abcdef","nitrogen:appl:var","Delta_straw_41_51","DFG2020","straw","41_51",NA
"176_Split_Patras",0.280999998595,"abcdef","nitrogen:appl:var","Delta_straw_41_51","DFG2020","straw","41_51",NA
"220_Combined_Capone",0.2674999986625,"abcdef","nitrogen:appl:var","Delta_straw_41_51","DFG2020","straw","41_51",NA
"220_Split_Alves",0.16774999916125,"abcdef","nitrogen:appl:var","Delta_straw_41_51","DFG2020","straw","41_51",NA
"176_Split_Alves",-0.10574999947125,"bcdef","nitrogen:appl:var","Delta_straw_41_51","DFG2020","straw","41_51",NA
"176_Split_Potenzial",-0.28774999856125,"cdef","nitrogen:appl:var","Delta_straw_41_51","DFG2020","straw","41_51",NA
"176_Combined_Torrild",-0.4434999977825,"cdef","nitrogen:appl:var","Delta_straw_41_51","DFG2020","straw","41_51",NA
"176_Combined_Pionier",-0.5164999974175,"def","nitrogen:appl:var","Delta_straw_41_51","DFG2020","straw","41_51",NA
"176_Combined_Potenzial",-0.840999995795,"ef","nitrogen:appl:var","Delta_straw_41_51","DFG2020","straw","41_51",NA
"176_Split_Torrild",-1.43524999282375,"f","nitrogen:appl:var","Delta_straw_41_51","DFG2020","straw","41_51",NA
"220",1.31245311843773,"a","nitrogen","Delta_straw_51_61","DFG2020","straw","51_61",NA
"176",0.904937495475313,"b","nitrogen","Delta_straw_51_61","DFG2020","straw","51_61",NA
"Combined",-3.83906248080469,"a","appl","Delta_tillerNr_31_41","DFG2020","biomasscut","31_41",NA
"Split",-5.10937497445313,"b","appl","Delta_tillerNr_31_41","DFG2020","biomasscut","31_41",NA
"220_Late",-3.85937498070312,"a","nitrogen:timeid","Delta_tillerNr_31_41","DFG2020","biomasscut","31_41",NA
"176_Early",-4.51562497742187,"ab","nitrogen:timeid","Delta_tillerNr_31_41","DFG2020","biomasscut","31_41",NA
"220_Early",-4.51874997740625,"ab","nitrogen:timeid","Delta_tillerNr_31_41","DFG2020","biomasscut","31_41",NA
"176_Late",-5.00312497498437,"b","nitrogen:timeid","Delta_tillerNr_31_41","DFG2020","biomasscut","31_41",NA
"220_Combined_Torrild",-1.399999993,"a","nitrogen:appl:var","Delta_tillerNr_31_41","DFG2020","biomasscut","31_41",NA
"176_Combined_Torrild",-2.34999998825,"ab","nitrogen:appl:var","Delta_tillerNr_31_41","DFG2020","biomasscut","31_41",NA
"220_Split_Patras",-2.624999986875,"ab","nitrogen:appl:var","Delta_tillerNr_31_41","DFG2020","biomasscut","31_41",NA
"220_Split_Esket",-3.04999998475,"ab","nitrogen:appl:var","Delta_tillerNr_31_41","DFG2020","biomasscut","31_41",NA
"220_Split_Apertus",-3.0999999845,"ab","nitrogen:appl:var","Delta_tillerNr_31_41","DFG2020","biomasscut","31_41",NA
"220_Combined_Potenzial",-3.124999984375,"ab","nitrogen:appl:var","Delta_tillerNr_31_41","DFG2020","biomasscut","31_41",NA
"220_Combined_Patras",-3.34999998325,"ab","nitrogen:appl:var","Delta_tillerNr_31_41","DFG2020","biomasscut","31_41",NA
"176_Combined_Patras",-3.424999982875,"ab","nitrogen:appl:var","Delta_tillerNr_31_41","DFG2020","biomasscut","31_41",NA
"220_Combined_Esket",-3.424999982875,"ab","nitrogen:appl:var","Delta_tillerNr_31_41","DFG2020","biomasscut","31_41",NA
"176_Combined_Esket",-3.524999982375,"ab","nitrogen:appl:var","Delta_tillerNr_31_41","DFG2020","biomasscut","31_41",NA
"220_Combined_Capone",-3.574999982125,"ab","nitrogen:appl:var","Delta_tillerNr_31_41","DFG2020","biomasscut","31_41",NA
"220_Combined_Alves",-3.64999998175,"ab","nitrogen:appl:var","Delta_tillerNr_31_41","DFG2020","biomasscut","31_41",NA
"176_Split_Torrild",-3.6999999815,"ab","nitrogen:appl:var","Delta_tillerNr_31_41","DFG2020","biomasscut","31_41",NA
"176_Combined_Pionier",-4.024999979875,"ab","nitrogen:appl:var","Delta_tillerNr_31_41","DFG2020","biomasscut","31_41",NA
"176_Combined_Potenzial",-4.274999978625,"ab","nitrogen:appl:var","Delta_tillerNr_31_41","DFG2020","biomasscut","31_41",NA
"176_Split_Patras",-4.54999997725,"ab","nitrogen:appl:var","Delta_tillerNr_31_41","DFG2020","biomasscut","31_41",NA
"220_Combined_Pionier",-4.8999999755,"ab","nitrogen:appl:var","Delta_tillerNr_31_41","DFG2020","biomasscut","31_41",NA
"220_Split_Alves",-4.924999975375,"ab","nitrogen:appl:var","Delta_tillerNr_31_41","DFG2020","biomasscut","31_41",NA
"176_Combined_Capone",-4.94999997525,"ab","nitrogen:appl:var","Delta_tillerNr_31_41","DFG2020","biomasscut","31_41",NA
"176_Combined_Apertus",-5.04999997475,"ab","nitrogen:appl:var","Delta_tillerNr_31_41","DFG2020","biomasscut","31_41",NA
"176_Combined_Alves",-5.14999997425,"ab","nitrogen:appl:var","Delta_tillerNr_31_41","DFG2020","biomasscut","31_41",NA
"176_Split_Capone",-5.199999974,"ab","nitrogen:appl:var","Delta_tillerNr_31_41","DFG2020","biomasscut","31_41",NA
"176_Split_Potenzial",-5.24999997375,"ab","nitrogen:appl:var","Delta_tillerNr_31_41","DFG2020","biomasscut","31_41",NA
"220_Combined_Apertus",-5.24999997375,"ab","nitrogen:appl:var","Delta_tillerNr_31_41","DFG2020","biomasscut","31_41",NA
"176_Split_Alves",-5.324999973375,"ab","nitrogen:appl:var","Delta_tillerNr_31_41","DFG2020","biomasscut","31_41",NA
"176_Split_Apertus",-5.324999973375,"ab","nitrogen:appl:var","Delta_tillerNr_31_41","DFG2020","biomasscut","31_41",NA
"220_Split_Potenzial",-5.374999973125,"ab","nitrogen:appl:var","Delta_tillerNr_31_41","DFG2020","biomasscut","31_41",NA
"220_Split_Torrild",-5.84999997075,"ab","nitrogen:appl:var","Delta_tillerNr_31_41","DFG2020","biomasscut","31_41",NA
"220_Split_Pionier",-6.24999996875,"ab","nitrogen:appl:var","Delta_tillerNr_31_41","DFG2020","biomasscut","31_41",NA
"176_Split_Esket",-6.74999996625,"b","nitrogen:appl:var","Delta_tillerNr_31_41","DFG2020","biomasscut","31_41",NA
"220_Split_Capone",-7.174999964125,"b","nitrogen:appl:var","Delta_tillerNr_31_41","DFG2020","biomasscut","31_41",NA
"176_Split_Pionier",-7.2999999635,"b","nitrogen:appl:var","Delta_tillerNr_31_41","DFG2020","biomasscut","31_41",NA
"Combined",-3.32812498335938,"a","appl","Delta_tillerNr_31_61","DFG2020","biomasscut","31_61",NA
"Split",-4.49218747753906,"b","appl","Delta_tillerNr_31_61","DFG2020","biomasscut","31_61",NA
"Torrild",-2.774999986125,"a","var","Delta_tillerNr_31_61","DFG2020","biomasscut","31_61",NA
"Patras",-3.3624999831875,"ab","var","Delta_tillerNr_31_61","DFG2020","biomasscut","31_61",NA
"Esket",-3.40624998296875,"ab","var","Delta_tillerNr_31_61","DFG2020","biomasscut","31_61",NA
"Apertus",-3.94999998025,"ab","var","Delta_tillerNr_31_61","DFG2020","biomasscut","31_61",NA
"Potenzial",-4.074999979625,"ab","var","Delta_tillerNr_31_61","DFG2020","biomasscut","31_61",NA
"Capone",-4.1874999790625,"ab","var","Delta_tillerNr_31_61","DFG2020","biomasscut","31_61",NA
"Alves",-4.2874999785625,"ab","var","Delta_tillerNr_31_61","DFG2020","biomasscut","31_61",NA
"Pionier",-5.2374999738125,"b","var","Delta_tillerNr_31_61","DFG2020","biomasscut","31_61",NA
"Late_Torrild",-2.4624999876875,"a","timeid:var","Delta_tillerNr_31_61","DFG2020","biomasscut","31_61",NA
"Early_Esket",-2.5124999874375,"a","timeid:var","Delta_tillerNr_31_61","DFG2020","biomasscut","31_61",NA
"Late_Potenzial",-2.9874999850625,"ab","timeid:var","Delta_tillerNr_31_61","DFG2020","biomasscut","31_61",NA
"Late_Patras",-3.024999984875,"ab","timeid:var","Delta_tillerNr_31_61","DFG2020","biomasscut","31_61",NA
"Early_Torrild",-3.0874999845625,"ab","timeid:var","Delta_tillerNr_31_61","DFG2020","biomasscut","31_61",NA
"Late_Apertus",-3.14999998425,"ab","timeid:var","Delta_tillerNr_31_61","DFG2020","biomasscut","31_61",NA
"Early_Alves",-3.54999998225,"ab","timeid:var","Delta_tillerNr_31_61","DFG2020","biomasscut","31_61",NA
"Early_Patras",-3.6999999815,"ab","timeid:var","Delta_tillerNr_31_61","DFG2020","biomasscut","31_61",NA
"Late_Capone",-3.9374999803125,"ab","timeid:var","Delta_tillerNr_31_61","DFG2020","biomasscut","31_61",NA
"Late_Esket",-4.2999999785,"ab","timeid:var","Delta_tillerNr_31_61","DFG2020","biomasscut","31_61",NA
"Early_Capone",-4.4374999778125,"ab","timeid:var","Delta_tillerNr_31_61","DFG2020","biomasscut","31_61",NA
"Early_Apertus",-4.74999997625,"ab","timeid:var","Delta_tillerNr_31_61","DFG2020","biomasscut","31_61",NA
"Late_Alves",-5.024999974875,"ab","timeid:var","Delta_tillerNr_31_61","DFG2020","biomasscut","31_61",NA
"Late_Pionier",-5.024999974875,"ab","timeid:var","Delta_tillerNr_31_61","DFG2020","biomasscut","31_61",NA
"Early_Potenzial",-5.1624999741875,"ab","timeid:var","Delta_tillerNr_31_61","DFG2020","biomasscut","31_61",NA
"Early_Pionier",-5.44999997275,"b","timeid:var","Delta_tillerNr_31_61","DFG2020","biomasscut","31_61",NA
"220_Combined_Torrild",-1.224999993875,"a","nitrogen:appl:var","Delta_tillerNr_31_61","DFG2020","biomasscut","31_61",NA
"220_Split_Esket",-1.724999991375,"a","nitrogen:appl:var","Delta_tillerNr_31_61","DFG2020","biomasscut","31_61",NA
"220_Split_Apertus",-1.924999990375,"ab","nitrogen:appl:var","Delta_tillerNr_31_61","DFG2020","biomasscut","31_61",NA
"220_Combined_Potenzial",-2.274999988625,"ab","nitrogen:appl:var","Delta_tillerNr_31_61","DFG2020","biomasscut","31_61",NA
"176_Split_Torrild",-2.324999988375,"ab","nitrogen:appl:var","Delta_tillerNr_31_61","DFG2020","biomasscut","31_61",NA
"220_Combined_Patras",-2.424999987875,"ab","nitrogen:appl:var","Delta_tillerNr_31_61","DFG2020","biomasscut","31_61",NA
"220_Combined_Capone",-2.54999998725,"ab","nitrogen:appl:var","Delta_tillerNr_31_61","DFG2020","biomasscut","31_61",NA
"220_Combined_Esket",-2.54999998725,"ab","nitrogen:appl:var","Delta_tillerNr_31_61","DFG2020","biomasscut","31_61",NA
"176_Combined_Torrild",-2.774999986125,"ab","nitrogen:appl:var","Delta_tillerNr_31_61","DFG2020","biomasscut","31_61",NA
"176_Combined_Patras",-2.999999985,"ab","nitrogen:appl:var","Delta_tillerNr_31_61","DFG2020","biomasscut","31_61",NA
"176_Combined_Pionier",-3.124999984375,"ab","nitrogen:appl:var","Delta_tillerNr_31_61","DFG2020","biomasscut","31_61",NA
"176_Combined_Esket",-3.274999983625,"ab","nitrogen:appl:var","Delta_tillerNr_31_61","DFG2020","biomasscut","31_61",NA
"220_Combined_Alves",-3.374999983125,"ab","nitrogen:appl:var","Delta_tillerNr_31_61","DFG2020","biomasscut","31_61",NA
"220_Split_Patras",-3.4999999825,"ab","nitrogen:appl:var","Delta_tillerNr_31_61","DFG2020","biomasscut","31_61",NA
"176_Combined_Apertus",-4.074999979625,"ab","nitrogen:appl:var","Delta_tillerNr_31_61","DFG2020","biomasscut","31_61",NA
"176_Combined_Capone",-4.174999979125,"ab","nitrogen:appl:var","Delta_tillerNr_31_61","DFG2020","biomasscut","31_61",NA
"176_Split_Capone",-4.199999979,"ab","nitrogen:appl:var","Delta_tillerNr_31_61","DFG2020","biomasscut","31_61",NA
"220_Split_Potenzial",-4.24999997875,"ab","nitrogen:appl:var","Delta_tillerNr_31_61","DFG2020","biomasscut","31_61",NA
"176_Combined_Potenzial",-4.399999978,"ab","nitrogen:appl:var","Delta_tillerNr_31_61","DFG2020","biomasscut","31_61",NA
"220_Split_Alves",-4.4999999775,"ab","nitrogen:appl:var","Delta_tillerNr_31_61","DFG2020","biomasscut","31_61",NA
"176_Split_Patras",-4.524999977375,"ab","nitrogen:appl:var","Delta_tillerNr_31_61","DFG2020","biomasscut","31_61",NA
"220_Combined_Pionier",-4.574999977125,"ab","nitrogen:appl:var","Delta_tillerNr_31_61","DFG2020","biomasscut","31_61",NA
"176_Split_Alves",-4.624999976875,"ab","nitrogen:appl:var","Delta_tillerNr_31_61","DFG2020","biomasscut","31_61",NA
"176_Combined_Alves",-4.64999997675,"ab","nitrogen:appl:var","Delta_tillerNr_31_61","DFG2020","biomasscut","31_61",NA
"220_Split_Torrild",-4.774999976125,"ab","nitrogen:appl:var","Delta_tillerNr_31_61","DFG2020","biomasscut","31_61",NA
"220_Combined_Apertus",-4.799999976,"ab","nitrogen:appl:var","Delta_tillerNr_31_61","DFG2020","biomasscut","31_61",NA
"176_Split_Apertus",-4.999999975,"ab","nitrogen:appl:var","Delta_tillerNr_31_61","DFG2020","biomasscut","31_61",NA
"176_Split_Potenzial",-5.374999973125,"ab","nitrogen:appl:var","Delta_tillerNr_31_61","DFG2020","biomasscut","31_61",NA
"220_Split_Pionier",-5.799999971,"ab","nitrogen:appl:var","Delta_tillerNr_31_61","DFG2020","biomasscut","31_61",NA
"220_Split_Capone",-5.824999970875,"ab","nitrogen:appl:var","Delta_tillerNr_31_61","DFG2020","biomasscut","31_61",NA
"176_Split_Esket",-6.074999969625,"ab","nitrogen:appl:var","Delta_tillerNr_31_61","DFG2020","biomasscut","31_61",NA
"176_Split_Pionier",-7.44999996275,"b","nitrogen:appl:var","Delta_tillerNr_31_61","DFG2020","biomasscut","31_61",NA
"Combined_Late",0.2999999985,"a","appl:timeid","Delta_tillerNr_41_51","DFG2020","biomasscut","41_51",NA
"Split_Early",0.0374999998125,"b","appl:timeid","Delta_tillerNr_41_51","DFG2020","biomasscut","41_51",NA
"Split_Late",-0.14374999928125,"b","appl:timeid","Delta_tillerNr_41_51","DFG2020","biomasscut","41_51",NA
"Combined_Early",-0.4874999975625,"c","appl:timeid","Delta_tillerNr_41_51","DFG2020","biomasscut","41_51",NA
"176_Combined_Late",0.46874999765625,"a","nitrogen:appl:timeid","Delta_tillerNr_41_51","DFG2020","biomasscut","41_51",NA
"220_Split_Late",0.3874999980625,"ab","nitrogen:appl:timeid","Delta_tillerNr_41_51","DFG2020","biomasscut","41_51",NA
"220_Split_Early",0.15624999921875,"ab","nitrogen:appl:timeid","Delta_tillerNr_41_51","DFG2020","biomasscut","41_51",NA
"220_Combined_Late",0.13124999934375,"ab","nitrogen:appl:timeid","Delta_tillerNr_41_51","DFG2020","biomasscut","41_51",NA
"176_Split_Early",-0.0812499995937499,"bc","nitrogen:appl:timeid","Delta_tillerNr_41_51","DFG2020","biomasscut","41_51",NA
"176_Combined_Early",-0.48124999759375,"cd","nitrogen:appl:timeid","Delta_tillerNr_41_51","DFG2020","biomasscut","41_51",NA
"220_Combined_Early",-0.49374999753125,"cd","nitrogen:appl:timeid","Delta_tillerNr_41_51","DFG2020","biomasscut","41_51",NA
"176_Split_Late",-0.674999996625,"d","nitrogen:appl:timeid","Delta_tillerNr_41_51","DFG2020","biomasscut","41_51",NA
"220_Split_Capone",1.024999994875,"a","nitrogen:appl:var","Delta_tillerNr_41_51","DFG2020","biomasscut","41_51",NA
"220_Split_Apertus",0.774999996125,"ab","nitrogen:appl:var","Delta_tillerNr_41_51","DFG2020","biomasscut","41_51",NA
"220_Split_Pionier",0.724999996375,"ab","nitrogen:appl:var","Delta_tillerNr_41_51","DFG2020","biomasscut","41_51",NA
"176_Combined_Capone",0.64999999675,"abc","nitrogen:appl:var","Delta_tillerNr_41_51","DFG2020","biomasscut","41_51",NA
"176_Combined_Apertus",0.574999997125,"abc","nitrogen:appl:var","Delta_tillerNr_41_51","DFG2020","biomasscut","41_51",NA
"176_Combined_Esket",0.524999997375,"abc","nitrogen:appl:var","Delta_tillerNr_41_51","DFG2020","biomasscut","41_51",NA
"176_Split_Pionier",0.424999997875,"abc","nitrogen:appl:var","Delta_tillerNr_41_51","DFG2020","biomasscut","41_51",NA
"220_Split_Esket",0.424999997875,"abc","nitrogen:appl:var","Delta_tillerNr_41_51","DFG2020","biomasscut","41_51",NA
"220_Combined_Pionier",0.399999998,"abc","nitrogen:appl:var","Delta_tillerNr_41_51","DFG2020","biomasscut","41_51",NA
"220_Split_Potenzial",0.399999998,"abc","nitrogen:appl:var","Delta_tillerNr_41_51","DFG2020","biomasscut","41_51",NA
"220_Split_Torrild",0.34999999825,"abc","nitrogen:appl:var","Delta_tillerNr_41_51","DFG2020","biomasscut","41_51",NA
"176_Combined_Alves",0.224999998875,"abc","nitrogen:appl:var","Delta_tillerNr_41_51","DFG2020","biomasscut","41_51",NA
"220_Combined_Potenzial",0.0999999995,"abc","nitrogen:appl:var","Delta_tillerNr_41_51","DFG2020","biomasscut","41_51",NA
"176_Combined_Patras",0.074999999625,"abc","nitrogen:appl:var","Delta_tillerNr_41_51","DFG2020","biomasscut","41_51",NA
"176_Split_Esket",0.0499999997500002,"abc","nitrogen:appl:var","Delta_tillerNr_41_51","DFG2020","biomasscut","41_51",NA
"220_Combined_Patras",-1.38777878078145e-17,"abc","nitrogen:appl:var","Delta_tillerNr_41_51","DFG2020","biomasscut","41_51",NA
"220_Combined_Alves",-0.124999999375,"abc","nitrogen:appl:var","Delta_tillerNr_41_51","DFG2020","biomasscut","41_51",NA
"176_Split_Capone",-0.174999999125,"abc","nitrogen:appl:var","Delta_tillerNr_41_51","DFG2020","biomasscut","41_51",NA
"176_Split_Apertus",-0.199999999,"abc","nitrogen:appl:var","Delta_tillerNr_41_51","DFG2020","biomasscut","41_51",NA
"176_Split_Patras",-0.199999999,"abc","nitrogen:appl:var","Delta_tillerNr_41_51","DFG2020","biomasscut","41_51",NA
"220_Combined_Apertus",-0.324999998375,"abc","nitrogen:appl:var","Delta_tillerNr_41_51","DFG2020","biomasscut","41_51",NA
"176_Combined_Potenzial",-0.374999998125,"abc","nitrogen:appl:var","Delta_tillerNr_41_51","DFG2020","biomasscut","41_51",NA
"220_Combined_Torrild",-0.424999997875,"abc","nitrogen:appl:var","Delta_tillerNr_41_51","DFG2020","biomasscut","41_51",NA
"220_Combined_Capone",-0.44999999775,"abc","nitrogen:appl:var","Delta_tillerNr_41_51","DFG2020","biomasscut","41_51",NA
"220_Split_Alves",-0.54999999725,"abc","nitrogen:appl:var","Delta_tillerNr_41_51","DFG2020","biomasscut","41_51",NA
"176_Combined_Pionier",-0.624999996875,"abc","nitrogen:appl:var","Delta_tillerNr_41_51","DFG2020","biomasscut","41_51",NA
"220_Combined_Esket",-0.624999996875,"abc","nitrogen:appl:var","Delta_tillerNr_41_51","DFG2020","biomasscut","41_51",NA
"176_Split_Alves",-0.64999999675,"abc","nitrogen:appl:var","Delta_tillerNr_41_51","DFG2020","biomasscut","41_51",NA
"220_Split_Patras",-0.974999995125,"bc","nitrogen:appl:var","Delta_tillerNr_41_51","DFG2020","biomasscut","41_51",NA
"176_Split_Torrild",-0.999999995,"bc","nitrogen:appl:var","Delta_tillerNr_41_51","DFG2020","biomasscut","41_51",NA
"176_Combined_Torrild",-1.0999999945,"bc","nitrogen:appl:var","Delta_tillerNr_41_51","DFG2020","biomasscut","41_51",NA
"176_Split_Potenzial",-1.274999993625,"c","nitrogen:appl:var","Delta_tillerNr_41_51","DFG2020","biomasscut","41_51",NA
"176_Split_Potenzial",1.24999999375,"a","nitrogen:appl:var","Delta_tillerNr_61_87","DFG2020","biomasscut","61_87",NA
"220_Combined_Pionier",1.199999994,"a","nitrogen:appl:var","Delta_tillerNr_61_87","DFG2020","biomasscut","61_87",NA
"176_Split_Pionier",0.94999999525,"a","nitrogen:appl:var","Delta_tillerNr_61_87","DFG2020","biomasscut","61_87",NA
"176_Combined_Torrild",0.874999995625,"a","nitrogen:appl:var","Delta_tillerNr_61_87","DFG2020","biomasscut","61_87",NA
"220_Split_Torrild",0.84999999575,"a","nitrogen:appl:var","Delta_tillerNr_61_87","DFG2020","biomasscut","61_87",NA
"176_Split_Patras",0.624999996875,"a","nitrogen:appl:var","Delta_tillerNr_61_87","DFG2020","biomasscut","61_87",NA
"176_Split_Esket",0.474999997625,"a","nitrogen:appl:var","Delta_tillerNr_61_87","DFG2020","biomasscut","61_87",NA
"176_Split_Apertus",0.34999999825,"a","nitrogen:appl:var","Delta_tillerNr_61_87","DFG2020","biomasscut","61_87",NA
"176_Combined_Potenzial",0.24999999875,"a","nitrogen:appl:var","Delta_tillerNr_61_87","DFG2020","biomasscut","61_87",NA
"220_Split_Capone",0.224999998875,"a","nitrogen:appl:var","Delta_tillerNr_61_87","DFG2020","biomasscut","61_87",NA
"220_Split_Potenzial",-0.024999999875,"a","nitrogen:appl:var","Delta_tillerNr_61_87","DFG2020","biomasscut","61_87",NA
"176_Combined_Capone",-0.04999999975,"a","nitrogen:appl:var","Delta_tillerNr_61_87","DFG2020","biomasscut","61_87",NA
"176_Combined_Alves",-0.074999999625,"a","nitrogen:appl:var","Delta_tillerNr_61_87","DFG2020","biomasscut","61_87",NA
"176_Combined_Patras",-0.14999999925,"a","nitrogen:appl:var","Delta_tillerNr_61_87","DFG2020","biomasscut","61_87",NA
"176_Combined_Esket",-0.199999999,"a","nitrogen:appl:var","Delta_tillerNr_61_87","DFG2020","biomasscut","61_87",NA
"220_Combined_Alves",-0.224999998875,"a","nitrogen:appl:var","Delta_tillerNr_61_87","DFG2020","biomasscut","61_87",NA
"220_Split_Patras",-0.24999999875,"a","nitrogen:appl:var","Delta_tillerNr_61_87","DFG2020","biomasscut","61_87",NA
"220_Combined_Apertus",-0.2999999985,"a","nitrogen:appl:var","Delta_tillerNr_61_87","DFG2020","biomasscut","61_87",NA
"220_Combined_Torrild",-0.2999999985,"a","nitrogen:appl:var","Delta_tillerNr_61_87","DFG2020","biomasscut","61_87",NA
"176_Combined_Apertus",-0.324999998375,"a","nitrogen:appl:var","Delta_tillerNr_61_87","DFG2020","biomasscut","61_87",NA
"220_Combined_Patras",-0.324999998375,"a","nitrogen:appl:var","Delta_tillerNr_61_87","DFG2020","biomasscut","61_87",NA
"220_Split_Pionier",-0.4999999975,"a","nitrogen:appl:var","Delta_tillerNr_61_87","DFG2020","biomasscut","61_87",NA
"220_Combined_Potenzial",-0.674999996625,"a","nitrogen:appl:var","Delta_tillerNr_61_87","DFG2020","biomasscut","61_87",NA
"220_Split_Apertus",-0.6999999965,"a","nitrogen:appl:var","Delta_tillerNr_61_87","DFG2020","biomasscut","61_87",NA
"176_Split_Alves",-0.724999996375,"a","nitrogen:appl:var","Delta_tillerNr_61_87","DFG2020","biomasscut","61_87",NA
"176_Combined_Pionier",-0.774999996125,"a","nitrogen:appl:var","Delta_tillerNr_61_87","DFG2020","biomasscut","61_87",NA
"220_Split_Esket",-0.774999996125,"a","nitrogen:appl:var","Delta_tillerNr_61_87","DFG2020","biomasscut","61_87",NA
"220_Split_Alves",-0.84999999575,"a","nitrogen:appl:var","Delta_tillerNr_61_87","DFG2020","biomasscut","61_87",NA
"220_Combined_Capone",-0.874999995625,"a","nitrogen:appl:var","Delta_tillerNr_61_87","DFG2020","biomasscut","61_87",NA
"176_Split_Capone",-1.224999993875,"a","nitrogen:appl:var","Delta_tillerNr_61_87","DFG2020","biomasscut","61_87",NA
"220_Combined_Esket",-1.34999999325,"a","nitrogen:appl:var","Delta_tillerNr_61_87","DFG2020","biomasscut","61_87",NA
"176_Split_Torrild",-2.224999988875,"a","nitrogen:appl:var","Delta_tillerNr_61_87","DFG2020","biomasscut","61_87",NA
"Split_Patras",50.4537953416252,"a","appl:var","E","DFG2020",NA,"31_61",NA
"Combined_Esket",45.2392362189966,"ab","appl:var","E","DFG2020",NA,"31_61",NA
"Split_Apertus",44.8884372398915,"ab","appl:var","E","DFG2020",NA,"31_61",NA
"Combined_Pionier",44.3523726723845,"ab","appl:var","E","DFG2020",NA,"31_61",NA
"Split_Potenzial",43.4208346782473,"ab","appl:var","E","DFG2020",NA,"31_61",NA
"Split_Capone",43.3824995550856,"ab","appl:var","E","DFG2020",NA,"31_61",NA
"Split_Pionier",43.1028971502796,"ab","appl:var","E","DFG2020",NA,"31_61",NA
"Combined_Potenzial",41.8139436321028,"ab","appl:var","E","DFG2020",NA,"31_61",NA
"Combined_Capone",41.5652356981203,"ab","appl:var","E","DFG2020",NA,"31_61",NA
"Combined_Torrild",40.5576478118171,"ab","appl:var","E","DFG2020",NA,"31_61",NA
"Split_Esket",40.2133889885165,"ab","appl:var","E","DFG2020",NA,"31_61",NA
"Combined_Apertus",39.237329623264,"ab","appl:var","E","DFG2020",NA,"31_61",NA
"Combined_Alves",38.4013999049721,"ab","appl:var","E","DFG2020",NA,"31_61",NA
"Combined_Patras",37.9287696074959,"ab","appl:var","E","DFG2020",NA,"31_61",NA
"Split_Alves",37.2424213638431,"ab","appl:var","E","DFG2020",NA,"31_61",NA
"Split_Torrild",34.3219767047106,"b","appl:var","E","DFG2020",NA,"31_61",NA
"176_Split_Patras",54.9864908585355,"a","nitrogen:appl:var","E","DFG2020",NA,"31_61",NA
"176_Combined_Esket",49.8436860027278,"ab","nitrogen:appl:var","E","DFG2020",NA,"31_61",NA
"176_Split_Apertus",48.8319671485332,"ab","nitrogen:appl:var","E","DFG2020",NA,"31_61",NA
"220_Combined_Pionier",47.6638475565381,"ab","nitrogen:appl:var","E","DFG2020",NA,"31_61",NA
"176_Combined_Capone",47.1583539296725,"abc","nitrogen:appl:var","E","DFG2020",NA,"31_61",NA
"220_Split_Capone",46.9630255039419,"abc","nitrogen:appl:var","E","DFG2020",NA,"31_61",NA
"176_Combined_Torrild",46.2044022070361,"abc","nitrogen:appl:var","E","DFG2020",NA,"31_61",NA
"176_Split_Pionier",46.0648971105615,"abc","nitrogen:appl:var","E","DFG2020",NA,"31_61",NA
"220_Split_Patras",45.9210998247149,"abc","nitrogen:appl:var","E","DFG2020",NA,"31_61",NA
"176_Combined_Potenzial",45.5664218493056,"abc","nitrogen:appl:var","E","DFG2020",NA,"31_61",NA
"176_Split_Potenzial",45.5001316078142,"abc","nitrogen:appl:var","E","DFG2020",NA,"31_61",NA
"176_Split_Esket",42.6531725483714,"abc","nitrogen:appl:var","E","DFG2020",NA,"31_61",NA
"220_Split_Apertus",41.6021623160234,"abc","nitrogen:appl:var","E","DFG2020",NA,"31_61",NA
"220_Split_Potenzial",41.3415377486805,"abc","nitrogen:appl:var","E","DFG2020",NA,"31_61",NA
"176_Combined_Alves",41.1976736949166,"abc","nitrogen:appl:var","E","DFG2020",NA,"31_61",NA
"176_Combined_Pionier",41.040897788231,"abc","nitrogen:appl:var","E","DFG2020",NA,"31_61",NA
"220_Split_Alves",40.7120115863734,"abc","nitrogen:appl:var","E","DFG2020",NA,"31_61",NA
"176_Combined_Apertus",40.6926252924005,"abc","nitrogen:appl:var","E","DFG2020",NA,"31_61",NA
"220_Combined_Esket",40.6347864352654,"abc","nitrogen:appl:var","E","DFG2020",NA,"31_61",NA
"220_Split_Torrild",40.6143906607683,"abc","nitrogen:appl:var","E","DFG2020",NA,"31_61",NA
"220_Split_Pionier",40.1408971899978,"abc","nitrogen:appl:var","E","DFG2020",NA,"31_61",NA
"176_Split_Capone",39.8019736062293,"abc","nitrogen:appl:var","E","DFG2020",NA,"31_61",NA
"176_Combined_Patras",38.1188455257903,"abc","nitrogen:appl:var","E","DFG2020",NA,"31_61",NA
"220_Combined_Potenzial",38.0614654149001,"abc","nitrogen:appl:var","E","DFG2020",NA,"31_61",NA
"220_Combined_Apertus",37.7820339541275,"abc","nitrogen:appl:var","E","DFG2020",NA,"31_61",NA
"220_Split_Esket",37.7736054286617,"abc","nitrogen:appl:var","E","DFG2020",NA,"31_61",NA
"220_Combined_Patras",37.7386936892016,"abc","nitrogen:appl:var","E","DFG2020",NA,"31_61",NA
"220_Combined_Capone",35.9721174665681,"abc","nitrogen:appl:var","E","DFG2020",NA,"31_61",NA
"220_Combined_Alves",35.6051261150276,"abc","nitrogen:appl:var","E","DFG2020",NA,"31_61",NA
"220_Combined_Torrild",34.9108934165981,"bc","nitrogen:appl:var","E","DFG2020",NA,"31_61",NA
"176_Split_Alves",33.7728311413128,"bc","nitrogen:appl:var","E","DFG2020",NA,"31_61",NA
"176_Split_Torrild",28.0295627486529,"c","nitrogen:appl:var","E","DFG2020",NA,"31_61",NA
"Capone",0.0156589653387351,"a","var","EGR_tt_51_61","DFG2020","ear","51_61",NA
"Esket",0.014813280948892,"a","var","EGR_tt_51_61","DFG2020","ear","51_61",NA
"Apertus",0.0145408310810302,"a","var","EGR_tt_51_61","DFG2020","ear","51_61",NA
"Torrild",0.0141615808649666,"a","var","EGR_tt_51_61","DFG2020","ear","51_61",NA
"Pionier",0.0139370821738485,"a","var","EGR_tt_51_61","DFG2020","ear","51_61",NA
"Potenzial",0.0116368787561138,"a","var","EGR_tt_51_61","DFG2020","ear","51_61",NA
"Alves",0.0109176111049586,"a","var","EGR_tt_51_61","DFG2020","ear","51_61",NA
"Patras",0.0108158964876235,"a","var","EGR_tt_51_61","DFG2020","ear","51_61",NA
"Combined_Capone",0.0178465561444202,"a","appl:var","EGR_tt_51_61","DFG2020","ear","51_61",NA
"Split_Torrild",0.0175719266776155,"ab","appl:var","EGR_tt_51_61","DFG2020","ear","51_61",NA
"Combined_Pionier",0.0165838418235033,"ab","appl:var","EGR_tt_51_61","DFG2020","ear","51_61",NA
"Combined_Apertus",0.0159997093068076,"abc","appl:var","EGR_tt_51_61","DFG2020","ear","51_61",NA
"Combined_Esket",0.0152121475554417,"abc","appl:var","EGR_tt_51_61","DFG2020","ear","51_61",NA
"Split_Esket",0.0144144143423423,"abc","appl:var","EGR_tt_51_61","DFG2020","ear","51_61",NA
"Split_Capone",0.01347137453305,"abc","appl:var","EGR_tt_51_61","DFG2020","ear","51_61",NA
"Split_Apertus",0.0130819528552528,"abc","appl:var","EGR_tt_51_61","DFG2020","ear","51_61",NA
"Split_Alves",0.0130005811613848,"abc","appl:var","EGR_tt_51_61","DFG2020","ear","51_61",NA
"Combined_Potenzial",0.0126939842434176,"abc","appl:var","EGR_tt_51_61","DFG2020","ear","51_61",NA
"Combined_Patras",0.0123234524231255,"abc","appl:var","EGR_tt_51_61","DFG2020","ear","51_61",NA
"Split_Pionier",0.0112903225241936,"abc","appl:var","EGR_tt_51_61","DFG2020","ear","51_61",NA
"Combined_Torrild",0.0107512350523176,"abc","appl:var","EGR_tt_51_61","DFG2020","ear","51_61",NA
"Split_Potenzial",0.0105797732688099,"bc","appl:var","EGR_tt_51_61","DFG2020","ear","51_61",NA
"Split_Patras",0.00930834055212148,"c","appl:var","EGR_tt_51_61","DFG2020","ear","51_61",NA
"Combined_Alves",0.00883464104853239,"c","appl:var","EGR_tt_51_61","DFG2020","ear","51_61",NA
"220_Early_Esket",0.0261493750508863,"a","nitrogen:timeid:var","EGR_tt_51_61","DFG2020","ear","51_61",NA
"220_Early_Capone",0.0203807031820256,"ab","nitrogen:timeid:var","EGR_tt_51_61","DFG2020","ear","51_61",NA
"220_Late_Apertus",0.0181836674475879,"abc","nitrogen:timeid:var","EGR_tt_51_61","DFG2020","ear","51_61",NA
"220_Late_Pionier",0.017460040598547,"abc","nitrogen:timeid:var","EGR_tt_51_61","DFG2020","ear","51_61",NA
"220_Early_Alves",0.0171519906146178,"abc","nitrogen:timeid:var","EGR_tt_51_61","DFG2020","ear","51_61",NA
"220_Late_Torrild",0.0166957279025719,"abc","nitrogen:timeid:var","EGR_tt_51_61","DFG2020","ear","51_61",NA
"220_Late_Capone",0.0164574250848155,"abc","nitrogen:timeid:var","EGR_tt_51_61","DFG2020","ear","51_61",NA
"176_Late_Torrild",0.0159837255812264,"abc","nitrogen:timeid:var","EGR_tt_51_61","DFG2020","ear","51_61",NA
"176_Late_Capone",0.0159372274704446,"abc","nitrogen:timeid:var","EGR_tt_51_61","DFG2020","ear","51_61",NA
"176_Late_Pionier",0.0155361812649521,"abc","nitrogen:timeid:var","EGR_tt_51_61","DFG2020","ear","51_61",NA
"176_Late_Apertus",0.0152775355237286,"abc","nitrogen:timeid:var","EGR_tt_51_61","DFG2020","ear","51_61",NA
"220_Early_Patras",0.0149636732759517,"abc","nitrogen:timeid:var","EGR_tt_51_61","DFG2020","ear","51_61",NA
"176_Late_Patras",0.0145103166958297,"abc","nitrogen:timeid:var","EGR_tt_51_61","DFG2020","ear","51_61",NA
"220_Early_Potenzial",0.0145015983000581,"abc","nitrogen:timeid:var","EGR_tt_51_61","DFG2020","ear","51_61",NA
"220_Late_Esket",0.0141586747330427,"abc","nitrogen:timeid:var","EGR_tt_51_61","DFG2020","ear","51_61",NA
"176_Early_Apertus",0.0136326648548242,"abc","nitrogen:timeid:var","EGR_tt_51_61","DFG2020","ear","51_61",NA
"220_Early_Pionier",0.012830572443839,"abc","nitrogen:timeid:var","EGR_tt_51_61","DFG2020","ear","51_61",NA
"176_Late_Potenzial",0.0124120894468033,"abc","nitrogen:timeid:var","EGR_tt_51_61","DFG2020","ear","51_61",NA
"220_Late_Potenzial",0.0123714035998692,"abc","nitrogen:timeid:var","EGR_tt_51_61","DFG2020","ear","51_61",NA
"176_Early_Torrild",0.0121679743651991,"abc","nitrogen:timeid:var","EGR_tt_51_61","DFG2020","ear","51_61",NA
"220_Early_Torrild",0.0117988956108689,"abc","nitrogen:timeid:var","EGR_tt_51_61","DFG2020","ear","51_61",NA
"176_Late_Esket",0.0114443475161581,"abc","nitrogen:timeid:var","EGR_tt_51_61","DFG2020","ear","51_61",NA
"220_Early_Apertus",0.0110694564979802,"abc","nitrogen:timeid:var","EGR_tt_51_61","DFG2020","ear","51_61",NA
"176_Late_Alves",0.0101598372058123,"bc","nitrogen:timeid:var","EGR_tt_51_61","DFG2020","ear","51_61",NA
"176_Early_Pionier",0.00992153438805579,"bc","nitrogen:timeid:var","EGR_tt_51_61","DFG2020","ear","51_61",NA
"220_Late_Patras",0.00990119146458881,"bc","nitrogen:timeid:var","EGR_tt_51_61","DFG2020","ear","51_61",NA
"176_Early_Capone",0.00986050561765473,"bc","nitrogen:timeid:var","EGR_tt_51_61","DFG2020","ear","51_61",NA
"176_Early_Alves",0.00965707638298458,"bc","nitrogen:timeid:var","EGR_tt_51_61","DFG2020","ear","51_61",NA
"176_Early_Esket",0.00750072649548095,"bc","nitrogen:timeid:var","EGR_tt_51_61","DFG2020","ear","51_61",NA
"176_Early_Potenzial",0.0072624236777245,"bc","nitrogen:timeid:var","EGR_tt_51_61","DFG2020","ear","51_61",NA
"220_Late_Alves",0.00670154021641966,"bc","nitrogen:timeid:var","EGR_tt_51_61","DFG2020","ear","51_61",NA
"176_Early_Patras",0.0038884045141238,"c","nitrogen:timeid:var","EGR_tt_51_61","DFG2020","ear","51_61",NA
"220_Capone",0.01620603398122,"a","nitrogen:var","EGR_tt_61_87","DFG2020","ear","61_87",NA
"220_Torrild",0.0145370148619822,"ab","nitrogen:var","EGR_tt_61_87","DFG2020","ear","61_87",NA
"220_Pionier",0.0139610078905075,"abc","nitrogen:var","EGR_tt_61_87","DFG2020","ear","61_87",NA
"220_Apertus",0.0139382789667682,"abc","nitrogen:var","EGR_tt_61_87","DFG2020","ear","61_87",NA
"220_Potenzial",0.0133551108275401,"abc","nitrogen:var","EGR_tt_61_87","DFG2020","ear","61_87",NA
"176_Potenzial",0.0129431880041558,"abc","nitrogen:var","EGR_tt_61_87","DFG2020","ear","61_87",NA
"176_Pionier",0.0125806149672464,"bc","nitrogen:var","EGR_tt_61_87","DFG2020","ear","61_87",NA
"220_Patras",0.0124289850239447,"bc","nitrogen:var","EGR_tt_61_87","DFG2020","ear","61_87",NA
"176_Apertus",0.0123444521089418,"bc","nitrogen:var","EGR_tt_61_87","DFG2020","ear","61_87",NA
"220_Esket",0.0119666226711664,"bc","nitrogen:var","EGR_tt_61_87","DFG2020","ear","61_87",NA
"176_Esket",0.0119189853378498,"bc","nitrogen:var","EGR_tt_61_87","DFG2020","ear","61_87",NA
"176_Torrild",0.0117346631069779,"bc","nitrogen:var","EGR_tt_61_87","DFG2020","ear","61_87",NA
"176_Patras",0.0114525753685152,"bc","nitrogen:var","EGR_tt_61_87","DFG2020","ear","61_87",NA
"176_Capone",0.0114163024970683,"bc","nitrogen:var","EGR_tt_61_87","DFG2020","ear","61_87",NA
"176_Alves",0.0109161104972445,"c","nitrogen:var","EGR_tt_61_87","DFG2020","ear","61_87",NA
"220_Alves",0.0107977955517524,"c","nitrogen:var","EGR_tt_61_87","DFG2020","ear","61_87",NA
"Late",96.0671155668499,"a","timeid","FE","DFG2020",NA,"",NA
"Early",85.7083390718124,"b","timeid","FE","DFG2020",NA,"",NA
"Pionier",112.296734227604,"a","var","FE","DFG2020",NA,"",NA
"Esket",109.556258268249,"ab","var","FE","DFG2020",NA,"",NA
"Potenzial",95.9952964049172,"bc","var","FE","DFG2020",NA,"",NA
"Patras",84.553814067158,"cd","var","FE","DFG2020",NA,"",NA
"Capone",84.3337991911098,"cd","var","FE","DFG2020",NA,"",NA
"Apertus",83.8712048888782,"cd","var","FE","DFG2020",NA,"",NA
"Alves",82.498530105794,"cd","var","FE","DFG2020",NA,"",NA
"Torrild",73.9196341433164,"d","var","FE","DFG2020",NA,"",NA
"176_Late_Esket",123.901007606362,"a","nitrogen:timeid:var","FE","DFG2020",NA,"",NA
"220_Late_Esket",120.546998150183,"ab","nitrogen:timeid:var","FE","DFG2020",NA,"",NA
"220_Late_Pionier",119.803676826988,"abc","nitrogen:timeid:var","FE","DFG2020",NA,"",NA
"220_Late_Potenzial",119.655699185375,"abc","nitrogen:timeid:var","FE","DFG2020",NA,"",NA
"176_Late_Pionier",117.288901132405,"abc","nitrogen:timeid:var","FE","DFG2020",NA,"",NA
"220_Early_Pionier",113.906322968497,"abcd","nitrogen:timeid:var","FE","DFG2020",NA,"",NA
"176_Early_Esket",112.609228857281,"abcd","nitrogen:timeid:var","FE","DFG2020",NA,"",NA
"220_Late_Capone",108.780722436024,"abcd","nitrogen:timeid:var","FE","DFG2020",NA,"",NA
"220_Late_Patras",99.4601409935473,"abcd","nitrogen:timeid:var","FE","DFG2020",NA,"",NA
"176_Early_Potenzial",98.8412796922393,"abcd","nitrogen:timeid:var","FE","DFG2020",NA,"",NA
"220_Late_Alves",98.2988137553837,"abcd","nitrogen:timeid:var","FE","DFG2020",NA,"",NA
"176_Early_Pionier",98.1880359825257,"abcd","nitrogen:timeid:var","FE","DFG2020",NA,"",NA
"176_Early_Patras",95.1053746639157,"abcd","nitrogen:timeid:var","FE","DFG2020",NA,"",NA
"176_Early_Capone",88.8778770361096,"abcd","nitrogen:timeid:var","FE","DFG2020",NA,"",NA
"220_Late_Apertus",87.026867576699,"abcd","nitrogen:timeid:var","FE","DFG2020",NA,"",NA
"220_Early_Apertus",85.3920901353228,"abcd","nitrogen:timeid:var","FE","DFG2020",NA,"",NA
"176_Late_Potenzial",84.6545864777615,"abcd","nitrogen:timeid:var","FE","DFG2020",NA,"",NA
"176_Early_Apertus",83.3407841748248,"abcd","nitrogen:timeid:var","FE","DFG2020",NA,"",NA
"220_Early_Esket",81.1677984591708,"abcd","nitrogen:timeid:var","FE","DFG2020",NA,"",NA
"176_Late_Alves",80.9506486951818,"abcd","nitrogen:timeid:var","FE","DFG2020",NA,"",NA
"220_Early_Potenzial",80.8296202642933,"abcd","nitrogen:timeid:var","FE","DFG2020",NA,"",NA
"176_Late_Apertus",79.6366742163238,"abcd","nitrogen:timeid:var","FE","DFG2020",NA,"",NA
"176_Early_Alves",77.6618463196941,"abcd","nitrogen:timeid:var","FE","DFG2020",NA,"",NA
"220_Late_Torrild",76.2406488823011,"abcd","nitrogen:timeid:var","FE","DFG2020",NA,"",NA
"220_Early_Torrild",75.0012075549239,"abcd","nitrogen:timeid:var","FE","DFG2020",NA,"",NA
"176_Late_Patras",74.2136078393004,"abcd","nitrogen:timeid:var","FE","DFG2020",NA,"",NA
"176_Late_Capone",73.9907123304825,"abcd","nitrogen:timeid:var","FE","DFG2020",NA,"",NA
"220_Early_Alves",73.0828116529163,"bcd","nitrogen:timeid:var","FE","DFG2020",NA,"",NA
"176_Late_Torrild",72.6241429652794,"bcd","nitrogen:timeid:var","FE","DFG2020",NA,"",NA
"176_Early_Torrild",71.812537170761,"bcd","nitrogen:timeid:var","FE","DFG2020",NA,"",NA
"220_Early_Patras",69.4361327718685,"cd","nitrogen:timeid:var","FE","DFG2020",NA,"",NA
"220_Early_Capone",65.6858849618234,"d","nitrogen:timeid:var","FE","DFG2020",NA,"",NA
"Combined",0.5190130811695,"a","appl","HI","DFG2020",NA,"87","2020-07-23"
"Split",0.50722881191724,"b","appl","HI","DFG2020",NA,"87","2020-07-23"
"Patras",0.5274272386131,"a","var","HI","DFG2020",NA,"87","2020-07-23"
"Capone",0.521642380622382,"ab","var","HI","DFG2020",NA,"87","2020-07-23"
"Potenzial",0.519724954697239,"ab","var","HI","DFG2020",NA,"87","2020-07-23"
"Apertus",0.517768372703224,"ab","var","HI","DFG2020",NA,"87","2020-07-23"
"Alves",0.512277921904751,"ab","var","HI","DFG2020",NA,"87","2020-07-23"
"Esket",0.509265779817207,"ab","var","HI","DFG2020",NA,"87","2020-07-23"
"Torrild",0.50169457517485,"ab","var","HI","DFG2020",NA,"87","2020-07-23"
"Pionier",0.495166348814205,"b","var","HI","DFG2020",NA,"87","2020-07-23"
"220",19.1666666666667,"a","nitrogen","Height_31","DFG2020",NA,"31","2020-04-14"
"176",18.2916666666667,"b","nitrogen","Height_31","DFG2020",NA,"31","2020-04-14"
"Split",19.9166666666667,"a","appl","Height_31","DFG2020",NA,"31","2020-04-14"
"Combined",17.5416666666667,"b","appl","Height_31","DFG2020",NA,"31","2020-04-14"
"Early",21.2291666666667,"a","timeid","Height_31","DFG2020",NA,"31","2020-04-14"
"Late",16.2291666666667,"b","timeid","Height_31","DFG2020",NA,"31","2020-04-14"
"Torrild",19.875,"a","var","Height_31","DFG2020",NA,"31","2020-04-14"
"Potenzial",19.75,"a","var","Height_31","DFG2020",NA,"31","2020-04-14"
"Alves",19.7083333333333,"a","var","Height_31","DFG2020",NA,"31","2020-04-14"
"Esket",19.2083333333333,"a","var","Height_31","DFG2020",NA,"31","2020-04-14"
"Capone",18.5416666666667,"a","var","Height_31","DFG2020",NA,"31","2020-04-14"
"Apertus",18.25,"ab","var","Height_31","DFG2020",NA,"31","2020-04-14"
"Patras",18.0833333333333,"ab","var","Height_31","DFG2020",NA,"31","2020-04-14"
"Pionier",16.4166666666667,"b","var","Height_31","DFG2020",NA,"31","2020-04-14"
"220",58.2604166666667,"a","nitrogen","Height_41","DFG2020",NA,"41","2020-05-26"
"176",51.4270833333333,"b","nitrogen","Height_41","DFG2020",NA,"41","2020-05-26"
"Early",57.3020833333333,"a","timeid","Height_41","DFG2020",NA,"41","2020-05-26"
"Late",52.3854166666667,"b","timeid","Height_41","DFG2020",NA,"41","2020-05-26"
"Alves",57.7083333333333,"a","var","Height_41","DFG2020",NA,"41","2020-05-26"
"Esket",57.2916666666667,"a","var","Height_41","DFG2020",NA,"41","2020-05-26"
"Patras",56.0833333333333,"a","var","Height_41","DFG2020",NA,"41","2020-05-26"
"Capone",54.625,"ab","var","Height_41","DFG2020",NA,"41","2020-05-26"
"Torrild",54.5,"ab","var","Height_41","DFG2020",NA,"41","2020-05-26"
"Apertus",54.25,"ab","var","Height_41","DFG2020",NA,"41","2020-05-26"
"Potenzial",54,"ab","var","Height_41","DFG2020",NA,"41","2020-05-26"
"Pionier",50.2916666666667,"b","var","Height_41","DFG2020",NA,"41","2020-05-26"
"Early",68.2395833333333,"a","timeid","Height_51","DFG2020",NA,"51","2020-06-02"
"Late",63.8333333333333,"b","timeid","Height_51","DFG2020",NA,"51","2020-06-02"
"Esket",68.25,"a","var","Height_51","DFG2020",NA,"51","2020-06-02"
"Alves",68,"a","var","Height_51","DFG2020",NA,"51","2020-06-02"
"Apertus",67.3333333333333,"ab","var","Height_51","DFG2020",NA,"51","2020-06-02"
"Patras",67.2083333333333,"ab","var","Height_51","DFG2020",NA,"51","2020-06-02"
"Torrild",66,"ab","var","Height_51","DFG2020",NA,"51","2020-06-02"
"Potenzial",64.6666666666667,"ab","var","Height_51","DFG2020",NA,"51","2020-06-02"
"Capone",63.9583333333333,"ab","var","Height_51","DFG2020",NA,"51","2020-06-02"
"Pionier",62.875,"b","var","Height_51","DFG2020",NA,"51","2020-06-02"
"220_Early",71.9583333333333,"a","nitrogen:timeid","Height_51","DFG2020",NA,"51","2020-06-02"
"220_Late",66.3541666666667,"b","nitrogen:timeid","Height_51","DFG2020",NA,"51","2020-06-02"
"176_Early",64.5208333333333,"c","nitrogen:timeid","Height_51","DFG2020",NA,"51","2020-06-02"
"176_Late",61.3125,"d","nitrogen:timeid","Height_51","DFG2020",NA,"51","2020-06-02"
"Early_Patras",69.5833333333333,"a","timeid:var","Height_51","DFG2020",NA,"51","2020-06-02"
"Early_Alves",69.5,"a","timeid:var","Height_51","DFG2020",NA,"51","2020-06-02"
"Early_Esket",68.9166666666667,"a","timeid:var","Height_51","DFG2020",NA,"51","2020-06-02"
"Early_Torrild",68.75,"a","timeid:var","Height_51","DFG2020",NA,"51","2020-06-02"
"Early_Capone",68.1666666666667,"ab","timeid:var","Height_51","DFG2020",NA,"51","2020-06-02"
"Early_Apertus",68,"ab","timeid:var","Height_51","DFG2020",NA,"51","2020-06-02"
"Late_Esket",67.5833333333333,"ab","timeid:var","Height_51","DFG2020",NA,"51","2020-06-02"
"Early_Potenzial",67.4166666666667,"ab","timeid:var","Height_51","DFG2020",NA,"51","2020-06-02"
"Late_Apertus",66.6666666666667,"abc","timeid:var","Height_51","DFG2020",NA,"51","2020-06-02"
"Late_Alves",66.5,"abc","timeid:var","Height_51","DFG2020",NA,"51","2020-06-02"
"Early_Pionier",65.5833333333333,"abc","timeid:var","Height_51","DFG2020",NA,"51","2020-06-02"
"Late_Patras",64.8333333333333,"abcd","timeid:var","Height_51","DFG2020",NA,"51","2020-06-02"
"Late_Torrild",63.25,"bcd","timeid:var","Height_51","DFG2020",NA,"51","2020-06-02"
"Late_Potenzial",61.9166666666667,"cd","timeid:var","Height_51","DFG2020",NA,"51","2020-06-02"
"Late_Pionier",60.1666666666667,"d","timeid:var","Height_51","DFG2020",NA,"51","2020-06-02"
"Late_Capone",59.75,"d","timeid:var","Height_51","DFG2020",NA,"51","2020-06-02"
"Alves",81.59375,"a","var","Height_77","DFG2020",NA,"77","2020-07-07"
"Patras",81.1875,"a","var","Height_77","DFG2020",NA,"77","2020-07-07"
"Pionier",81.0625,"a","var","Height_77","DFG2020",NA,"77","2020-07-07"
"Esket",80.3958333333333,"ab","var","Height_77","DFG2020",NA,"77","2020-07-07"
"Torrild",80.1041666666667,"ab","var","Height_77","DFG2020",NA,"77","2020-07-07"
"Apertus",79.2708333333333,"abc","var","Height_77","DFG2020",NA,"77","2020-07-07"
"Capone",77.75,"bc","var","Height_77","DFG2020",NA,"77","2020-07-07"
"Potenzial",76.6145833333333,"c","var","Height_77","DFG2020",NA,"77","2020-07-07"
"220_Early",84.9114583333333,"a","nitrogen:timeid","Height_77","DFG2020",NA,"77","2020-07-07"
"220_Late",81.6875,"a","nitrogen:timeid","Height_77","DFG2020",NA,"77","2020-07-07"
"176_Late",76.9895833333333,"b","nitrogen:timeid","Height_77","DFG2020",NA,"77","2020-07-07"
"176_Early",75.4010416666667,"b","nitrogen:timeid","Height_77","DFG2020",NA,"77","2020-07-07"
"220_Late",60.5689993609475,"a","nitrogen:timeid","NTE","DFG2020",NA,"61_87","nitrogen"
"176_Late",55.5138240888369,"b","nitrogen:timeid","NTE","DFG2020",NA,"61_87","nitrogen"
"220_Early",55.1342512934928,"b","nitrogen:timeid","NTE","DFG2020",NA,"61_87","nitrogen"
"176_Early",52.919034775539,"b","nitrogen:timeid","NTE","DFG2020",NA,"61_87","nitrogen"
"220_Split_Apertus",63.1555848377417,"a","nitrogen:appl:var","NTE","DFG2020",NA,"61_87","nitrogen"
"220_Combined_Patras",61.6402198047429,"a","nitrogen:appl:var","NTE","DFG2020",NA,"61_87","nitrogen"
"220_Split_Esket",61.5500468719952,"a","nitrogen:appl:var","NTE","DFG2020",NA,"61_87","nitrogen"
"220_Combined_Alves",61.1726638879755,"a","nitrogen:appl:var","NTE","DFG2020",NA,"61_87","nitrogen"
"220_Split_Patras",60.5668674942754,"a","nitrogen:appl:var","NTE","DFG2020",NA,"61_87","nitrogen"
"220_Split_Pionier",60.485490796546,"a","nitrogen:appl:var","NTE","DFG2020",NA,"61_87","nitrogen"
"176_Combined_Patras",59.3955221888749,"a","nitrogen:appl:var","NTE","DFG2020",NA,"61_87","nitrogen"
"176_Combined_Pionier",58.8830377834576,"a","nitrogen:appl:var","NTE","DFG2020",NA,"61_87","nitrogen"
"220_Combined_Potenzial",58.2098813009698,"a","nitrogen:appl:var","NTE","DFG2020",NA,"61_87","nitrogen"
"176_Split_Torrild",58.1544671706815,"a","nitrogen:appl:var","NTE","DFG2020",NA,"61_87","nitrogen"
"176_Split_Alves",58.0929126266559,"a","nitrogen:appl:var","NTE","DFG2020",NA,"61_87","nitrogen"
"220_Split_Alves",57.9844197711951,"a","nitrogen:appl:var","NTE","DFG2020",NA,"61_87","nitrogen"
"220_Combined_Torrild",57.9349973516842,"a","nitrogen:appl:var","NTE","DFG2020",NA,"61_87","nitrogen"
"220_Split_Torrild",57.684604507645,"a","nitrogen:appl:var","NTE","DFG2020",NA,"61_87","nitrogen"
"220_Combined_Capone",57.0940337681636,"a","nitrogen:appl:var","NTE","DFG2020",NA,"61_87","nitrogen"
"176_Split_Capone",56.7384944599114,"a","nitrogen:appl:var","NTE","DFG2020",NA,"61_87","nitrogen"
"176_Combined_Esket",56.7373131776602,"a","nitrogen:appl:var","NTE","DFG2020",NA,"61_87","nitrogen"
"220_Combined_Apertus",56.3689089888322,"a","nitrogen:appl:var","NTE","DFG2020",NA,"61_87","nitrogen"
"176_Combined_Capone",56.2133609684326,"a","nitrogen:appl:var","NTE","DFG2020",NA,"61_87","nitrogen"
"176_Combined_Potenzial",55.3182924103892,"a","nitrogen:appl:var","NTE","DFG2020",NA,"61_87","nitrogen"
"220_Combined_Esket",54.7773867773114,"a","nitrogen:appl:var","NTE","DFG2020",NA,"61_87","nitrogen"
"220_Split_Potenzial",54.7714091127903,"a","nitrogen:appl:var","NTE","DFG2020",NA,"61_87","nitrogen"
"176_Combined_Apertus",54.324114891992,"a","nitrogen:appl:var","NTE","DFG2020",NA,"61_87","nitrogen"
"176_Split_Patras",54.1769635903385,"a","nitrogen:appl:var","NTE","DFG2020",NA,"61_87","nitrogen"
"220_Split_Capone",53.316193765455,"a","nitrogen:appl:var","NTE","DFG2020",NA,"61_87","nitrogen"
"176_Combined_Torrild",51.9696471601748,"a","nitrogen:appl:var","NTE","DFG2020",NA,"61_87","nitrogen"
"176_Combined_Alves",51.237389574235,"a","nitrogen:appl:var","NTE","DFG2020",NA,"61_87","nitrogen"
"176_Split_Potenzial",51.1464911928331,"a","nitrogen:appl:var","NTE","DFG2020",NA,"61_87","nitrogen"
"176_Split_Esket",50.2967387394374,"a","nitrogen:appl:var","NTE","DFG2020",NA,"61_87","nitrogen"
"176_Split_Pionier",49.7538243410995,"a","nitrogen:appl:var","NTE","DFG2020",NA,"61_87","nitrogen"
"220_Combined_Pionier",48.9132961981989,"a","nitrogen:appl:var","NTE","DFG2020",NA,"61_87","nitrogen"
"176_Split_Apertus",45.0243006388338,"a","nitrogen:appl:var","NTE","DFG2020",NA,"61_87","nitrogen"
"176_Split_Torrild",93.5199190735916,"a","nitrogen:appl:var","PEDM","DFG2020",NA,"61_87","biomass"
"176_Split_Alves",80.7628368798037,"ab","nitrogen:appl:var","PEDM","DFG2020",NA,"61_87","biomass"
"220_Split_Alves",77.4031464977246,"ab","nitrogen:appl:var","PEDM","DFG2020",NA,"61_87","biomass"
"220_Combined_Potenzial",75.0155831838063,"ab","nitrogen:appl:var","PEDM","DFG2020",NA,"61_87","biomass"
"220_Combined_Alves",72.5868549754264,"ab","nitrogen:appl:var","PEDM","DFG2020",NA,"61_87","biomass"
"176_Split_Capone",69.7041230658123,"ab","nitrogen:appl:var","PEDM","DFG2020",NA,"61_87","biomass"
"220_Combined_Patras",69.1758665626756,"ab","nitrogen:appl:var","PEDM","DFG2020",NA,"61_87","biomass"
"220_Combined_Esket",68.5007980758007,"ab","nitrogen:appl:var","PEDM","DFG2020",NA,"61_87","biomass"
"176_Combined_Patras",68.1207339997027,"ab","nitrogen:appl:var","PEDM","DFG2020",NA,"61_87","biomass"
"220_Split_Esket",67.9201448088127,"ab","nitrogen:appl:var","PEDM","DFG2020",NA,"61_87","biomass"
"220_Combined_Apertus",67.3432252408684,"ab","nitrogen:appl:var","PEDM","DFG2020",NA,"61_87","biomass"
"220_Combined_Torrild",66.836582360784,"ab","nitrogen:appl:var","PEDM","DFG2020",NA,"61_87","biomass"
"220_Split_Patras",66.2390084752766,"ab","nitrogen:appl:var","PEDM","DFG2020",NA,"61_87","biomass"
"176_Combined_Esket",64.1832595811312,"ab","nitrogen:appl:var","PEDM","DFG2020",NA,"61_87","biomass"
"220_Split_Apertus",63.4770659033239,"ab","nitrogen:appl:var","PEDM","DFG2020",NA,"61_87","biomass"
"176_Combined_Apertus",62.8866906062058,"ab","nitrogen:appl:var","PEDM","DFG2020",NA,"61_87","biomass"
"220_Split_Pionier",61.9928268277455,"ab","nitrogen:appl:var","PEDM","DFG2020",NA,"61_87","biomass"
"176_Combined_Alves",61.8539716593026,"ab","nitrogen:appl:var","PEDM","DFG2020",NA,"61_87","biomass"
"176_Combined_Pionier",61.2550589231889,"ab","nitrogen:appl:var","PEDM","DFG2020",NA,"61_87","biomass"
"220_Combined_Capone",60.3974907562917,"ab","nitrogen:appl:var","PEDM","DFG2020",NA,"61_87","biomass"
"220_Split_Potenzial",60.2676859336775,"ab","nitrogen:appl:var","PEDM","DFG2020",NA,"61_87","biomass"
"176_Combined_Potenzial",58.8741222239832,"ab","nitrogen:appl:var","PEDM","DFG2020",NA,"61_87","biomass"
"176_Combined_Capone",57.3007310290528,"ab","nitrogen:appl:var","PEDM","DFG2020",NA,"61_87","biomass"
"220_Split_Torrild",55.2384977225855,"b","nitrogen:appl:var","PEDM","DFG2020",NA,"61_87","biomass"
"176_Split_Apertus",55.1568054302763,"b","nitrogen:appl:var","PEDM","DFG2020",NA,"61_87","biomass"
"176_Split_Esket",54.9766025205806,"b","nitrogen:appl:var","PEDM","DFG2020",NA,"61_87","biomass"
"220_Split_Capone",54.8750093339381,"b","nitrogen:appl:var","PEDM","DFG2020",NA,"61_87","biomass"
"176_Split_Potenzial",53.9325571014404,"b","nitrogen:appl:var","PEDM","DFG2020",NA,"61_87","biomass"
"176_Split_Pionier",53.405891309139,"b","nitrogen:appl:var","PEDM","DFG2020",NA,"61_87","biomass"
"220_Combined_Pionier",53.3496096222881,"b","nitrogen:appl:var","PEDM","DFG2020",NA,"61_87","biomass"
"176_Split_Patras",53.0883721421118,"b","nitrogen:appl:var","PEDM","DFG2020",NA,"61_87","biomass"
"176_Combined_Torrild",51.3079065835952,"b","nitrogen:appl:var","PEDM","DFG2020",NA,"61_87","biomass"
"220_Alves",94.9651325441281,"a","nitrogen:var","PEN","DFG2020",NA,"61_87","nitrogen"
"176_Torrild",89.366930254505,"ab","nitrogen:var","PEN","DFG2020",NA,"61_87","nitrogen"
"220_Esket",88.0287223112156,"ab","nitrogen:var","PEN","DFG2020",NA,"61_87","nitrogen"
"220_Potenzial",83.4504557371463,"ab","nitrogen:var","PEN","DFG2020",NA,"61_87","nitrogen"
"220_Patras",83.2502172646107,"ab","nitrogen:var","PEN","DFG2020",NA,"61_87","nitrogen"
"176_Alves",81.510292480508,"ab","nitrogen:var","PEN","DFG2020",NA,"61_87","nitrogen"
"220_Apertus",80.7233839060384,"ab","nitrogen:var","PEN","DFG2020",NA,"61_87","nitrogen"
"176_Capone",80.2722463458469,"ab","nitrogen:var","PEN","DFG2020",NA,"61_87","nitrogen"
"220_Torrild",76.7126584094223,"ab","nitrogen:var","PEN","DFG2020",NA,"61_87","nitrogen"
"220_Pionier",73.8670982316952,"ab","nitrogen:var","PEN","DFG2020",NA,"61_87","nitrogen"
"220_Capone",73.6206575862106,"ab","nitrogen:var","PEN","DFG2020",NA,"61_87","nitrogen"
"176_Esket",71.3126536629844,"ab","nitrogen:var","PEN","DFG2020",NA,"61_87","nitrogen"
"176_Patras",69.0547501684439,"ab","nitrogen:var","PEN","DFG2020",NA,"61_87","nitrogen"
"176_Pionier",66.0752097688664,"b","nitrogen:var","PEN","DFG2020",NA,"61_87","nitrogen"
"176_Apertus",65.8311929306036,"b","nitrogen:var","PEN","DFG2020",NA,"61_87","nitrogen"
"176_Potenzial",65.2501574804267,"b","nitrogen:var","PEN","DFG2020",NA,"61_87","nitrogen"
"Late",0.0138861825805186,"a","timeid","SGR_tt_41_51","DFG2020","straw","41_51",NA
"Early",0.00457039984160084,"b","timeid","SGR_tt_41_51","DFG2020","straw","41_51",NA
"176_Split_Pionier",0.0253032868948329,"a","nitrogen:appl:var","SGR_tt_41_51","DFG2020","straw","41_51",NA
"220_Split_Apertus",0.0251446965872558,"a","nitrogen:appl:var","SGR_tt_41_51","DFG2020","straw","41_51",NA
"220_Split_Capone",0.0244046084852294,"ab","nitrogen:appl:var","SGR_tt_41_51","DFG2020","straw","41_51",NA
"220_Split_Potenzial",0.0217187393017762,"abc","nitrogen:appl:var","SGR_tt_41_51","DFG2020","straw","41_51",NA
"220_Split_Pionier",0.0215357504853411,"abc","nitrogen:appl:var","SGR_tt_41_51","DFG2020","straw","41_51",NA
"176_Combined_Apertus",0.0206289392394516,"abcd","nitrogen:appl:var","SGR_tt_41_51","DFG2020","straw","41_51",NA
"176_Combined_Capone",0.0205028802770185,"abcd","nitrogen:appl:var","SGR_tt_41_51","DFG2020","straw","41_51",NA
"220_Combined_Pionier",0.0178637749022099,"abcde","nitrogen:appl:var","SGR_tt_41_51","DFG2020","straw","41_51",NA
"220_Combined_Patras",0.0169366315656053,"abcde","nitrogen:appl:var","SGR_tt_41_51","DFG2020","straw","41_51",NA
"176_Combined_Esket",0.0161741781637924,"abcde","nitrogen:appl:var","SGR_tt_41_51","DFG2020","straw","41_51",NA
"176_Split_Esket",0.0134883089803392,"abcdef","nitrogen:appl:var","SGR_tt_41_51","DFG2020","straw","41_51",NA
"220_Combined_Potenzial",0.0133175194183331,"abcdef","nitrogen:appl:var","SGR_tt_41_51","DFG2020","straw","41_51",NA
"220_Split_Torrild",0.0113473398280484,"abcdef","nitrogen:appl:var","SGR_tt_41_51","DFG2020","straw","41_51",NA
"220_Combined_Apertus",0.0113392069917624,"abcdef","nitrogen:appl:var","SGR_tt_41_51","DFG2020","straw","41_51",NA
"176_Split_Apertus",0.0104486614184449,"abcdef","nitrogen:appl:var","SGR_tt_41_51","DFG2020","straw","41_51",NA
"220_Split_Esket",0.00919823783947159,"abcdef","nitrogen:appl:var","SGR_tt_41_51","DFG2020","straw","41_51",NA
"176_Combined_Patras",0.00915554044897009,"abcdef","nitrogen:appl:var","SGR_tt_41_51","DFG2020","straw","41_51",NA
"176_Combined_Alves",0.00876923072538484,"abcdef","nitrogen:appl:var","SGR_tt_41_51","DFG2020","straw","41_51",NA
"176_Split_Capone",0.00677058620809913,"abcdef","nitrogen:appl:var","SGR_tt_41_51","DFG2020","straw","41_51",NA
"220_Combined_Torrild",0.00579464585377854,"abcdef","nitrogen:appl:var","SGR_tt_41_51","DFG2020","straw","41_51",NA
"220_Combined_Alves",0.00449339204801773,"abcdef","nitrogen:appl:var","SGR_tt_41_51","DFG2020","straw","41_51",NA
"220_Split_Patras",0.00234632326851243,"abcdef","nitrogen:appl:var","SGR_tt_41_51","DFG2020","straw","41_51",NA
"220_Combined_Esket",0.00231785834151142,"abcdef","nitrogen:appl:var","SGR_tt_41_51","DFG2020","straw","41_51",NA
"176_Split_Patras",0.0022853269963674,"abcdef","nitrogen:appl:var","SGR_tt_41_51","DFG2020","straw","41_51",NA
"220_Combined_Capone",0.00217553370650632,"abcdef","nitrogen:appl:var","SGR_tt_41_51","DFG2020","straw","41_51",NA
"220_Split_Alves",0.00136428328697733,"abcdef","nitrogen:appl:var","SGR_tt_41_51","DFG2020","straw","41_51",NA
"176_Split_Alves",-0.000860047437245018,"bcdef","nitrogen:appl:var","SGR_tt_41_51","DFG2020","straw","41_51",NA
"176_Split_Potenzial",-0.00234022364129793,"cdef","nitrogen:appl:var","SGR_tt_41_51","DFG2020","straw","41_51",NA
"176_Combined_Torrild",-0.00360691289284321,"cdef","nitrogen:appl:var","SGR_tt_41_51","DFG2020","straw","41_51",NA
"176_Combined_Pionier",-0.00420060994172157,"def","nitrogen:appl:var","SGR_tt_41_51","DFG2020","straw","41_51",NA
"176_Combined_Potenzial",-0.00683971531653018,"ef","nitrogen:appl:var","SGR_tt_41_51","DFG2020","straw","41_51",NA
"176_Split_Torrild",-0.0116726532794886,"f","nitrogen:appl:var","SGR_tt_41_51","DFG2020","straw","41_51",NA
"220",0.0152566477005258,"a","nitrogen","SGR_tt_51_61","DFG2020","straw","51_61",NA
"176",0.0105194710313899,"b","nitrogen","SGR_tt_51_61","DFG2020","straw","51_61",NA
"Combined",-0.00794576480616365,"a","appl","TGR_tt_31_41","DFG2020","biomasscut","31_41",NA
"Split",-0.0105749494978246,"b","appl","TGR_tt_31_41","DFG2020","biomasscut","31_41",NA
"220_Late",-0.00798780588979409,"a","nitrogen:timeid","TGR_tt_31_41","DFG2020","biomasscut","31_41",NA
"176_Early",-0.00934605628401022,"ab","nitrogen:timeid","TGR_tt_31_41","DFG2020","biomasscut","31_41",NA
"220_Early",-0.00935252414303031,"ab","nitrogen:timeid","TGR_tt_31_41","DFG2020","biomasscut","31_41",NA
"176_Late",-0.010355042291142,"b","nitrogen:timeid","TGR_tt_31_41","DFG2020","biomasscut","31_41",NA
"220_Combined_Torrild",-0.00289760084099415,"a","nitrogen:appl:var","TGR_tt_31_41","DFG2020","biomasscut","31_41",NA
"176_Combined_Torrild",-0.00486382998309732,"ab","nitrogen:appl:var","TGR_tt_31_41","DFG2020","biomasscut","31_41",NA
"220_Split_Patras",-0.00543300157686404,"ab","nitrogen:appl:var","TGR_tt_31_41","DFG2020","biomasscut","31_41",NA
"220_Split_Esket",-0.00631263040359438,"ab","nitrogen:appl:var","TGR_tt_31_41","DFG2020","biomasscut","31_41",NA
"220_Split_Apertus",-0.00641611614791565,"ab","nitrogen:appl:var","TGR_tt_31_41","DFG2020","biomasscut","31_41",NA
"220_Combined_Potenzial",-0.00646785902007625,"ab","nitrogen:appl:var","TGR_tt_31_41","DFG2020","biomasscut","31_41",NA
"220_Combined_Patras",-0.00693354486952174,"ab","nitrogen:appl:var","TGR_tt_31_41","DFG2020","biomasscut","31_41",NA
"176_Combined_Patras",-0.00708877348600355,"ab","nitrogen:appl:var","TGR_tt_31_41","DFG2020","biomasscut","31_41",NA
"220_Combined_Esket",-0.00708877348600355,"ab","nitrogen:appl:var","TGR_tt_31_41","DFG2020","biomasscut","31_41",NA
"176_Combined_Esket",-0.00729574497464596,"ab","nitrogen:appl:var","TGR_tt_31_41","DFG2020","biomasscut","31_41",NA
"220_Combined_Capone",-0.00739923071896722,"ab","nitrogen:appl:var","TGR_tt_31_41","DFG2020","biomasscut","31_41",NA
"220_Combined_Alves",-0.00755445933544902,"ab","nitrogen:appl:var","TGR_tt_31_41","DFG2020","biomasscut","31_41",NA
"176_Split_Torrild",-0.00765794507977025,"ab","nitrogen:appl:var","TGR_tt_31_41","DFG2020","biomasscut","31_41",NA
"176_Combined_Pionier",-0.00833060241785819,"ab","nitrogen:appl:var","TGR_tt_31_41","DFG2020","biomasscut","31_41",NA
"176_Combined_Potenzial",-0.00884803113946429,"ab","nitrogen:appl:var","TGR_tt_31_41","DFG2020","biomasscut","31_41",NA
"176_Split_Patras",-0.009417202733231,"ab","nitrogen:appl:var","TGR_tt_31_41","DFG2020","biomasscut","31_41",NA
"220_Combined_Pionier",-0.0101416029434795,"ab","nitrogen:appl:var","TGR_tt_31_41","DFG2020","biomasscut","31_41",NA
"220_Split_Alves",-0.0101933458156402,"ab","nitrogen:appl:var","TGR_tt_31_41","DFG2020","biomasscut","31_41",NA
"176_Combined_Capone",-0.0102450886878007,"ab","nitrogen:appl:var","TGR_tt_31_41","DFG2020","biomasscut","31_41",NA
"176_Combined_Apertus",-0.0104520601764432,"ab","nitrogen:appl:var","TGR_tt_31_41","DFG2020","biomasscut","31_41",NA
"176_Combined_Alves",-0.0106590316650856,"ab","nitrogen:appl:var","TGR_tt_31_41","DFG2020","biomasscut","31_41",NA
"176_Split_Capone",-0.0107625174094068,"ab","nitrogen:appl:var","TGR_tt_31_41","DFG2020","biomasscut","31_41",NA
"176_Split_Potenzial",-0.0108660031537281,"ab","nitrogen:appl:var","TGR_tt_31_41","DFG2020","biomasscut","31_41",NA
"220_Combined_Apertus",-0.0108660031537281,"ab","nitrogen:appl:var","TGR_tt_31_41","DFG2020","biomasscut","31_41",NA
"176_Split_Apertus",-0.0110212317702099,"ab","nitrogen:appl:var","TGR_tt_31_41","DFG2020","biomasscut","31_41",NA
"176_Split_Alves",-0.0110212317702099,"ab","nitrogen:appl:var","TGR_tt_31_41","DFG2020","biomasscut","31_41",NA
"220_Split_Potenzial",-0.0111247175145311,"ab","nitrogen:appl:var","TGR_tt_31_41","DFG2020","biomasscut","31_41",NA
"220_Split_Torrild",-0.0121078320855827,"ab","nitrogen:appl:var","TGR_tt_31_41","DFG2020","biomasscut","31_41",NA
"220_Split_Pionier",-0.0129357180401525,"ab","nitrogen:appl:var","TGR_tt_31_41","DFG2020","biomasscut","31_41",NA
"176_Split_Esket",-0.0139705754833647,"b","nitrogen:appl:var","TGR_tt_31_41","DFG2020","biomasscut","31_41",NA
"220_Split_Capone",-0.0148502043100951,"b","nitrogen:appl:var","TGR_tt_31_41","DFG2020","biomasscut","31_41",NA
"176_Split_Pionier",-0.0151089186708981,"b","nitrogen:appl:var","TGR_tt_31_41","DFG2020","biomasscut","31_41",NA
"Combined",-0.00480844477892444,"a","appl","TGR_tt_31_61","DFG2020","biomasscut","31_61",NA
"Split",-0.00649027170864214,"b","appl","TGR_tt_31_61","DFG2020","biomasscut","31_61",NA
"Torrild",-0.00400929480158207,"a","var","TGR_tt_31_61","DFG2020","biomasscut","31_61",NA
"Patras",-0.00485810946678187,"ab","var","TGR_tt_31_61","DFG2020","biomasscut","31_61",NA
"Esket",-0.00492131906950951,"ab","var","TGR_tt_31_61","DFG2020","biomasscut","31_61",NA
"Apertus",-0.00570692413198168,"ab","var","TGR_tt_31_61","DFG2020","biomasscut","31_61",NA
"Potenzial",-0.00588752299691781,"ab","var","TGR_tt_31_61","DFG2020","biomasscut","31_61",NA
"Capone",-0.00605006197536033,"ab","var","TGR_tt_31_61","DFG2020","biomasscut","31_61",NA
"Alves",-0.00619454106730922,"ab","var","TGR_tt_31_61","DFG2020","biomasscut","31_61",NA
"Pionier",-0.00756709244082381,"b","var","TGR_tt_31_61","DFG2020","biomasscut","31_61",NA
"Late_Torrild",-0.00355779763924172,"a","timeid:var","TGR_tt_31_61","DFG2020","biomasscut","31_61",NA
"Early_Esket",-0.00363003718521621,"a","timeid:var","TGR_tt_31_61","DFG2020","biomasscut","31_61",NA
"Late_Potenzial",-0.00431631287197346,"ab","timeid:var","TGR_tt_31_61","DFG2020","biomasscut","31_61",NA
"Late_Patras",-0.0043704925314543,"ab","timeid:var","TGR_tt_31_61","DFG2020","biomasscut","31_61",NA
"Early_Torrild",-0.00446079196392241,"ab","timeid:var","TGR_tt_31_61","DFG2020","biomasscut","31_61",NA
"Late_Apertus",-0.00455109139639043,"ab","timeid:var","TGR_tt_31_61","DFG2020","biomasscut","31_61",NA
"Early_Alves",-0.00512900776418609,"ab","timeid:var","TGR_tt_31_61","DFG2020","biomasscut","31_61",NA
"Early_Patras",-0.00534572640210945,"ab","timeid:var","TGR_tt_31_61","DFG2020","biomasscut","31_61",NA
"Late_Capone",-0.00568886424548804,"ab","timeid:var","TGR_tt_31_61","DFG2020","biomasscut","31_61",NA
"Late_Esket",-0.0062126009538028,"ab","timeid:var","TGR_tt_31_61","DFG2020","biomasscut","31_61",NA
"Early_Capone",-0.00641125970523261,"ab","timeid:var","TGR_tt_31_61","DFG2020","biomasscut","31_61",NA
"Early_Apertus",-0.00686275686757293,"ab","timeid:var","TGR_tt_31_61","DFG2020","biomasscut","31_61",NA
"Late_Pionier",-0.00726007437043234,"ab","timeid:var","TGR_tt_31_61","DFG2020","biomasscut","31_61",NA
"Late_Alves",-0.00726007437043235,"ab","timeid:var","TGR_tt_31_61","DFG2020","biomasscut","31_61",NA
"Early_Potenzial",-0.00745873312186216,"ab","timeid:var","TGR_tt_31_61","DFG2020","biomasscut","31_61",NA
"Early_Pionier",-0.00787411051121527,"b","timeid:var","TGR_tt_31_61","DFG2020","biomasscut","31_61",NA
"220_Combined_Torrild",-0.00176986887637408,"a","nitrogen:appl:var","TGR_tt_31_61","DFG2020","biomasscut","31_61",NA
"220_Split_Esket",-0.00249226433611858,"a","nitrogen:appl:var","TGR_tt_31_61","DFG2020","biomasscut","31_61",NA
"220_Split_Apertus",-0.00278122252001639,"ab","nitrogen:appl:var","TGR_tt_31_61","DFG2020","biomasscut","31_61",NA
"220_Combined_Potenzial",-0.00328689934183755,"ab","nitrogen:appl:var","TGR_tt_31_61","DFG2020","biomasscut","31_61",NA
"176_Split_Torrild",-0.00335913888781199,"ab","nitrogen:appl:var","TGR_tt_31_61","DFG2020","biomasscut","31_61",NA
"220_Combined_Patras",-0.0035036179797609,"ab","nitrogen:appl:var","TGR_tt_31_61","DFG2020","biomasscut","31_61",NA
"220_Combined_Esket",-0.00368421684469703,"ab","nitrogen:appl:var","TGR_tt_31_61","DFG2020","biomasscut","31_61",NA
"220_Combined_Capone",-0.00368421684469704,"ab","nitrogen:appl:var","TGR_tt_31_61","DFG2020","biomasscut","31_61",NA
"176_Combined_Torrild",-0.00400929480158207,"ab","nitrogen:appl:var","TGR_tt_31_61","DFG2020","biomasscut","31_61",NA
"176_Combined_Patras",-0.0043343727584671,"ab","nitrogen:appl:var","TGR_tt_31_61","DFG2020","biomasscut","31_61",NA
"176_Combined_Pionier",-0.00451497162340323,"ab","nitrogen:appl:var","TGR_tt_31_61","DFG2020","biomasscut","31_61",NA
"176_Combined_Esket",-0.00473169026132657,"ab","nitrogen:appl:var","TGR_tt_31_61","DFG2020","biomasscut","31_61",NA
"220_Combined_Alves",-0.00487616935327547,"ab","nitrogen:appl:var","TGR_tt_31_61","DFG2020","biomasscut","31_61",NA
"220_Split_Patras",-0.00505676821821161,"ab","nitrogen:appl:var","TGR_tt_31_61","DFG2020","biomasscut","31_61",NA
"176_Combined_Apertus",-0.00588752299691781,"ab","nitrogen:appl:var","TGR_tt_31_61","DFG2020","biomasscut","31_61",NA
"176_Combined_Capone",-0.0060320020888667,"ab","nitrogen:appl:var","TGR_tt_31_61","DFG2020","biomasscut","31_61",NA
"176_Split_Capone",-0.00606812186185394,"ab","nitrogen:appl:var","TGR_tt_31_61","DFG2020","biomasscut","31_61",NA
"220_Split_Potenzial",-0.00614036140782839,"ab","nitrogen:appl:var","TGR_tt_31_61","DFG2020","biomasscut","31_61",NA
"176_Combined_Potenzial",-0.00635708004575175,"ab","nitrogen:appl:var","TGR_tt_31_61","DFG2020","biomasscut","31_61",NA
"220_Split_Alves",-0.00650155913770064,"ab","nitrogen:appl:var","TGR_tt_31_61","DFG2020","biomasscut","31_61",NA
"176_Split_Patras",-0.00653767891068788,"ab","nitrogen:appl:var","TGR_tt_31_61","DFG2020","biomasscut","31_61",NA
"220_Combined_Pionier",-0.00660991845666231,"ab","nitrogen:appl:var","TGR_tt_31_61","DFG2020","biomasscut","31_61",NA
"176_Split_Alves",-0.00668215800263677,"ab","nitrogen:appl:var","TGR_tt_31_61","DFG2020","biomasscut","31_61",NA
"176_Combined_Alves",-0.00671827777562399,"ab","nitrogen:appl:var","TGR_tt_31_61","DFG2020","biomasscut","31_61",NA
"220_Split_Torrild",-0.00689887664056013,"ab","nitrogen:appl:var","TGR_tt_31_61","DFG2020","biomasscut","31_61",NA
"220_Combined_Apertus",-0.00693499641354738,"ab","nitrogen:appl:var","TGR_tt_31_61","DFG2020","biomasscut","31_61",NA
"176_Split_Apertus",-0.00722395459744514,"ab","nitrogen:appl:var","TGR_tt_31_61","DFG2020","biomasscut","31_61",NA
"176_Split_Potenzial",-0.00776575119225356,"ab","nitrogen:appl:var","TGR_tt_31_61","DFG2020","biomasscut","31_61",NA
"220_Split_Pionier",-0.00837978733303639,"ab","nitrogen:appl:var","TGR_tt_31_61","DFG2020","biomasscut","31_61",NA
"220_Split_Capone",-0.00841590710602362,"ab","nitrogen:appl:var","TGR_tt_31_61","DFG2020","biomasscut","31_61",NA
"176_Split_Esket",-0.00877710483589586,"ab","nitrogen:appl:var","TGR_tt_31_61","DFG2020","biomasscut","31_61",NA
"176_Split_Pionier",-0.0107636923501933,"b","nitrogen:appl:var","TGR_tt_31_61","DFG2020","biomasscut","31_61",NA
"Combined_Late",0.00243985088580149,"a","appl:timeid","TGR_tt_41_51","DFG2020","biomasscut","41_51",NA
"Split_Early",0.000304981360725184,"b","appl:timeid","TGR_tt_41_51","DFG2020","biomasscut","41_51",NA
"Split_Late",-0.00116909521611321,"b","appl:timeid","TGR_tt_41_51","DFG2020","biomasscut","41_51",NA
"Combined_Early",-0.00396475768942742,"c","appl:timeid","TGR_tt_41_51","DFG2020","biomasscut","41_51",NA
"176_Combined_Late",0.00381226700906482,"a","nitrogen:appl:timeid","TGR_tt_41_51","DFG2020","biomasscut","41_51",NA
"220_Split_Late",0.00315147406082692,"ab","nitrogen:appl:timeid","TGR_tt_41_51","DFG2020","biomasscut","41_51",NA
"220_Split_Early",0.00127075566968827,"ab","nitrogen:appl:timeid","TGR_tt_41_51","DFG2020","biomasscut","41_51",NA
"220_Combined_Late",0.00106743476253815,"ab","nitrogen:appl:timeid","TGR_tt_41_51","DFG2020","biomasscut","41_51",NA
"176_Split_Early",-0.0006607929482379,"bc","nitrogen:appl:timeid","TGR_tt_41_51","DFG2020","biomasscut","41_51",NA
"176_Combined_Early",-0.00391392746263988,"cd","nitrogen:appl:timeid","TGR_tt_41_51","DFG2020","biomasscut","41_51",NA
"220_Combined_Early",-0.00401558791621495,"cd","nitrogen:appl:timeid","TGR_tt_41_51","DFG2020","biomasscut","41_51",NA
"176_Split_Late",-0.00548966449305335,"d","nitrogen:appl:timeid","TGR_tt_41_51","DFG2020","biomasscut","41_51",NA
"220_Split_Capone",0.00833615719315508,"a","nitrogen:appl:var","TGR_tt_41_51","DFG2020","biomasscut","41_51",NA
"220_Split_Apertus",0.00630294812165383,"ab","nitrogen:appl:var","TGR_tt_41_51","DFG2020","biomasscut","41_51",NA
"220_Split_Pionier",0.00589630630735359,"ab","nitrogen:appl:var","TGR_tt_41_51","DFG2020","biomasscut","41_51",NA
"176_Combined_Capone",0.00528634358590322,"abc","nitrogen:appl:var","TGR_tt_41_51","DFG2020","biomasscut","41_51",NA
"176_Combined_Apertus",0.00467638086445285,"abc","nitrogen:appl:var","TGR_tt_41_51","DFG2020","biomasscut","41_51",NA
"176_Combined_Esket",0.0042697390501526,"abc","nitrogen:appl:var","TGR_tt_41_51","DFG2020","biomasscut","41_51",NA
"176_Split_Pionier",0.00345645542155212,"abc","nitrogen:appl:var","TGR_tt_41_51","DFG2020","biomasscut","41_51",NA
"220_Split_Esket",0.00345645542155211,"abc","nitrogen:appl:var","TGR_tt_41_51","DFG2020","biomasscut","41_51",NA
"220_Combined_Pionier",0.00325313451440199,"abc","nitrogen:appl:var","TGR_tt_41_51","DFG2020","biomasscut","41_51",NA
"220_Split_Potenzial",0.00325313451440198,"abc","nitrogen:appl:var","TGR_tt_41_51","DFG2020","biomasscut","41_51",NA
"220_Split_Torrild",0.00284649270010171,"abc","nitrogen:appl:var","TGR_tt_41_51","DFG2020","biomasscut","41_51",NA
"176_Combined_Alves",0.00182988816435112,"abc","nitrogen:appl:var","TGR_tt_41_51","DFG2020","biomasscut","41_51",NA
"220_Combined_Potenzial",0.00081328362860049,"abc","nitrogen:appl:var","TGR_tt_41_51","DFG2020","biomasscut","41_51",NA
"176_Combined_Patras",0.000609962721450371,"abc","nitrogen:appl:var","TGR_tt_41_51","DFG2020","biomasscut","41_51",NA
"176_Split_Esket",0.000406641814300257,"abc","nitrogen:appl:var","TGR_tt_41_51","DFG2020","biomasscut","41_51",NA
"220_Combined_Patras",-1.48174296906352e-18,"abc","nitrogen:appl:var","TGR_tt_41_51","DFG2020","biomasscut","41_51",NA
"220_Combined_Alves",-0.00101660453575062,"abc","nitrogen:appl:var","TGR_tt_41_51","DFG2020","biomasscut","41_51",NA
"176_Split_Capone",-0.00142324635005088,"abc","nitrogen:appl:var","TGR_tt_41_51","DFG2020","biomasscut","41_51",NA
"176_Split_Apertus",-0.00162656725720099,"abc","nitrogen:appl:var","TGR_tt_41_51","DFG2020","biomasscut","41_51",NA
"176_Split_Patras",-0.001626567257201,"abc","nitrogen:appl:var","TGR_tt_41_51","DFG2020","biomasscut","41_51",NA
"220_Combined_Apertus",-0.00264317179295161,"abc","nitrogen:appl:var","TGR_tt_41_51","DFG2020","biomasscut","41_51",NA
"176_Combined_Potenzial",-0.00304981360725186,"abc","nitrogen:appl:var","TGR_tt_41_51","DFG2020","biomasscut","41_51",NA
"220_Combined_Torrild",-0.00345645542155211,"abc","nitrogen:appl:var","TGR_tt_41_51","DFG2020","biomasscut","41_51",NA
"220_Combined_Capone",-0.00365977632870222,"abc","nitrogen:appl:var","TGR_tt_41_51","DFG2020","biomasscut","41_51",NA
"220_Split_Alves",-0.00447305995730273,"abc","nitrogen:appl:var","TGR_tt_41_51","DFG2020","biomasscut","41_51",NA
"176_Combined_Pionier",-0.0050830226787531,"abc","nitrogen:appl:var","TGR_tt_41_51","DFG2020","biomasscut","41_51",NA
"220_Combined_Esket",-0.0050830226787531,"abc","nitrogen:appl:var","TGR_tt_41_51","DFG2020","biomasscut","41_51",NA
"176_Split_Alves",-0.00528634358590323,"abc","nitrogen:appl:var","TGR_tt_41_51","DFG2020","biomasscut","41_51",NA
"220_Split_Patras",-0.00792951537885484,"bc","nitrogen:appl:var","TGR_tt_41_51","DFG2020","biomasscut","41_51",NA
"176_Split_Torrild",-0.00813283628600496,"bc","nitrogen:appl:var","TGR_tt_41_51","DFG2020","biomasscut","41_51",NA
"176_Combined_Torrild",-0.00894611991460545,"bc","nitrogen:appl:var","TGR_tt_41_51","DFG2020","biomasscut","41_51",NA
"176_Split_Potenzial",-0.0103693662646563,"c","nitrogen:appl:var","TGR_tt_41_51","DFG2020","biomasscut","41_51",NA
"176_Split_Potenzial",0.00155677559858021,"a","nitrogen:appl:var","TGR_tt_61_87","DFG2020","biomasscut","61_87",NA
"220_Combined_Pionier",0.00149450457463701,"a","nitrogen:appl:var","TGR_tt_61_87","DFG2020","biomasscut","61_87",NA
"176_Split_Pionier",0.00118314945492096,"a","nitrogen:appl:var","TGR_tt_61_87","DFG2020","biomasscut","61_87",NA
"176_Combined_Torrild",0.00108974291900615,"a","nitrogen:appl:var","TGR_tt_61_87","DFG2020","biomasscut","61_87",NA
"220_Split_Torrild",0.00105860740703454,"a","nitrogen:appl:var","TGR_tt_61_87","DFG2020","biomasscut","61_87",NA
"176_Split_Patras",0.000778387799290107,"a","nitrogen:appl:var","TGR_tt_61_87","DFG2020","biomasscut","61_87",NA
"176_Split_Esket",0.000591574727460483,"a","nitrogen:appl:var","TGR_tt_61_87","DFG2020","biomasscut","61_87",NA
"176_Split_Apertus",0.00043589716760246,"a","nitrogen:appl:var","TGR_tt_61_87","DFG2020","biomasscut","61_87",NA
"176_Combined_Potenzial",0.000311355119716042,"a","nitrogen:appl:var","TGR_tt_61_87","DFG2020","biomasscut","61_87",NA
"220_Split_Capone",0.000280219607744438,"a","nitrogen:appl:var","TGR_tt_61_87","DFG2020","biomasscut","61_87",NA
"220_Split_Potenzial",-3.11355119716055e-05,"a","nitrogen:appl:var","TGR_tt_61_87","DFG2020","biomasscut","61_87",NA
"176_Combined_Capone",-6.22710239432098e-05,"a","nitrogen:appl:var","TGR_tt_61_87","DFG2020","biomasscut","61_87",NA
"176_Combined_Alves",-9.34065359148135e-05,"a","nitrogen:appl:var","TGR_tt_61_87","DFG2020","biomasscut","61_87",NA
"176_Combined_Patras",-0.000186813071829626,"a","nitrogen:appl:var","TGR_tt_61_87","DFG2020","biomasscut","61_87",NA
"176_Combined_Esket",-0.000249084095772833,"a","nitrogen:appl:var","TGR_tt_61_87","DFG2020","biomasscut","61_87",NA
"220_Combined_Alves",-0.000280219607744439,"a","nitrogen:appl:var","TGR_tt_61_87","DFG2020","biomasscut","61_87",NA
"220_Split_Patras",-0.000311355119716044,"a","nitrogen:appl:var","TGR_tt_61_87","DFG2020","biomasscut","61_87",NA
"220_Combined_Torrild",-0.00037362614365925,"a","nitrogen:appl:var","TGR_tt_61_87","DFG2020","biomasscut","61_87",NA
"220_Combined_Apertus",-0.000373626143659251,"a","nitrogen:appl:var","TGR_tt_61_87","DFG2020","biomasscut","61_87",NA
"176_Combined_Apertus",-0.000404761655630856,"a","nitrogen:appl:var","TGR_tt_61_87","DFG2020","biomasscut","61_87",NA
"220_Combined_Patras",-0.000404761655630856,"a","nitrogen:appl:var","TGR_tt_61_87","DFG2020","biomasscut","61_87",NA
"220_Split_Pionier",-0.000622710239432086,"a","nitrogen:appl:var","TGR_tt_61_87","DFG2020","biomasscut","61_87",NA
"220_Combined_Potenzial",-0.000840658823233316,"a","nitrogen:appl:var","TGR_tt_61_87","DFG2020","biomasscut","61_87",NA
"220_Split_Apertus",-0.000871794335204918,"a","nitrogen:appl:var","TGR_tt_61_87","DFG2020","biomasscut","61_87",NA
"176_Split_Alves",-0.000902929847176524,"a","nitrogen:appl:var","TGR_tt_61_87","DFG2020","biomasscut","61_87",NA
"176_Combined_Pionier",-0.000965200871119731,"a","nitrogen:appl:var","TGR_tt_61_87","DFG2020","biomasscut","61_87",NA
"220_Split_Esket",-0.000965200871119734,"a","nitrogen:appl:var","TGR_tt_61_87","DFG2020","biomasscut","61_87",NA
"220_Split_Alves",-0.00105860740703455,"a","nitrogen:appl:var","TGR_tt_61_87","DFG2020","biomasscut","61_87",NA
"220_Combined_Capone",-0.00108974291900615,"a","nitrogen:appl:var","TGR_tt_61_87","DFG2020","biomasscut","61_87",NA
"176_Split_Capone",-0.00152564008660861,"a","nitrogen:appl:var","TGR_tt_61_87","DFG2020","biomasscut","61_87",NA
"220_Combined_Esket",-0.00168131764646663,"a","nitrogen:appl:var","TGR_tt_61_87","DFG2020","biomasscut","61_87",NA
"176_Split_Torrild",-0.00277106056547278,"a","nitrogen:appl:var","TGR_tt_61_87","DFG2020","biomasscut","61_87",NA
"Alves",0.863744723087894,"a","var","WSCTE","DFG2020",NA,NA,NA
"Patras",0.849862444901825,"ab","var","WSCTE","DFG2020",NA,NA,NA
"Potenzial",0.8410471385874,"ab","var","WSCTE","DFG2020",NA,NA,NA
"Torrild",0.838149258834003,"ab","var","WSCTE","DFG2020",NA,NA,NA
"Apertus",0.82008716105668,"ab","var","WSCTE","DFG2020",NA,NA,NA
"Esket",0.811023190052969,"bc","var","WSCTE","DFG2020",NA,NA,NA
"Pionier",0.764135743948753,"cd","var","WSCTE","DFG2020",NA,NA,NA
"Capone",0.732703263971417,"d","var","WSCTE","DFG2020",NA,NA,NA
"220_Early",11.4334374428328,"a","nitrogen:timeid","all_DM51","DFG2020","all","51","2020-06-02"
"220_Late",10.2416561987917,"ab","nitrogen:timeid","all_DM51","DFG2020","all","51","2020-06-02"
"176_Late",9.57984370210078,"b","nitrogen:timeid","all_DM51","DFG2020","all","51","2020-06-02"
"176_Early",9.10728120446359,"b","nitrogen:timeid","all_DM51","DFG2020","all","51","2020-06-02"
"220_Early_Apertus",14.0544999297275,"a","nitrogen:timeid:var","all_DM51","DFG2020","all","51","2020-06-02"
"220_Early_Torrild",12.1774999391125,"ab","nitrogen:timeid:var","all_DM51","DFG2020","all","51","2020-06-02"
"220_Early_Capone",11.7532499412338,"ab","nitrogen:timeid:var","all_DM51","DFG2020","all","51","2020-06-02"
"220_Late_Alves",11.5584999422075,"ab","nitrogen:timeid:var","all_DM51","DFG2020","all","51","2020-06-02"
"220_Early_Pionier",11.442999942785,"ab","nitrogen:timeid:var","all_DM51","DFG2020","all","51","2020-06-02"
"220_Early_Potenzial",11.30599994347,"ab","nitrogen:timeid:var","all_DM51","DFG2020","all","51","2020-06-02"
"176_Late_Alves",11.0654999446725,"ab","nitrogen:timeid:var","all_DM51","DFG2020","all","51","2020-06-02"
"220_Early_Patras",10.8152499459237,"ab","nitrogen:timeid:var","all_DM51","DFG2020","all","51","2020-06-02"
"220_Early_Alves",10.7884999460575,"ab","nitrogen:timeid:var","all_DM51","DFG2020","all","51","2020-06-02"
"220_Late_Pionier",10.7117499464413,"ab","nitrogen:timeid:var","all_DM51","DFG2020","all","51","2020-06-02"
"220_Late_Esket",10.67399994663,"ab","nitrogen:timeid:var","all_DM51","DFG2020","all","51","2020-06-02"
"176_Late_Apertus",10.5784999471075,"ab","nitrogen:timeid:var","all_DM51","DFG2020","all","51","2020-06-02"
"176_Late_Torrild",10.41199994794,"ab","nitrogen:timeid:var","all_DM51","DFG2020","all","51","2020-06-02"
"220_Late_Potenzial",10.2494999487525,"ab","nitrogen:timeid:var","all_DM51","DFG2020","all","51","2020-06-02"
"220_Late_Torrild",10.234999948825,"ab","nitrogen:timeid:var","all_DM51","DFG2020","all","51","2020-06-02"
"220_Late_Patras",10.1832499490838,"ab","nitrogen:timeid:var","all_DM51","DFG2020","all","51","2020-06-02"
"176_Early_Esket",9.9734999501325,"ab","nitrogen:timeid:var","all_DM51","DFG2020","all","51","2020-06-02"
"176_Early_Pionier",9.95924995020375,"ab","nitrogen:timeid:var","all_DM51","DFG2020","all","51","2020-06-02"
"220_Late_Apertus",9.778999951105,"ab","nitrogen:timeid:var","all_DM51","DFG2020","all","51","2020-06-02"
"176_Late_Potenzial",9.71124995144375,"ab","nitrogen:timeid:var","all_DM51","DFG2020","all","51","2020-06-02"
"176_Early_Patras",9.40574995297125,"ab","nitrogen:timeid:var","all_DM51","DFG2020","all","51","2020-06-02"
"176_Late_Esket",9.37799995311,"ab","nitrogen:timeid:var","all_DM51","DFG2020","all","51","2020-06-02"
"176_Early_Alves",9.23199995384,"b","nitrogen:timeid:var","all_DM51","DFG2020","all","51","2020-06-02"
"220_Early_Esket",9.1294999543525,"b","nitrogen:timeid:var","all_DM51","DFG2020","all","51","2020-06-02"
"176_Late_Capone",9.076999954615,"b","nitrogen:timeid:var","all_DM51","DFG2020","all","51","2020-06-02"
"176_Early_Potenzial",8.77674995611625,"b","nitrogen:timeid:var","all_DM51","DFG2020","all","51","2020-06-02"
"176_Early_Capone",8.67399995663,"b","nitrogen:timeid:var","all_DM51","DFG2020","all","51","2020-06-02"
"220_Late_Capone",8.54224995728875,"b","nitrogen:timeid:var","all_DM51","DFG2020","all","51","2020-06-02"
"176_Late_Pionier",8.52824995735875,"b","nitrogen:timeid:var","all_DM51","DFG2020","all","51","2020-06-02"
"176_Early_Apertus",8.504999957475,"b","nitrogen:timeid:var","all_DM51","DFG2020","all","51","2020-06-02"
"176_Early_Torrild",8.33199995834,"b","nitrogen:timeid:var","all_DM51","DFG2020","all","51","2020-06-02"
"176_Late_Patras",7.88824996055875,"b","nitrogen:timeid:var","all_DM51","DFG2020","all","51","2020-06-02"
"220_Split_Early_Apertus",17.758999911205,"a","nitrogen:appl:timeid:var","all_DM51","DFG2020","all","51","2020-06-02"
"176_Split_Early_Pionier",14.02799992986,"ab","nitrogen:appl:timeid:var","all_DM51","DFG2020","all","51","2020-06-02"
"220_Split_Early_Capone",13.80599993097,"abc","nitrogen:appl:timeid:var","all_DM51","DFG2020","all","51","2020-06-02"
"220_Split_Early_Pionier",13.42799993286,"abcd","nitrogen:appl:timeid:var","all_DM51","DFG2020","all","51","2020-06-02"
"220_Split_Early_Patras",12.5524999372375,"bcde","nitrogen:appl:timeid:var","all_DM51","DFG2020","all","51","2020-06-02"
"220_Combined_Late_Alves",12.3494999382525,"bcde","nitrogen:appl:timeid:var","all_DM51","DFG2020","all","51","2020-06-02"
"220_Combined_Early_Torrild",12.3134999384325,"bcde","nitrogen:appl:timeid:var","all_DM51","DFG2020","all","51","2020-06-02"
"220_Split_Early_Torrild",12.0414999397925,"bcdef","nitrogen:appl:timeid:var","all_DM51","DFG2020","all","51","2020-06-02"
"220_Split_Late_Pionier",11.86599994067,"bcdef","nitrogen:appl:timeid:var","all_DM51","DFG2020","all","51","2020-06-02"
"220_Split_Late_Esket",11.788999941055,"bcdef","nitrogen:appl:timeid:var","all_DM51","DFG2020","all","51","2020-06-02"
"176_Split_Late_Alves",11.500999942495,"bcdef","nitrogen:appl:timeid:var","all_DM51","DFG2020","all","51","2020-06-02"
"220_Combined_Early_Potenzial",11.37799994311,"bcdef","nitrogen:appl:timeid:var","all_DM51","DFG2020","all","51","2020-06-02"
"220_Split_Late_Potenzial",11.362999943185,"bcdef","nitrogen:appl:timeid:var","all_DM51","DFG2020","all","51","2020-06-02"
"220_Split_Early_Potenzial",11.23399994383,"bcdef","nitrogen:appl:timeid:var","all_DM51","DFG2020","all","51","2020-06-02"
"176_Split_Late_Apertus",11.1624999441875,"bcdef","nitrogen:appl:timeid:var","all_DM51","DFG2020","all","51","2020-06-02"
"220_Combined_Early_Alves",11.07799994461,"bcdef","nitrogen:appl:timeid:var","all_DM51","DFG2020","all","51","2020-06-02"
"176_Split_Late_Torrild",10.996999945015,"bcdef","nitrogen:appl:timeid:var","all_DM51","DFG2020","all","51","2020-06-02"
"220_Split_Late_Patras",10.85599994572,"bcdef","nitrogen:appl:timeid:var","all_DM51","DFG2020","all","51","2020-06-02"
"220_Split_Late_Alves",10.7674999461625,"bcdef","nitrogen:appl:timeid:var","all_DM51","DFG2020","all","51","2020-06-02"
"176_Combined_Late_Alves",10.62999994685,"bcdef","nitrogen:appl:timeid:var","all_DM51","DFG2020","all","51","2020-06-02"
"220_Combined_Late_Torrild",10.5584999472075,"bcdefg","nitrogen:appl:timeid:var","all_DM51","DFG2020","all","51","2020-06-02"
"220_Split_Early_Alves",10.498999947505,"bcdefg","nitrogen:appl:timeid:var","all_DM51","DFG2020","all","51","2020-06-02"
"220_Combined_Early_Apertus",10.34999994825,"bcdefg","nitrogen:appl:timeid:var","all_DM51","DFG2020","all","51","2020-06-02"
"176_Split_Early_Esket",10.346999948265,"bcdefg","nitrogen:appl:timeid:var","all_DM51","DFG2020","all","51","2020-06-02"
"220_Split_Early_Esket",10.168999949155,"bcdefg","nitrogen:appl:timeid:var","all_DM51","DFG2020","all","51","2020-06-02"
"176_Combined_Early_Patras",10.1214999493925,"bcdefg","nitrogen:appl:timeid:var","all_DM51","DFG2020","all","51","2020-06-02"
"176_Split_Late_Capone",10.05799994971,"bcdefg","nitrogen:appl:timeid:var","all_DM51","DFG2020","all","51","2020-06-02"
"176_Combined_Late_Potenzial",10.02399994988,"bcdefg","nitrogen:appl:timeid:var","all_DM51","DFG2020","all","51","2020-06-02"
"176_Combined_Late_Apertus",9.9944999500275,"bcdefg","nitrogen:appl:timeid:var","all_DM51","DFG2020","all","51","2020-06-02"
"220_Split_Late_Torrild",9.9114999504425,"bcdefg","nitrogen:appl:timeid:var","all_DM51","DFG2020","all","51","2020-06-02"
"220_Combined_Late_Apertus",9.8434999507825,"bcdefg","nitrogen:appl:timeid:var","all_DM51","DFG2020","all","51","2020-06-02"
"176_Combined_Late_Torrild",9.826999950865,"bcdefg","nitrogen:appl:timeid:var","all_DM51","DFG2020","all","51","2020-06-02"
"176_Split_Early_Alves",9.8134999509325,"bcdefg","nitrogen:appl:timeid:var","all_DM51","DFG2020","all","51","2020-06-02"
"220_Split_Late_Apertus",9.7144999514275,"bcdefg","nitrogen:appl:timeid:var","all_DM51","DFG2020","all","51","2020-06-02"
"220_Combined_Early_Capone",9.7004999514975,"bcdefg","nitrogen:appl:timeid:var","all_DM51","DFG2020","all","51","2020-06-02"
"176_Combined_Late_Esket",9.6514999517425,"bcdefg","nitrogen:appl:timeid:var","all_DM51","DFG2020","all","51","2020-06-02"
"176_Combined_Early_Esket",9.599999952,"bcdefg","nitrogen:appl:timeid:var","all_DM51","DFG2020","all","51","2020-06-02"
"220_Combined_Late_Esket",9.558999952205,"bcdefg","nitrogen:appl:timeid:var","all_DM51","DFG2020","all","51","2020-06-02"
"220_Combined_Late_Pionier",9.5574999522125,"bcdefg","nitrogen:appl:timeid:var","all_DM51","DFG2020","all","51","2020-06-02"
"220_Combined_Late_Patras",9.5104999524475,"bcdefg","nitrogen:appl:timeid:var","all_DM51","DFG2020","all","51","2020-06-02"
"220_Combined_Early_Pionier",9.45799995271,"bcdefg","nitrogen:appl:timeid:var","all_DM51","DFG2020","all","51","2020-06-02"
"176_Split_Late_Potenzial",9.3984999530075,"bcdefg","nitrogen:appl:timeid:var","all_DM51","DFG2020","all","51","2020-06-02"
"176_Combined_Early_Capone",9.3844999530775,"bcdefg","nitrogen:appl:timeid:var","all_DM51","DFG2020","all","51","2020-06-02"
"220_Combined_Late_Capone",9.2464999537675,"cdefg","nitrogen:appl:timeid:var","all_DM51","DFG2020","all","51","2020-06-02"
"220_Combined_Late_Potenzial",9.13599995432,"cdefg","nitrogen:appl:timeid:var","all_DM51","DFG2020","all","51","2020-06-02"
"176_Split_Late_Esket",9.1044999544775,"cdefg","nitrogen:appl:timeid:var","all_DM51","DFG2020","all","51","2020-06-02"
"220_Combined_Early_Patras",9.07799995461,"defg","nitrogen:appl:timeid:var","all_DM51","DFG2020","all","51","2020-06-02"
"176_Split_Early_Potenzial",8.8399999558,"defg","nitrogen:appl:timeid:var","all_DM51","DFG2020","all","51","2020-06-02"
"176_Split_Early_Torrild",8.82399995588,"defg","nitrogen:appl:timeid:var","all_DM51","DFG2020","all","51","2020-06-02"
"176_Split_Late_Pionier",8.7504999562475,"defg","nitrogen:appl:timeid:var","all_DM51","DFG2020","all","51","2020-06-02"
"176_Split_Early_Apertus",8.718999956405,"defg","nitrogen:appl:timeid:var","all_DM51","DFG2020","all","51","2020-06-02"
"176_Combined_Early_Potenzial",8.7134999564325,"defg","nitrogen:appl:timeid:var","all_DM51","DFG2020","all","51","2020-06-02"
"176_Split_Early_Patras",8.68999995655,"efg","nitrogen:appl:timeid:var","all_DM51","DFG2020","all","51","2020-06-02"
"176_Combined_Early_Alves",8.6504999567475,"efg","nitrogen:appl:timeid:var","all_DM51","DFG2020","all","51","2020-06-02"
"176_Combined_Late_Pionier",8.30599995847,"efg","nitrogen:appl:timeid:var","all_DM51","DFG2020","all","51","2020-06-02"
"176_Combined_Early_Apertus",8.290999958545,"efg","nitrogen:appl:timeid:var","all_DM51","DFG2020","all","51","2020-06-02"
"176_Combined_Late_Patras",8.2084999589575,"efg","nitrogen:appl:timeid:var","all_DM51","DFG2020","all","51","2020-06-02"
"176_Combined_Late_Capone",8.09599995952,"efg","nitrogen:appl:timeid:var","all_DM51","DFG2020","all","51","2020-06-02"
"220_Combined_Early_Esket",8.08999995955,"efg","nitrogen:appl:timeid:var","all_DM51","DFG2020","all","51","2020-06-02"
"176_Split_Early_Capone",7.9634999601825,"efg","nitrogen:appl:timeid:var","all_DM51","DFG2020","all","51","2020-06-02"
"176_Combined_Early_Torrild",7.8399999608,"efg","nitrogen:appl:timeid:var","all_DM51","DFG2020","all","51","2020-06-02"
"220_Split_Late_Capone",7.83799996081,"efg","nitrogen:appl:timeid:var","all_DM51","DFG2020","all","51","2020-06-02"
"176_Split_Late_Patras",7.56799996216,"fg","nitrogen:appl:timeid:var","all_DM51","DFG2020","all","51","2020-06-02"
"176_Combined_Early_Pionier",5.8904999705475,"g","nitrogen:appl:timeid:var","all_DM51","DFG2020","all","51","2020-06-02"
"220_Early",14.8191874259041,"a","nitrogen:timeid","all_DM61","DFG2020","all","61","2020-06-08"
"220_Late",12.0699061896505,"ab","nitrogen:timeid","all_DM61","DFG2020","all","61","2020-06-08"
"176_Late",11.6205311918973,"ab","nitrogen:timeid","all_DM61","DFG2020","all","61","2020-06-08"
"176_Early",10.8674374456628,"b","nitrogen:timeid","all_DM61","DFG2020","all","61","2020-06-08"
"Split_Torrild",15.11599992442,"a","appl:var","all_DM61","DFG2020","all","61","2020-06-08"
"Split_Alves",13.86199993069,"ab","appl:var","all_DM61","DFG2020","all","61","2020-06-08"
"Split_Esket",13.2437499337813,"abc","appl:var","all_DM61","DFG2020","all","61","2020-06-08"
"Split_Apertus",12.9164999354175,"abc","appl:var","all_DM61","DFG2020","all","61","2020-06-08"
"Combined_Alves",12.5198749374006,"abc","appl:var","all_DM61","DFG2020","all","61","2020-06-08"
"Combined_Apertus",12.3588749382056,"abc","appl:var","all_DM61","DFG2020","all","61","2020-06-08"
"Split_Capone",12.2774999386125,"bc","appl:var","all_DM61","DFG2020","all","61","2020-06-08"
"Combined_Patras",12.1586249392069,"bc","appl:var","all_DM61","DFG2020","all","61","2020-06-08"
"Split_Pionier",12.1422499392887,"bc","appl:var","all_DM61","DFG2020","all","61","2020-06-08"
"Combined_Capone",12.0661249396694,"bc","appl:var","all_DM61","DFG2020","all","61","2020-06-08"
"Combined_Torrild",11.9857499400712,"bc","appl:var","all_DM61","DFG2020","all","61","2020-06-08"
"Split_Potenzial",11.9506249402469,"bc","appl:var","all_DM61","DFG2020","all","61","2020-06-08"
"Combined_Potenzial",11.7611249411944,"bc","appl:var","all_DM61","DFG2020","all","61","2020-06-08"
"Combined_Pionier",11.1543749442281,"bc","appl:var","all_DM61","DFG2020","all","61","2020-06-08"
"Combined_Esket",11.0562499447188,"bc","appl:var","all_DM61","DFG2020","all","61","2020-06-08"
"Split_Patras",10.9386249453069,"c","appl:var","all_DM61","DFG2020","all","61","2020-06-08"
"176_Split_Torrild",16.6272499168638,"a","nitrogen:appl:var","all_DM61","DFG2020","all","61","2020-06-08"
"220_Split_Esket",14.8412499257938,"ab","nitrogen:appl:var","all_DM61","DFG2020","all","61","2020-06-08"
"220_Split_Apertus",14.5747499271263,"ab","nitrogen:appl:var","all_DM61","DFG2020","all","61","2020-06-08"
"220_Combined_Capone",14.2687499286563,"ab","nitrogen:appl:var","all_DM61","DFG2020","all","61","2020-06-08"
"176_Split_Alves",14.1632499291837,"ab","nitrogen:appl:var","all_DM61","DFG2020","all","61","2020-06-08"
"220_Combined_Alves",14.1094999294525,"ab","nitrogen:appl:var","all_DM61","DFG2020","all","61","2020-06-08"
"220_Combined_Torrild",14.030999929845,"ab","nitrogen:appl:var","all_DM61","DFG2020","all","61","2020-06-08"
"220_Combined_Apertus",13.8224999308875,"ab","nitrogen:appl:var","all_DM61","DFG2020","all","61","2020-06-08"
"220_Split_Torrild",13.6047499319763,"ab","nitrogen:appl:var","all_DM61","DFG2020","all","61","2020-06-08"
"220_Split_Alves",13.5607499321963,"ab","nitrogen:appl:var","all_DM61","DFG2020","all","61","2020-06-08"
"220_Split_Pionier",13.4434999327825,"ab","nitrogen:appl:var","all_DM61","DFG2020","all","61","2020-06-08"
"220_Combined_Patras",13.0287499348563,"ab","nitrogen:appl:var","all_DM61","DFG2020","all","61","2020-06-08"
"220_Combined_Potenzial",13.0262499348687,"ab","nitrogen:appl:var","all_DM61","DFG2020","all","61","2020-06-08"
"220_Split_Patras",12.9874999350625,"ab","nitrogen:appl:var","all_DM61","DFG2020","all","61","2020-06-08"
"220_Split_Capone",12.9167499354163,"ab","nitrogen:appl:var","all_DM61","DFG2020","all","61","2020-06-08"
"220_Split_Potenzial",12.78399993608,"ab","nitrogen:appl:var","all_DM61","DFG2020","all","61","2020-06-08"
"220_Combined_Esket",12.6164999369175,"ab","nitrogen:appl:var","all_DM61","DFG2020","all","61","2020-06-08"
"176_Split_Esket",11.6462499417688,"ab","nitrogen:appl:var","all_DM61","DFG2020","all","61","2020-06-08"
"176_Split_Capone",11.6382499418088,"ab","nitrogen:appl:var","all_DM61","DFG2020","all","61","2020-06-08"
"220_Combined_Pionier",11.4962499425187,"ab","nitrogen:appl:var","all_DM61","DFG2020","all","61","2020-06-08"
"176_Combined_Patras",11.2884999435575,"ab","nitrogen:appl:var","all_DM61","DFG2020","all","61","2020-06-08"
"176_Split_Apertus",11.2582499437087,"ab","nitrogen:appl:var","all_DM61","DFG2020","all","61","2020-06-08"
"176_Split_Potenzial",11.1172499444138,"ab","nitrogen:appl:var","all_DM61","DFG2020","all","61","2020-06-08"
"176_Combined_Alves",10.9302499453488,"ab","nitrogen:appl:var","all_DM61","DFG2020","all","61","2020-06-08"
"176_Combined_Apertus",10.8952499455237,"ab","nitrogen:appl:var","all_DM61","DFG2020","all","61","2020-06-08"
"176_Split_Pionier",10.840999945795,"ab","nitrogen:appl:var","all_DM61","DFG2020","all","61","2020-06-08"
"176_Combined_Pionier",10.8124999459375,"ab","nitrogen:appl:var","all_DM61","DFG2020","all","61","2020-06-08"
"176_Combined_Potenzial",10.49599994752,"ab","nitrogen:appl:var","all_DM61","DFG2020","all","61","2020-06-08"
"176_Combined_Torrild",9.9404999502975,"b","nitrogen:appl:var","all_DM61","DFG2020","all","61","2020-06-08"
"176_Combined_Capone",9.8634999506825,"b","nitrogen:appl:var","all_DM61","DFG2020","all","61","2020-06-08"
"176_Combined_Esket",9.49599995252,"b","nitrogen:appl:var","all_DM61","DFG2020","all","61","2020-06-08"
"176_Split_Patras",8.88974995555125,"b","nitrogen:appl:var","all_DM61","DFG2020","all","61","2020-06-08"
"220_Capone",24.6861248765694,"a","nitrogen:var","all_DM87","DFG2020","all","87","2020-07-23"
"220_Torrild",23.3803748830981,"ab","nitrogen:var","all_DM87","DFG2020","all","87","2020-07-23"
"220_Pionier",22.4653748876731,"abc","nitrogen:var","all_DM87","DFG2020","all","87","2020-07-23"
"220_Apertus",22.19199988904,"abcd","nitrogen:var","all_DM87","DFG2020","all","87","2020-07-23"
"220_Potenzial",20.8317498958412,"abcde","nitrogen:var","all_DM87","DFG2020","all","87","2020-07-23"
"220_Esket",20.2947498985262,"abcde","nitrogen:var","all_DM87","DFG2020","all","87","2020-07-23"
"176_Potenzial",20.0304998998475,"bcde","nitrogen:var","all_DM87","DFG2020","all","87","2020-07-23"
"220_Patras",19.5261249023694,"bcde","nitrogen:var","all_DM87","DFG2020","all","87","2020-07-23"
"176_Pionier",19.4946249025269,"bcde","nitrogen:var","all_DM87","DFG2020","all","87","2020-07-23"
"176_Torrild",19.2962499035187,"bcde","nitrogen:var","all_DM87","DFG2020","all","87","2020-07-23"
"176_Apertus",19.2908749035456,"bcde","nitrogen:var","all_DM87","DFG2020","all","87","2020-07-23"
"220_Alves",18.6644999066775,"cde","nitrogen:var","all_DM87","DFG2020","all","87","2020-07-23"
"176_Esket",18.6173749069131,"cde","nitrogen:var","all_DM87","DFG2020","all","87","2020-07-23"
"176_Alves",17.8527499107363,"cde","nitrogen:var","all_DM87","DFG2020","all","87","2020-07-23"
"176_Capone",17.6748749116256,"de","nitrogen:var","all_DM87","DFG2020","all","87","2020-07-23"
"176_Patras",17.3888749130556,"e","nitrogen:var","all_DM87","DFG2020","all","87","2020-07-23"
"176_Early",4.86907444596713,"a","nitrogen:timeid","all_total_C61","DFG2020","all","61","2020-06-08"
"220_Early",4.75421204216644,"a","nitrogen:timeid","all_total_C61","DFG2020","all","61","2020-06-08"
"176_Late",4.72506318387468,"a","nitrogen:timeid","all_total_C61","DFG2020","all","61","2020-06-08"
"220_Late",3.69060893685946,"b","nitrogen:timeid","all_total_C61","DFG2020","all","61","2020-06-08"
"220",0.180432498316588,"a","nitrogen","all_total_N61","DFG2020","all","61","2020-06-08"
"176",0.122857199385714,"b","nitrogen","all_total_N61","DFG2020","all","61","2020-06-08"
"220_Capone",0.258635490384304,"a","nitrogen:var","all_total_N87","DFG2020","all","87","2020-07-23"
"220_Torrild",0.255460871808326,"a","nitrogen:var","all_total_N87","DFG2020","all","87","2020-07-23"
"220_Pionier",0.241664450206552,"ab","nitrogen:var","all_total_N87","DFG2020","all","87","2020-07-23"
"220_Apertus",0.23169271153326,"abc","nitrogen:var","all_total_N87","DFG2020","all","87","2020-07-23"
"220_Potenzial",0.226898847199675,"abc","nitrogen:var","all_total_N87","DFG2020","all","87","2020-07-23"
"220_Esket",0.214736240050774,"abcd","nitrogen:var","all_total_N87","DFG2020","all","87","2020-07-23"
"220_Patras",0.214735088492865,"abcd","nitrogen:var","all_total_N87","DFG2020","all","87","2020-07-23"
"220_Alves",0.198085372138377,"bcde","nitrogen:var","all_total_N87","DFG2020","all","87","2020-07-23"
"176_Potenzial",0.187548812956001,"cde","nitrogen:var","all_total_N87","DFG2020","all","87","2020-07-23"
"176_Torrild",0.185246082689526,"cde","nitrogen:var","all_total_N87","DFG2020","all","87","2020-07-23"
"176_Pionier",0.181731701526972,"cde","nitrogen:var","all_total_N87","DFG2020","all","87","2020-07-23"
"176_Esket",0.176572910142317,"de","nitrogen:var","all_total_N87","DFG2020","all","87","2020-07-23"
"176_Apertus",0.174552055959477,"de","nitrogen:var","all_total_N87","DFG2020","all","87","2020-07-23"
"176_Alves",0.168066118524411,"de","nitrogen:var","all_total_N87","DFG2020","all","87","2020-07-23"
"176_Patras",0.164177401486454,"e","nitrogen:var","all_total_N87","DFG2020","all","87","2020-07-23"
"176_Capone",0.16186521792528,"e","nitrogen:var","all_total_N87","DFG2020","all","87","2020-07-23"
"Alves",0.218672457386031,"a","var","ear61_DM_rel","DFG2020",NA,NA,NA
"Torrild",0.202811537259593,"a","var","ear61_DM_rel","DFG2020",NA,NA,NA
"Esket",0.186088396852506,"ab","var","ear61_DM_rel","DFG2020",NA,NA,NA
"Patras",0.179030887772832,"ab","var","ear61_DM_rel","DFG2020",NA,NA,NA
"Capone",0.177515685847395,"ab","var","ear61_DM_rel","DFG2020",NA,NA,NA
"Potenzial",0.173320035799237,"ab","var","ear61_DM_rel","DFG2020",NA,NA,NA
"Apertus",0.169370434606724,"ab","var","ear61_DM_rel","DFG2020",NA,NA,NA
"Pionier",0.146785937883531,"b","var","ear61_DM_rel","DFG2020",NA,NA,NA
"Split_Alves",0.246934030224429,"a","appl:var","ear61_DM_rel","DFG2020",NA,NA,NA
"Split_Torrild",0.225312291685478,"ab","appl:var","ear61_DM_rel","DFG2020",NA,NA,NA
"Combined_Esket",0.20761259570638,"ab","appl:var","ear61_DM_rel","DFG2020",NA,NA,NA
"Combined_Patras",0.197969106804422,"ab","appl:var","ear61_DM_rel","DFG2020",NA,NA,NA
"Combined_Potenzial",0.192795099792431,"ab","appl:var","ear61_DM_rel","DFG2020",NA,NA,NA
"Combined_Alves",0.190410884547633,"ab","appl:var","ear61_DM_rel","DFG2020",NA,NA,NA
"Combined_Capone",0.181809518768894,"ab","appl:var","ear61_DM_rel","DFG2020",NA,NA,NA
"Combined_Torrild",0.180310782833708,"ab","appl:var","ear61_DM_rel","DFG2020",NA,NA,NA
"Combined_Apertus",0.179793259727156,"ab","appl:var","ear61_DM_rel","DFG2020",NA,NA,NA
"Split_Capone",0.173221852925895,"ab","appl:var","ear61_DM_rel","DFG2020",NA,NA,NA
"Split_Esket",0.164564197998633,"ab","appl:var","ear61_DM_rel","DFG2020",NA,NA,NA
"Split_Patras",0.160092668741242,"ab","appl:var","ear61_DM_rel","DFG2020",NA,NA,NA
"Split_Apertus",0.158947609486291,"ab","appl:var","ear61_DM_rel","DFG2020",NA,NA,NA
"Split_Potenzial",0.153844971806043,"ab","appl:var","ear61_DM_rel","DFG2020",NA,NA,NA
"Combined_Pionier",0.152558033079726,"b","appl:var","ear61_DM_rel","DFG2020",NA,NA,NA
"Split_Pionier",0.141013842687336,"b","appl:var","ear61_DM_rel","DFG2020",NA,NA,NA
"176_Split_Torrild",0.283679596721114,"a","nitrogen:appl:var","ear61_DM_rel","DFG2020",NA,NA,NA
"220_Split_Alves",0.251673109171315,"ab","nitrogen:appl:var","ear61_DM_rel","DFG2020",NA,NA,NA
"220_Combined_Esket",0.249381827744296,"ab","nitrogen:appl:var","ear61_DM_rel","DFG2020",NA,NA,NA
"176_Split_Alves",0.242194951277544,"ab","nitrogen:appl:var","ear61_DM_rel","DFG2020",NA,NA,NA
"220_Combined_Torrild",0.207999921173502,"ab","nitrogen:appl:var","ear61_DM_rel","DFG2020",NA,NA,NA
"220_Combined_Alves",0.203868549613117,"ab","nitrogen:appl:var","ear61_DM_rel","DFG2020",NA,NA,NA
"220_Combined_Potenzial",0.202990037934611,"ab","nitrogen:appl:var","ear61_DM_rel","DFG2020",NA,NA,NA
"176_Combined_Patras",0.202571464151351,"ab","nitrogen:appl:var","ear61_DM_rel","DFG2020",NA,NA,NA
"176_Split_Capone",0.196229816575065,"ab","nitrogen:appl:var","ear61_DM_rel","DFG2020",NA,NA,NA
"220_Combined_Patras",0.193366749457493,"ab","nitrogen:appl:var","ear61_DM_rel","DFG2020",NA,NA,NA
"176_Combined_Apertus",0.183867931014476,"ab","nitrogen:appl:var","ear61_DM_rel","DFG2020",NA,NA,NA
"176_Combined_Capone",0.183291062330292,"ab","nitrogen:appl:var","ear61_DM_rel","DFG2020",NA,NA,NA
"176_Combined_Potenzial",0.182600161650251,"ab","nitrogen:appl:var","ear61_DM_rel","DFG2020",NA,NA,NA
"220_Combined_Capone",0.180327975207496,"ab","nitrogen:appl:var","ear61_DM_rel","DFG2020",NA,NA,NA
"220_Split_Esket",0.179007930405317,"ab","nitrogen:appl:var","ear61_DM_rel","DFG2020",NA,NA,NA
"176_Combined_Alves",0.176953219482149,"ab","nitrogen:appl:var","ear61_DM_rel","DFG2020",NA,NA,NA
"220_Split_Patras",0.176383927376564,"ab","nitrogen:appl:var","ear61_DM_rel","DFG2020",NA,NA,NA
"220_Combined_Apertus",0.175718588439837,"ab","nitrogen:appl:var","ear61_DM_rel","DFG2020",NA,NA,NA
"220_Split_Torrild",0.166944986649842,"ab","nitrogen:appl:var","ear61_DM_rel","DFG2020",NA,NA,NA
"176_Combined_Esket",0.165843363668463,"ab","nitrogen:appl:var","ear61_DM_rel","DFG2020",NA,NA,NA
"176_Combined_Pionier",0.161535480175361,"ab","nitrogen:appl:var","ear61_DM_rel","DFG2020",NA,NA,NA
"176_Split_Apertus",0.160407719323087,"ab","nitrogen:appl:var","ear61_DM_rel","DFG2020",NA,NA,NA
"220_Split_Potenzial",0.158287862893354,"ab","nitrogen:appl:var","ear61_DM_rel","DFG2020",NA,NA,NA
"220_Split_Apertus",0.157487499649495,"ab","nitrogen:appl:var","ear61_DM_rel","DFG2020",NA,NA,NA
"176_Combined_Torrild",0.152621644493914,"b","nitrogen:appl:var","ear61_DM_rel","DFG2020",NA,NA,NA
"220_Split_Capone",0.150213889276725,"b","nitrogen:appl:var","ear61_DM_rel","DFG2020",NA,NA,NA
"176_Split_Esket",0.150120465591949,"b","nitrogen:appl:var","ear61_DM_rel","DFG2020",NA,NA,NA
"176_Split_Potenzial",0.149402080718731,"b","nitrogen:appl:var","ear61_DM_rel","DFG2020",NA,NA,NA
"220_Split_Pionier",0.147610939594059,"b","nitrogen:appl:var","ear61_DM_rel","DFG2020",NA,NA,NA
"176_Split_Patras",0.143801410105919,"b","nitrogen:appl:var","ear61_DM_rel","DFG2020",NA,NA,NA
"220_Combined_Pionier",0.14358058598409,"b","nitrogen:appl:var","ear61_DM_rel","DFG2020",NA,NA,NA
"176_Split_Pionier",0.134416745780612,"b","nitrogen:appl:var","ear61_DM_rel","DFG2020",NA,NA,NA
"Alves",0.247094732400369,"a","var","ear61_N_rel","DFG2020",NA,NA,NA
"Torrild",0.227151440662461,"a","var","ear61_N_rel","DFG2020",NA,NA,NA
"Capone",0.21573303040884,"ab","var","ear61_N_rel","DFG2020",NA,NA,NA
"Esket",0.20995788559863,"ab","var","ear61_N_rel","DFG2020",NA,NA,NA
"Patras",0.196510008994025,"ab","var","ear61_N_rel","DFG2020",NA,NA,NA
"Potenzial",0.195959915764803,"ab","var","ear61_N_rel","DFG2020",NA,NA,NA
"Apertus",0.194820705385921,"ab","var","ear61_N_rel","DFG2020",NA,NA,NA
"Pionier",0.16100153069749,"b","var","ear61_N_rel","DFG2020",NA,NA,NA
"176_Split_Torrild",0.329429166279386,"a","nitrogen:appl:var","ear61_N_rel","DFG2020",NA,NA,NA
"176_Split_Alves",0.293603048043656,"ab","nitrogen:appl:var","ear61_N_rel","DFG2020",NA,NA,NA
"220_Split_Alves",0.274249603211804,"ab","nitrogen:appl:var","ear61_N_rel","DFG2020",NA,NA,NA
"220_Combined_Esket",0.269998275606961,"ab","nitrogen:appl:var","ear61_N_rel","DFG2020",NA,NA,NA
"176_Split_Capone",0.258047680098924,"ab","nitrogen:appl:var","ear61_N_rel","DFG2020",NA,NA,NA
"220_Combined_Potenzial",0.229912920218741,"ab","nitrogen:appl:var","ear61_N_rel","DFG2020",NA,NA,NA
"220_Combined_Alves",0.226069270581495,"ab","nitrogen:appl:var","ear61_N_rel","DFG2020",NA,NA,NA
"220_Combined_Torrild",0.219641354922019,"ab","nitrogen:appl:var","ear61_N_rel","DFG2020",NA,NA,NA
"176_Combined_Patras",0.216111917178866,"ab","nitrogen:appl:var","ear61_N_rel","DFG2020",NA,NA,NA
"176_Combined_Apertus",0.214923072984639,"ab","nitrogen:appl:var","ear61_N_rel","DFG2020",NA,NA,NA
"176_Combined_Capone",0.210701588064411,"ab","nitrogen:appl:var","ear61_N_rel","DFG2020",NA,NA,NA
"220_Combined_Patras",0.206951335090051,"ab","nitrogen:appl:var","ear61_N_rel","DFG2020",NA,NA,NA
"220_Combined_Capone",0.206656076809256,"ab","nitrogen:appl:var","ear61_N_rel","DFG2020",NA,NA,NA
"220_Split_Patras",0.200335289177626,"ab","nitrogen:appl:var","ear61_N_rel","DFG2020",NA,NA,NA
"220_Split_Esket",0.197571158130191,"ab","nitrogen:appl:var","ear61_N_rel","DFG2020",NA,NA,NA
"176_Combined_Alves",0.194457007764523,"ab","nitrogen:appl:var","ear61_N_rel","DFG2020",NA,NA,NA
"176_Combined_Esket",0.192440490040546,"ab","nitrogen:appl:var","ear61_N_rel","DFG2020",NA,NA,NA
"176_Combined_Potenzial",0.192376297388532,"ab","nitrogen:appl:var","ear61_N_rel","DFG2020",NA,NA,NA
"220_Combined_Apertus",0.189587438127248,"ab","nitrogen:appl:var","ear61_N_rel","DFG2020",NA,NA,NA
"220_Split_Torrild",0.189587338647928,"ab","nitrogen:appl:var","ear61_N_rel","DFG2020",NA,NA,NA
"176_Split_Apertus",0.189515169412016,"ab","nitrogen:appl:var","ear61_N_rel","DFG2020",NA,NA,NA
"220_Split_Potenzial",0.188268798691789,"ab","nitrogen:appl:var","ear61_N_rel","DFG2020",NA,NA,NA
"220_Split_Capone",0.187526776662769,"b","nitrogen:appl:var","ear61_N_rel","DFG2020",NA,NA,NA
"220_Split_Apertus",0.185257141019779,"b","nitrogen:appl:var","ear61_N_rel","DFG2020",NA,NA,NA
"176_Split_Esket",0.179821618616823,"b","nitrogen:appl:var","ear61_N_rel","DFG2020",NA,NA,NA
"176_Combined_Pionier",0.173818191689985,"b","nitrogen:appl:var","ear61_N_rel","DFG2020",NA,NA,NA
"176_Split_Potenzial",0.17328164676015,"b","nitrogen:appl:var","ear61_N_rel","DFG2020",NA,NA,NA
"176_Combined_Torrild",0.169947902800509,"b","nitrogen:appl:var","ear61_N_rel","DFG2020",NA,NA,NA
"176_Split_Patras",0.162641494529557,"b","nitrogen:appl:var","ear61_N_rel","DFG2020",NA,NA,NA
"220_Split_Pionier",0.159151100890688,"b","nitrogen:appl:var","ear61_N_rel","DFG2020",NA,NA,NA
"176_Split_Pionier",0.157341822979606,"b","nitrogen:appl:var","ear61_N_rel","DFG2020",NA,NA,NA
"220_Combined_Pionier",0.153695007229682,"b","nitrogen:appl:var","ear61_N_rel","DFG2020",NA,NA,NA
"176",269.041458333333,"a","nitrogen","ear_CHO61","DFG2020","ear","61","2020-06-08"
"220",205.047708333333,"b","nitrogen","ear_CHO61","DFG2020","ear","61","2020-06-08"
"176_Combined_Late_Capone",357.613333333333,"a","nitrogen:appl:timeid:var","ear_CHO61","DFG2020","ear","61","2020-06-08"
"176_Combined_Late_Pionier",355.09,"ab","nitrogen:appl:timeid:var","ear_CHO61","DFG2020","ear","61","2020-06-08"
"176_Combined_Late_Potenzial",328.176666666667,"abc","nitrogen:appl:timeid:var","ear_CHO61","DFG2020","ear","61","2020-06-08"
"176_Split_Late_Capone",321.24,"abc","nitrogen:appl:timeid:var","ear_CHO61","DFG2020","ear","61","2020-06-08"
"176_Split_Late_Esket",304.566666666667,"abc","nitrogen:appl:timeid:var","ear_CHO61","DFG2020","ear","61","2020-06-08"
"176_Combined_Early_Torrild",301.653333333333,"abc","nitrogen:appl:timeid:var","ear_CHO61","DFG2020","ear","61","2020-06-08"
"176_Combined_Early_Patras",296.196666666667,"abc","nitrogen:appl:timeid:var","ear_CHO61","DFG2020","ear","61","2020-06-08"
"176_Split_Late_Pionier",295.89,"abc","nitrogen:appl:timeid:var","ear_CHO61","DFG2020","ear","61","2020-06-08"
"176_Combined_Late_Apertus",295.14,"abc","nitrogen:appl:timeid:var","ear_CHO61","DFG2020","ear","61","2020-06-08"
"176_Combined_Early_Apertus",288.216666666667,"abc","nitrogen:appl:timeid:var","ear_CHO61","DFG2020","ear","61","2020-06-08"
"176_Split_Early_Apertus",282.14,"abc","nitrogen:appl:timeid:var","ear_CHO61","DFG2020","ear","61","2020-06-08"
"176_Combined_Early_Capone",281.91,"abc","nitrogen:appl:timeid:var","ear_CHO61","DFG2020","ear","61","2020-06-08"
"220_Combined_Late_Patras",279.73,"abc","nitrogen:appl:timeid:var","ear_CHO61","DFG2020","ear","61","2020-06-08"
"176_Split_Early_Pionier",275.523333333333,"abc","nitrogen:appl:timeid:var","ear_CHO61","DFG2020","ear","61","2020-06-08"
"176_Split_Early_Torrild",275.493333333333,"abc","nitrogen:appl:timeid:var","ear_CHO61","DFG2020","ear","61","2020-06-08"
"176_Split_Early_Capone",273.32,"abc","nitrogen:appl:timeid:var","ear_CHO61","DFG2020","ear","61","2020-06-08"
"220_Combined_Late_Esket",272.6,"abc","nitrogen:appl:timeid:var","ear_CHO61","DFG2020","ear","61","2020-06-08"
"176_Split_Early_Alves",271.686666666667,"abc","nitrogen:appl:timeid:var","ear_CHO61","DFG2020","ear","61","2020-06-08"
"176_Combined_Early_Esket",270.513333333333,"abc","nitrogen:appl:timeid:var","ear_CHO61","DFG2020","ear","61","2020-06-08"
"176_Combined_Late_Alves",269.293333333333,"abc","nitrogen:appl:timeid:var","ear_CHO61","DFG2020","ear","61","2020-06-08"
"220_Combined_Late_Pionier",268.05,"abc","nitrogen:appl:timeid:var","ear_CHO61","DFG2020","ear","61","2020-06-08"
"176_Combined_Early_Potenzial",264.69,"abc","nitrogen:appl:timeid:var","ear_CHO61","DFG2020","ear","61","2020-06-08"
"220_Combined_Early_Esket",264.59,"abc","nitrogen:appl:timeid:var","ear_CHO61","DFG2020","ear","61","2020-06-08"
"176_Split_Late_Apertus",261.466666666667,"abc","nitrogen:appl:timeid:var","ear_CHO61","DFG2020","ear","61","2020-06-08"
"176_Split_Early_Potenzial",259.623333333333,"abc","nitrogen:appl:timeid:var","ear_CHO61","DFG2020","ear","61","2020-06-08"
"176_Split_Late_Torrild",258.443333333333,"abc","nitrogen:appl:timeid:var","ear_CHO61","DFG2020","ear","61","2020-06-08"
"176_Combined_Late_Patras",254.293333333333,"abc","nitrogen:appl:timeid:var","ear_CHO61","DFG2020","ear","61","2020-06-08"
"220_Combined_Early_Pionier",253.666666666667,"abc","nitrogen:appl:timeid:var","ear_CHO61","DFG2020","ear","61","2020-06-08"
"220_Split_Early_Alves",251.47,"abc","nitrogen:appl:timeid:var","ear_CHO61","DFG2020","ear","61","2020-06-08"
"220_Split_Late_Pionier",248.84,"abc","nitrogen:appl:timeid:var","ear_CHO61","DFG2020","ear","61","2020-06-08"
"176_Split_Early_Esket",246.286666666667,"abc","nitrogen:appl:timeid:var","ear_CHO61","DFG2020","ear","61","2020-06-08"
"176_Split_Late_Patras",245.08,"abc","nitrogen:appl:timeid:var","ear_CHO61","DFG2020","ear","61","2020-06-08"
"220_Split_Late_Capone",242.823333333333,"abc","nitrogen:appl:timeid:var","ear_CHO61","DFG2020","ear","61","2020-06-08"
"220_Split_Late_Apertus",241.15,"abc","nitrogen:appl:timeid:var","ear_CHO61","DFG2020","ear","61","2020-06-08"
"220_Combined_Early_Capone",238.593333333333,"abc","nitrogen:appl:timeid:var","ear_CHO61","DFG2020","ear","61","2020-06-08"
"220_Split_Early_Potenzial",233.583333333333,"abc","nitrogen:appl:timeid:var","ear_CHO61","DFG2020","ear","61","2020-06-08"
"220_Combined_Early_Apertus",232.613333333333,"abc","nitrogen:appl:timeid:var","ear_CHO61","DFG2020","ear","61","2020-06-08"
"176_Combined_Late_Esket",232.523333333333,"abc","nitrogen:appl:timeid:var","ear_CHO61","DFG2020","ear","61","2020-06-08"
"176_Split_Late_Potenzial",226.79,"abc","nitrogen:appl:timeid:var","ear_CHO61","DFG2020","ear","61","2020-06-08"
"176_Combined_Early_Alves",222.753333333333,"abc","nitrogen:appl:timeid:var","ear_CHO61","DFG2020","ear","61","2020-06-08"
"220_Split_Late_Potenzial",222.233333333333,"abc","nitrogen:appl:timeid:var","ear_CHO61","DFG2020","ear","61","2020-06-08"
"176_Split_Early_Patras",221.6,"abc","nitrogen:appl:timeid:var","ear_CHO61","DFG2020","ear","61","2020-06-08"
"220_Combined_Early_Patras",209.656666666667,"abc","nitrogen:appl:timeid:var","ear_CHO61","DFG2020","ear","61","2020-06-08"
"220_Combined_Early_Torrild",209.39,"abc","nitrogen:appl:timeid:var","ear_CHO61","DFG2020","ear","61","2020-06-08"
"176_Combined_Late_Torrild",204.283333333333,"abc","nitrogen:appl:timeid:var","ear_CHO61","DFG2020","ear","61","2020-06-08"
"220_Combined_Late_Capone",202.576666666667,"abc","nitrogen:appl:timeid:var","ear_CHO61","DFG2020","ear","61","2020-06-08"
"176_Split_Late_Alves",194.78,"abc","nitrogen:appl:timeid:var","ear_CHO61","DFG2020","ear","61","2020-06-08"
"220_Combined_Early_Alves",190.9,"abc","nitrogen:appl:timeid:var","ear_CHO61","DFG2020","ear","61","2020-06-08"
"220_Split_Late_Patras",190.106666666667,"abc","nitrogen:appl:timeid:var","ear_CHO61","DFG2020","ear","61","2020-06-08"
"220_Split_Early_Patras",188.573333333333,"abc","nitrogen:appl:timeid:var","ear_CHO61","DFG2020","ear","61","2020-06-08"
"220_Combined_Early_Potenzial",181.51,"abc","nitrogen:appl:timeid:var","ear_CHO61","DFG2020","ear","61","2020-06-08"
"220_Split_Late_Torrild",178.156666666667,"abc","nitrogen:appl:timeid:var","ear_CHO61","DFG2020","ear","61","2020-06-08"
"220_Combined_Late_Alves",177.26,"abc","nitrogen:appl:timeid:var","ear_CHO61","DFG2020","ear","61","2020-06-08"
"176_Combined_Early_Pionier",173.05,"abc","nitrogen:appl:timeid:var","ear_CHO61","DFG2020","ear","61","2020-06-08"
"220_Split_Late_Alves",165.81,"abc","nitrogen:appl:timeid:var","ear_CHO61","DFG2020","ear","61","2020-06-08"
"220_Split_Late_Esket",164.123333333333,"abc","nitrogen:appl:timeid:var","ear_CHO61","DFG2020","ear","61","2020-06-08"
"220_Split_Early_Apertus",162.13,"abc","nitrogen:appl:timeid:var","ear_CHO61","DFG2020","ear","61","2020-06-08"
"220_Split_Early_Torrild",161.88,"abc","nitrogen:appl:timeid:var","ear_CHO61","DFG2020","ear","61","2020-06-08"
"220_Combined_Late_Torrild",161.483333333333,"abc","nitrogen:appl:timeid:var","ear_CHO61","DFG2020","ear","61","2020-06-08"
"220_Split_Early_Esket",159.22,"abc","nitrogen:appl:timeid:var","ear_CHO61","DFG2020","ear","61","2020-06-08"
"220_Combined_Late_Apertus",157.55,"abc","nitrogen:appl:timeid:var","ear_CHO61","DFG2020","ear","61","2020-06-08"
"220_Split_Early_Pionier",155.24,"bc","nitrogen:appl:timeid:var","ear_CHO61","DFG2020","ear","61","2020-06-08"
"220_Combined_Late_Potenzial",151.42,"c","nitrogen:appl:timeid:var","ear_CHO61","DFG2020","ear","61","2020-06-08"
"220_Split_Early_Capone",144.596666666667,"c","nitrogen:appl:timeid:var","ear_CHO61","DFG2020","ear","61","2020-06-08"
"Early",1.22778124386109,"a","timeid","ear_DM51","DFG2020","ear","51","2020-06-02"
"Late",0.791734371041328,"b","timeid","ear_DM51","DFG2020","ear","51","2020-06-02"
"Alves",1.46262499268688,"a","var","ear_DM51","DFG2020","ear","51","2020-06-02"
"Torrild",1.30418749347906,"ab","var","ear_DM51","DFG2020","ear","51","2020-06-02"
"Potenzial",1.08787499456062,"bc","var","ear_DM51","DFG2020","ear","51","2020-06-02"
"Patras",1.08056249459719,"bc","var","ear_DM51","DFG2020","ear","51","2020-06-02"
"Capone",0.895187495524063,"c","var","ear_DM51","DFG2020","ear","51","2020-06-02"
"Esket",0.84874999575625,"cd","var","ear_DM51","DFG2020","ear","51","2020-06-02"
"Apertus",0.837937495810313,"cd","var","ear_DM51","DFG2020","ear","51","2020-06-02"
"Pionier",0.560937497195312,"d","var","ear_DM51","DFG2020","ear","51","2020-06-02"
"220_Early",1.29637499351813,"a","nitrogen:timeid","ear_DM51","DFG2020","ear","51","2020-06-02"
"176_Early",1.15918749420406,"a","nitrogen:timeid","ear_DM51","DFG2020","ear","51","2020-06-02"
"176_Late",0.818093745909531,"b","nitrogen:timeid","ear_DM51","DFG2020","ear","51","2020-06-02"
"220_Late",0.765374996173125,"b","nitrogen:timeid","ear_DM51","DFG2020","ear","51","2020-06-02"
"220_Early_Torrild",1.6864999915675,"a","nitrogen:timeid:var","ear_DM51","DFG2020","ear","51","2020-06-02"
"220_Early_Alves",1.59874999200625,"ab","nitrogen:timeid:var","ear_DM51","DFG2020","ear","51","2020-06-02"
"220_Early_Potenzial",1.4454999927725,"abc","nitrogen:timeid:var","ear_DM51","DFG2020","ear","51","2020-06-02"
"176_Early_Alves",1.4414999927925,"abcd","nitrogen:timeid:var","ear_DM51","DFG2020","ear","51","2020-06-02"
"220_Late_Alves",1.41524999292375,"abcde","nitrogen:timeid:var","ear_DM51","DFG2020","ear","51","2020-06-02"
"220_Early_Patras",1.3954999930225,"abcde","nitrogen:timeid:var","ear_DM51","DFG2020","ear","51","2020-06-02"
"176_Late_Alves",1.394999993025,"abcde","nitrogen:timeid:var","ear_DM51","DFG2020","ear","51","2020-06-02"
"176_Early_Patras",1.30924999345375,"abcdef","nitrogen:timeid:var","ear_DM51","DFG2020","ear","51","2020-06-02"
"176_Early_Torrild",1.30774999346125,"abcdef","nitrogen:timeid:var","ear_DM51","DFG2020","ear","51","2020-06-02"
"220_Early_Apertus",1.2994999935025,"abcdef","nitrogen:timeid:var","ear_DM51","DFG2020","ear","51","2020-06-02"
"220_Early_Capone",1.27424999362875,"abcdef","nitrogen:timeid:var","ear_DM51","DFG2020","ear","51","2020-06-02"
"176_Early_Potenzial",1.2084999939575,"abcdefg","nitrogen:timeid:var","ear_DM51","DFG2020","ear","51","2020-06-02"
"176_Early_Esket",1.18524999407375,"abcdefg","nitrogen:timeid:var","ear_DM51","DFG2020","ear","51","2020-06-02"
"176_Late_Torrild",1.166999994165,"abcdefg","nitrogen:timeid:var","ear_DM51","DFG2020","ear","51","2020-06-02"
"176_Late_Potenzial",1.0674999946625,"abcdefg","nitrogen:timeid:var","ear_DM51","DFG2020","ear","51","2020-06-02"
"220_Late_Torrild",1.0554999947225,"abcdefg","nitrogen:timeid:var","ear_DM51","DFG2020","ear","51","2020-06-02"
"176_Early_Pionier",1.02974999485125,"abcdefg","nitrogen:timeid:var","ear_DM51","DFG2020","ear","51","2020-06-02"
"176_Early_Capone",1.0104999949475,"abcdefg","nitrogen:timeid:var","ear_DM51","DFG2020","ear","51","2020-06-02"
"220_Late_Patras",0.92274999538625,"bcdefgh","nitrogen:timeid:var","ear_DM51","DFG2020","ear","51","2020-06-02"
"220_Early_Esket",0.84624999576875,"cdefghi","nitrogen:timeid:var","ear_DM51","DFG2020","ear","51","2020-06-02"
"220_Early_Pionier",0.82474999587625,"cdefghi","nitrogen:timeid:var","ear_DM51","DFG2020","ear","51","2020-06-02"
"176_Early_Apertus",0.780999996095,"cdefghi","nitrogen:timeid:var","ear_DM51","DFG2020","ear","51","2020-06-02"
"176_Late_Capone",0.776999996115,"cdefghi","nitrogen:timeid:var","ear_DM51","DFG2020","ear","51","2020-06-02"
"220_Late_Esket",0.76274999618625,"cdefghi","nitrogen:timeid:var","ear_DM51","DFG2020","ear","51","2020-06-02"
"176_Late_Patras",0.69474999652625,"defghi","nitrogen:timeid:var","ear_DM51","DFG2020","ear","51","2020-06-02"
"176_Late_Apertus",0.68574999657125,"efghi","nitrogen:timeid:var","ear_DM51","DFG2020","ear","51","2020-06-02"
"220_Late_Potenzial",0.62999999685,"fghi","nitrogen:timeid:var","ear_DM51","DFG2020","ear","51","2020-06-02"
"176_Late_Esket",0.60074999699625,"fghi","nitrogen:timeid:var","ear_DM51","DFG2020","ear","51","2020-06-02"
"220_Late_Apertus",0.5854999970725,"fghi","nitrogen:timeid:var","ear_DM51","DFG2020","ear","51","2020-06-02"
"220_Late_Capone",0.518999997405,"ghi","nitrogen:timeid:var","ear_DM51","DFG2020","ear","51","2020-06-02"
"220_Late_Pionier",0.23224999883875,"hi","nitrogen:timeid:var","ear_DM51","DFG2020","ear","51","2020-06-02"
"176_Late_Pionier",0.156999999215,"i","nitrogen:timeid:var","ear_DM51","DFG2020","ear","51","2020-06-02"
"Combined_Early_Alves",1.53774999231125,"a","appl:timeid:var","ear_DM51","DFG2020","ear","51","2020-06-02"
"Combined_Early_Torrild",1.52174999239125,"a","appl:timeid:var","ear_DM51","DFG2020","ear","51","2020-06-02"
"Combined_Late_Alves",1.5094999924525,"a","appl:timeid:var","ear_DM51","DFG2020","ear","51","2020-06-02"
"Split_Early_Alves",1.5024999924875,"a","appl:timeid:var","ear_DM51","DFG2020","ear","51","2020-06-02"
"Split_Early_Torrild",1.4724999926375,"a","appl:timeid:var","ear_DM51","DFG2020","ear","51","2020-06-02"
"Combined_Early_Patras",1.3764999931175,"ab","appl:timeid:var","ear_DM51","DFG2020","ear","51","2020-06-02"
"Split_Early_Potenzial",1.34924999325375,"abc","appl:timeid:var","ear_DM51","DFG2020","ear","51","2020-06-02"
"Split_Early_Patras",1.32824999335875,"abcd","appl:timeid:var","ear_DM51","DFG2020","ear","51","2020-06-02"
"Split_Early_Pionier",1.32424999337875,"abcd","appl:timeid:var","ear_DM51","DFG2020","ear","51","2020-06-02"
"Combined_Early_Potenzial",1.30474999347625,"abcd","appl:timeid:var","ear_DM51","DFG2020","ear","51","2020-06-02"
"Split_Late_Alves",1.30074999349625,"abcd","appl:timeid:var","ear_DM51","DFG2020","ear","51","2020-06-02"
"Split_Early_Apertus",1.27474999362625,"abcd","appl:timeid:var","ear_DM51","DFG2020","ear","51","2020-06-02"
"Split_Early_Capone",1.24174999379125,"abcde","appl:timeid:var","ear_DM51","DFG2020","ear","51","2020-06-02"
"Combined_Late_Torrild",1.2084999939575,"abcdef","appl:timeid:var","ear_DM51","DFG2020","ear","51","2020-06-02"
"Combined_Early_Capone",1.042999994785,"abcdefg","appl:timeid:var","ear_DM51","DFG2020","ear","51","2020-06-02"
"Split_Early_Esket",1.0194999949025,"abcdefg","appl:timeid:var","ear_DM51","DFG2020","ear","51","2020-06-02"
"Split_Late_Torrild",1.01399999493,"abcdefg","appl:timeid:var","ear_DM51","DFG2020","ear","51","2020-06-02"
"Combined_Early_Esket",1.01199999494,"abcdefg","appl:timeid:var","ear_DM51","DFG2020","ear","51","2020-06-02"
"Split_Late_Potenzial",0.85374999573125,"bcdefg","appl:timeid:var","ear_DM51","DFG2020","ear","51","2020-06-02"
"Combined_Late_Potenzial",0.84374999578125,"bcdefg","appl:timeid:var","ear_DM51","DFG2020","ear","51","2020-06-02"
"Combined_Late_Patras",0.8374999958125,"bcdefg","appl:timeid:var","ear_DM51","DFG2020","ear","51","2020-06-02"
"Combined_Early_Apertus",0.80574999597125,"cdefg","appl:timeid:var","ear_DM51","DFG2020","ear","51","2020-06-02"
"Split_Late_Patras",0.7799999961,"defg","appl:timeid:var","ear_DM51","DFG2020","ear","51","2020-06-02"
"Split_Late_Esket",0.69824999650875,"efgh","appl:timeid:var","ear_DM51","DFG2020","ear","51","2020-06-02"
"Combined_Late_Apertus",0.6944999965275,"efgh","appl:timeid:var","ear_DM51","DFG2020","ear","51","2020-06-02"
"Split_Late_Capone",0.68574999657125,"efgh","appl:timeid:var","ear_DM51","DFG2020","ear","51","2020-06-02"
"Combined_Late_Esket",0.66524999667375,"fgh","appl:timeid:var","ear_DM51","DFG2020","ear","51","2020-06-02"
"Combined_Late_Capone",0.61024999694875,"gh","appl:timeid:var","ear_DM51","DFG2020","ear","51","2020-06-02"
"Split_Late_Apertus",0.57674999711625,"gh","appl:timeid:var","ear_DM51","DFG2020","ear","51","2020-06-02"
"Combined_Early_Pionier",0.53024999734875,"gh","appl:timeid:var","ear_DM51","DFG2020","ear","51","2020-06-02"
"Split_Late_Pionier",0.2074999989625,"h","appl:timeid:var","ear_DM51","DFG2020","ear","51","2020-06-02"
"Combined_Late_Pionier",0.18174999909125,"h","appl:timeid:var","ear_DM51","DFG2020","ear","51","2020-06-02"
"220",2.32542186337289,"a","nitrogen","ear_DM61","DFG2020","ear","61","2020-06-08"
"176",1.98412499007937,"b","nitrogen","ear_DM61","DFG2020","ear","61","2020-06-08"
"Early",2.31781248841094,"a","timeid","ear_DM61","DFG2020","ear","61","2020-06-08"
"Late",1.99173436504133,"b","timeid","ear_DM61","DFG2020","ear","61","2020-06-08"
"Torrild",2.52243748738781,"a","var","ear_DM61","DFG2020","ear","61","2020-06-08"
"Alves",2.40181248799094,"ab","var","ear_DM61","DFG2020","ear","61","2020-06-08"
"Capone",2.24224998878875,"ab","var","ear_DM61","DFG2020","ear","61","2020-06-08"
"Esket",2.12306248938469,"bc","var","ear_DM61","DFG2020","ear","61","2020-06-08"
"Potenzial",2.08893748955531,"bc","var","ear_DM61","DFG2020","ear","61","2020-06-08"
"Apertus",2.08881248955594,"bc","var","ear_DM61","DFG2020","ear","61","2020-06-08"
"Patras",2.010999989945,"bc","var","ear_DM61","DFG2020","ear","61","2020-06-08"
"Pionier",1.75987499120063,"c","var","ear_DM61","DFG2020","ear","61","2020-06-08"
"220_Capone",15.4936249225319,"a","nitrogen:var","ear_DM87","DFG2020","ear","87","2020-07-23"
"220_Torrild",14.268999928655,"ab","nitrogen:var","ear_DM87","DFG2020","ear","87","2020-07-23"
"220_Apertus",13.3923749330381,"abc","nitrogen:var","ear_DM87","DFG2020","ear","87","2020-07-23"
"220_Pionier",13.0412499347938,"abc","nitrogen:var","ear_DM87","DFG2020","ear","87","2020-07-23"
"220_Potenzial",12.916999935415,"abc","nitrogen:var","ear_DM87","DFG2020","ear","87","2020-07-23"
"176_Potenzial",12.3768749381156,"bc","nitrogen:var","ear_DM87","DFG2020","ear","87","2020-07-23"
"220_Patras",12.2083749389581,"bc","nitrogen:var","ear_DM87","DFG2020","ear","87","2020-07-23"
"220_Esket",12.1467499392663,"bc","nitrogen:var","ear_DM87","DFG2020","ear","87","2020-07-23"
"176_Apertus",11.8887499405563,"bc","nitrogen:var","ear_DM87","DFG2020","ear","87","2020-07-23"
"176_Torrild",11.8704999406475,"bc","nitrogen:var","ear_DM87","DFG2020","ear","87","2020-07-23"
"176_Pionier",11.7898749410506,"bc","nitrogen:var","ear_DM87","DFG2020","ear","87","2020-07-23"
"176_Esket",11.2781249436094,"c","nitrogen:var","ear_DM87","DFG2020","ear","87","2020-07-23"
"220_Alves",11.202999943985,"c","nitrogen:var","ear_DM87","DFG2020","ear","87","2020-07-23"
"176_Capone",11.16999994415,"c","nitrogen:var","ear_DM87","DFG2020","ear","87","2020-07-23"
"176_Alves",11.0356249448219,"c","nitrogen:var","ear_DM87","DFG2020","ear","87","2020-07-23"
"176_Patras",10.9891249450544,"c","nitrogen:var","ear_DM87","DFG2020","ear","87","2020-07-23"
"220",16.4284375,"a","nitrogen","ear_Nitrogen61","DFG2020","ear","61","2020-06-08"
"176",14.8963541666667,"b","nitrogen","ear_Nitrogen61","DFG2020","ear","61","2020-06-08"
"220_Late",16.65875,"a","nitrogen:timeid","ear_Nitrogen61","DFG2020","ear","61","2020-06-08"
"220_Early",16.198125,"b","nitrogen:timeid","ear_Nitrogen61","DFG2020","ear","61","2020-06-08"
"176_Late",14.9483333333333,"c","nitrogen:timeid","ear_Nitrogen61","DFG2020","ear","61","2020-06-08"
"176_Early",14.844375,"c","nitrogen:timeid","ear_Nitrogen61","DFG2020","ear","61","2020-06-08"
"176",0.537478276531359,"a","nitrogen","ear_total_C61","DFG2020","ear","61","2020-06-08"
"220",0.479567686352162,"b","nitrogen","ear_total_C61","DFG2020","ear","61","2020-06-08"
"176_Split",0.546035861332321,"a","nitrogen:appl","ear_total_C61","DFG2020","ear","61","2020-06-08"
"176_Combined",0.528920691730397,"a","nitrogen:appl","ear_total_C61","DFG2020","ear","61","2020-06-08"
"220_Combined",0.528153342046733,"a","nitrogen:appl","ear_total_C61","DFG2020","ear","61","2020-06-08"
"220_Split",0.43098203065759,"b","nitrogen:appl","ear_total_C61","DFG2020","ear","61","2020-06-08"
"220",0.03813600168432,"a","nitrogen","ear_total_N61","DFG2020","ear","61","2020-06-08"
"176",0.029613803445681,"b","nitrogen","ear_total_N61","DFG2020","ear","61","2020-06-08"
"Early",0.0363079165372104,"a","timeid","ear_total_N61","DFG2020","ear","61","2020-06-08"
"Late",0.0314418885927906,"b","timeid","ear_total_N61","DFG2020","ear","61","2020-06-08"
"Torrild",0.0404163160479184,"a","var","ear_total_N61","DFG2020","ear","61","2020-06-08"
"Alves",0.0373670510631648,"ab","var","ear_total_N61","DFG2020","ear","61","2020-06-08"
"Capone",0.0361731829441341,"ab","var","ear_total_N61","DFG2020","ear","61","2020-06-08"
"Esket",0.0335350973323245,"b","var","ear_total_N61","DFG2020","ear","61","2020-06-08"
"Potenzial",0.0326860729615696,"bc","var","ear_total_N61","DFG2020","ear","61","2020-06-08"
"Apertus",0.0325857167120714,"bc","var","ear_total_N61","DFG2020","ear","61","2020-06-08"
"Patras",0.031229192343854,"bc","var","ear_total_N61","DFG2020","ear","61","2020-06-08"
"Pionier",0.0270065911149671,"c","var","ear_total_N61","DFG2020","ear","61","2020-06-08"
"Capone",1.87916666666667,"a","var","grain_LB_ratio","DFG2020","plot","harvest",NA
"Apertus",1.80416666666667,"b","var","grain_LB_ratio","DFG2020","plot","harvest",NA
"Patras",1.8,"b","var","grain_LB_ratio","DFG2020","plot","harvest",NA
"Pionier",1.8,"b","var","grain_LB_ratio","DFG2020","plot","harvest",NA
"Potenzial",1.8,"b","var","grain_LB_ratio","DFG2020","plot","harvest",NA
"Alves",1.75,"c","var","grain_LB_ratio","DFG2020","plot","harvest",NA
"Torrild",1.70416666666667,"d","var","grain_LB_ratio","DFG2020","plot","harvest",NA
"Esket",1.61666666666667,"e","var","grain_LB_ratio","DFG2020","plot","harvest",NA
"176",17.328125,"a","nitrogen","grain_area","DFG2020","plot","harvest",NA
"220",16.9104166666667,"b","nitrogen","grain_area","DFG2020","plot","harvest",NA
"Early",17.2135416666667,"a","timeid","grain_area","DFG2020","plot","harvest",NA
"Late",17.025,"b","timeid","grain_area","DFG2020","plot","harvest",NA
"Patras",18.8458333333333,"a","var","grain_area","DFG2020","plot","harvest",NA
"Capone",18.4708333333333,"b","var","grain_area","DFG2020","plot","harvest",NA
"Apertus",18.3666666666667,"b","var","grain_area","DFG2020","plot","harvest",NA
"Torrild",17,"c","var","grain_area","DFG2020","plot","harvest",NA
"Pionier",16.6041666666667,"d","var","grain_area","DFG2020","plot","harvest",NA
"Potenzial",16.5083333333333,"de","var","grain_area","DFG2020","plot","harvest",NA
"Alves",16.2541666666667,"e","var","grain_area","DFG2020","plot","harvest",NA
"Esket",14.9041666666667,"f","var","grain_area","DFG2020","plot","harvest",NA
"176_Early",17.4708333333333,"a","nitrogen:timeid","grain_area","DFG2020","plot","harvest",NA
"176_Late",17.1854166666667,"b","nitrogen:timeid","grain_area","DFG2020","plot","harvest",NA
"220_Early",16.95625,"c","nitrogen:timeid","grain_area","DFG2020","plot","harvest",NA
"220_Late",16.8645833333333,"c","nitrogen:timeid","grain_area","DFG2020","plot","harvest",NA
"176_Patras",19.05,"a","nitrogen:var","grain_area","DFG2020","plot","harvest",NA
"176_Capone",18.8083333333333,"ab","nitrogen:var","grain_area","DFG2020","plot","harvest",NA
"220_Patras",18.6416666666667,"b","nitrogen:var","grain_area","DFG2020","plot","harvest",NA
"176_Apertus",18.525,"b","nitrogen:var","grain_area","DFG2020","plot","harvest",NA
"220_Apertus",18.2083333333333,"c","nitrogen:var","grain_area","DFG2020","plot","harvest",NA
"220_Capone",18.1333333333333,"c","nitrogen:var","grain_area","DFG2020","plot","harvest",NA
"176_Torrild",17.1666666666667,"d","nitrogen:var","grain_area","DFG2020","plot","harvest",NA
"220_Torrild",16.8333333333333,"e","nitrogen:var","grain_area","DFG2020","plot","harvest",NA
"176_Pionier",16.8083333333333,"ef","nitrogen:var","grain_area","DFG2020","plot","harvest",NA
"176_Potenzial",16.775,"ef","nitrogen:var","grain_area","DFG2020","plot","harvest",NA
"176_Alves",16.5,"fg","nitrogen:var","grain_area","DFG2020","plot","harvest",NA
"220_Pionier",16.4,"g","nitrogen:var","grain_area","DFG2020","plot","harvest",NA
"220_Potenzial",16.2416666666667,"gh","nitrogen:var","grain_area","DFG2020","plot","harvest",NA
"220_Alves",16.0083333333333,"h","nitrogen:var","grain_area","DFG2020","plot","harvest",NA
"176_Esket",14.9916666666667,"i","nitrogen:var","grain_area","DFG2020","plot","harvest",NA
"220_Esket",14.8166666666667,"i","nitrogen:var","grain_area","DFG2020","plot","harvest",NA
"Early_Patras",18.8583333333333,"a","timeid:var","grain_area","DFG2020","plot","harvest",NA
"Late_Patras",18.8333333333333,"a","timeid:var","grain_area","DFG2020","plot","harvest",NA
"Early_Capone",18.6166666666667,"ab","timeid:var","grain_area","DFG2020","plot","harvest",NA
"Early_Apertus",18.375,"bc","timeid:var","grain_area","DFG2020","plot","harvest",NA
"Late_Apertus",18.3583333333333,"bc","timeid:var","grain_area","DFG2020","plot","harvest",NA
"Late_Capone",18.325,"c","timeid:var","grain_area","DFG2020","plot","harvest",NA
"Early_Torrild",17.1833333333333,"d","timeid:var","grain_area","DFG2020","plot","harvest",NA
"Late_Torrild",16.8166666666667,"e","timeid:var","grain_area","DFG2020","plot","harvest",NA
"Early_Pionier",16.6916666666667,"ef","timeid:var","grain_area","DFG2020","plot","harvest",NA
"Early_Potenzial",16.5666666666667,"efg","timeid:var","grain_area","DFG2020","plot","harvest",NA
"Late_Pionier",16.5166666666667,"fg","timeid:var","grain_area","DFG2020","plot","harvest",NA
"Late_Potenzial",16.45,"fg","timeid:var","grain_area","DFG2020","plot","harvest",NA
"Early_Alves",16.4083333333333,"g","timeid:var","grain_area","DFG2020","plot","harvest",NA
"Late_Alves",16.1,"h","timeid:var","grain_area","DFG2020","plot","harvest",NA
"Early_Esket",15.0083333333333,"i","timeid:var","grain_area","DFG2020","plot","harvest",NA
"Late_Esket",14.8,"i","timeid:var","grain_area","DFG2020","plot","harvest",NA
"Esket",44.0625,"a","var","grain_bulk_density","DFG2020","plot","harvest",NA
"Torrild",43.7416666666667,"a","var","grain_bulk_density","DFG2020","plot","harvest",NA
"Pionier",43.6458333333333,"ab","var","grain_bulk_density","DFG2020","plot","harvest",NA
"Potenzial",43.4541666666667,"ab","var","grain_bulk_density","DFG2020","plot","harvest",NA
"Alves",43.2666666666667,"ab","var","grain_bulk_density","DFG2020","plot","harvest",NA
"Capone",43.1791666666667,"ab","var","grain_bulk_density","DFG2020","plot","harvest",NA
"Apertus",42.6958333333333,"b","var","grain_bulk_density","DFG2020","plot","harvest",NA
"Patras",41.6708333333333,"c","var","grain_bulk_density","DFG2020","plot","harvest",NA
"Split_Late_Esket",44.7666666666667,"a","appl:timeid:var","grain_bulk_density","DFG2020","plot","harvest",NA
"Combined_Early_Torrild",44.1666666666667,"ab","appl:timeid:var","grain_bulk_density","DFG2020","plot","harvest",NA
"Combined_Late_Esket",44.0333333333333,"ab","appl:timeid:var","grain_bulk_density","DFG2020","plot","harvest",NA
"Split_Early_Potenzial",44.0333333333333,"ab","appl:timeid:var","grain_bulk_density","DFG2020","plot","harvest",NA
"Combined_Early_Esket",43.9166666666667,"ab","appl:timeid:var","grain_bulk_density","DFG2020","plot","harvest",NA
"Split_Early_Pionier",43.9,"ab","appl:timeid:var","grain_bulk_density","DFG2020","plot","harvest",NA
"Combined_Early_Pionier",43.85,"ab","appl:timeid:var","grain_bulk_density","DFG2020","plot","harvest",NA
"Split_Early_Torrild",43.7833333333333,"ab","appl:timeid:var","grain_bulk_density","DFG2020","plot","harvest",NA
"Split_Late_Pionier",43.7,"ab","appl:timeid:var","grain_bulk_density","DFG2020","plot","harvest",NA
"Combined_Late_Potenzial",43.65,"ab","appl:timeid:var","grain_bulk_density","DFG2020","plot","harvest",NA
"Combined_Late_Torrild",43.6166666666667,"ab","appl:timeid:var","grain_bulk_density","DFG2020","plot","harvest",NA
"Split_Early_Esket",43.5333333333333,"ab","appl:timeid:var","grain_bulk_density","DFG2020","plot","harvest",NA
"Combined_Late_Alves",43.4333333333333,"ab","appl:timeid:var","grain_bulk_density","DFG2020","plot","harvest",NA
"Split_Late_Torrild",43.4,"abc","appl:timeid:var","grain_bulk_density","DFG2020","plot","harvest",NA
"Split_Early_Alves",43.3666666666667,"abcd","appl:timeid:var","grain_bulk_density","DFG2020","plot","harvest",NA
"Split_Early_Capone",43.3,"bcde","appl:timeid:var","grain_bulk_density","DFG2020","plot","harvest",NA
"Split_Late_Alves",43.2833333333333,"bcde","appl:timeid:var","grain_bulk_density","DFG2020","plot","harvest",NA
"Combined_Late_Capone",43.2333333333333,"bcde","appl:timeid:var","grain_bulk_density","DFG2020","plot","harvest",NA
"Combined_Early_Apertus",43.2166666666667,"bcde","appl:timeid:var","grain_bulk_density","DFG2020","plot","harvest",NA
"Combined_Early_Capone",43.15,"bcde","appl:timeid:var","grain_bulk_density","DFG2020","plot","harvest",NA
"Combined_Late_Pionier",43.1333333333333,"bcde","appl:timeid:var","grain_bulk_density","DFG2020","plot","harvest",NA
"Split_Late_Potenzial",43.1333333333333,"bcde","appl:timeid:var","grain_bulk_density","DFG2020","plot","harvest",NA
"Split_Late_Capone",43.0333333333333,"bcde","appl:timeid:var","grain_bulk_density","DFG2020","plot","harvest",NA
"Combined_Early_Potenzial",43,"bcde","appl:timeid:var","grain_bulk_density","DFG2020","plot","harvest",NA
"Combined_Early_Alves",42.9833333333333,"bcdef","appl:timeid:var","grain_bulk_density","DFG2020","plot","harvest",NA
"Split_Late_Apertus",42.8166666666667,"bcdef","appl:timeid:var","grain_bulk_density","DFG2020","plot","harvest",NA
"Combined_Late_Apertus",42.75,"bcdef","appl:timeid:var","grain_bulk_density","DFG2020","plot","harvest",NA
"Split_Early_Apertus",42,"cdefg","appl:timeid:var","grain_bulk_density","DFG2020","plot","harvest",NA
"Split_Late_Patras",41.9666666666667,"defg","appl:timeid:var","grain_bulk_density","DFG2020","plot","harvest",NA
"Split_Early_Patras",41.9,"efg","appl:timeid:var","grain_bulk_density","DFG2020","plot","harvest",NA
"Combined_Early_Patras",41.5666666666667,"fg","appl:timeid:var","grain_bulk_density","DFG2020","plot","harvest",NA
"Combined_Late_Patras",41.25,"g","appl:timeid:var","grain_bulk_density","DFG2020","plot","harvest",NA
"Split",1.29166666666667,"a","appl","grain_circularity","DFG2020","plot","harvest",NA
"Combined",1.28854166666667,"b","appl","grain_circularity","DFG2020","plot","harvest",NA
"Alves",1.3,"a","var","grain_circularity","DFG2020","plot","harvest",NA
"Apertus",1.3,"a","var","grain_circularity","DFG2020","plot","harvest",NA
"Capone",1.3,"a","var","grain_circularity","DFG2020","plot","harvest",NA
"Patras",1.3,"a","var","grain_circularity","DFG2020","plot","harvest",NA
"Pionier",1.3,"a","var","grain_circularity","DFG2020","plot","harvest",NA
"Potenzial",1.3,"a","var","grain_circularity","DFG2020","plot","harvest",NA
"Torrild",1.3,"a","var","grain_circularity","DFG2020","plot","harvest",NA
"Esket",1.22083333333333,"b","var","grain_circularity","DFG2020","plot","harvest",NA
"176_Early",1.29166666666667,"a","nitrogen:timeid","grain_circularity","DFG2020","plot","harvest",NA
"220_Late",1.29166666666667,"a","nitrogen:timeid","grain_circularity","DFG2020","plot","harvest",NA
"220_Early",1.28958333333333,"b","nitrogen:timeid","grain_circularity","DFG2020","plot","harvest",NA
"176_Late",1.2875,"c","nitrogen:timeid","grain_circularity","DFG2020","plot","harvest",NA
"Split_Early",1.29375,"a","appl:timeid","grain_circularity","DFG2020","plot","harvest",NA
"Combined_Late",1.28958333333333,"b","appl:timeid","grain_circularity","DFG2020","plot","harvest",NA
"Split_Late",1.28958333333333,"b","appl:timeid","grain_circularity","DFG2020","plot","harvest",NA
"Combined_Early",1.2875,"c","appl:timeid","grain_circularity","DFG2020","plot","harvest",NA
"Combined_Alves",1.3,"a","appl:var","grain_circularity","DFG2020","plot","harvest",NA
"Combined_Apertus",1.3,"a","appl:var","grain_circularity","DFG2020","plot","harvest",NA
"Combined_Capone",1.3,"a","appl:var","grain_circularity","DFG2020","plot","harvest",NA
"Combined_Patras",1.3,"a","appl:var","grain_circularity","DFG2020","plot","harvest",NA
"Combined_Pionier",1.3,"a","appl:var","grain_circularity","DFG2020","plot","harvest",NA
"Combined_Potenzial",1.3,"a","appl:var","grain_circularity","DFG2020","plot","harvest",NA
"Combined_Torrild",1.3,"a","appl:var","grain_circularity","DFG2020","plot","harvest",NA
"Split_Alves",1.3,"a","appl:var","grain_circularity","DFG2020","plot","harvest",NA
"Split_Apertus",1.3,"a","appl:var","grain_circularity","DFG2020","plot","harvest",NA
"Split_Capone",1.3,"a","appl:var","grain_circularity","DFG2020","plot","harvest",NA
"Split_Patras",1.3,"a","appl:var","grain_circularity","DFG2020","plot","harvest",NA
"Split_Pionier",1.3,"a","appl:var","grain_circularity","DFG2020","plot","harvest",NA
"Split_Potenzial",1.3,"a","appl:var","grain_circularity","DFG2020","plot","harvest",NA
"Split_Torrild",1.3,"a","appl:var","grain_circularity","DFG2020","plot","harvest",NA
"Split_Esket",1.23333333333333,"b","appl:var","grain_circularity","DFG2020","plot","harvest",NA
"Combined_Esket",1.20833333333333,"c","appl:var","grain_circularity","DFG2020","plot","harvest",NA
"176_Early_Alves",1.3,"a","nitrogen:timeid:var","grain_circularity","DFG2020","plot","harvest",NA
"176_Early_Apertus",1.3,"a","nitrogen:timeid:var","grain_circularity","DFG2020","plot","harvest",NA
"176_Early_Capone",1.3,"a","nitrogen:timeid:var","grain_circularity","DFG2020","plot","harvest",NA
"176_Early_Patras",1.3,"a","nitrogen:timeid:var","grain_circularity","DFG2020","plot","harvest",NA
"176_Early_Pionier",1.3,"a","nitrogen:timeid:var","grain_circularity","DFG2020","plot","harvest",NA
"176_Early_Potenzial",1.3,"a","nitrogen:timeid:var","grain_circularity","DFG2020","plot","harvest",NA
"176_Early_Torrild",1.3,"a","nitrogen:timeid:var","grain_circularity","DFG2020","plot","harvest",NA
"176_Late_Alves",1.3,"a","nitrogen:timeid:var","grain_circularity","DFG2020","plot","harvest",NA
"176_Late_Apertus",1.3,"a","nitrogen:timeid:var","grain_circularity","DFG2020","plot","harvest",NA
"176_Late_Capone",1.3,"a","nitrogen:timeid:var","grain_circularity","DFG2020","plot","harvest",NA
"176_Late_Patras",1.3,"a","nitrogen:timeid:var","grain_circularity","DFG2020","plot","harvest",NA
"176_Late_Pionier",1.3,"a","nitrogen:timeid:var","grain_circularity","DFG2020","plot","harvest",NA
"176_Late_Potenzial",1.3,"a","nitrogen:timeid:var","grain_circularity","DFG2020","plot","harvest",NA
"176_Late_Torrild",1.3,"a","nitrogen:timeid:var","grain_circularity","DFG2020","plot","harvest",NA
"220_Early_Alves",1.3,"a","nitrogen:timeid:var","grain_circularity","DFG2020","plot","harvest",NA
"220_Early_Apertus",1.3,"a","nitrogen:timeid:var","grain_circularity","DFG2020","plot","harvest",NA
"220_Early_Capone",1.3,"a","nitrogen:timeid:var","grain_circularity","DFG2020","plot","harvest",NA
"220_Early_Patras",1.3,"a","nitrogen:timeid:var","grain_circularity","DFG2020","plot","harvest",NA
"220_Early_Pionier",1.3,"a","nitrogen:timeid:var","grain_circularity","DFG2020","plot","harvest",NA
"220_Early_Potenzial",1.3,"a","nitrogen:timeid:var","grain_circularity","DFG2020","plot","harvest",NA
"220_Early_Torrild",1.3,"a","nitrogen:timeid:var","grain_circularity","DFG2020","plot","harvest",NA
"220_Late_Alves",1.3,"a","nitrogen:timeid:var","grain_circularity","DFG2020","plot","harvest",NA
"220_Late_Apertus",1.3,"a","nitrogen:timeid:var","grain_circularity","DFG2020","plot","harvest",NA
"220_Late_Capone",1.3,"a","nitrogen:timeid:var","grain_circularity","DFG2020","plot","harvest",NA
"220_Late_Patras",1.3,"a","nitrogen:timeid:var","grain_circularity","DFG2020","plot","harvest",NA
"220_Late_Pionier",1.3,"a","nitrogen:timeid:var","grain_circularity","DFG2020","plot","harvest",NA
"220_Late_Potenzial",1.3,"a","nitrogen:timeid:var","grain_circularity","DFG2020","plot","harvest",NA
"220_Late_Torrild",1.3,"a","nitrogen:timeid:var","grain_circularity","DFG2020","plot","harvest",NA
"176_Early_Esket",1.23333333333333,"b","nitrogen:timeid:var","grain_circularity","DFG2020","plot","harvest",NA
"220_Late_Esket",1.23333333333333,"b","nitrogen:timeid:var","grain_circularity","DFG2020","plot","harvest",NA
"220_Early_Esket",1.21666666666667,"c","nitrogen:timeid:var","grain_circularity","DFG2020","plot","harvest",NA
"176_Late_Esket",1.2,"d","nitrogen:timeid:var","grain_circularity","DFG2020","plot","harvest",NA
"Combined_Early_Alves",1.3,"a","appl:timeid:var","grain_circularity","DFG2020","plot","harvest",NA
"Combined_Early_Apertus",1.3,"a","appl:timeid:var","grain_circularity","DFG2020","plot","harvest",NA
"Combined_Early_Capone",1.3,"a","appl:timeid:var","grain_circularity","DFG2020","plot","harvest",NA
"Combined_Early_Patras",1.3,"a","appl:timeid:var","grain_circularity","DFG2020","plot","harvest",NA
"Combined_Early_Pionier",1.3,"a","appl:timeid:var","grain_circularity","DFG2020","plot","harvest",NA
"Combined_Early_Potenzial",1.3,"a","appl:timeid:var","grain_circularity","DFG2020","plot","harvest",NA
"Combined_Early_Torrild",1.3,"a","appl:timeid:var","grain_circularity","DFG2020","plot","harvest",NA
"Combined_Late_Alves",1.3,"a","appl:timeid:var","grain_circularity","DFG2020","plot","harvest",NA
"Combined_Late_Apertus",1.3,"a","appl:timeid:var","grain_circularity","DFG2020","plot","harvest",NA
"Combined_Late_Capone",1.3,"a","appl:timeid:var","grain_circularity","DFG2020","plot","harvest",NA
"Combined_Late_Patras",1.3,"a","appl:timeid:var","grain_circularity","DFG2020","plot","harvest",NA
"Combined_Late_Pionier",1.3,"a","appl:timeid:var","grain_circularity","DFG2020","plot","harvest",NA
"Combined_Late_Potenzial",1.3,"a","appl:timeid:var","grain_circularity","DFG2020","plot","harvest",NA
"Combined_Late_Torrild",1.3,"a","appl:timeid:var","grain_circularity","DFG2020","plot","harvest",NA
"Split_Early_Alves",1.3,"a","appl:timeid:var","grain_circularity","DFG2020","plot","harvest",NA
"Split_Early_Apertus",1.3,"a","appl:timeid:var","grain_circularity","DFG2020","plot","harvest",NA
"Split_Early_Capone",1.3,"a","appl:timeid:var","grain_circularity","DFG2020","plot","harvest",NA
"Split_Early_Patras",1.3,"a","appl:timeid:var","grain_circularity","DFG2020","plot","harvest",NA
"Split_Early_Pionier",1.3,"a","appl:timeid:var","grain_circularity","DFG2020","plot","harvest",NA
"Split_Early_Potenzial",1.3,"a","appl:timeid:var","grain_circularity","DFG2020","plot","harvest",NA
"Split_Early_Torrild",1.3,"a","appl:timeid:var","grain_circularity","DFG2020","plot","harvest",NA
"Split_Late_Alves",1.3,"a","appl:timeid:var","grain_circularity","DFG2020","plot","harvest",NA
"Split_Late_Apertus",1.3,"a","appl:timeid:var","grain_circularity","DFG2020","plot","harvest",NA
"Split_Late_Capone",1.3,"a","appl:timeid:var","grain_circularity","DFG2020","plot","harvest",NA
"Split_Late_Patras",1.3,"a","appl:timeid:var","grain_circularity","DFG2020","plot","harvest",NA
"Split_Late_Pionier",1.3,"a","appl:timeid:var","grain_circularity","DFG2020","plot","harvest",NA
"Split_Late_Potenzial",1.3,"a","appl:timeid:var","grain_circularity","DFG2020","plot","harvest",NA
"Split_Late_Torrild",1.3,"a","appl:timeid:var","grain_circularity","DFG2020","plot","harvest",NA
"Split_Early_Esket",1.25,"b","appl:timeid:var","grain_circularity","DFG2020","plot","harvest",NA
"Combined_Late_Esket",1.21666666666667,"c","appl:timeid:var","grain_circularity","DFG2020","plot","harvest",NA
"Split_Late_Esket",1.21666666666667,"c","appl:timeid:var","grain_circularity","DFG2020","plot","harvest",NA
"Combined_Early_Esket",1.2,"d","appl:timeid:var","grain_circularity","DFG2020","plot","harvest",NA
"Combined",6.33645833333333,"a","appl","grain_length","DFG2020","plot","harvest",NA
"Split",6.29583333333333,"b","appl","grain_length","DFG2020","plot","harvest",NA
"Early",6.33125,"a","timeid","grain_length","DFG2020","plot","harvest",NA
"Late",6.30104166666667,"b","timeid","grain_length","DFG2020","plot","harvest",NA
"Capone",6.71666666666667,"a","var","grain_length","DFG2020","plot","harvest",NA
"Patras",6.67083333333333,"ab","var","grain_length","DFG2020","plot","harvest",NA
"Apertus",6.6375,"b","var","grain_length","DFG2020","plot","harvest",NA
"Pionier",6.2375,"c","var","grain_length","DFG2020","plot","harvest",NA
"Potenzial",6.2375,"c","var","grain_length","DFG2020","plot","harvest",NA
"Torrild",6.18333333333333,"d","var","grain_length","DFG2020","plot","harvest",NA
"Alves",6.14583333333333,"d","var","grain_length","DFG2020","plot","harvest",NA
"Esket",5.7,"e","var","grain_length","DFG2020","plot","harvest",NA
"176_Early",6.36875,"a","nitrogen:timeid","grain_length","DFG2020","plot","harvest",NA
"176_Late",6.31666666666667,"b","nitrogen:timeid","grain_length","DFG2020","plot","harvest",NA
"220_Early",6.29375,"b","nitrogen:timeid","grain_length","DFG2020","plot","harvest",NA
"220_Late",6.28541666666667,"b","nitrogen:timeid","grain_length","DFG2020","plot","harvest",NA
"Early_Capone",6.73333333333333,"a","timeid:var","grain_length","DFG2020","plot","harvest",NA
"Late_Capone",6.7,"ab","timeid:var","grain_length","DFG2020","plot","harvest",NA
"Early_Patras",6.675,"abc","timeid:var","grain_length","DFG2020","plot","harvest",NA
"Late_Patras",6.66666666666667,"bc","timeid:var","grain_length","DFG2020","plot","harvest",NA
"Early_Apertus",6.64166666666667,"bc","timeid:var","grain_length","DFG2020","plot","harvest",NA
"Late_Apertus",6.63333333333333,"c","timeid:var","grain_length","DFG2020","plot","harvest",NA
"Early_Potenzial",6.24166666666667,"d","timeid:var","grain_length","DFG2020","plot","harvest",NA
"Late_Pionier",6.24166666666667,"d","timeid:var","grain_length","DFG2020","plot","harvest",NA
"Early_Pionier",6.23333333333333,"d","timeid:var","grain_length","DFG2020","plot","harvest",NA
"Early_Torrild",6.23333333333333,"d","timeid:var","grain_length","DFG2020","plot","harvest",NA
"Late_Potenzial",6.23333333333333,"d","timeid:var","grain_length","DFG2020","plot","harvest",NA
"Early_Alves",6.18333333333333,"de","timeid:var","grain_length","DFG2020","plot","harvest",NA
"Late_Torrild",6.13333333333333,"ef","timeid:var","grain_length","DFG2020","plot","harvest",NA
"Late_Alves",6.10833333333333,"f","timeid:var","grain_length","DFG2020","plot","harvest",NA
"Early_Esket",5.70833333333333,"g","timeid:var","grain_length","DFG2020","plot","harvest",NA
"Late_Esket",5.69166666666667,"g","timeid:var","grain_length","DFG2020","plot","harvest",NA
"Apertus",8.10083333333333,"a","var","grain_moisture","DFG2020","plot","87","2020-07-23"
"Torrild",8.09416666666667,"a","var","grain_moisture","DFG2020","plot","87","2020-07-23"
"Esket",8.03958333333333,"ab","var","grain_moisture","DFG2020","plot","87","2020-07-23"
"Alves",8.02458333333333,"abc","var","grain_moisture","DFG2020","plot","87","2020-07-23"
"Potenzial",7.87791666666667,"abc","var","grain_moisture","DFG2020","plot","87","2020-07-23"
"Patras",7.875,"abc","var","grain_moisture","DFG2020","plot","87","2020-07-23"
"Pionier",7.82666666666667,"bc","var","grain_moisture","DFG2020","plot","87","2020-07-23"
"Capone",7.76875,"c","var","grain_moisture","DFG2020","plot","87","2020-07-23"
"176",3.61666666666667,"a","nitrogen","grain_width","DFG2020","plot","harvest",NA
"220",3.55729166666667,"b","nitrogen","grain_width","DFG2020","plot","harvest",NA
"Patras",3.7375,"a","var","grain_width","DFG2020","plot","harvest",NA
"Apertus",3.6875,"b","var","grain_width","DFG2020","plot","harvest",NA
"Capone",3.625,"c","var","grain_width","DFG2020","plot","harvest",NA
"Torrild",3.62083333333333,"c","var","grain_width","DFG2020","plot","harvest",NA
"Alves",3.52916666666667,"d","var","grain_width","DFG2020","plot","harvest",NA
"Potenzial",3.50416666666667,"d","var","grain_width","DFG2020","plot","harvest",NA
"Pionier",3.5,"d","var","grain_width","DFG2020","plot","harvest",NA
"Esket",3.49166666666667,"d","var","grain_width","DFG2020","plot","harvest",NA
"Late_Patras",3.75,"a","timeid:var","grain_width","DFG2020","plot","harvest",NA
"Early_Patras",3.725,"ab","timeid:var","grain_width","DFG2020","plot","harvest",NA
"Late_Apertus",3.69166666666667,"b","timeid:var","grain_width","DFG2020","plot","harvest",NA
"Early_Apertus",3.68333333333333,"b","timeid:var","grain_width","DFG2020","plot","harvest",NA
"Early_Capone",3.63333333333333,"c","timeid:var","grain_width","DFG2020","plot","harvest",NA
"Early_Torrild",3.63333333333333,"c","timeid:var","grain_width","DFG2020","plot","harvest",NA
"Late_Capone",3.61666666666667,"c","timeid:var","grain_width","DFG2020","plot","harvest",NA
"Late_Torrild",3.60833333333333,"c","timeid:var","grain_width","DFG2020","plot","harvest",NA
"Early_Alves",3.54166666666667,"d","timeid:var","grain_width","DFG2020","plot","harvest",NA
"Early_Pionier",3.51666666666667,"de","timeid:var","grain_width","DFG2020","plot","harvest",NA
"Early_Potenzial",3.51666666666667,"de","timeid:var","grain_width","DFG2020","plot","harvest",NA
"Late_Alves",3.51666666666667,"de","timeid:var","grain_width","DFG2020","plot","harvest",NA
"Early_Esket",3.5,"de","timeid:var","grain_width","DFG2020","plot","harvest",NA
"Late_Potenzial",3.49166666666667,"e","timeid:var","grain_width","DFG2020","plot","harvest",NA
"Late_Esket",3.48333333333333,"e","timeid:var","grain_width","DFG2020","plot","harvest",NA
"Late_Pionier",3.48333333333333,"e","timeid:var","grain_width","DFG2020","plot","harvest",NA
"176_Late_Patras",3.8,"a","nitrogen:timeid:var","grain_width","DFG2020","plot","harvest",NA
"176_Early_Patras",3.75,"ab","nitrogen:timeid:var","grain_width","DFG2020","plot","harvest",NA
"176_Early_Apertus",3.71666666666667,"bc","nitrogen:timeid:var","grain_width","DFG2020","plot","harvest",NA
"176_Late_Apertus",3.71666666666667,"bc","nitrogen:timeid:var","grain_width","DFG2020","plot","harvest",NA
"220_Early_Patras",3.7,"bcd","nitrogen:timeid:var","grain_width","DFG2020","plot","harvest",NA
"220_Late_Patras",3.7,"bcd","nitrogen:timeid:var","grain_width","DFG2020","plot","harvest",NA
"176_Early_Capone",3.68333333333333,"cd","nitrogen:timeid:var","grain_width","DFG2020","plot","harvest",NA
"220_Late_Apertus",3.66666666666667,"cde","nitrogen:timeid:var","grain_width","DFG2020","plot","harvest",NA
"176_Early_Torrild",3.65,"def","nitrogen:timeid:var","grain_width","DFG2020","plot","harvest",NA
"176_Late_Capone",3.65,"def","nitrogen:timeid:var","grain_width","DFG2020","plot","harvest",NA
"220_Early_Apertus",3.65,"def","nitrogen:timeid:var","grain_width","DFG2020","plot","harvest",NA
"220_Early_Torrild",3.61666666666667,"efg","nitrogen:timeid:var","grain_width","DFG2020","plot","harvest",NA
"220_Late_Torrild",3.61666666666667,"efg","nitrogen:timeid:var","grain_width","DFG2020","plot","harvest",NA
"176_Early_Alves",3.6,"fgh","nitrogen:timeid:var","grain_width","DFG2020","plot","harvest",NA
"176_Late_Torrild",3.6,"fgh","nitrogen:timeid:var","grain_width","DFG2020","plot","harvest",NA
"220_Early_Capone",3.58333333333333,"ghi","nitrogen:timeid:var","grain_width","DFG2020","plot","harvest",NA
"220_Late_Capone",3.58333333333333,"ghi","nitrogen:timeid:var","grain_width","DFG2020","plot","harvest",NA
"176_Early_Potenzial",3.56666666666667,"ghi","nitrogen:timeid:var","grain_width","DFG2020","plot","harvest",NA
"176_Early_Pionier",3.55,"hij","nitrogen:timeid:var","grain_width","DFG2020","plot","harvest",NA
"176_Late_Alves",3.55,"hij","nitrogen:timeid:var","grain_width","DFG2020","plot","harvest",NA
"176_Late_Potenzial",3.53333333333333,"ijk","nitrogen:timeid:var","grain_width","DFG2020","plot","harvest",NA
"176_Early_Esket",3.5,"jkl","nitrogen:timeid:var","grain_width","DFG2020","plot","harvest",NA
"176_Late_Esket",3.5,"jkl","nitrogen:timeid:var","grain_width","DFG2020","plot","harvest",NA
"176_Late_Pionier",3.5,"jkl","nitrogen:timeid:var","grain_width","DFG2020","plot","harvest",NA
"220_Early_Esket",3.5,"jkl","nitrogen:timeid:var","grain_width","DFG2020","plot","harvest",NA
"220_Early_Alves",3.48333333333333,"kl","nitrogen:timeid:var","grain_width","DFG2020","plot","harvest",NA
"220_Early_Pionier",3.48333333333333,"kl","nitrogen:timeid:var","grain_width","DFG2020","plot","harvest",NA
"220_Late_Alves",3.48333333333333,"kl","nitrogen:timeid:var","grain_width","DFG2020","plot","harvest",NA
"220_Early_Potenzial",3.46666666666667,"l","nitrogen:timeid:var","grain_width","DFG2020","plot","harvest",NA
"220_Late_Esket",3.46666666666667,"l","nitrogen:timeid:var","grain_width","DFG2020","plot","harvest",NA
"220_Late_Pionier",3.46666666666667,"l","nitrogen:timeid:var","grain_width","DFG2020","plot","harvest",NA
"220_Late_Potenzial",3.45,"l","nitrogen:timeid:var","grain_width","DFG2020","plot","harvest",NA
"Combined_Late_Patras",3.75,"a","appl:timeid:var","grain_width","DFG2020","plot","harvest",NA
"Split_Late_Patras",3.75,"a","appl:timeid:var","grain_width","DFG2020","plot","harvest",NA
"Combined_Early_Patras",3.73333333333333,"ab","appl:timeid:var","grain_width","DFG2020","plot","harvest",NA
"Split_Early_Patras",3.71666666666667,"abc","appl:timeid:var","grain_width","DFG2020","plot","harvest",NA
"Combined_Early_Apertus",3.7,"abcd","appl:timeid:var","grain_width","DFG2020","plot","harvest",NA
"Combined_Late_Apertus",3.7,"abcd","appl:timeid:var","grain_width","DFG2020","plot","harvest",NA
"Split_Late_Apertus",3.68333333333333,"abcde","appl:timeid:var","grain_width","DFG2020","plot","harvest",NA
"Combined_Early_Torrild",3.66666666666667,"bcdef","appl:timeid:var","grain_width","DFG2020","plot","harvest",NA
"Split_Early_Apertus",3.66666666666667,"bcdef","appl:timeid:var","grain_width","DFG2020","plot","harvest",NA
"Combined_Early_Capone",3.65,"cdef","appl:timeid:var","grain_width","DFG2020","plot","harvest",NA
"Combined_Late_Capone",3.63333333333333,"def","appl:timeid:var","grain_width","DFG2020","plot","harvest",NA
"Combined_Late_Torrild",3.61666666666667,"efg","appl:timeid:var","grain_width","DFG2020","plot","harvest",NA
"Split_Early_Capone",3.61666666666667,"efg","appl:timeid:var","grain_width","DFG2020","plot","harvest",NA
"Split_Early_Torrild",3.6,"fgh","appl:timeid:var","grain_width","DFG2020","plot","harvest",NA
"Split_Late_Capone",3.6,"fgh","appl:timeid:var","grain_width","DFG2020","plot","harvest",NA
"Split_Late_Torrild",3.6,"fgh","appl:timeid:var","grain_width","DFG2020","plot","harvest",NA
"Combined_Late_Alves",3.55,"ghi","appl:timeid:var","grain_width","DFG2020","plot","harvest",NA
"Split_Early_Alves",3.55,"ghi","appl:timeid:var","grain_width","DFG2020","plot","harvest",NA
"Combined_Early_Alves",3.53333333333333,"hij","appl:timeid:var","grain_width","DFG2020","plot","harvest",NA
"Combined_Early_Pionier",3.53333333333333,"hij","appl:timeid:var","grain_width","DFG2020","plot","harvest",NA
"Combined_Early_Potenzial",3.53333333333333,"hij","appl:timeid:var","grain_width","DFG2020","plot","harvest",NA
"Combined_Late_Potenzial",3.53333333333333,"hij","appl:timeid:var","grain_width","DFG2020","plot","harvest",NA
"Combined_Early_Esket",3.5,"ijk","appl:timeid:var","grain_width","DFG2020","plot","harvest",NA
"Combined_Late_Esket",3.5,"ijk","appl:timeid:var","grain_width","DFG2020","plot","harvest",NA
"Combined_Late_Pionier",3.5,"ijk","appl:timeid:var","grain_width","DFG2020","plot","harvest",NA
"Split_Early_Esket",3.5,"ijk","appl:timeid:var","grain_width","DFG2020","plot","harvest",NA
"Split_Early_Pionier",3.5,"ijk","appl:timeid:var","grain_width","DFG2020","plot","harvest",NA
"Split_Early_Potenzial",3.5,"ijk","appl:timeid:var","grain_width","DFG2020","plot","harvest",NA
"Split_Late_Alves",3.48333333333333,"ijk","appl:timeid:var","grain_width","DFG2020","plot","harvest",NA
"Split_Late_Esket",3.46666666666667,"jk","appl:timeid:var","grain_width","DFG2020","plot","harvest",NA
"Split_Late_Pionier",3.46666666666667,"jk","appl:timeid:var","grain_width","DFG2020","plot","harvest",NA
"Split_Late_Potenzial",3.45,"k","appl:timeid:var","grain_width","DFG2020","plot","harvest",NA
"220_Capone",12.7581249362094,"a","nitrogen:var","kernel_DM87","DFG2020","kernel","87","2020-07-23"
"220_Torrild",11.7158749414206,"ab","nitrogen:var","kernel_DM87","DFG2020","kernel","87","2020-07-23"
"220_Apertus",11.2682499436588,"abc","nitrogen:var","kernel_DM87","DFG2020","kernel","87","2020-07-23"
"220_Pionier",10.9736249451319,"abc","nitrogen:var","kernel_DM87","DFG2020","kernel","87","2020-07-23"
"220_Potenzial",10.66799994666,"abc","nitrogen:var","kernel_DM87","DFG2020","kernel","87","2020-07-23"
"176_Potenzial",10.4186249479069,"abc","nitrogen:var","kernel_DM87","DFG2020","kernel","87","2020-07-23"
"220_Esket",10.2057499489712,"bc","nitrogen:var","kernel_DM87","DFG2020","kernel","87","2020-07-23"
"220_Patras",10.1656249491719,"bc","nitrogen:var","kernel_DM87","DFG2020","kernel","87","2020-07-23"
"176_Apertus",10.0446249497769,"bc","nitrogen:var","kernel_DM87","DFG2020","kernel","87","2020-07-23"
"176_Pionier",9.76887495115563,"bc","nitrogen:var","kernel_DM87","DFG2020","kernel","87","2020-07-23"
"176_Torrild",9.682999951585,"bc","nitrogen:var","kernel_DM87","DFG2020","kernel","87","2020-07-23"
"176_Esket",9.53812495230937,"bc","nitrogen:var","kernel_DM87","DFG2020","kernel","87","2020-07-23"
"220_Alves",9.4264999528675,"bc","nitrogen:var","kernel_DM87","DFG2020","kernel","87","2020-07-23"
"176_Patras",9.26387495368063,"c","nitrogen:var","kernel_DM87","DFG2020","kernel","87","2020-07-23"
"176_Alves",9.24587495377063,"c","nitrogen:var","kernel_DM87","DFG2020","kernel","87","2020-07-23"
"176_Capone",9.24474995377625,"c","nitrogen:var","kernel_DM87","DFG2020","kernel","87","2020-07-23"
"220",17.7367708333333,"a","nitrogen","kernel_Nitrogen87","DFG2020","kernel","87","2020-07-23"
"176",15.531530741875,"b","nitrogen","kernel_Nitrogen87","DFG2020","kernel","87","2020-07-23"
"Torrild",17.54874729,"a","var","kernel_Nitrogen87","DFG2020","kernel","87","2020-07-23"
"Pionier",16.84555709875,"ab","var","kernel_Nitrogen87","DFG2020","kernel","87","2020-07-23"
"Patras",16.8121633541667,"ab","var","kernel_Nitrogen87","DFG2020","kernel","87","2020-07-23"
"Potenzial",16.5930116683333,"b","var","kernel_Nitrogen87","DFG2020","kernel","87","2020-07-23"
"Esket",16.5775400104167,"b","var","kernel_Nitrogen87","DFG2020","kernel","87","2020-07-23"
"Alves",16.5067643783333,"b","var","kernel_Nitrogen87","DFG2020","kernel","87","2020-07-23"
"Capone",16.0991666666667,"b","var","kernel_Nitrogen87","DFG2020","kernel","87","2020-07-23"
"Apertus",16.0902558341667,"b","var","kernel_Nitrogen87","DFG2020","kernel","87","2020-07-23"
"Combined_Late_Torrild",17.925,"a","appl:timeid:var","kernel_Nitrogen87","DFG2020","kernel","87","2020-07-23"
"Combined_Early_Patras",17.8661942183333,"ab","appl:timeid:var","kernel_Nitrogen87","DFG2020","kernel","87","2020-07-23"
"Combined_Early_Torrild",17.8016666666667,"abc","appl:timeid:var","kernel_Nitrogen87","DFG2020","kernel","87","2020-07-23"
"Combined_Late_Pionier",17.7033333333333,"abcd","appl:timeid:var","kernel_Nitrogen87","DFG2020","kernel","87","2020-07-23"
"Split_Late_Torrild",17.585,"abcd","appl:timeid:var","kernel_Nitrogen87","DFG2020","kernel","87","2020-07-23"
"Combined_Late_Potenzial",17.4733333333333,"abcde","appl:timeid:var","kernel_Nitrogen87","DFG2020","kernel","87","2020-07-23"
"Combined_Late_Alves",17.28,"abcdef","appl:timeid:var","kernel_Nitrogen87","DFG2020","kernel","87","2020-07-23"
"Split_Late_Esket",17.0466666666667,"abcdefg","appl:timeid:var","kernel_Nitrogen87","DFG2020","kernel","87","2020-07-23"
"Combined_Late_Esket",17.0218267083333,"abcdefg","appl:timeid:var","kernel_Nitrogen87","DFG2020","kernel","87","2020-07-23"
"Combined_Early_Alves",16.9833333333333,"abcdefgh","appl:timeid:var","kernel_Nitrogen87","DFG2020","kernel","87","2020-07-23"
"Split_Late_Patras",16.9233333333333,"abcdefghi","appl:timeid:var","kernel_Nitrogen87","DFG2020","kernel","87","2020-07-23"
"Combined_Late_Patras",16.8907925316667,"abcdefghij","appl:timeid:var","kernel_Nitrogen87","DFG2020","kernel","87","2020-07-23"
"Split_Early_Torrild",16.8833224933333,"abcdefghij","appl:timeid:var","kernel_Nitrogen87","DFG2020","kernel","87","2020-07-23"
"Combined_Early_Esket",16.8633333333333,"abcdefghij","appl:timeid:var","kernel_Nitrogen87","DFG2020","kernel","87","2020-07-23"
"Split_Late_Pionier",16.8488950616667,"abcdefghij","appl:timeid:var","kernel_Nitrogen87","DFG2020","kernel","87","2020-07-23"
"Combined_Late_Apertus",16.8433333333333,"abcdefghij","appl:timeid:var","kernel_Nitrogen87","DFG2020","kernel","87","2020-07-23"
"Combined_Early_Pionier",16.755,"abcdefghijk","appl:timeid:var","kernel_Nitrogen87","DFG2020","kernel","87","2020-07-23"
"Split_Late_Potenzial",16.6289549833333,"abcdefghijk","appl:timeid:var","kernel_Nitrogen87","DFG2020","kernel","87","2020-07-23"
"Combined_Early_Potenzial",16.6214250233333,"abcdefghijk","appl:timeid:var","kernel_Nitrogen87","DFG2020","kernel","87","2020-07-23"
"Combined_Late_Capone",16.415,"bcdefghijk","appl:timeid:var","kernel_Nitrogen87","DFG2020","kernel","87","2020-07-23"
"Split_Late_Capone",16.3666666666667,"cdefghijk","appl:timeid:var","kernel_Nitrogen87","DFG2020","kernel","87","2020-07-23"
"Split_Late_Alves",16.3203908466667,"defghijk","appl:timeid:var","kernel_Nitrogen87","DFG2020","kernel","87","2020-07-23"
"Combined_Early_Capone",16.0966666666667,"efghijk","appl:timeid:var","kernel_Nitrogen87","DFG2020","kernel","87","2020-07-23"
"Split_Early_Pionier",16.075,"efghijk","appl:timeid:var","kernel_Nitrogen87","DFG2020","kernel","87","2020-07-23"
"Split_Late_Apertus",15.995,"fghijk","appl:timeid:var","kernel_Nitrogen87","DFG2020","kernel","87","2020-07-23"
"Split_Early_Apertus",15.7776900033333,"ghijk","appl:timeid:var","kernel_Nitrogen87","DFG2020","kernel","87","2020-07-23"
"Combined_Early_Apertus",15.745,"ghijk","appl:timeid:var","kernel_Nitrogen87","DFG2020","kernel","87","2020-07-23"
"Split_Early_Potenzial",15.6483333333333,"ghijk","appl:timeid:var","kernel_Nitrogen87","DFG2020","kernel","87","2020-07-23"
"Split_Early_Patras",15.5683333333333,"hijk","appl:timeid:var","kernel_Nitrogen87","DFG2020","kernel","87","2020-07-23"
"Split_Early_Capone",15.5183333333333,"ijk","appl:timeid:var","kernel_Nitrogen87","DFG2020","kernel","87","2020-07-23"
"Split_Early_Alves",15.4433333333333,"jk","appl:timeid:var","kernel_Nitrogen87","DFG2020","kernel","87","2020-07-23"
"Split_Early_Esket",15.3783333333333,"k","appl:timeid:var","kernel_Nitrogen87","DFG2020","kernel","87","2020-07-23"
"220_Capone",0.221144831394276,"a","nitrogen:var","kernel_total_N87","DFG2020","kernel","87","2020-07-23"
"220_Torrild",0.218920763905396,"a","nitrogen:var","kernel_total_N87","DFG2020","kernel","87","2020-07-23"
"220_Pionier",0.197259435263703,"ab","nitrogen:var","kernel_total_N87","DFG2020","kernel","87","2020-07-23"
"220_Apertus",0.19639390776803,"ab","nitrogen:var","kernel_total_N87","DFG2020","kernel","87","2020-07-23"
"220_Potenzial",0.189574170302129,"abc","nitrogen:var","kernel_total_N87","DFG2020","kernel","87","2020-07-23"
"220_Patras",0.184077267829614,"abcd","nitrogen:var","kernel_total_N87","DFG2020","kernel","87","2020-07-23"
"220_Esket",0.178747745356261,"bcde","nitrogen:var","kernel_total_N87","DFG2020","kernel","87","2020-07-23"
"220_Alves",0.165595841672021,"bcdef","nitrogen:var","kernel_total_N87","DFG2020","kernel","87","2020-07-23"
"176_Potenzial",0.161232951012595,"bcdef","nitrogen:var","kernel_total_N87","DFG2020","kernel","87","2020-07-23"
"176_Torrild",0.160451162852604,"bcdef","nitrogen:var","kernel_total_N87","DFG2020","kernel","87","2020-07-23"
"176_Pionier",0.153515678746053,"cdef","nitrogen:var","kernel_total_N87","DFG2020","kernel","87","2020-07-23"
"176_Apertus",0.150471375511536,"def","nitrogen:var","kernel_total_N87","DFG2020","kernel","87","2020-07-23"
"176_Esket",0.149369187862935,"def","nitrogen:var","kernel_total_N87","DFG2020","kernel","87","2020-07-23"
"176_Patras",0.144777818691167,"ef","nitrogen:var","kernel_total_N87","DFG2020","kernel","87","2020-07-23"
"176_Alves",0.144737071853125,"ef","nitrogen:var","kernel_total_N87","DFG2020","kernel","87","2020-07-23"
"176_Capone",0.139553510552232,"f","nitrogen:var","kernel_total_N87","DFG2020","kernel","87","2020-07-23"
"220_Combined",3.08203123458984,"a","nitrogen:appl","mobile61_DM","DFG2020",NA,"61_87","biomass"
"220_Split",2.77615623611922,"ab","nitrogen:appl","mobile61_DM","DFG2020",NA,"61_87","biomass"
"176_Split",2.58381248708094,"ab","nitrogen:appl","mobile61_DM","DFG2020",NA,"61_87","biomass"
"176_Combined",2.03709373981453,"b","nitrogen:appl","mobile61_DM","DFG2020",NA,"61_87","biomass"
"220_Early",3.25696873371516,"a","nitrogen:timeid","mobile61_DM","DFG2020",NA,"61_87","biomass"
"220_Late",2.60121873699391,"ab","nitrogen:timeid","mobile61_DM","DFG2020",NA,"61_87","biomass"
"176_Late",2.39509373802453,"ab","nitrogen:timeid","mobile61_DM","DFG2020",NA,"61_87","biomass"
"176_Early",2.22581248887094,"b","nitrogen:timeid","mobile61_DM","DFG2020",NA,"61_87","biomass"
"220_Split_Early",3.69324998153375,"a","nitrogen:appl:timeid","mobile61_DM","DFG2020",NA,"61_87","biomass"
"220_Combined_Late",3.34337498328312,"ab","nitrogen:appl:timeid","mobile61_DM","DFG2020",NA,"61_87","biomass"
"220_Combined_Early",2.82068748589656,"bc","nitrogen:appl:timeid","mobile61_DM","DFG2020",NA,"61_87","biomass"
"176_Split_Late",2.7724999861375,"bcd","nitrogen:appl:timeid","mobile61_DM","DFG2020",NA,"61_87","biomass"
"176_Split_Early",2.39512498802438,"cde","nitrogen:appl:timeid","mobile61_DM","DFG2020",NA,"61_87","biomass"
"176_Combined_Early",2.0564999897175,"de","nitrogen:appl:timeid","mobile61_DM","DFG2020",NA,"61_87","biomass"
"176_Combined_Late",2.01768748991156,"e","nitrogen:appl:timeid","mobile61_DM","DFG2020",NA,"61_87","biomass"
"220_Split_Late",1.85906249070469,"e","nitrogen:appl:timeid","mobile61_DM","DFG2020",NA,"61_87","biomass"
"176_Split_Torrild",6.016999969915,"a","nitrogen:appl:var","mobile61_DM","DFG2020",NA,"61_87","biomass"
"176_Split_Alves",4.6254999768725,"a","nitrogen:appl:var","mobile61_DM","DFG2020",NA,"61_87","biomass"
"220_Combined_Alves",4.1594999792025,"a","nitrogen:appl:var","mobile61_DM","DFG2020",NA,"61_87","biomass"
"220_Split_Esket",3.87674998061625,"a","nitrogen:appl:var","mobile61_DM","DFG2020",NA,"61_87","biomass"
"220_Combined_Potenzial",3.81124998094375,"a","nitrogen:appl:var","mobile61_DM","DFG2020",NA,"61_87","biomass"
"220_Split_Patras",3.63824998180875,"a","nitrogen:appl:var","mobile61_DM","DFG2020",NA,"61_87","biomass"
"220_Split_Alves",3.63174998184125,"a","nitrogen:appl:var","mobile61_DM","DFG2020",NA,"61_87","biomass"
"220_Combined_Apertus",3.510999982445,"a","nitrogen:appl:var","mobile61_DM","DFG2020",NA,"61_87","biomass"
"220_Combined_Patras",3.28524998357375,"a","nitrogen:appl:var","mobile61_DM","DFG2020",NA,"61_87","biomass"
"220_Combined_Torrild",3.10324998448375,"a","nitrogen:appl:var","mobile61_DM","DFG2020",NA,"61_87","biomass"
"176_Split_Capone",3.06424998467875,"a","nitrogen:appl:var","mobile61_DM","DFG2020",NA,"61_87","biomass"
"220_Split_Apertus",2.90874998545625,"a","nitrogen:appl:var","mobile61_DM","DFG2020",NA,"61_87","biomass"
"176_Combined_Patras",2.8704999856475,"a","nitrogen:appl:var","mobile61_DM","DFG2020",NA,"61_87","biomass"
"220_Combined_Capone",2.8184999859075,"a","nitrogen:appl:var","mobile61_DM","DFG2020",NA,"61_87","biomass"
"220_Combined_Esket",2.51324998743375,"a","nitrogen:appl:var","mobile61_DM","DFG2020",NA,"61_87","biomass"
"176_Combined_Alves",2.2924999885375,"a","nitrogen:appl:var","mobile61_DM","DFG2020",NA,"61_87","biomass"
"176_Combined_Apertus",2.28799998856,"a","nitrogen:appl:var","mobile61_DM","DFG2020",NA,"61_87","biomass"
"176_Combined_Pionier",2.22999998885,"a","nitrogen:appl:var","mobile61_DM","DFG2020",NA,"61_87","biomass"
"220_Split_Capone",2.22574998887125,"a","nitrogen:appl:var","mobile61_DM","DFG2020",NA,"61_87","biomass"
"220_Split_Pionier",2.18474998907625,"a","nitrogen:appl:var","mobile61_DM","DFG2020",NA,"61_87","biomass"
"220_Split_Potenzial",2.06724998966375,"a","nitrogen:appl:var","mobile61_DM","DFG2020",NA,"61_87","biomass"
"176_Combined_Esket",2.01074998994625,"a","nitrogen:appl:var","mobile61_DM","DFG2020",NA,"61_87","biomass"
"176_Split_Apertus",1.8574999907125,"a","nitrogen:appl:var","mobile61_DM","DFG2020",NA,"61_87","biomass"
"176_Combined_Potenzial",1.83624999081875,"a","nitrogen:appl:var","mobile61_DM","DFG2020",NA,"61_87","biomass"
"220_Split_Torrild",1.67599999162,"a","nitrogen:appl:var","mobile61_DM","DFG2020",NA,"61_87","biomass"
"176_Combined_Capone",1.45674999271625,"a","nitrogen:appl:var","mobile61_DM","DFG2020",NA,"61_87","biomass"
"220_Combined_Pionier",1.45424999272875,"a","nitrogen:appl:var","mobile61_DM","DFG2020",NA,"61_87","biomass"
"176_Split_Esket",1.37824999310875,"a","nitrogen:appl:var","mobile61_DM","DFG2020",NA,"61_87","biomass"
"176_Combined_Torrild",1.31199999344,"a","nitrogen:appl:var","mobile61_DM","DFG2020",NA,"61_87","biomass"
"176_Split_Patras",1.2934999935325,"a","nitrogen:appl:var","mobile61_DM","DFG2020",NA,"61_87","biomass"
"176_Split_Pionier",1.28574999357125,"a","nitrogen:appl:var","mobile61_DM","DFG2020",NA,"61_87","biomass"
"176_Split_Potenzial",1.14874999425625,"a","nitrogen:appl:var","mobile61_DM","DFG2020",NA,"61_87","biomass"
"220_Early_Alves",5.7594999712025,"a","nitrogen:timeid:var","mobile61_DM","DFG2020",NA,"61_87","biomass"
"220_Early_Patras",4.78874997605625,"ab","nitrogen:timeid:var","mobile61_DM","DFG2020",NA,"61_87","biomass"
"176_Early_Torrild",4.200999978995,"abc","nitrogen:timeid:var","mobile61_DM","DFG2020",NA,"61_87","biomass"
"176_Early_Alves",3.83624998081875,"abc","nitrogen:timeid:var","mobile61_DM","DFG2020",NA,"61_87","biomass"
"220_Early_Potenzial",3.53074998234625,"abc","nitrogen:timeid:var","mobile61_DM","DFG2020",NA,"61_87","biomass"
"220_Late_Apertus",3.5034999824825,"abc","nitrogen:timeid:var","mobile61_DM","DFG2020",NA,"61_87","biomass"
"220_Early_Esket",3.252999983735,"abc","nitrogen:timeid:var","mobile61_DM","DFG2020",NA,"61_87","biomass"
"176_Late_Patras",3.24274998378625,"abc","nitrogen:timeid:var","mobile61_DM","DFG2020",NA,"61_87","biomass"
"220_Late_Esket",3.136999984315,"abc","nitrogen:timeid:var","mobile61_DM","DFG2020",NA,"61_87","biomass"
"176_Late_Torrild",3.12799998436,"abc","nitrogen:timeid:var","mobile61_DM","DFG2020",NA,"61_87","biomass"
"176_Late_Alves",3.08174998459125,"abc","nitrogen:timeid:var","mobile61_DM","DFG2020",NA,"61_87","biomass"
"176_Early_Esket",3.02399998488,"abc","nitrogen:timeid:var","mobile61_DM","DFG2020",NA,"61_87","biomass"
"220_Early_Apertus",2.91624998541875,"abc","nitrogen:timeid:var","mobile61_DM","DFG2020",NA,"61_87","biomass"
"220_Late_Torrild",2.83524998582375,"abc","nitrogen:timeid:var","mobile61_DM","DFG2020",NA,"61_87","biomass"
"176_Late_Apertus",2.75224998623875,"abc","nitrogen:timeid:var","mobile61_DM","DFG2020",NA,"61_87","biomass"
"176_Late_Capone",2.74974998625125,"abc","nitrogen:timeid:var","mobile61_DM","DFG2020",NA,"61_87","biomass"
"220_Late_Capone",2.67274998663625,"abc","nitrogen:timeid:var","mobile61_DM","DFG2020",NA,"61_87","biomass"
"220_Early_Capone",2.3714999881425,"abc","nitrogen:timeid:var","mobile61_DM","DFG2020",NA,"61_87","biomass"
"220_Late_Potenzial",2.34774998826125,"abc","nitrogen:timeid:var","mobile61_DM","DFG2020",NA,"61_87","biomass"
"220_Late_Pionier",2.146999989265,"abc","nitrogen:timeid:var","mobile61_DM","DFG2020",NA,"61_87","biomass"
"220_Late_Patras",2.13474998932625,"abc","nitrogen:timeid:var","mobile61_DM","DFG2020",NA,"61_87","biomass"
"176_Late_Pionier",2.0394999898025,"abc","nitrogen:timeid:var","mobile61_DM","DFG2020",NA,"61_87","biomass"
"220_Late_Alves",2.03174998984125,"abc","nitrogen:timeid:var","mobile61_DM","DFG2020",NA,"61_87","biomass"
"220_Early_Torrild",1.94399999028,"abc","nitrogen:timeid:var","mobile61_DM","DFG2020",NA,"61_87","biomass"
"176_Late_Potenzial",1.80174999099125,"abc","nitrogen:timeid:var","mobile61_DM","DFG2020",NA,"61_87","biomass"
"176_Early_Capone",1.77124999114375,"abc","nitrogen:timeid:var","mobile61_DM","DFG2020",NA,"61_87","biomass"
"220_Early_Pionier",1.49199999254,"bc","nitrogen:timeid:var","mobile61_DM","DFG2020",NA,"61_87","biomass"
"176_Early_Pionier",1.47624999261875,"bc","nitrogen:timeid:var","mobile61_DM","DFG2020",NA,"61_87","biomass"
"176_Early_Apertus",1.39324999303375,"bc","nitrogen:timeid:var","mobile61_DM","DFG2020",NA,"61_87","biomass"
"176_Early_Potenzial",1.18324999408375,"bc","nitrogen:timeid:var","mobile61_DM","DFG2020",NA,"61_87","biomass"
"176_Early_Patras",0.92124999539375,"bc","nitrogen:timeid:var","mobile61_DM","DFG2020",NA,"61_87","biomass"
"176_Late_Esket",0.364999998175,"c","nitrogen:timeid:var","mobile61_DM","DFG2020",NA,"61_87","biomass"
"176_Split_Torrild",0.593472205396418,"a","nitrogen:appl:var","mobile61_DM_rel","DFG2020",NA,"61_87","biomass"
"176_Split_Alves",0.442010744960128,"a","nitrogen:appl:var","mobile61_DM_rel","DFG2020",NA,"61_87","biomass"
"220_Combined_Potenzial",0.396783166116879,"a","nitrogen:appl:var","mobile61_DM_rel","DFG2020",NA,"61_87","biomass"
"220_Combined_Alves",0.356286772800951,"a","nitrogen:appl:var","mobile61_DM_rel","DFG2020",NA,"61_87","biomass"
"220_Split_Alves",0.35495970666234,"a","nitrogen:appl:var","mobile61_DM_rel","DFG2020",NA,"61_87","biomass"
"176_Split_Capone",0.318388831115006,"a","nitrogen:appl:var","mobile61_DM_rel","DFG2020",NA,"61_87","biomass"
"220_Split_Esket",0.312743165194942,"a","nitrogen:appl:var","mobile61_DM_rel","DFG2020",NA,"61_87","biomass"
"220_Combined_Patras",0.30464538758323,"a","nitrogen:appl:var","mobile61_DM_rel","DFG2020",NA,"61_87","biomass"
"220_Combined_Apertus",0.297596820178595,"a","nitrogen:appl:var","mobile61_DM_rel","DFG2020",NA,"61_87","biomass"
"220_Split_Patras",0.295049870723895,"a","nitrogen:appl:var","mobile61_DM_rel","DFG2020",NA,"61_87","biomass"
"176_Combined_Patras",0.281899966235772,"a","nitrogen:appl:var","mobile61_DM_rel","DFG2020",NA,"61_87","biomass"
"176_Combined_Esket",0.257029342463522,"a","nitrogen:appl:var","mobile61_DM_rel","DFG2020",NA,"61_87","biomass"
"220_Combined_Torrild",0.247644121094203,"a","nitrogen:appl:var","mobile61_DM_rel","DFG2020",NA,"61_87","biomass"
"220_Combined_Esket",0.232755668841035,"a","nitrogen:appl:var","mobile61_DM_rel","DFG2020",NA,"61_87","biomass"
"220_Split_Apertus",0.232291181473962,"a","nitrogen:appl:var","mobile61_DM_rel","DFG2020",NA,"61_87","biomass"
"176_Combined_Apertus",0.224562899996014,"a","nitrogen:appl:var","mobile61_DM_rel","DFG2020",NA,"61_87","biomass"
"176_Combined_Alves",0.215884025613418,"a","nitrogen:appl:var","mobile61_DM_rel","DFG2020",NA,"61_87","biomass"
"176_Combined_Pionier",0.21213383613255,"a","nitrogen:appl:var","mobile61_DM_rel","DFG2020",NA,"61_87","biomass"
"220_Combined_Capone",0.210457518200914,"a","nitrogen:appl:var","mobile61_DM_rel","DFG2020",NA,"61_87","biomass"
"220_Split_Potenzial",0.203758034864501,"a","nitrogen:appl:var","mobile61_DM_rel","DFG2020",NA,"61_87","biomass"
"220_Split_Pionier",0.183644572574778,"a","nitrogen:appl:var","mobile61_DM_rel","DFG2020",NA,"61_87","biomass"
"220_Split_Capone",0.168244724331965,"a","nitrogen:appl:var","mobile61_DM_rel","DFG2020",NA,"61_87","biomass"
"176_Combined_Potenzial",0.167788247589342,"a","nitrogen:appl:var","mobile61_DM_rel","DFG2020",NA,"61_87","biomass"
"176_Split_Apertus",0.160498483967635,"a","nitrogen:appl:var","mobile61_DM_rel","DFG2020",NA,"61_87","biomass"
"176_Combined_Capone",0.149190648943062,"a","nitrogen:appl:var","mobile61_DM_rel","DFG2020",NA,"61_87","biomass"
"176_Split_Patras",0.147815634358161,"a","nitrogen:appl:var","mobile61_DM_rel","DFG2020",NA,"61_87","biomass"
"220_Combined_Pionier",0.135808146523627,"a","nitrogen:appl:var","mobile61_DM_rel","DFG2020",NA,"61_87","biomass"
"176_Split_Potenzial",0.131372602382786,"a","nitrogen:appl:var","mobile61_DM_rel","DFG2020",NA,"61_87","biomass"
"220_Split_Torrild",0.124304661502298,"a","nitrogen:appl:var","mobile61_DM_rel","DFG2020",NA,"61_87","biomass"
"176_Split_Pionier",0.119206072914005,"a","nitrogen:appl:var","mobile61_DM_rel","DFG2020",NA,"61_87","biomass"
"176_Combined_Torrild",0.116844146040845,"a","nitrogen:appl:var","mobile61_DM_rel","DFG2020",NA,"61_87","biomass"
"176_Split_Esket",0.10898551815103,"a","nitrogen:appl:var","mobile61_DM_rel","DFG2020",NA,"61_87","biomass"
"220_Early_Alves",0.534325595910818,"a","nitrogen:timeid:var","mobile61_DM_rel","DFG2020",NA,"61_87","biomass"
"176_Early_Torrild",0.438532454968216,"ab","nitrogen:timeid:var","mobile61_DM_rel","DFG2020",NA,"61_87","biomass"
"220_Early_Patras",0.414445574476554,"ab","nitrogen:timeid:var","mobile61_DM_rel","DFG2020",NA,"61_87","biomass"
"176_Early_Alves",0.373158106564307,"ab","nitrogen:timeid:var","mobile61_DM_rel","DFG2020",NA,"61_87","biomass"
"220_Early_Potenzial",0.35986053763705,"ab","nitrogen:timeid:var","mobile61_DM_rel","DFG2020",NA,"61_87","biomass"
"176_Early_Esket",0.33488247845505,"ab","nitrogen:timeid:var","mobile61_DM_rel","DFG2020",NA,"61_87","biomass"
"176_Late_Patras",0.333554347199551,"ab","nitrogen:timeid:var","mobile61_DM_rel","DFG2020",NA,"61_87","biomass"
"220_Late_Apertus",0.319391293647605,"ab","nitrogen:timeid:var","mobile61_DM_rel","DFG2020",NA,"61_87","biomass"
"176_Late_Alves",0.284736664009239,"ab","nitrogen:timeid:var","mobile61_DM_rel","DFG2020",NA,"61_87","biomass"
"176_Late_Capone",0.281679598373527,"ab","nitrogen:timeid:var","mobile61_DM_rel","DFG2020",NA,"61_87","biomass"
"220_Late_Esket",0.275842387251897,"ab","nitrogen:timeid:var","mobile61_DM_rel","DFG2020",NA,"61_87","biomass"
"176_Late_Torrild",0.271783896469047,"ab","nitrogen:timeid:var","mobile61_DM_rel","DFG2020",NA,"61_87","biomass"
"220_Early_Esket",0.26965644678408,"ab","nitrogen:timeid:var","mobile61_DM_rel","DFG2020",NA,"61_87","biomass"
"176_Late_Apertus",0.262258714546651,"ab","nitrogen:timeid:var","mobile61_DM_rel","DFG2020",NA,"61_87","biomass"
"220_Late_Potenzial",0.24068066334433,"ab","nitrogen:timeid:var","mobile61_DM_rel","DFG2020",NA,"61_87","biomass"
"220_Late_Torrild",0.237327793995881,"ab","nitrogen:timeid:var","mobile61_DM_rel","DFG2020",NA,"61_87","biomass"
"220_Late_Capone",0.234083930767116,"ab","nitrogen:timeid:var","mobile61_DM_rel","DFG2020",NA,"61_87","biomass"
"220_Early_Apertus",0.210496708004952,"ab","nitrogen:timeid:var","mobile61_DM_rel","DFG2020",NA,"61_87","biomass"
"176_Late_Pionier",0.205743409164837,"ab","nitrogen:timeid:var","mobile61_DM_rel","DFG2020",NA,"61_87","biomass"
"220_Late_Pionier",0.203661153887479,"ab","nitrogen:timeid:var","mobile61_DM_rel","DFG2020",NA,"61_87","biomass"
"176_Late_Potenzial",0.186385000071348,"ab","nitrogen:timeid:var","mobile61_DM_rel","DFG2020",NA,"61_87","biomass"
"176_Early_Capone",0.185899881684541,"ab","nitrogen:timeid:var","mobile61_DM_rel","DFG2020",NA,"61_87","biomass"
"220_Late_Patras",0.185249683830571,"ab","nitrogen:timeid:var","mobile61_DM_rel","DFG2020",NA,"61_87","biomass"
"220_Late_Alves",0.176920883552472,"ab","nitrogen:timeid:var","mobile61_DM_rel","DFG2020",NA,"61_87","biomass"
"220_Early_Capone",0.144618311765763,"ab","nitrogen:timeid:var","mobile61_DM_rel","DFG2020",NA,"61_87","biomass"
"220_Early_Torrild",0.13462098860062,"ab","nitrogen:timeid:var","mobile61_DM_rel","DFG2020",NA,"61_87","biomass"
"176_Early_Pionier",0.125596499881717,"ab","nitrogen:timeid:var","mobile61_DM_rel","DFG2020",NA,"61_87","biomass"
"176_Early_Apertus",0.122802669416998,"ab","nitrogen:timeid:var","mobile61_DM_rel","DFG2020",NA,"61_87","biomass"
"220_Early_Pionier",0.115791565210926,"ab","nitrogen:timeid:var","mobile61_DM_rel","DFG2020",NA,"61_87","biomass"
"176_Early_Potenzial",0.11277584990078,"ab","nitrogen:timeid:var","mobile61_DM_rel","DFG2020",NA,"61_87","biomass"
"176_Early_Patras",0.0961612533943818,"ab","nitrogen:timeid:var","mobile61_DM_rel","DFG2020",NA,"61_87","biomass"
"176_Late_Esket",0.0311323821595022,"b","nitrogen:timeid:var","mobile61_DM_rel","DFG2020",NA,"61_87","biomass"
"220",0.10602210809193,"a","nitrogen","mobile61_N","DFG2020",NA,"61_87","nitrogen"
"176",0.0687869529240093,"b","nitrogen","mobile61_N","DFG2020",NA,"61_87","nitrogen"
"220_Early",0.108348025533185,"a","nitrogen:timeid","mobile61_N","DFG2020",NA,"61_87","nitrogen"
"220_Late",0.103696190650675,"a","nitrogen:timeid","mobile61_N","DFG2020",NA,"61_87","nitrogen"
"176_Late",0.0724346894676019,"b","nitrogen:timeid","mobile61_N","DFG2020",NA,"61_87","nitrogen"
"176_Early",0.0651392163804167,"b","nitrogen:timeid","mobile61_N","DFG2020",NA,"61_87","nitrogen"
"Alves",4.295000211025,"a","var","mobile61_WSC","DFG2020",NA,NA,NA
"Torrild",3.99145731816772,"ab","var","mobile61_WSC","DFG2020",NA,NA,NA
"Patras",3.97585907887071,"ab","var","mobile61_WSC","DFG2020",NA,NA,NA
"Esket",3.74932601937837,"ab","var","mobile61_WSC","DFG2020",NA,NA,NA
"Potenzial",3.62011374564943,"ab","var","mobile61_WSC","DFG2020",NA,NA,NA
"Apertus",3.54912221475439,"ab","var","mobile61_WSC","DFG2020",NA,NA,NA
"Pionier",3.26408325242958,"b","var","mobile61_WSC","DFG2020",NA,NA,NA
"Capone",3.2188803626556,"b","var","mobile61_WSC","DFG2020",NA,NA,NA
"176_Early",4.06360673561947,"a","nitrogen:timeid","mobile61_WSC","DFG2020",NA,NA,NA
"220_Early",3.88930136680349,"b","nitrogen:timeid","mobile61_WSC","DFG2020",NA,NA,NA
"176_Late",3.88033810403581,"b","nitrogen:timeid","mobile61_WSC","DFG2020",NA,NA,NA
"220_Late",2.99867489500663,"c","nitrogen:timeid","mobile61_WSC","DFG2020",NA,NA,NA
"176_Split_Early",4.25823710558382,"a","nitrogen:appl:timeid","mobile61_WSC","DFG2020",NA,NA,NA
"220_Split_Early",4.05000827662496,"ab","nitrogen:appl:timeid","mobile61_WSC","DFG2020",NA,NA,NA
"176_Split_Late",3.88453407370233,"bc","nitrogen:appl:timeid","mobile61_WSC","DFG2020",NA,NA,NA
"176_Combined_Late",3.87614213436929,"bc","nitrogen:appl:timeid","mobile61_WSC","DFG2020",NA,NA,NA
"176_Combined_Early",3.86897636565512,"bc","nitrogen:appl:timeid","mobile61_WSC","DFG2020",NA,NA,NA
"220_Combined_Early",3.72859445698203,"c","nitrogen:appl:timeid","mobile61_WSC","DFG2020",NA,NA,NA
"220_Combined_Late",3.32634261399329,"d","nitrogen:appl:timeid","mobile61_WSC","DFG2020",NA,NA,NA
"220_Split_Late",2.67100717601996,"e","nitrogen:appl:timeid","mobile61_WSC","DFG2020",NA,NA,NA
"Early_Capone",0.710827794842681,"a","timeid:var","mobile_effciency_N","DFG2020",NA,NA,NA
"Late_Patras",0.692838808192789,"ab","timeid:var","mobile_effciency_N","DFG2020",NA,NA,NA
"Late_Torrild",0.687644255822086,"ab","timeid:var","mobile_effciency_N","DFG2020",NA,NA,NA
"Late_Esket",0.680890477107231,"ab","timeid:var","mobile_effciency_N","DFG2020",NA,NA,NA
"Late_Alves",0.677395036495251,"ab","timeid:var","mobile_effciency_N","DFG2020",NA,NA,NA
"Early_Torrild",0.671059753090563,"ab","timeid:var","mobile_effciency_N","DFG2020",NA,NA,NA
"Late_Potenzial",0.665280773760516,"ab","timeid:var","mobile_effciency_N","DFG2020",NA,NA,NA
"Early_Patras",0.664539156669132,"ab","timeid:var","mobile_effciency_N","DFG2020",NA,NA,NA
"Late_Apertus",0.661714668827651,"ab","timeid:var","mobile_effciency_N","DFG2020",NA,NA,NA
"Early_Pionier",0.651681528423256,"ab","timeid:var","mobile_effciency_N","DFG2020",NA,NA,NA
"Late_Capone",0.64454656441322,"ab","timeid:var","mobile_effciency_N","DFG2020",NA,NA,NA
"Early_Apertus",0.64131517735473,"ab","timeid:var","mobile_effciency_N","DFG2020",NA,NA,NA
"Late_Pionier",0.640491960311054,"ab","timeid:var","mobile_effciency_N","DFG2020",NA,NA,NA
"Early_Esket",0.627716705676705,"ab","timeid:var","mobile_effciency_N","DFG2020",NA,NA,NA
"Early_Potenzial",0.611931120194324,"ab","timeid:var","mobile_effciency_N","DFG2020",NA,NA,NA
"Early_Alves",0.60972427386558,"b","timeid:var","mobile_effciency_N","DFG2020",NA,NA,NA
"Alves",0.952228208340852,"a","var","mobile_effciency_WSC","DFG2020",NA,NA,NA
"Potenzial",0.942129124883186,"a","var","mobile_effciency_WSC","DFG2020",NA,NA,NA
"Torrild",0.935184393511994,"ab","var","mobile_effciency_WSC","DFG2020",NA,NA,NA
"Patras",0.928701937710925,"ab","var","mobile_effciency_WSC","DFG2020",NA,NA,NA
"Apertus",0.913627809209924,"ab","var","mobile_effciency_WSC","DFG2020",NA,NA,NA
"Esket",0.894016473209443,"b","var","mobile_effciency_WSC","DFG2020",NA,NA,NA
"Pionier",0.838017062216738,"c","var","mobile_effciency_WSC","DFG2020",NA,NA,NA
"Capone",0.811073649758513,"c","var","mobile_effciency_WSC","DFG2020",NA,NA,NA
"Combined_Alves",0.954085800953391,"a","appl:var","mobile_effciency_WSC","DFG2020",NA,NA,NA
"Split_Alves",0.950370615728313,"ab","appl:var","mobile_effciency_WSC","DFG2020",NA,NA,NA
"Combined_Potenzial",0.946201225665302,"abc","appl:var","mobile_effciency_WSC","DFG2020",NA,NA,NA
"Split_Potenzial",0.93805702410107,"abc","appl:var","mobile_effciency_WSC","DFG2020",NA,NA,NA
"Split_Torrild",0.935275962522464,"abc","appl:var","mobile_effciency_WSC","DFG2020",NA,NA,NA
"Combined_Patras",0.935220678990683,"abc","appl:var","mobile_effciency_WSC","DFG2020",NA,NA,NA
"Combined_Torrild",0.935092824501525,"abc","appl:var","mobile_effciency_WSC","DFG2020",NA,NA,NA
"Combined_Apertus",0.923362076734603,"abc","appl:var","mobile_effciency_WSC","DFG2020",NA,NA,NA
"Split_Patras",0.922183196431168,"abc","appl:var","mobile_effciency_WSC","DFG2020",NA,NA,NA
"Split_Apertus",0.903893541685244,"abcd","appl:var","mobile_effciency_WSC","DFG2020",NA,NA,NA
"Combined_Esket",0.895735575772866,"bcd","appl:var","mobile_effciency_WSC","DFG2020",NA,NA,NA
"Split_Esket",0.89229737064602,"cd","appl:var","mobile_effciency_WSC","DFG2020",NA,NA,NA
"Combined_Pionier",0.857416374859227,"de","appl:var","mobile_effciency_WSC","DFG2020",NA,NA,NA
"Split_Capone",0.834166364268035,"ef","appl:var","mobile_effciency_WSC","DFG2020",NA,NA,NA
"Split_Pionier",0.818617749574248,"ef","appl:var","mobile_effciency_WSC","DFG2020",NA,NA,NA
"Combined_Capone",0.78798093524899,"f","appl:var","mobile_effciency_WSC","DFG2020",NA,NA,NA
"220",195.06918226272,"a","nitrogen","plot_grain_number","DFG2020","plot","87","2020-07-23"
"176",167.339498801452,"b","nitrogen","plot_grain_number","DFG2020","plot","87","2020-07-23"
"Esket",207.793030253773,"a","var","plot_grain_number","DFG2020","plot","87","2020-07-23"
"Potenzial",190.450118716587,"b","var","plot_grain_number","DFG2020","plot","87","2020-07-23"
"Pionier",188.928250668518,"b","var","plot_grain_number","DFG2020","plot","87","2020-07-23"
"Alves",186.510357588651,"b","var","plot_grain_number","DFG2020","plot","87","2020-07-23"
"Torrild",176.876766720634,"c","var","plot_grain_number","DFG2020","plot","87","2020-07-23"
"Capone",172.085504406137,"cd","var","plot_grain_number","DFG2020","plot","87","2020-07-23"
"Apertus",167.597269102683,"d","var","plot_grain_number","DFG2020","plot","87","2020-07-23"
"Patras",159.404167228923,"e","var","plot_grain_number","DFG2020","plot","87","2020-07-23"
"220_Early",202.910294116277,"a","nitrogen:timeid","plot_grain_number","DFG2020","plot","87","2020-07-23"
"220_Late",187.228070409163,"b","nitrogen:timeid","plot_grain_number","DFG2020","plot","87","2020-07-23"
"176_Late",167.339946252438,"c","nitrogen:timeid","plot_grain_number","DFG2020","plot","87","2020-07-23"
"176_Early",167.339041830232,"c","nitrogen:timeid","plot_grain_number","DFG2020","plot","87","2020-07-23"
"Esket",40.8563082221735,"a","var","plot_grain_per_spike","DFG2020","plot","87","2020-07-23"
"Capone",38.7320134933863,"ab","var","plot_grain_per_spike","DFG2020","plot","87","2020-07-23"
"Alves",36.7251977334516,"ab","var","plot_grain_per_spike","DFG2020","plot","87","2020-07-23"
"Patras",35.1238232285454,"ab","var","plot_grain_per_spike","DFG2020","plot","87","2020-07-23"
"Apertus",33.8325907710077,"ab","var","plot_grain_per_spike","DFG2020","plot","87","2020-07-23"
"Potenzial",32.7857483404766,"ab","var","plot_grain_per_spike","DFG2020","plot","87","2020-07-23"
"Pionier",30.6384062781871,"b","var","plot_grain_per_spike","DFG2020","plot","87","2020-07-23"
"Torrild",30.5342991619022,"b","var","plot_grain_per_spike","DFG2020","plot","87","2020-07-23"
"176_Early",36.3532292902076,"a","nitrogen:timeid","plot_grain_per_spike","DFG2020","plot","87","2020-07-23"
"220_Early",35.4593995164563,"ab","nitrogen:timeid","plot_grain_per_spike","DFG2020","plot","87","2020-07-23"
"220_Late",35.0322364916311,"ab","nitrogen:timeid","plot_grain_per_spike","DFG2020","plot","87","2020-07-23"
"176_Late",32.8218416187535,"b","nitrogen:timeid","plot_grain_per_spike","DFG2020","plot","87","2020-07-23"
"176",43.456875,"a","nitrogen","plot_tkw","DFG2020","plot","87","2020-07-23"
"220",42.0838541666667,"b","nitrogen","plot_tkw","DFG2020","plot","87","2020-07-23"
"Patras",48.5204166666667,"a","var","plot_tkw","DFG2020","plot","87","2020-07-23"
"Apertus",46.9070833333333,"b","var","plot_tkw","DFG2020","plot","87","2020-07-23"
"Capone",45.73625,"c","var","plot_tkw","DFG2020","plot","87","2020-07-23"
"Torrild",42.71625,"d","var","plot_tkw","DFG2020","plot","87","2020-07-23"
"Pionier",41.0820833333333,"e","var","plot_tkw","DFG2020","plot","87","2020-07-23"
"Alves",40.3229166666667,"e","var","plot_tkw","DFG2020","plot","87","2020-07-23"
"Potenzial",40.2508333333333,"e","var","plot_tkw","DFG2020","plot","87","2020-07-23"
"Esket",36.6270833333333,"f","var","plot_tkw","DFG2020","plot","87","2020-07-23"
"176_Patras",49.1675,"a","nitrogen:var","plot_tkw","DFG2020","plot","87","2020-07-23"
"220_Patras",47.8733333333333,"b","nitrogen:var","plot_tkw","DFG2020","plot","87","2020-07-23"
"176_Apertus",47.2516666666667,"bc","nitrogen:var","plot_tkw","DFG2020","plot","87","2020-07-23"
"176_Capone",46.9108333333333,"bc","nitrogen:var","plot_tkw","DFG2020","plot","87","2020-07-23"
"220_Apertus",46.5625,"c","nitrogen:var","plot_tkw","DFG2020","plot","87","2020-07-23"
"220_Capone",44.5616666666667,"d","nitrogen:var","plot_tkw","DFG2020","plot","87","2020-07-23"
"176_Torrild",43.2975,"e","nitrogen:var","plot_tkw","DFG2020","plot","87","2020-07-23"
"220_Torrild",42.135,"ef","nitrogen:var","plot_tkw","DFG2020","plot","87","2020-07-23"
"176_Pionier",41.6783333333333,"fg","nitrogen:var","plot_tkw","DFG2020","plot","87","2020-07-23"
"176_Alves",41.2275,"fg","nitrogen:var","plot_tkw","DFG2020","plot","87","2020-07-23"
"176_Potenzial",41.195,"fg","nitrogen:var","plot_tkw","DFG2020","plot","87","2020-07-23"
"220_Pionier",40.4858333333333,"gh","nitrogen:var","plot_tkw","DFG2020","plot","87","2020-07-23"
"220_Alves",39.4183333333333,"h","nitrogen:var","plot_tkw","DFG2020","plot","87","2020-07-23"
"220_Potenzial",39.3066666666667,"h","nitrogen:var","plot_tkw","DFG2020","plot","87","2020-07-23"
"176_Esket",36.9266666666667,"i","nitrogen:var","plot_tkw","DFG2020","plot","87","2020-07-23"
"220_Esket",36.3275,"i","nitrogen:var","plot_tkw","DFG2020","plot","87","2020-07-23"
"Late_Patras",48.5866666666667,"a","timeid:var","plot_tkw","DFG2020","plot","87","2020-07-23"
"Early_Patras",48.4541666666667,"a","timeid:var","plot_tkw","DFG2020","plot","87","2020-07-23"
"Early_Apertus",46.9425,"b","timeid:var","plot_tkw","DFG2020","plot","87","2020-07-23"
"Late_Apertus",46.8716666666667,"b","timeid:var","plot_tkw","DFG2020","plot","87","2020-07-23"
"Early_Capone",46.3883333333333,"b","timeid:var","plot_tkw","DFG2020","plot","87","2020-07-23"
"Late_Capone",45.0841666666667,"c","timeid:var","plot_tkw","DFG2020","plot","87","2020-07-23"
"Early_Torrild",43.2741666666667,"d","timeid:var","plot_tkw","DFG2020","plot","87","2020-07-23"
"Late_Torrild",42.1583333333333,"e","timeid:var","plot_tkw","DFG2020","plot","87","2020-07-23"
"Early_Pionier",41.4325,"ef","timeid:var","plot_tkw","DFG2020","plot","87","2020-07-23"
"Late_Pionier",40.7316666666667,"fg","timeid:var","plot_tkw","DFG2020","plot","87","2020-07-23"
"Early_Alves",40.6291666666667,"fg","timeid:var","plot_tkw","DFG2020","plot","87","2020-07-23"
"Early_Potenzial",40.355,"g","timeid:var","plot_tkw","DFG2020","plot","87","2020-07-23"
"Late_Potenzial",40.1466666666667,"g","timeid:var","plot_tkw","DFG2020","plot","87","2020-07-23"
"Late_Alves",40.0166666666667,"g","timeid:var","plot_tkw","DFG2020","plot","87","2020-07-23"
"Early_Esket",36.9741666666667,"h","timeid:var","plot_tkw","DFG2020","plot","87","2020-07-23"
"Late_Esket",36.28,"h","timeid:var","plot_tkw","DFG2020","plot","87","2020-07-23"
"176_Combined_Patras",49.3533333333333,"a","nitrogen:appl:var","plot_tkw","DFG2020","plot","87","2020-07-23"
"176_Split_Patras",48.9816666666667,"ab","nitrogen:appl:var","plot_tkw","DFG2020","plot","87","2020-07-23"
"220_Combined_Patras",48.3366666666667,"abc","nitrogen:appl:var","plot_tkw","DFG2020","plot","87","2020-07-23"
"176_Combined_Capone",47.8216666666667,"bcd","nitrogen:appl:var","plot_tkw","DFG2020","plot","87","2020-07-23"
"176_Combined_Apertus",47.6116666666667,"bcd","nitrogen:appl:var","plot_tkw","DFG2020","plot","87","2020-07-23"
"220_Split_Patras",47.41,"cde","nitrogen:appl:var","plot_tkw","DFG2020","plot","87","2020-07-23"
"220_Combined_Apertus",46.9783333333333,"cdef","nitrogen:appl:var","plot_tkw","DFG2020","plot","87","2020-07-23"
"176_Split_Apertus",46.8916666666667,"def","nitrogen:appl:var","plot_tkw","DFG2020","plot","87","2020-07-23"
"220_Split_Apertus",46.1466666666667,"efg","nitrogen:appl:var","plot_tkw","DFG2020","plot","87","2020-07-23"
"176_Split_Capone",46,"fg","nitrogen:appl:var","plot_tkw","DFG2020","plot","87","2020-07-23"
"220_Combined_Capone",45.1166666666667,"gh","nitrogen:appl:var","plot_tkw","DFG2020","plot","87","2020-07-23"
"220_Split_Capone",44.0066666666667,"hi","nitrogen:appl:var","plot_tkw","DFG2020","plot","87","2020-07-23"
"176_Combined_Torrild",43.9566666666667,"hi","nitrogen:appl:var","plot_tkw","DFG2020","plot","87","2020-07-23"
"176_Combined_Pionier",42.675,"ij","nitrogen:appl:var","plot_tkw","DFG2020","plot","87","2020-07-23"
"176_Split_Torrild",42.6383333333333,"ij","nitrogen:appl:var","plot_tkw","DFG2020","plot","87","2020-07-23"
"220_Combined_Torrild",42.57,"j","nitrogen:appl:var","plot_tkw","DFG2020","plot","87","2020-07-23"
"176_Combined_Alves",42.1183333333333,"j","nitrogen:appl:var","plot_tkw","DFG2020","plot","87","2020-07-23"
"176_Combined_Potenzial",41.7766666666667,"jk","nitrogen:appl:var","plot_tkw","DFG2020","plot","87","2020-07-23"
"220_Split_Torrild",41.7,"jkl","nitrogen:appl:var","plot_tkw","DFG2020","plot","87","2020-07-23"
"176_Split_Pionier",40.6816666666667,"klm","nitrogen:appl:var","plot_tkw","DFG2020","plot","87","2020-07-23"
"176_Split_Potenzial",40.6133333333333,"klm","nitrogen:appl:var","plot_tkw","DFG2020","plot","87","2020-07-23"
"220_Combined_Pionier",40.5383333333333,"klm","nitrogen:appl:var","plot_tkw","DFG2020","plot","87","2020-07-23"
"220_Split_Pionier",40.4333333333333,"klm","nitrogen:appl:var","plot_tkw","DFG2020","plot","87","2020-07-23"
"176_Split_Alves",40.3366666666667,"lmn","nitrogen:appl:var","plot_tkw","DFG2020","plot","87","2020-07-23"
"220_Combined_Alves",39.89,"mno","nitrogen:appl:var","plot_tkw","DFG2020","plot","87","2020-07-23"
"220_Combined_Potenzial",39.62,"mno","nitrogen:appl:var","plot_tkw","DFG2020","plot","87","2020-07-23"
"220_Split_Potenzial",38.9933333333333,"no","nitrogen:appl:var","plot_tkw","DFG2020","plot","87","2020-07-23"
"220_Split_Alves",38.9466666666667,"o","nitrogen:appl:var","plot_tkw","DFG2020","plot","87","2020-07-23"
"176_Combined_Esket",37.235,"p","nitrogen:appl:var","plot_tkw","DFG2020","plot","87","2020-07-23"
"176_Split_Esket",36.6183333333333,"p","nitrogen:appl:var","plot_tkw","DFG2020","plot","87","2020-07-23"
"220_Combined_Esket",36.455,"p","nitrogen:appl:var","plot_tkw","DFG2020","plot","87","2020-07-23"
"220_Split_Esket",36.2,"p","nitrogen:appl:var","plot_tkw","DFG2020","plot","87","2020-07-23"
"Apertus",7.84782608695652,"a","var","plot_yield","DFG2020","plot","87","2020-07-23"
"Capone",7.84405637254902,"a","var","plot_yield","DFG2020","plot","87","2020-07-23"
"Pionier",7.74479166666667,"ab","var","plot_yield","DFG2020","plot","87","2020-07-23"
"Patras",7.72120098039216,"ab","var","plot_yield","DFG2020","plot","87","2020-07-23"
"Potenzial",7.65073529411765,"ab","var","plot_yield","DFG2020","plot","87","2020-07-23"
"Esket",7.60477941176471,"ab","var","plot_yield","DFG2020","plot","87","2020-07-23"
"Torrild",7.54319852941177,"b","var","plot_yield","DFG2020","plot","87","2020-07-23"
"Alves",7.49571078431373,"b","var","plot_yield","DFG2020","plot","87","2020-07-23"
"220_Early",8.52711397058824,"a","nitrogen:timeid","plot_yield","DFG2020","plot","87","2020-07-23"
"220_Late",7.7765012254902,"b","nitrogen:timeid","plot_yield","DFG2020","plot","87","2020-07-23"
"176_Early",7.26908635794743,"c","nitrogen:timeid","plot_yield","DFG2020","plot","87","2020-07-23"
"176_Late",7.14139093137255,"d","nitrogen:timeid","plot_yield","DFG2020","plot","87","2020-07-23"
"Split_Apertus",8.21256684491979,"a","appl:var","plot_yield","DFG2020","plot","87","2020-07-23"
"Split_Capone",8.0171568627451,"ab","appl:var","plot_yield","DFG2020","plot","87","2020-07-23"
"Split_Patras",7.95955882352941,"ab","appl:var","plot_yield","DFG2020","plot","87","2020-07-23"
"Split_Pionier",7.90073529411765,"abc","appl:var","plot_yield","DFG2020","plot","87","2020-07-23"
"Split_Esket",7.87622549019608,"abcd","appl:var","plot_yield","DFG2020","plot","87","2020-07-23"
"Split_Torrild",7.80208333333333,"bcde","appl:var","plot_yield","DFG2020","plot","87","2020-07-23"
"Split_Potenzial",7.71691176470588,"bcde","appl:var","plot_yield","DFG2020","plot","87","2020-07-23"
"Split_Alves",7.69117647058823,"bcdef","appl:var","plot_yield","DFG2020","plot","87","2020-07-23"
"Combined_Capone",7.67095588235294,"bcdef","appl:var","plot_yield","DFG2020","plot","87","2020-07-23"
"Combined_Pionier",7.58884803921569,"cdefg","appl:var","plot_yield","DFG2020","plot","87","2020-07-23"
"Combined_Potenzial",7.58455882352941,"cdefg","appl:var","plot_yield","DFG2020","plot","87","2020-07-23"
"Combined_Apertus",7.51348039215686,"defg","appl:var","plot_yield","DFG2020","plot","87","2020-07-23"
"Combined_Patras",7.4828431372549,"efg","appl:var","plot_yield","DFG2020","plot","87","2020-07-23"
"Combined_Esket",7.33333333333333,"fg","appl:var","plot_yield","DFG2020","plot","87","2020-07-23"
"Combined_Alves",7.30024509803922,"g","appl:var","plot_yield","DFG2020","plot","87","2020-07-23"
"Combined_Torrild",7.2843137254902,"g","appl:var","plot_yield","DFG2020","plot","87","2020-07-23"
"Early_Capone",8.23468137254902,"a","timeid:var","plot_yield","DFG2020","plot","87","2020-07-23"
"Early_Apertus",8.06951871657754,"ab","timeid:var","plot_yield","DFG2020","plot","87","2020-07-23"
"Early_Pionier",8.03186274509804,"ab","timeid:var","plot_yield","DFG2020","plot","87","2020-07-23"
"Early_Patras",7.99387254901961,"abc","timeid:var","plot_yield","DFG2020","plot","87","2020-07-23"
"Early_Potenzial",7.8578431372549,"bcd","timeid:var","plot_yield","DFG2020","plot","87","2020-07-23"
"Early_Esket",7.7328431372549,"bcde","timeid:var","plot_yield","DFG2020","plot","87","2020-07-23"
"Early_Torrild",7.69424019607843,"cdef","timeid:var","plot_yield","DFG2020","plot","87","2020-07-23"
"Late_Apertus",7.64460784313725,"defg","timeid:var","plot_yield","DFG2020","plot","87","2020-07-23"
"Early_Alves",7.63664215686275,"defg","timeid:var","plot_yield","DFG2020","plot","87","2020-07-23"
"Late_Esket",7.47671568627451,"efg","timeid:var","plot_yield","DFG2020","plot","87","2020-07-23"
"Late_Pionier",7.45772058823529,"efg","timeid:var","plot_yield","DFG2020","plot","87","2020-07-23"
"Late_Capone",7.45343137254902,"efg","timeid:var","plot_yield","DFG2020","plot","87","2020-07-23"
"Late_Patras",7.44852941176471,"efg","timeid:var","plot_yield","DFG2020","plot","87","2020-07-23"
"Late_Potenzial",7.44362745098039,"efg","timeid:var","plot_yield","DFG2020","plot","87","2020-07-23"
"Late_Torrild",7.3921568627451,"fg","timeid:var","plot_yield","DFG2020","plot","87","2020-07-23"
"Late_Alves",7.3547794117647,"g","timeid:var","plot_yield","DFG2020","plot","87","2020-07-23"
"220_Split_Torrild",11.32399994338,"a","nitrogen:appl:var","post61_DM","DFG2020",NA,"61_87","biomass"
"220_Split_Capone",11.0254999448725,"a","nitrogen:appl:var","post61_DM","DFG2020",NA,"61_87","biomass"
"176_Split_Potenzial",10.5387499473063,"a","nitrogen:appl:var","post61_DM","DFG2020",NA,"61_87","biomass"
"220_Combined_Pionier",10.4222499478887,"a","nitrogen:appl:var","post61_DM","DFG2020",NA,"61_87","biomass"
"220_Combined_Capone",10.1904999490475,"a","nitrogen:appl:var","post61_DM","DFG2020",NA,"61_87","biomass"
"220_Split_Potenzial",10.1387499493063,"a","nitrogen:appl:var","post61_DM","DFG2020",NA,"61_87","biomass"
"176_Combined_Torrild",9.9934999500325,"a","nitrogen:appl:var","post61_DM","DFG2020",NA,"61_87","biomass"
"176_Split_Esket",9.6314999518425,"a","nitrogen:appl:var","post61_DM","DFG2020",NA,"61_87","biomass"
"176_Split_Pionier",9.62224995188875,"a","nitrogen:appl:var","post61_DM","DFG2020",NA,"61_87","biomass"
"176_Split_Apertus",9.03074995484625,"a","nitrogen:appl:var","post61_DM","DFG2020",NA,"61_87","biomass"
"176_Split_Patras",8.92724995536375,"a","nitrogen:appl:var","post61_DM","DFG2020",NA,"61_87","biomass"
"220_Split_Apertus",8.64399995678,"a","nitrogen:appl:var","post61_DM","DFG2020",NA,"61_87","biomass"
"220_Split_Pionier",8.48624995756875,"a","nitrogen:appl:var","post61_DM","DFG2020",NA,"61_87","biomass"
"176_Combined_Capone",8.00799995996,"a","nitrogen:appl:var","post61_DM","DFG2020",NA,"61_87","biomass"
"176_Combined_Potenzial",7.4304999628475,"a","nitrogen:appl:var","post61_DM","DFG2020",NA,"61_87","biomass"
"220_Combined_Apertus",7.34274996328625,"a","nitrogen:appl:var","post61_DM","DFG2020",NA,"61_87","biomass"
"220_Combined_Torrild",7.2414999637925,"a","nitrogen:appl:var","post61_DM","DFG2020",NA,"61_87","biomass"
"220_Split_Esket",7.238999963805,"a","nitrogen:appl:var","post61_DM","DFG2020",NA,"61_87","biomass"
"176_Combined_Esket",7.090999964545,"a","nitrogen:appl:var","post61_DM","DFG2020",NA,"61_87","biomass"
"176_Combined_Pionier",7.064999964675,"a","nitrogen:appl:var","post61_DM","DFG2020",NA,"61_87","biomass"
"176_Combined_Alves",7.0524999647375,"a","nitrogen:appl:var","post61_DM","DFG2020",NA,"61_87","biomass"
"220_Combined_Patras",7.01424996492875,"a","nitrogen:appl:var","post61_DM","DFG2020",NA,"61_87","biomass"
"176_Combined_Apertus",6.888999965555,"a","nitrogen:appl:var","post61_DM","DFG2020",NA,"61_87","biomass"
"220_Split_Patras",6.316999968415,"a","nitrogen:appl:var","post61_DM","DFG2020",NA,"61_87","biomass"
"220_Combined_Potenzial",6.182999969085,"a","nitrogen:appl:var","post61_DM","DFG2020",NA,"61_87","biomass"
"220_Combined_Alves",6.0624999696875,"a","nitrogen:appl:var","post61_DM","DFG2020",NA,"61_87","biomass"
"220_Combined_Esket",5.89274997053625,"a","nitrogen:appl:var","post61_DM","DFG2020",NA,"61_87","biomass"
"176_Split_Capone",5.8399999708,"a","nitrogen:appl:var","post61_DM","DFG2020",NA,"61_87","biomass"
"176_Combined_Patras",5.67224997163875,"a","nitrogen:appl:var","post61_DM","DFG2020",NA,"61_87","biomass"
"220_Split_Alves",3.93774998031125,"a","nitrogen:appl:var","post61_DM","DFG2020",NA,"61_87","biomass"
"176_Split_Alves",3.5594999822025,"a","nitrogen:appl:var","post61_DM","DFG2020",NA,"61_87","biomass"
"176_Split_Torrild",3.32374998338125,"a","nitrogen:appl:var","post61_DM","DFG2020",NA,"61_87","biomass"
"176_Combined",0.637429538768216,"a","nitrogen:appl","post61_DM_rel","DFG2020",NA,"61_87","biomass"
"220_Split",0.603744240956456,"ab","nitrogen:appl","post61_DM_rel","DFG2020",NA,"61_87","biomass"
"176_Split",0.592237355428521,"ab","nitrogen:appl","post61_DM_rel","DFG2020",NA,"61_87","biomass"
"220_Combined",0.546963954001563,"b","nitrogen:appl","post61_DM_rel","DFG2020",NA,"61_87","biomass"
"176_Combined_Torrild",0.766468972230497,"a","nitrogen:appl:var","post61_DM_rel","DFG2020",NA,"61_87","biomass"
"176_Split_Esket",0.761602854091612,"a","nitrogen:appl:var","post61_DM_rel","DFG2020",NA,"61_87","biomass"
"176_Split_Pionier",0.746377181305383,"a","nitrogen:appl:var","post61_DM_rel","DFG2020",NA,"61_87","biomass"
"176_Split_Patras",0.733744877113453,"a","nitrogen:appl:var","post61_DM_rel","DFG2020",NA,"61_87","biomass"
"220_Combined_Pionier",0.729429518337868,"a","nitrogen:appl:var","post61_DM_rel","DFG2020",NA,"61_87","biomass"
"176_Split_Potenzial",0.729136177794566,"a","nitrogen:appl:var","post61_DM_rel","DFG2020",NA,"61_87","biomass"
"220_Split_Torrild",0.70875035184786,"a","nitrogen:appl:var","post61_DM_rel","DFG2020",NA,"61_87","biomass"
"176_Split_Apertus",0.692230219685779,"a","nitrogen:appl:var","post61_DM_rel","DFG2020",NA,"61_87","biomass"
"220_Split_Capone",0.683373455339032,"a","nitrogen:appl:var","post61_DM_rel","DFG2020",NA,"61_87","biomass"
"220_Split_Potenzial",0.678343066246663,"a","nitrogen:appl:var","post61_DM_rel","DFG2020",NA,"61_87","biomass"
"176_Combined_Esket",0.673055113321451,"a","nitrogen:appl:var","post61_DM_rel","DFG2020",NA,"61_87","biomass"
"176_Combined_Capone",0.669709456634463,"a","nitrogen:appl:var","post61_DM_rel","DFG2020",NA,"61_87","biomass"
"220_Split_Pionier",0.668744487831162,"a","nitrogen:appl:var","post61_DM_rel","DFG2020",NA,"61_87","biomass"
"176_Combined_Potenzial",0.649611590760407,"a","nitrogen:appl:var","post61_DM_rel","DFG2020",NA,"61_87","biomass"
"176_Combined_Pionier",0.626330683692089,"a","nitrogen:appl:var","post61_DM_rel","DFG2020",NA,"61_87","biomass"
"220_Combined_Capone",0.621898254250096,"a","nitrogen:appl:var","post61_DM_rel","DFG2020",NA,"61_87","biomass"
"220_Split_Apertus",0.611310135177678,"a","nitrogen:appl:var","post61_DM_rel","DFG2020",NA,"61_87","biomass"
"176_Combined_Alves",0.607162754904434,"a","nitrogen:appl:var","post61_DM_rel","DFG2020",NA,"61_87","biomass"
"176_Combined_Apertus",0.59156916898951,"a","nitrogen:appl:var","post61_DM_rel","DFG2020",NA,"61_87","biomass"
"220_Combined_Torrild",0.544355957732295,"a","nitrogen:appl:var","post61_DM_rel","DFG2020",NA,"61_87","biomass"
"220_Combined_Patras",0.533481196292611,"a","nitrogen:appl:var","post61_DM_rel","DFG2020",NA,"61_87","biomass"
"220_Split_Esket",0.529291542065889,"a","nitrogen:appl:var","post61_DM_rel","DFG2020",NA,"61_87","biomass"
"220_Split_Patras",0.528566201899541,"a","nitrogen:appl:var","post61_DM_rel","DFG2020",NA,"61_87","biomass"
"220_Combined_Apertus",0.527134249250581,"a","nitrogen:appl:var","post61_DM_rel","DFG2020",NA,"61_87","biomass"
"220_Combined_Esket",0.517862503414669,"a","nitrogen:appl:var","post61_DM_rel","DFG2020",NA,"61_87","biomass"
"176_Combined_Patras",0.515528569612876,"a","nitrogen:appl:var","post61_DM_rel","DFG2020",NA,"61_87","biomass"
"176_Split_Capone",0.485381352309929,"a","nitrogen:appl:var","post61_DM_rel","DFG2020",NA,"61_87","biomass"
"220_Combined_Alves",0.463828495732725,"a","nitrogen:appl:var","post61_DM_rel","DFG2020",NA,"61_87","biomass"
"220_Combined_Potenzial",0.437721457001655,"a","nitrogen:appl:var","post61_DM_rel","DFG2020",NA,"61_87","biomass"
"220_Split_Alves",0.421574687243826,"a","nitrogen:appl:var","post61_DM_rel","DFG2020",NA,"61_87","biomass"
"176_Split_Alves",0.315794303762328,"a","nitrogen:appl:var","post61_DM_rel","DFG2020",NA,"61_87","biomass"
"176_Split_Torrild",0.273631877365117,"a","nitrogen:appl:var","post61_DM_rel","DFG2020",NA,"61_87","biomass"
"220_Combined_Pionier",0.097977392209423,"a","nitrogen:appl:var","post61_N","DFG2020",NA,"61_87","nitrogen"
"220_Split_Capone",0.0880205600452845,"ab","nitrogen:appl:var","post61_N","DFG2020",NA,"61_87","nitrogen"
"176_Combined_Torrild",0.0870878829761332,"ab","nitrogen:appl:var","post61_N","DFG2020",NA,"61_87","nitrogen"
"176_Split_Potenzial",0.0844923523102206,"ab","nitrogen:appl:var","post61_N","DFG2020",NA,"61_87","nitrogen"
"220_Split_Torrild",0.0802867708146662,"ab","nitrogen:appl:var","post61_N","DFG2020",NA,"61_87","nitrogen"
"176_Split_Apertus",0.0797703891583378,"ab","nitrogen:appl:var","post61_N","DFG2020",NA,"61_87","nitrogen"
"220_Split_Potenzial",0.0788132131279115,"ab","nitrogen:appl:var","post61_N","DFG2020",NA,"61_87","nitrogen"
"176_Split_Pionier",0.0772257033966764,"ab","nitrogen:appl:var","post61_N","DFG2020",NA,"61_87","nitrogen"
"176_Split_Esket",0.0715856718458767,"ab","nitrogen:appl:var","post61_N","DFG2020",NA,"61_87","nitrogen"
"176_Split_Patras",0.0694298814544328,"ab","nitrogen:appl:var","post61_N","DFG2020",NA,"61_87","nitrogen"
"220_Combined_Capone",0.0691641296352742,"ab","nitrogen:appl:var","post61_N","DFG2020",NA,"61_87","nitrogen"
"176_Combined_Alves",0.0689620738402174,"ab","nitrogen:appl:var","post61_N","DFG2020",NA,"61_87","nitrogen"
"220_Combined_Apertus",0.0641475355677125,"ab","nitrogen:appl:var","post61_N","DFG2020",NA,"61_87","nitrogen"
"176_Combined_Esket",0.0571329263573329,"ab","nitrogen:appl:var","post61_N","DFG2020",NA,"61_87","nitrogen"
"220_Combined_Potenzial",0.0549856782065167,"ab","nitrogen:appl:var","post61_N","DFG2020",NA,"61_87","nitrogen"
"220_Combined_Torrild",0.0546227504188013,"ab","nitrogen:appl:var","post61_N","DFG2020",NA,"61_87","nitrogen"
"176_Combined_Potenzial",0.0545587222820139,"ab","nitrogen:appl:var","post61_N","DFG2020",NA,"61_87","nitrogen"
"176_Combined_Pionier",0.0527796933245566,"ab","nitrogen:appl:var","post61_N","DFG2020",NA,"61_87","nitrogen"
"176_Combined_Apertus",0.0523248156687711,"ab","nitrogen:appl:var","post61_N","DFG2020",NA,"61_87","nitrogen"
"220_Split_Pionier",0.0512333698168908,"ab","nitrogen:appl:var","post61_N","DFG2020",NA,"61_87","nitrogen"
"220_Combined_Patras",0.0492953894947607,"ab","nitrogen:appl:var","post61_N","DFG2020",NA,"61_87","nitrogen"
"220_Split_Esket",0.0439004379246903,"ab","nitrogen:appl:var","post61_N","DFG2020",NA,"61_87","nitrogen"
"176_Combined_Capone",0.0433669338870229,"ab","nitrogen:appl:var","post61_N","DFG2020",NA,"61_87","nitrogen"
"176_Combined_Patras",0.0398255276139724,"ab","nitrogen:appl:var","post61_N","DFG2020",NA,"61_87","nitrogen"
"220_Combined_Alves",0.0397300540346798,"ab","nitrogen:appl:var","post61_N","DFG2020",NA,"61_87","nitrogen"
"220_Split_Apertus",0.0385442543568658,"ab","nitrogen:appl:var","post61_N","DFG2020",NA,"61_87","nitrogen"
"220_Split_Patras",0.0375675971067944,"ab","nitrogen:appl:var","post61_N","DFG2020",NA,"61_87","nitrogen"
"176_Split_Capone",0.0363857090027865,"ab","nitrogen:appl:var","post61_N","DFG2020",NA,"61_87","nitrogen"
"220_Combined_Esket",0.0297547754654862,"ab","nitrogen:appl:var","post61_N","DFG2020",NA,"61_87","nitrogen"
"176_Split_Torrild",0.022667870987378,"ab","nitrogen:appl:var","post61_N","DFG2020",NA,"61_87","nitrogen"
"220_Split_Alves",0.0190007629384687,"b","nitrogen:appl:var","post61_N","DFG2020",NA,"61_87","nitrogen"
"176_Split_Alves",0.0114818569060758,"b","nitrogen:appl:var","post61_N","DFG2020",NA,"61_87","nitrogen"
"176_Split_Apertus",0.478690552294586,"a","nitrogen:appl:var","post61_N_rel","DFG2020",NA,"61_87","nitrogen"
"176_Combined_Torrild",0.469774261282436,"ab","nitrogen:appl:var","post61_N_rel","DFG2020",NA,"61_87","nitrogen"
"176_Split_Pionier",0.455839857972044,"ab","nitrogen:appl:var","post61_N_rel","DFG2020",NA,"61_87","nitrogen"
"176_Split_Potenzial",0.450852559201151,"ab","nitrogen:appl:var","post61_N_rel","DFG2020",NA,"61_87","nitrogen"
"176_Split_Patras",0.43907235703646,"abc","nitrogen:appl:var","post61_N_rel","DFG2020",NA,"61_87","nitrogen"
"176_Combined_Alves",0.420012540188789,"abcd","nitrogen:appl:var","post61_N_rel","DFG2020",NA,"61_87","nitrogen"
"176_Split_Esket",0.414425184797308,"abcd","nitrogen:appl:var","post61_N_rel","DFG2020",NA,"61_87","nitrogen"
"220_Combined_Pionier",0.411602445797869,"abcd","nitrogen:appl:var","post61_N_rel","DFG2020",NA,"61_87","nitrogen"
"176_Combined_Esket",0.398376097202226,"abcd","nitrogen:appl:var","post61_N_rel","DFG2020",NA,"61_87","nitrogen"
"220_Split_Potenzial",0.358904053751561,"abcde","nitrogen:appl:var","post61_N_rel","DFG2020",NA,"61_87","nitrogen"
"176_Combined_Potenzial",0.357447488231336,"abcde","nitrogen:appl:var","post61_N_rel","DFG2020",NA,"61_87","nitrogen"
"220_Split_Capone",0.355845324207173,"abcde","nitrogen:appl:var","post61_N_rel","DFG2020",NA,"61_87","nitrogen"
"176_Combined_Pionier",0.347373170579342,"abcde","nitrogen:appl:var","post61_N_rel","DFG2020",NA,"61_87","nitrogen"
"176_Combined_Apertus",0.339832511536938,"abcde","nitrogen:appl:var","post61_N_rel","DFG2020",NA,"61_87","nitrogen"
"220_Split_Torrild",0.322711791706035,"abcde","nitrogen:appl:var","post61_N_rel","DFG2020",NA,"61_87","nitrogen"
"220_Combined_Apertus",0.300725385826974,"abcde","nitrogen:appl:var","post61_N_rel","DFG2020",NA,"61_87","nitrogen"
"176_Combined_Capone",0.295664153380105,"abcde","nitrogen:appl:var","post61_N_rel","DFG2020",NA,"61_87","nitrogen"
"220_Combined_Capone",0.28745403212945,"abcde","nitrogen:appl:var","post61_N_rel","DFG2020",NA,"61_87","nitrogen"
"220_Split_Pionier",0.263563908289886,"abcde","nitrogen:appl:var","post61_N_rel","DFG2020",NA,"61_87","nitrogen"
"176_Combined_Patras",0.263402217639902,"abcde","nitrogen:appl:var","post61_N_rel","DFG2020",NA,"61_87","nitrogen"
"220_Combined_Torrild",0.235946630731402,"abcde","nitrogen:appl:var","post61_N_rel","DFG2020",NA,"61_87","nitrogen"
"220_Combined_Potenzial",0.229948230441937,"abcde","nitrogen:appl:var","post61_N_rel","DFG2020",NA,"61_87","nitrogen"
"220_Split_Esket",0.229705926613337,"abcde","nitrogen:appl:var","post61_N_rel","DFG2020",NA,"61_87","nitrogen"
"220_Combined_Patras",0.229598714334977,"abcde","nitrogen:appl:var","post61_N_rel","DFG2020",NA,"61_87","nitrogen"
"220_Split_Patras",0.22455187650273,"abcde","nitrogen:appl:var","post61_N_rel","DFG2020",NA,"61_87","nitrogen"
"176_Split_Capone",0.196539558052043,"abcde","nitrogen:appl:var","post61_N_rel","DFG2020",NA,"61_87","nitrogen"
"220_Combined_Alves",0.196452913983295,"abcde","nitrogen:appl:var","post61_N_rel","DFG2020",NA,"61_87","nitrogen"
"220_Split_Apertus",0.190320203459585,"bcde","nitrogen:appl:var","post61_N_rel","DFG2020",NA,"61_87","nitrogen"
"220_Combined_Esket",0.161263135060691,"cde","nitrogen:appl:var","post61_N_rel","DFG2020",NA,"61_87","nitrogen"
"220_Split_Alves",0.1353532687373,"de","nitrogen:appl:var","post61_N_rel","DFG2020",NA,"61_87","nitrogen"
"176_Split_Torrild",0.133364170137779,"de","nitrogen:appl:var","post61_N_rel","DFG2020",NA,"61_87","nitrogen"
"176_Split_Alves",0.0925389427431683,"e","nitrogen:appl:var","post61_N_rel","DFG2020",NA,"61_87","nitrogen"
"220",5.11756247441219,"a","nitrogen","pre61_DM","DFG2020",NA,"61_87","biomass"
"176",4.0701406046493,"b","nitrogen","pre61_DM","DFG2020",NA,"61_87","biomass"
"220_Early",5.7164999714175,"a","nitrogen:timeid","pre61_DM","DFG2020",NA,"61_87","biomass"
"220_Late",4.51862497740687,"b","nitrogen:timeid","pre61_DM","DFG2020",NA,"61_87","biomass"
"176_Late",4.25809372870953,"b","nitrogen:timeid","pre61_DM","DFG2020",NA,"61_87","biomass"
"176_Early",3.88218748058906,"b","nitrogen:timeid","pre61_DM","DFG2020",NA,"61_87","biomass"
"176_Split_Torrild",7.73624996131875,"a","nitrogen:appl:var","pre61_DM","DFG2020",NA,"61_87","biomass"
"176_Split_Alves",7.184999964075,"ab","nitrogen:appl:var","pre61_DM","DFG2020",NA,"61_87","biomass"
"220_Combined_Alves",6.55824996720875,"ab","nitrogen:appl:var","pre61_DM","DFG2020",NA,"61_87","biomass"
"220_Split_Esket",5.87674997061625,"ab","nitrogen:appl:var","pre61_DM","DFG2020",NA,"61_87","biomass"
"220_Split_Alves",5.8474999707625,"ab","nitrogen:appl:var","pre61_DM","DFG2020",NA,"61_87","biomass"
"220_Split_Patras",5.80024997099875,"ab","nitrogen:appl:var","pre61_DM","DFG2020",NA,"61_87","biomass"
"220_Combined_Torrild",5.7984999710075,"ab","nitrogen:appl:var","pre61_DM","DFG2020",NA,"61_87","biomass"
"220_Combined_Potenzial",5.77324997113375,"ab","nitrogen:appl:var","pre61_DM","DFG2020",NA,"61_87","biomass"
"220_Combined_Apertus",5.74924997125375,"ab","nitrogen:appl:var","pre61_DM","DFG2020",NA,"61_87","biomass"
"220_Combined_Capone",5.3724999731375,"ab","nitrogen:appl:var","pre61_DM","DFG2020",NA,"61_87","biomass"
"220_Combined_Patras",5.28524997357375,"ab","nitrogen:appl:var","pre61_DM","DFG2020",NA,"61_87","biomass"
"220_Combined_Esket",5.284999973575,"ab","nitrogen:appl:var","pre61_DM","DFG2020",NA,"61_87","biomass"
"176_Split_Capone",5.100999974495,"ab","nitrogen:appl:var","pre61_DM","DFG2020",NA,"61_87","biomass"
"220_Split_Apertus",5.04874997475625,"ab","nitrogen:appl:var","pre61_DM","DFG2020",NA,"61_87","biomass"
"176_Combined_Patras",4.9094999754525,"ab","nitrogen:appl:var","pre61_DM","DFG2020",NA,"61_87","biomass"
"220_Split_Capone",4.39874997800625,"ab","nitrogen:appl:var","pre61_DM","DFG2020",NA,"61_87","biomass"
"176_Combined_Apertus",4.296999978515,"ab","nitrogen:appl:var","pre61_DM","DFG2020",NA,"61_87","biomass"
"176_Combined_Alves",4.27424997862875,"ab","nitrogen:appl:var","pre61_DM","DFG2020",NA,"61_87","biomass"
"220_Split_Torrild",4.17399997913,"ab","nitrogen:appl:var","pre61_DM","DFG2020",NA,"61_87","biomass"
"220_Split_Pionier",4.04799997976,"ab","nitrogen:appl:var","pre61_DM","DFG2020",NA,"61_87","biomass"
"176_Combined_Pionier",3.99574998002125,"ab","nitrogen:appl:var","pre61_DM","DFG2020",NA,"61_87","biomass"
"176_Combined_Potenzial",3.8994999805025,"ab","nitrogen:appl:var","pre61_DM","DFG2020",NA,"61_87","biomass"
"220_Split_Potenzial",3.738999981305,"ab","nitrogen:appl:var","pre61_DM","DFG2020",NA,"61_87","biomass"
"176_Split_Apertus",3.56074998219625,"ab","nitrogen:appl:var","pre61_DM","DFG2020",NA,"61_87","biomass"
"176_Combined_Capone",3.390999983045,"ab","nitrogen:appl:var","pre61_DM","DFG2020",NA,"61_87","biomass"
"220_Combined_Pionier",3.12599998437,"ab","nitrogen:appl:var","pre61_DM","DFG2020",NA,"61_87","biomass"
"176_Split_Esket",3.02174998489125,"ab","nitrogen:appl:var","pre61_DM","DFG2020",NA,"61_87","biomass"
"176_Split_Pionier",2.89674998551625,"ab","nitrogen:appl:var","pre61_DM","DFG2020",NA,"61_87","biomass"
"176_Split_Potenzial",2.884999985575,"ab","nitrogen:appl:var","pre61_DM","DFG2020",NA,"61_87","biomass"
"176_Combined_Esket",2.81199998594,"ab","nitrogen:appl:var","pre61_DM","DFG2020",NA,"61_87","biomass"
"176_Combined_Torrild",2.6874999865625,"ab","nitrogen:appl:var","pre61_DM","DFG2020",NA,"61_87","biomass"
"176_Split_Patras",2.46924998765375,"b","nitrogen:appl:var","pre61_DM","DFG2020",NA,"61_87","biomass"
"220_Early_Alves",8.49224995753875,"a","nitrogen:timeid:var","pre61_DM","DFG2020",NA,"61_87","biomass"
"220_Early_Patras",7.17624996411875,"ab","nitrogen:timeid:var","pre61_DM","DFG2020",NA,"61_87","biomass"
"176_Early_Alves",6.1084999694575,"abc","nitrogen:timeid:var","pre61_DM","DFG2020",NA,"61_87","biomass"
"220_Early_Esket",6.04399996978,"abc","nitrogen:timeid:var","pre61_DM","DFG2020",NA,"61_87","biomass"
"220_Early_Potenzial",5.75524997122375,"abcd","nitrogen:timeid:var","pre61_DM","DFG2020",NA,"61_87","biomass"
"220_Late_Apertus",5.63574997182125,"abcd","nitrogen:timeid:var","pre61_DM","DFG2020",NA,"61_87","biomass"
"176_Late_Torrild",5.40324997298375,"abcd","nitrogen:timeid:var","pre61_DM","DFG2020",NA,"61_87","biomass"
"176_Late_Alves",5.35074997324625,"abcd","nitrogen:timeid:var","pre61_DM","DFG2020",NA,"61_87","biomass"
"220_Late_Torrild",5.326999973365,"abcd","nitrogen:timeid:var","pre61_DM","DFG2020",NA,"61_87","biomass"
"220_Early_Capone",5.16374997418125,"abcd","nitrogen:timeid:var","pre61_DM","DFG2020",NA,"61_87","biomass"
"220_Early_Apertus",5.16224997418875,"abcd","nitrogen:timeid:var","pre61_DM","DFG2020",NA,"61_87","biomass"
"220_Late_Esket",5.11774997441125,"abcd","nitrogen:timeid:var","pre61_DM","DFG2020",NA,"61_87","biomass"
"176_Early_Torrild",5.0204999748975,"abcd","nitrogen:timeid:var","pre61_DM","DFG2020",NA,"61_87","biomass"
"176_Late_Patras",4.99199997504,"abcd","nitrogen:timeid:var","pre61_DM","DFG2020",NA,"61_87","biomass"
"176_Late_Capone",4.89774997551125,"abcd","nitrogen:timeid:var","pre61_DM","DFG2020",NA,"61_87","biomass"
"220_Early_Torrild",4.6454999767725,"abcd","nitrogen:timeid:var","pre61_DM","DFG2020",NA,"61_87","biomass"
"220_Late_Capone",4.6074999769625,"abcd","nitrogen:timeid:var","pre61_DM","DFG2020",NA,"61_87","biomass"
"176_Late_Apertus",4.51074997744625,"abcd","nitrogen:timeid:var","pre61_DM","DFG2020",NA,"61_87","biomass"
"176_Early_Esket",4.2244999788775,"abcd","nitrogen:timeid:var","pre61_DM","DFG2020",NA,"61_87","biomass"
"220_Late_Alves",3.9134999804325,"bcd","nitrogen:timeid:var","pre61_DM","DFG2020",NA,"61_87","biomass"
"220_Late_Patras",3.90924998045375,"bcd","nitrogen:timeid:var","pre61_DM","DFG2020",NA,"61_87","biomass"
"220_Late_Pionier",3.88124998059375,"bcd","nitrogen:timeid:var","pre61_DM","DFG2020",NA,"61_87","biomass"
"176_Late_Potenzial",3.76799998116,"bcd","nitrogen:timeid:var","pre61_DM","DFG2020",NA,"61_87","biomass"
"220_Late_Potenzial",3.756999981215,"bcd","nitrogen:timeid:var","pre61_DM","DFG2020",NA,"61_87","biomass"
"176_Early_Capone",3.59424998202875,"bcd","nitrogen:timeid:var","pre61_DM","DFG2020",NA,"61_87","biomass"
"176_Late_Pionier",3.532999982335,"bcd","nitrogen:timeid:var","pre61_DM","DFG2020",NA,"61_87","biomass"
"176_Early_Pionier",3.3594999832025,"bcd","nitrogen:timeid:var","pre61_DM","DFG2020",NA,"61_87","biomass"
"176_Early_Apertus",3.346999983265,"bcd","nitrogen:timeid:var","pre61_DM","DFG2020",NA,"61_87","biomass"
"220_Early_Pionier",3.29274998353625,"bcd","nitrogen:timeid:var","pre61_DM","DFG2020",NA,"61_87","biomass"
"176_Early_Potenzial",3.0164999849175,"bcd","nitrogen:timeid:var","pre61_DM","DFG2020",NA,"61_87","biomass"
"176_Early_Patras",2.38674998806625,"cd","nitrogen:timeid:var","pre61_DM","DFG2020",NA,"61_87","biomass"
"176_Late_Esket",1.60924999195375,"d","nitrogen:timeid:var","pre61_DM","DFG2020",NA,"61_87","biomass"
"220_Combined",0.453036045998437,"a","nitrogen:appl","pre61_DM_rel","DFG2020",NA,"61_87","biomass"
"176_Split",0.407762644571479,"ab","nitrogen:appl","pre61_DM_rel","DFG2020",NA,"61_87","biomass"
"220_Split",0.396255759043544,"ab","nitrogen:appl","pre61_DM_rel","DFG2020",NA,"61_87","biomass"
"176_Combined",0.362570461231784,"b","nitrogen:appl","pre61_DM_rel","DFG2020",NA,"61_87","biomass"
"176_Split_Torrild",0.726368122634883,"a","nitrogen:appl:var","pre61_DM_rel","DFG2020",NA,"61_87","biomass"
"176_Split_Alves",0.684205696237672,"a","nitrogen:appl:var","pre61_DM_rel","DFG2020",NA,"61_87","biomass"
"220_Split_Alves",0.578425312756174,"a","nitrogen:appl:var","pre61_DM_rel","DFG2020",NA,"61_87","biomass"
"220_Combined_Potenzial",0.562278542998344,"a","nitrogen:appl:var","pre61_DM_rel","DFG2020",NA,"61_87","biomass"
"220_Combined_Alves",0.536171504267275,"a","nitrogen:appl:var","pre61_DM_rel","DFG2020",NA,"61_87","biomass"
"176_Split_Capone",0.514618647690071,"a","nitrogen:appl:var","pre61_DM_rel","DFG2020",NA,"61_87","biomass"
"176_Combined_Patras",0.484471430387124,"a","nitrogen:appl:var","pre61_DM_rel","DFG2020",NA,"61_87","biomass"
"220_Combined_Esket",0.482137496585331,"a","nitrogen:appl:var","pre61_DM_rel","DFG2020",NA,"61_87","biomass"
"220_Combined_Apertus",0.472865750749419,"a","nitrogen:appl:var","pre61_DM_rel","DFG2020",NA,"61_87","biomass"
"220_Split_Patras",0.471433798100459,"a","nitrogen:appl:var","pre61_DM_rel","DFG2020",NA,"61_87","biomass"
"220_Split_Esket",0.470708457934111,"a","nitrogen:appl:var","pre61_DM_rel","DFG2020",NA,"61_87","biomass"
"220_Combined_Patras",0.466518803707389,"a","nitrogen:appl:var","pre61_DM_rel","DFG2020",NA,"61_87","biomass"
"220_Combined_Torrild",0.455644042267705,"a","nitrogen:appl:var","pre61_DM_rel","DFG2020",NA,"61_87","biomass"
"176_Combined_Apertus",0.40843083101049,"a","nitrogen:appl:var","pre61_DM_rel","DFG2020",NA,"61_87","biomass"
"176_Combined_Alves",0.392837245095566,"a","nitrogen:appl:var","pre61_DM_rel","DFG2020",NA,"61_87","biomass"
"220_Split_Apertus",0.388689864822322,"a","nitrogen:appl:var","pre61_DM_rel","DFG2020",NA,"61_87","biomass"
"220_Combined_Capone",0.378101745749904,"a","nitrogen:appl:var","pre61_DM_rel","DFG2020",NA,"61_87","biomass"
"176_Combined_Pionier",0.373669316307911,"a","nitrogen:appl:var","pre61_DM_rel","DFG2020",NA,"61_87","biomass"
"176_Combined_Potenzial",0.350388409239593,"a","nitrogen:appl:var","pre61_DM_rel","DFG2020",NA,"61_87","biomass"
"220_Split_Pionier",0.331255512168838,"a","nitrogen:appl:var","pre61_DM_rel","DFG2020",NA,"61_87","biomass"
"176_Combined_Capone",0.330290543365537,"a","nitrogen:appl:var","pre61_DM_rel","DFG2020",NA,"61_87","biomass"
"176_Combined_Esket",0.326944886678549,"a","nitrogen:appl:var","pre61_DM_rel","DFG2020",NA,"61_87","biomass"
"220_Split_Potenzial",0.321656933753337,"a","nitrogen:appl:var","pre61_DM_rel","DFG2020",NA,"61_87","biomass"
"220_Split_Capone",0.316626544660968,"a","nitrogen:appl:var","pre61_DM_rel","DFG2020",NA,"61_87","biomass"
"176_Split_Apertus",0.307769780314221,"a","nitrogen:appl:var","pre61_DM_rel","DFG2020",NA,"61_87","biomass"
"220_Split_Torrild",0.29124964815214,"a","nitrogen:appl:var","pre61_DM_rel","DFG2020",NA,"61_87","biomass"
"176_Split_Potenzial",0.270863822205435,"a","nitrogen:appl:var","pre61_DM_rel","DFG2020",NA,"61_87","biomass"
"220_Combined_Pionier",0.270570481662132,"a","nitrogen:appl:var","pre61_DM_rel","DFG2020",NA,"61_87","biomass"
"176_Split_Patras",0.266255122886547,"a","nitrogen:appl:var","pre61_DM_rel","DFG2020",NA,"61_87","biomass"
"176_Split_Pionier",0.253622818694617,"a","nitrogen:appl:var","pre61_DM_rel","DFG2020",NA,"61_87","biomass"
"176_Split_Esket",0.238397145908388,"a","nitrogen:appl:var","pre61_DM_rel","DFG2020",NA,"61_87","biomass"
"176_Combined_Torrild",0.233531027769503,"a","nitrogen:appl:var","pre61_DM_rel","DFG2020",NA,"61_87","biomass"
"220",0.137898953488665,"a","nitrogen","pre61_N","DFG2020",NA,"61_87","nitrogen"
"176",0.0936962189470431,"b","nitrogen","pre61_N","DFG2020",NA,"61_87","nitrogen"
"220_Split_Apertus",0.159289439653966,"a","nitrogen:appl:var","pre61_N","DFG2020",NA,"61_87","nitrogen"
"220_Combined_Capone",0.155704134240385,"ab","nitrogen:appl:var","pre61_N","DFG2020",NA,"61_87","nitrogen"
"220_Split_Torrild",0.154032885513736,"ab","nitrogen:appl:var","pre61_N","DFG2020",NA,"61_87","nitrogen"
"220_Combined_Alves",0.149231212520514,"abc","nitrogen:appl:var","pre61_N","DFG2020",NA,"61_87","nitrogen"
"220_Combined_Torrild",0.148899121063589,"abc","nitrogen:appl:var","pre61_N","DFG2020",NA,"61_87","nitrogen"
"220_Split_Esket",0.146386928623873,"abcd","nitrogen:appl:var","pre61_N","DFG2020",NA,"61_87","nitrogen"
"220_Combined_Patras",0.140901762054254,"abcde","nitrogen:appl:var","pre61_N","DFG2020",NA,"61_87","nitrogen"
"220_Split_Patras",0.140389787003418,"abcde","nitrogen:appl:var","pre61_N","DFG2020",NA,"61_87","nitrogen"
"220_Split_Pionier",0.137629466738795,"abcde","nitrogen:appl:var","pre61_N","DFG2020",NA,"61_87","nitrogen"
"220_Combined_Esket",0.137453348698473,"abcde","nitrogen:appl:var","pre61_N","DFG2020",NA,"61_87","nitrogen"
"220_Combined_Apertus",0.130806585957517,"abcde","nitrogen:appl:var","pre61_N","DFG2020",NA,"61_87","nitrogen"
"220_Split_Capone",0.129400838867609,"abcde","nitrogen:appl:var","pre61_N","DFG2020",NA,"61_87","nitrogen"
"220_Combined_Potenzial",0.125213315892488,"abcde","nitrogen:appl:var","pre61_N","DFG2020",NA,"61_87","nitrogen"
"176_Split_Torrild",0.124575583086125,"abcde","nitrogen:appl:var","pre61_N","DFG2020",NA,"61_87","nitrogen"
"220_Split_Alves",0.123229653850379,"abcde","nitrogen:appl:var","pre61_N","DFG2020",NA,"61_87","nitrogen"
"176_Split_Alves",0.122567635077297,"abcde","nitrogen:appl:var","pre61_N","DFG2020",NA,"61_87","nitrogen"
"220_Split_Potenzial",0.120136133377342,"abcde","nitrogen:appl:var","pre61_N","DFG2020",NA,"61_87","nitrogen"
"220_Combined_Pionier",0.107678641762297,"abcde","nitrogen:appl:var","pre61_N","DFG2020",NA,"61_87","nitrogen"
"176_Combined_Patras",0.104519157994417,"abcde","nitrogen:appl:var","pre61_N","DFG2020",NA,"61_87","nitrogen"
"176_Split_Capone",0.0996918928168255,"abcde","nitrogen:appl:var","pre61_N","DFG2020",NA,"61_87","nitrogen"
"176_Combined_Capone",0.0996624853978298,"abcde","nitrogen:appl:var","pre61_N","DFG2020",NA,"61_87","nitrogen"
"176_Combined_Pionier",0.0954073234345083,"abcde","nitrogen:appl:var","pre61_N","DFG2020",NA,"61_87","nitrogen"
"176_Combined_Potenzial",0.0946609943155074,"abcde","nitrogen:appl:var","pre61_N","DFG2020",NA,"61_87","nitrogen"
"176_Split_Esket",0.0920342473360238,"abcde","nitrogen:appl:var","pre61_N","DFG2020",NA,"61_87","nitrogen"
"176_Combined_Apertus",0.0894258586224758,"abcde","nitrogen:appl:var","pre61_N","DFG2020",NA,"61_87","nitrogen"
"176_Split_Potenzial",0.0887538331174486,"bcde","nitrogen:appl:var","pre61_N","DFG2020",NA,"61_87","nitrogen"
"176_Combined_Torrild",0.0865709886555723,"bcde","nitrogen:appl:var","pre61_N","DFG2020",NA,"61_87","nitrogen"
"176_Combined_Alves",0.0864625778826593,"bcde","nitrogen:appl:var","pre61_N","DFG2020",NA,"61_87","nitrogen"
"176_Split_Pionier",0.0816186373363644,"cde","nitrogen:appl:var","pre61_N","DFG2020",NA,"61_87","nitrogen"
"176_Split_Apertus",0.0794216875734866,"cde","nitrogen:appl:var","pre61_N","DFG2020",NA,"61_87","nitrogen"
"176_Combined_Esket",0.0779855301866373,"de","nitrogen:appl:var","pre61_N","DFG2020",NA,"61_87","nitrogen"
"176_Split_Patras",0.0757810703195122,"e","nitrogen:appl:var","pre61_N","DFG2020",NA,"61_87","nitrogen"
"220_Combined_Early_Capone",0.182678226150604,"a","nitrogen:appl:timeid:var","pre61_N","DFG2020",NA,"61_87","nitrogen"
"220_Split_Early_Apertus",0.179502958884221,"ab","nitrogen:appl:timeid:var","pre61_N","DFG2020",NA,"61_87","nitrogen"
"220_Split_Late_Esket",0.165387986161845,"abc","nitrogen:appl:timeid:var","pre61_N","DFG2020",NA,"61_87","nitrogen"
"220_Combined_Late_Torrild",0.163417643634677,"abc","nitrogen:appl:timeid:var","pre61_N","DFG2020",NA,"61_87","nitrogen"
"220_Split_Early_Capone",0.163055340334434,"abcd","nitrogen:appl:timeid:var","pre61_N","DFG2020",NA,"61_87","nitrogen"
"220_Split_Early_Torrild",0.161612162069869,"abcde","nitrogen:appl:timeid:var","pre61_N","DFG2020",NA,"61_87","nitrogen"
"220_Combined_Early_Alves",0.161564822728926,"abcde","nitrogen:appl:timeid:var","pre61_N","DFG2020",NA,"61_87","nitrogen"
"220_Split_Early_Patras",0.15724190718109,"abcdef","nitrogen:appl:timeid:var","pre61_N","DFG2020",NA,"61_87","nitrogen"
"220_Combined_Early_Esket",0.154151144315764,"abcdef","nitrogen:appl:timeid:var","pre61_N","DFG2020",NA,"61_87","nitrogen"
"220_Combined_Early_Patras",0.149626732109616,"abcdef","nitrogen:appl:timeid:var","pre61_N","DFG2020",NA,"61_87","nitrogen"
"176_Split_Late_Alves",0.14851396956467,"abcdef","nitrogen:appl:timeid:var","pre61_N","DFG2020",NA,"61_87","nitrogen"
"220_Combined_Late_Apertus",0.147605700757081,"abcdef","nitrogen:appl:timeid:var","pre61_N","DFG2020",NA,"61_87","nitrogen"
"220_Split_Late_Torrild",0.146453608957602,"abcdef","nitrogen:appl:timeid:var","pre61_N","DFG2020",NA,"61_87","nitrogen"
"220_Split_Late_Pionier",0.141573080829789,"abcdefg","nitrogen:appl:timeid:var","pre61_N","DFG2020",NA,"61_87","nitrogen"
"220_Split_Late_Apertus",0.139075920423711,"abcdefgh","nitrogen:appl:timeid:var","pre61_N","DFG2020",NA,"61_87","nitrogen"
"176_Split_Late_Torrild",0.137606898292581,"abcdefgh","nitrogen:appl:timeid:var","pre61_N","DFG2020",NA,"61_87","nitrogen"
"220_Combined_Late_Alves",0.136897602312102,"abcdefgh","nitrogen:appl:timeid:var","pre61_N","DFG2020",NA,"61_87","nitrogen"
"220_Combined_Early_Torrild",0.134380598492502,"abcdefgh","nitrogen:appl:timeid:var","pre61_N","DFG2020",NA,"61_87","nitrogen"
"220_Split_Early_Pionier",0.133685852647801,"abcdefgh","nitrogen:appl:timeid:var","pre61_N","DFG2020",NA,"61_87","nitrogen"
"220_Combined_Late_Potenzial",0.133575738911782,"abcdefgh","nitrogen:appl:timeid:var","pre61_N","DFG2020",NA,"61_87","nitrogen"
"220_Combined_Late_Patras",0.132176791998891,"abcdefgh","nitrogen:appl:timeid:var","pre61_N","DFG2020",NA,"61_87","nitrogen"
"220_Combined_Late_Pionier",0.131579337379753,"abcdefgh","nitrogen:appl:timeid:var","pre61_N","DFG2020",NA,"61_87","nitrogen"
"220_Combined_Late_Capone",0.128730042330165,"abcdefgh","nitrogen:appl:timeid:var","pre61_N","DFG2020",NA,"61_87","nitrogen"
"220_Split_Early_Alves",0.128445185552749,"abcdefgh","nitrogen:appl:timeid:var","pre61_N","DFG2020",NA,"61_87","nitrogen"
"220_Split_Early_Esket",0.1273858710859,"abcdefgh","nitrogen:appl:timeid:var","pre61_N","DFG2020",NA,"61_87","nitrogen"
"220_Split_Late_Patras",0.123537666825746,"abcdefgh","nitrogen:appl:timeid:var","pre61_N","DFG2020",NA,"61_87","nitrogen"
"220_Split_Late_Potenzial",0.12269296048547,"abcdefgh","nitrogen:appl:timeid:var","pre61_N","DFG2020",NA,"61_87","nitrogen"
"176_Combined_Late_Patras",0.122317821570481,"abcdefgh","nitrogen:appl:timeid:var","pre61_N","DFG2020",NA,"61_87","nitrogen"
"220_Combined_Late_Esket",0.120755553081182,"abcdefgh","nitrogen:appl:timeid:var","pre61_N","DFG2020",NA,"61_87","nitrogen"
"220_Split_Late_Alves",0.11801412214801,"abcdefgh","nitrogen:appl:timeid:var","pre61_N","DFG2020",NA,"61_87","nitrogen"
"220_Split_Early_Potenzial",0.117579306269213,"abcdefgh","nitrogen:appl:timeid:var","pre61_N","DFG2020",NA,"61_87","nitrogen"
"220_Combined_Early_Potenzial",0.116850892873195,"abcdefgh","nitrogen:appl:timeid:var","pre61_N","DFG2020",NA,"61_87","nitrogen"
"220_Combined_Early_Apertus",0.114007471157953,"abcdefgh","nitrogen:appl:timeid:var","pre61_N","DFG2020",NA,"61_87","nitrogen"
"176_Split_Early_Torrild",0.111544267879669,"abcdefgh","nitrogen:appl:timeid:var","pre61_N","DFG2020",NA,"61_87","nitrogen"
"176_Combined_Late_Potenzial",0.109694674055096,"abcdefgh","nitrogen:appl:timeid:var","pre61_N","DFG2020",NA,"61_87","nitrogen"
"176_Combined_Early_Capone",0.108889332315483,"abcdefgh","nitrogen:appl:timeid:var","pre61_N","DFG2020",NA,"61_87","nitrogen"
"176_Split_Late_Capone",0.102660289655158,"abcdefgh","nitrogen:appl:timeid:var","pre61_N","DFG2020",NA,"61_87","nitrogen"
"176_Combined_Early_Pionier",0.102590086779225,"abcdefgh","nitrogen:appl:timeid:var","pre61_N","DFG2020",NA,"61_87","nitrogen"
"176_Split_Early_Esket",0.0994195315098625,"bcdefgh","nitrogen:appl:timeid:var","pre61_N","DFG2020",NA,"61_87","nitrogen"
"176_Split_Late_Apertus",0.0975521892277993,"bcdefgh","nitrogen:appl:timeid:var","pre61_N","DFG2020",NA,"61_87","nitrogen"
"176_Split_Late_Potenzial",0.097339210838049,"bcdefgh","nitrogen:appl:timeid:var","pre61_N","DFG2020",NA,"61_87","nitrogen"
"176_Split_Early_Capone",0.0967234959784929,"cdefgh","nitrogen:appl:timeid:var","pre61_N","DFG2020",NA,"61_87","nitrogen"
"176_Split_Early_Alves",0.0966213005899233,"cdefgh","nitrogen:appl:timeid:var","pre61_N","DFG2020",NA,"61_87","nitrogen"
"220_Split_Late_Capone",0.0957463374007833,"cdefgh","nitrogen:appl:timeid:var","pre61_N","DFG2020",NA,"61_87","nitrogen"
"176_Combined_Late_Torrild",0.093238339377833,"cdefgh","nitrogen:appl:timeid:var","pre61_N","DFG2020",NA,"61_87","nitrogen"
"176_Split_Late_Patras",0.0929877112836415,"cdefgh","nitrogen:appl:timeid:var","pre61_N","DFG2020",NA,"61_87","nitrogen"
"176_Combined_Late_Capone",0.0904356384801763,"cdefgh","nitrogen:appl:timeid:var","pre61_N","DFG2020",NA,"61_87","nitrogen"
"176_Combined_Early_Alves",0.0901100283805897,"cdefgh","nitrogen:appl:timeid:var","pre61_N","DFG2020",NA,"61_87","nitrogen"
"176_Combined_Early_Apertus",0.0897718156179809,"cdefgh","nitrogen:appl:timeid:var","pre61_N","DFG2020",NA,"61_87","nitrogen"
"176_Combined_Late_Apertus",0.0890799016269707,"cdefgh","nitrogen:appl:timeid:var","pre61_N","DFG2020",NA,"61_87","nitrogen"
"176_Combined_Late_Pionier",0.088224560089792,"cdefgh","nitrogen:appl:timeid:var","pre61_N","DFG2020",NA,"61_87","nitrogen"
"176_Combined_Early_Patras",0.0867204944183529,"cdefgh","nitrogen:appl:timeid:var","pre61_N","DFG2020",NA,"61_87","nitrogen"
"176_Split_Late_Esket",0.084648963162185,"cdefgh","nitrogen:appl:timeid:var","pre61_N","DFG2020",NA,"61_87","nitrogen"
"220_Combined_Early_Pionier",0.0837779461448407,"cdefgh","nitrogen:appl:timeid:var","pre61_N","DFG2020",NA,"61_87","nitrogen"
"176_Split_Late_Pionier",0.0831586638945169,"cdefgh","nitrogen:appl:timeid:var","pre61_N","DFG2020",NA,"61_87","nitrogen"
"176_Combined_Late_Alves",0.0828151273847289,"cdefgh","nitrogen:appl:timeid:var","pre61_N","DFG2020",NA,"61_87","nitrogen"
"176_Combined_Late_Esket",0.0803650550028598,"defgh","nitrogen:appl:timeid:var","pre61_N","DFG2020",NA,"61_87","nitrogen"
"176_Split_Early_Potenzial",0.0801684553968481,"efgh","nitrogen:appl:timeid:var","pre61_N","DFG2020",NA,"61_87","nitrogen"
"176_Split_Early_Pionier",0.080078610778212,"efgh","nitrogen:appl:timeid:var","pre61_N","DFG2020",NA,"61_87","nitrogen"
"176_Combined_Early_Torrild",0.0799036379333117,"efgh","nitrogen:appl:timeid:var","pre61_N","DFG2020",NA,"61_87","nitrogen"
"176_Combined_Early_Potenzial",0.0796273145759185,"efgh","nitrogen:appl:timeid:var","pre61_N","DFG2020",NA,"61_87","nitrogen"
"176_Combined_Early_Esket",0.0756060053704148,"fgh","nitrogen:appl:timeid:var","pre61_N","DFG2020",NA,"61_87","nitrogen"
"176_Split_Early_Apertus",0.0612911859191739,"gh","nitrogen:appl:timeid:var","pre61_N","DFG2020",NA,"61_87","nitrogen"
"176_Split_Early_Patras",0.058574429355383,"h","nitrogen:appl:timeid:var","pre61_N","DFG2020",NA,"61_87","nitrogen"
"176_Split_Alves",0.907461057256832,"a","nitrogen:appl:var","pre61_N_rel","DFG2020",NA,"61_87","nitrogen"
"176_Split_Torrild",0.866635829862221,"ab","nitrogen:appl:var","pre61_N_rel","DFG2020",NA,"61_87","nitrogen"
"220_Split_Alves",0.8646467312627,"ab","nitrogen:appl:var","pre61_N_rel","DFG2020",NA,"61_87","nitrogen"
"220_Combined_Esket",0.838736864939309,"abc","nitrogen:appl:var","pre61_N_rel","DFG2020",NA,"61_87","nitrogen"
"220_Split_Apertus",0.809679796540415,"abcd","nitrogen:appl:var","pre61_N_rel","DFG2020",NA,"61_87","nitrogen"
"220_Combined_Alves",0.803547086016705,"abcde","nitrogen:appl:var","pre61_N_rel","DFG2020",NA,"61_87","nitrogen"
"176_Split_Capone",0.803460441947957,"abcde","nitrogen:appl:var","pre61_N_rel","DFG2020",NA,"61_87","nitrogen"
"220_Split_Patras",0.77544812349727,"abcde","nitrogen:appl:var","pre61_N_rel","DFG2020",NA,"61_87","nitrogen"
"220_Combined_Patras",0.770401285665023,"abcde","nitrogen:appl:var","pre61_N_rel","DFG2020",NA,"61_87","nitrogen"
"220_Split_Esket",0.770294073386663,"abcde","nitrogen:appl:var","pre61_N_rel","DFG2020",NA,"61_87","nitrogen"
"220_Combined_Potenzial",0.770051769558063,"abcde","nitrogen:appl:var","pre61_N_rel","DFG2020",NA,"61_87","nitrogen"
"220_Combined_Torrild",0.764053369268598,"abcde","nitrogen:appl:var","pre61_N_rel","DFG2020",NA,"61_87","nitrogen"
"176_Combined_Patras",0.736597782360098,"abcde","nitrogen:appl:var","pre61_N_rel","DFG2020",NA,"61_87","nitrogen"
"220_Split_Pionier",0.736436091710114,"abcde","nitrogen:appl:var","pre61_N_rel","DFG2020",NA,"61_87","nitrogen"
"220_Combined_Capone",0.71254596787055,"abcde","nitrogen:appl:var","pre61_N_rel","DFG2020",NA,"61_87","nitrogen"
"176_Combined_Capone",0.704335846619895,"abcde","nitrogen:appl:var","pre61_N_rel","DFG2020",NA,"61_87","nitrogen"
"220_Combined_Apertus",0.699274614173026,"abcde","nitrogen:appl:var","pre61_N_rel","DFG2020",NA,"61_87","nitrogen"
"220_Split_Torrild",0.677288208293965,"abcde","nitrogen:appl:var","pre61_N_rel","DFG2020",NA,"61_87","nitrogen"
"176_Combined_Apertus",0.660167488463062,"abcde","nitrogen:appl:var","pre61_N_rel","DFG2020",NA,"61_87","nitrogen"
"176_Combined_Pionier",0.652626829420658,"abcde","nitrogen:appl:var","pre61_N_rel","DFG2020",NA,"61_87","nitrogen"
"220_Split_Capone",0.644154675792827,"abcde","nitrogen:appl:var","pre61_N_rel","DFG2020",NA,"61_87","nitrogen"
"176_Combined_Potenzial",0.642552511768664,"abcde","nitrogen:appl:var","pre61_N_rel","DFG2020",NA,"61_87","nitrogen"
"220_Split_Potenzial",0.641095946248439,"abcde","nitrogen:appl:var","pre61_N_rel","DFG2020",NA,"61_87","nitrogen"
"176_Combined_Esket",0.601623902797773,"bcde","nitrogen:appl:var","pre61_N_rel","DFG2020",NA,"61_87","nitrogen"
"220_Combined_Pionier",0.588397554202131,"bcde","nitrogen:appl:var","pre61_N_rel","DFG2020",NA,"61_87","nitrogen"
"176_Split_Esket",0.585574815202692,"bcde","nitrogen:appl:var","pre61_N_rel","DFG2020",NA,"61_87","nitrogen"
"176_Combined_Alves",0.57998745981121,"bcde","nitrogen:appl:var","pre61_N_rel","DFG2020",NA,"61_87","nitrogen"
"176_Split_Patras",0.56092764296354,"cde","nitrogen:appl:var","pre61_N_rel","DFG2020",NA,"61_87","nitrogen"
"176_Split_Potenzial",0.549147440798849,"de","nitrogen:appl:var","pre61_N_rel","DFG2020",NA,"61_87","nitrogen"
"176_Split_Pionier",0.544160142027956,"de","nitrogen:appl:var","pre61_N_rel","DFG2020",NA,"61_87","nitrogen"
"176_Combined_Torrild",0.530225738717564,"de","nitrogen:appl:var","pre61_N_rel","DFG2020",NA,"61_87","nitrogen"
"176_Split_Apertus",0.521309447705414,"e","nitrogen:appl:var","pre61_N_rel","DFG2020",NA,"61_87","nitrogen"
"Torrild",2.37031248814844,"a","var","rachis_DM87","DFG2020","rachis","87","2020-07-23"
"Capone",2.33037498834813,"a","var","rachis_DM87","DFG2020","rachis","87","2020-07-23"
"Potenzial",2.10362498948188,"a","var","rachis_DM87","DFG2020","rachis","87","2020-07-23"
"Pionier",2.04431248977844,"a","var","rachis_DM87","DFG2020","rachis","87","2020-07-23"
"Apertus",1.98412499007937,"a","var","rachis_DM87","DFG2020","rachis","87","2020-07-23"
"Patras",1.88399999058,"a","var","rachis_DM87","DFG2020","rachis","87","2020-07-23"
"Alves",1.87773912104609,"a","var","rachis_DM87","DFG2020","rachis","87","2020-07-23"
"Esket",1.8404999907975,"a","var","rachis_DM87","DFG2020","rachis","87","2020-07-23"
"Torrild",0.181570968232928,"a","var","rachis_ratio_DM87","DFG2020","rachis_ratio","87","2020-07-23"
"Capone",0.174570160609604,"ab","var","rachis_ratio_DM87","DFG2020","rachis_ratio","87","2020-07-23"
"Alves",0.167528073557437,"ab","var","rachis_ratio_DM87","DFG2020","rachis_ratio","87","2020-07-23"
"Potenzial",0.164656266988694,"ab","var","rachis_ratio_DM87","DFG2020","rachis_ratio","87","2020-07-23"
"Pionier",0.164530084323379,"ab","var","rachis_ratio_DM87","DFG2020","rachis_ratio","87","2020-07-23"
"Patras",0.161722419598134,"ab","var","rachis_ratio_DM87","DFG2020","rachis_ratio","87","2020-07-23"
"Apertus",0.157228868670609,"b","var","rachis_ratio_DM87","DFG2020","rachis_ratio","87","2020-07-23"
"Esket",0.156558277026207,"b","var","rachis_ratio_DM87","DFG2020","rachis_ratio","87","2020-07-23"
"Late",0.0276990698992844,"a","timeid","spikeNrGR_tt_51_61","DFG2020","biomasscut","51_61",NA
"Early",0.0207248981817576,"b","timeid","spikeNrGR_tt_51_61","DFG2020","biomasscut","51_61",NA
"Pionier",0.0390148210778117,"a","var","spikeNrGR_tt_51_61","DFG2020","biomasscut","51_61",NA
"Apertus",0.0270270268918919,"ab","var","spikeNrGR_tt_51_61","DFG2020","biomasscut","51_61",NA
"Torrild",0.0246316476536508,"ab","var","spikeNrGR_tt_51_61","DFG2020","biomasscut","51_61",NA
"Esket",0.0244115081604185,"ab","var","spikeNrGR_tt_51_61","DFG2020","biomasscut","51_61",NA
"Potenzial",0.0237576284775501,"ab","var","spikeNrGR_tt_51_61","DFG2020","biomasscut","51_61",NA
"Capone",0.0225225224099099,"ab","var","spikeNrGR_tt_51_61","DFG2020","biomasscut","51_61",NA
"Alves",0.0169282184564807,"b","var","spikeNrGR_tt_51_61","DFG2020","biomasscut","51_61",NA
"Patras",0.0154024991964545,"b","var","spikeNrGR_tt_51_61","DFG2020","biomasscut","51_61",NA
"220_Combined_Late_Pionier",0.048823016320837,"a","nitrogen:appl:timeid:var","spikeNrGR_tt_51_61","DFG2020","biomasscut","51_61",NA
"220_Split_Late_Pionier",0.0470793371665214,"ab","nitrogen:appl:timeid:var","spikeNrGR_tt_51_61","DFG2020","biomasscut","51_61",NA
"176_Combined_Late_Pionier",0.0464981107817495,"abc","nitrogen:appl:timeid:var","spikeNrGR_tt_51_61","DFG2020","biomasscut","51_61",NA
"176_Split_Late_Pionier",0.0441732052426621,"abcd","nitrogen:appl:timeid:var","spikeNrGR_tt_51_61","DFG2020","biomasscut","51_61",NA
"220_Split_Late_Esket",0.0430107524731184,"abcd","nitrogen:appl:timeid:var","spikeNrGR_tt_51_61","DFG2020","biomasscut","51_61",NA
"220_Split_Early_Pionier",0.0430107524731183,"abcd","nitrogen:appl:timeid:var","spikeNrGR_tt_51_61","DFG2020","biomasscut","51_61",NA
"176_Split_Late_Torrild",0.0389421677797153,"abcde","nitrogen:appl:timeid:var","spikeNrGR_tt_51_61","DFG2020","biomasscut","51_61",NA
"176_Combined_Early_Pionier",0.0389421677797152,"abcde","nitrogen:appl:timeid:var","spikeNrGR_tt_51_61","DFG2020","biomasscut","51_61",NA
"220_Split_Early_Esket",0.0389421677797152,"abcde","nitrogen:appl:timeid:var","spikeNrGR_tt_51_61","DFG2020","biomasscut","51_61",NA
"220_Combined_Late_Apertus",0.0383609413949434,"abcdef","nitrogen:appl:timeid:var","spikeNrGR_tt_51_61","DFG2020","biomasscut","51_61",NA
"220_Split_Late_Apertus",0.0371984886253996,"abcdefg","nitrogen:appl:timeid:var","spikeNrGR_tt_51_61","DFG2020","biomasscut","51_61",NA
"220_Combined_Early_Capone",0.0360360358558558,"abcdefg","nitrogen:appl:timeid:var","spikeNrGR_tt_51_61","DFG2020","biomasscut","51_61",NA
"220_Combined_Late_Potenzial",0.0348735830863121,"abcdefg","nitrogen:appl:timeid:var","spikeNrGR_tt_51_61","DFG2020","biomasscut","51_61",NA
"176_Split_Early_Torrild",0.0348735830863121,"abcdefg","nitrogen:appl:timeid:var","spikeNrGR_tt_51_61","DFG2020","biomasscut","51_61",NA
"220_Combined_Late_Capone",0.0342923567015403,"abcdefg","nitrogen:appl:timeid:var","spikeNrGR_tt_51_61","DFG2020","biomasscut","51_61",NA
"220_Combined_Late_Torrild",0.0342923567015403,"abcdefg","nitrogen:appl:timeid:var","spikeNrGR_tt_51_61","DFG2020","biomasscut","51_61",NA
"220_Split_Early_Alves",0.0337111303167684,"abcdefg","nitrogen:appl:timeid:var","spikeNrGR_tt_51_61","DFG2020","biomasscut","51_61",NA
"176_Split_Late_Apertus",0.0319674511624528,"abcdefg","nitrogen:appl:timeid:var","spikeNrGR_tt_51_61","DFG2020","biomasscut","51_61",NA
"220_Split_Late_Potenzial",0.031386224777681,"abcdefg","nitrogen:appl:timeid:var","spikeNrGR_tt_51_61","DFG2020","biomasscut","51_61",NA
"220_Combined_Early_Esket",0.0313862247776809,"abcdefg","nitrogen:appl:timeid:var","spikeNrGR_tt_51_61","DFG2020","biomasscut","51_61",NA
"220_Combined_Early_Potenzial",0.0302237720081371,"abcdefg","nitrogen:appl:timeid:var","spikeNrGR_tt_51_61","DFG2020","biomasscut","51_61",NA
"220_Split_Late_Torrild",0.0296425456233654,"abcdefg","nitrogen:appl:timeid:var","spikeNrGR_tt_51_61","DFG2020","biomasscut","51_61",NA
"176_Combined_Late_Apertus",0.0296425456233653,"abcdefg","nitrogen:appl:timeid:var","spikeNrGR_tt_51_61","DFG2020","biomasscut","51_61",NA
"176_Split_Late_Potenzial",0.0290613192385935,"abcdefg","nitrogen:appl:timeid:var","spikeNrGR_tt_51_61","DFG2020","biomasscut","51_61",NA
"176_Combined_Late_Patras",0.0284800928538216,"abcdefgh","nitrogen:appl:timeid:var","spikeNrGR_tt_51_61","DFG2020","biomasscut","51_61",NA
"220_Combined_Early_Apertus",0.0273176400842778,"abcdefgh","nitrogen:appl:timeid:var","spikeNrGR_tt_51_61","DFG2020","biomasscut","51_61",NA
"220_Combined_Early_Pionier",0.0273176400842778,"abcdefgh","nitrogen:appl:timeid:var","spikeNrGR_tt_51_61","DFG2020","biomasscut","51_61",NA
"176_Split_Late_Alves",0.0261551873147341,"abcdefgh","nitrogen:appl:timeid:var","spikeNrGR_tt_51_61","DFG2020","biomasscut","51_61",NA
"220_Split_Early_Potenzial",0.0255739609299622,"abcdefgh","nitrogen:appl:timeid:var","spikeNrGR_tt_51_61","DFG2020","biomasscut","51_61",NA
"176_Combined_Late_Potenzial",0.0238302817756466,"abcdefgh","nitrogen:appl:timeid:var","spikeNrGR_tt_51_61","DFG2020","biomasscut","51_61",NA
"220_Combined_Early_Alves",0.0238302817756466,"abcdefgh","nitrogen:appl:timeid:var","spikeNrGR_tt_51_61","DFG2020","biomasscut","51_61",NA
"220_Split_Late_Capone",0.0232490553908748,"abcdefgh","nitrogen:appl:timeid:var","spikeNrGR_tt_51_61","DFG2020","biomasscut","51_61",NA
"176_Combined_Early_Apertus",0.0232490553908747,"abcdefgh","nitrogen:appl:timeid:var","spikeNrGR_tt_51_61","DFG2020","biomasscut","51_61",NA
"176_Split_Late_Patras",0.0226678290061029,"abcdefgh","nitrogen:appl:timeid:var","spikeNrGR_tt_51_61","DFG2020","biomasscut","51_61",NA
"220_Combined_Early_Torrild",0.0221040394128741,"abcdefgh","nitrogen:appl:timeid:var","spikeNrGR_tt_51_61","DFG2020","biomasscut","51_61",NA
"220_Combined_Early_Patras",0.022086602621331,"abcdefgh","nitrogen:appl:timeid:var","spikeNrGR_tt_51_61","DFG2020","biomasscut","51_61",NA
"176_Split_Early_Capone",0.022086602621331,"abcdefgh","nitrogen:appl:timeid:var","spikeNrGR_tt_51_61","DFG2020","biomasscut","51_61",NA
"176_Split_Late_Esket",0.0215053762365592,"abcdefgh","nitrogen:appl:timeid:var","spikeNrGR_tt_51_61","DFG2020","biomasscut","51_61",NA
"176_Split_Early_Apertus",0.0215053762365591,"abcdefgh","nitrogen:appl:timeid:var","spikeNrGR_tt_51_61","DFG2020","biomasscut","51_61",NA
"176_Combined_Late_Capone",0.0209241498517873,"abcdefgh","nitrogen:appl:timeid:var","spikeNrGR_tt_51_61","DFG2020","biomasscut","51_61",NA
"176_Split_Late_Capone",0.0191804706974717,"abcdefgh","nitrogen:appl:timeid:var","spikeNrGR_tt_51_61","DFG2020","biomasscut","51_61",NA
"220_Split_Early_Patras",0.0185992443126998,"abcdefgh","nitrogen:appl:timeid:var","spikeNrGR_tt_51_61","DFG2020","biomasscut","51_61",NA
"220_Combined_Late_Esket",0.018018017927928,"abcdefgh","nitrogen:appl:timeid:var","spikeNrGR_tt_51_61","DFG2020","biomasscut","51_61",NA
"176_Combined_Late_Esket",0.0174367915431561,"abcdefgh","nitrogen:appl:timeid:var","spikeNrGR_tt_51_61","DFG2020","biomasscut","51_61",NA
"220_Split_Early_Capone",0.017436791543156,"abcdefgh","nitrogen:appl:timeid:var","spikeNrGR_tt_51_61","DFG2020","biomasscut","51_61",NA
"176_Combined_Late_Torrild",0.0168555651583842,"bcdefgh","nitrogen:appl:timeid:var","spikeNrGR_tt_51_61","DFG2020","biomasscut","51_61",NA
"220_Combined_Late_Patras",0.0162743387736123,"bcdefgh","nitrogen:appl:timeid:var","spikeNrGR_tt_51_61","DFG2020","biomasscut","51_61",NA
"176_Split_Early_Esket",0.0162743387736123,"bcdefgh","nitrogen:appl:timeid:var","spikeNrGR_tt_51_61","DFG2020","biomasscut","51_61",NA
"176_Split_Early_Pionier",0.0162743387736123,"bcdefgh","nitrogen:appl:timeid:var","spikeNrGR_tt_51_61","DFG2020","biomasscut","51_61",NA
"176_Split_Early_Alves",0.0151118860040686,"cdefgh","nitrogen:appl:timeid:var","spikeNrGR_tt_51_61","DFG2020","biomasscut","51_61",NA
"220_Split_Early_Torrild",0.0145306596192967,"defgh","nitrogen:appl:timeid:var","spikeNrGR_tt_51_61","DFG2020","biomasscut","51_61",NA
"176_Combined_Early_Alves",0.0145306596192967,"defgh","nitrogen:appl:timeid:var","spikeNrGR_tt_51_61","DFG2020","biomasscut","51_61",NA
"220_Split_Late_Patras",0.0104620749258937,"efgh","nitrogen:appl:timeid:var","spikeNrGR_tt_51_61","DFG2020","biomasscut","51_61",NA
"220_Split_Late_Alves",0.0104620749258937,"efgh","nitrogen:appl:timeid:var","spikeNrGR_tt_51_61","DFG2020","biomasscut","51_61",NA
"176_Combined_Early_Esket",0.00871839577157804,"efgh","nitrogen:appl:timeid:var","spikeNrGR_tt_51_61","DFG2020","biomasscut","51_61",NA
"176_Combined_Early_Patras",0.00755594300203427,"efgh","nitrogen:appl:timeid:var","spikeNrGR_tt_51_61","DFG2020","biomasscut","51_61",NA
"176_Combined_Early_Potenzial",0.00755594300203427,"efgh","nitrogen:appl:timeid:var","spikeNrGR_tt_51_61","DFG2020","biomasscut","51_61",NA
"176_Split_Early_Potenzial",0.00755594300203426,"efgh","nitrogen:appl:timeid:var","spikeNrGR_tt_51_61","DFG2020","biomasscut","51_61",NA
"176_Combined_Early_Capone",0.0069747166172624,"fgh","nitrogen:appl:timeid:var","spikeNrGR_tt_51_61","DFG2020","biomasscut","51_61",NA
"220_Split_Early_Apertus",0.0069747166172624,"fgh","nitrogen:appl:timeid:var","spikeNrGR_tt_51_61","DFG2020","biomasscut","51_61",NA
"220_Combined_Late_Alves",0.00581226384771871,"gh","nitrogen:appl:timeid:var","spikeNrGR_tt_51_61","DFG2020","biomasscut","51_61",NA
"176_Combined_Late_Alves",0.0058122638477187,"gh","nitrogen:appl:timeid:var","spikeNrGR_tt_51_61","DFG2020","biomasscut","51_61",NA
"176_Combined_Early_Torrild",0.00581226384771866,"gh","nitrogen:appl:timeid:var","spikeNrGR_tt_51_61","DFG2020","biomasscut","51_61",NA
"176_Split_Early_Patras",-0.00290613192385934,"h","nitrogen:appl:timeid:var","spikeNrGR_tt_51_61","DFG2020","biomasscut","51_61",NA
"220_Combined_Pionier",0.0028644671013876,"a","nitrogen:appl:var","spikeNrGR_tt_61_87","DFG2020","biomasscut","61_87",NA
"176_Split_Potenzial",0.00239743442181353,"ab","nitrogen:appl:var","spikeNrGR_tt_61_87","DFG2020","biomasscut","61_87",NA
"176_Combined_Torrild",0.0022106213499839,"ab","nitrogen:appl:var","spikeNrGR_tt_61_87","DFG2020","biomasscut","61_87",NA
"220_Split_Torrild",0.00211721481406909,"ab","nitrogen:appl:var","spikeNrGR_tt_61_87","DFG2020","biomasscut","61_87",NA
"176_Split_Pionier",0.00208607930209749,"ab","nitrogen:appl:var","spikeNrGR_tt_61_87","DFG2020","biomasscut","61_87",NA
"220_Split_Capone",0.00174358867040984,"ab","nitrogen:appl:var","spikeNrGR_tt_61_87","DFG2020","biomasscut","61_87",NA
"176_Split_Esket",0.00171245315843824,"ab","nitrogen:appl:var","spikeNrGR_tt_61_87","DFG2020","biomasscut","61_87",NA
"220_Split_Potenzial",0.00171245315843824,"ab","nitrogen:appl:var","spikeNrGR_tt_61_87","DFG2020","biomasscut","61_87",NA
"176_Split_Patras",0.00161904662252342,"ab","nitrogen:appl:var","spikeNrGR_tt_61_87","DFG2020","biomasscut","61_87",NA
"220_Split_Pionier",0.00121428496689257,"ab","nitrogen:appl:var","spikeNrGR_tt_61_87","DFG2020","biomasscut","61_87",NA
"176_Combined_Esket",0.00115201394294936,"ab","nitrogen:appl:var","spikeNrGR_tt_61_87","DFG2020","biomasscut","61_87",NA
"176_Combined_Potenzial",0.000871794335204919,"ab","nitrogen:appl:var","spikeNrGR_tt_61_87","DFG2020","biomasscut","61_87",NA
"176_Combined_Pionier",0.000840658823233315,"ab","nitrogen:appl:var","spikeNrGR_tt_61_87","DFG2020","biomasscut","61_87",NA
"176_Combined_Capone",0.000778387799290106,"ab","nitrogen:appl:var","spikeNrGR_tt_61_87","DFG2020","biomasscut","61_87",NA
"176_Split_Apertus",0.00065384575140369,"ab","nitrogen:appl:var","spikeNrGR_tt_61_87","DFG2020","biomasscut","61_87",NA
"220_Combined_Potenzial",0.000560439215488878,"ab","nitrogen:appl:var","spikeNrGR_tt_61_87","DFG2020","biomasscut","61_87",NA
"220_Split_Apertus",0.000560439215488876,"ab","nitrogen:appl:var","spikeNrGR_tt_61_87","DFG2020","biomasscut","61_87",NA
"220_Combined_Patras",0.000498168191545669,"ab","nitrogen:appl:var","spikeNrGR_tt_61_87","DFG2020","biomasscut","61_87",NA
"176_Combined_Alves",0.00043589716760246,"ab","nitrogen:appl:var","spikeNrGR_tt_61_87","DFG2020","biomasscut","61_87",NA
"220_Split_Patras",0.000373626143659252,"ab","nitrogen:appl:var","spikeNrGR_tt_61_87","DFG2020","biomasscut","61_87",NA
"220_Split_Alves",0.00037362614365925,"ab","nitrogen:appl:var","spikeNrGR_tt_61_87","DFG2020","biomasscut","61_87",NA
"220_Combined_Esket",0.000342490631687647,"ab","nitrogen:appl:var","spikeNrGR_tt_61_87","DFG2020","biomasscut","61_87",NA
"220_Combined_Torrild",0.000249084095772836,"ab","nitrogen:appl:var","spikeNrGR_tt_61_87","DFG2020","biomasscut","61_87",NA
"176_Combined_Patras",0.00021794858380123,"ab","nitrogen:appl:var","spikeNrGR_tt_61_87","DFG2020","biomasscut","61_87",NA
"220_Combined_Capone",0.000217948583801229,"ab","nitrogen:appl:var","spikeNrGR_tt_61_87","DFG2020","biomasscut","61_87",NA
"220_Split_Esket",0.000186813071829627,"ab","nitrogen:appl:var","spikeNrGR_tt_61_87","DFG2020","biomasscut","61_87",NA
"176_Combined_Apertus",6.22710239432076e-05,"ab","nitrogen:appl:var","spikeNrGR_tt_61_87","DFG2020","biomasscut","61_87",NA
"220_Combined_Alves",-4.69820941410385e-19,"ab","nitrogen:appl:var","spikeNrGR_tt_61_87","DFG2020","biomasscut","61_87",NA
"220_Combined_Apertus",-9.34065359148125e-05,"ab","nitrogen:appl:var","spikeNrGR_tt_61_87","DFG2020","biomasscut","61_87",NA
"176_Split_Capone",-0.000124542047886417,"ab","nitrogen:appl:var","spikeNrGR_tt_61_87","DFG2020","biomasscut","61_87",NA
"176_Split_Alves",-0.000591574727460481,"ab","nitrogen:appl:var","spikeNrGR_tt_61_87","DFG2020","biomasscut","61_87",NA
"176_Split_Torrild",-0.00224175686195551,"b","nitrogen:appl:var","spikeNrGR_tt_61_87","DFG2020","biomasscut","61_87",NA
"Early",3.13901560930492,"a","timeid","spike_number_51","DFG2020",NA,"51","2020-06-02"
"Late",2.39218748803906,"b","timeid","spike_number_51","DFG2020",NA,"51","2020-06-02"
"Alves",3.81874998090625,"a","var","spike_number_51","DFG2020",NA,"51","2020-06-02"
"Torrild",3.56856248215719,"ab","var","spike_number_51","DFG2020",NA,"51","2020-06-02"
"Potenzial",3.00624998496875,"abc","var","spike_number_51","DFG2020",NA,"51","2020-06-02"
"Patras",2.7874999860625,"abc","var","spike_number_51","DFG2020",NA,"51","2020-06-02"
"Apertus",2.624999986875,"bcd","var","spike_number_51","DFG2020",NA,"51","2020-06-02"
"Esket",2.45624998771875,"cd","var","spike_number_51","DFG2020",NA,"51","2020-06-02"
"Capone",2.28124998859375,"cd","var","spike_number_51","DFG2020",NA,"51","2020-06-02"
"Pionier",1.58124999209375,"d","var","spike_number_51","DFG2020",NA,"51","2020-06-02"
"220_Early_Torrild",4.09924997950375,"a","nitrogen:timeid:var","spike_number_51","DFG2020",NA,"51","2020-06-02"
"220_Early_Alves",3.99999998,"ab","nitrogen:timeid:var","spike_number_51","DFG2020",NA,"51","2020-06-02"
"220_Late_Alves",3.99999998,"ab","nitrogen:timeid:var","spike_number_51","DFG2020",NA,"51","2020-06-02"
"220_Early_Apertus",3.94999998025,"ab","nitrogen:timeid:var","spike_number_51","DFG2020",NA,"51","2020-06-02"
"176_Late_Alves",3.774999981125,"abc","nitrogen:timeid:var","spike_number_51","DFG2020",NA,"51","2020-06-02"
"220_Early_Patras",3.574999982125,"abcd","nitrogen:timeid:var","spike_number_51","DFG2020",NA,"51","2020-06-02"
"176_Early_Alves",3.4999999825,"abcde","nitrogen:timeid:var","spike_number_51","DFG2020",NA,"51","2020-06-02"
"176_Late_Torrild",3.44999998275,"abcdef","nitrogen:timeid:var","spike_number_51","DFG2020",NA,"51","2020-06-02"
"176_Early_Torrild",3.44999998275,"abcdef","nitrogen:timeid:var","spike_number_51","DFG2020",NA,"51","2020-06-02"
"220_Early_Potenzial",3.424999982875,"abcdefg","nitrogen:timeid:var","spike_number_51","DFG2020",NA,"51","2020-06-02"
"176_Late_Potenzial",3.2999999835,"abcdefg","nitrogen:timeid:var","spike_number_51","DFG2020",NA,"51","2020-06-02"
"220_Late_Torrild",3.274999983625,"abcdefg","nitrogen:timeid:var","spike_number_51","DFG2020",NA,"51","2020-06-02"
"176_Early_Potenzial",3.199999984,"abcdefg","nitrogen:timeid:var","spike_number_51","DFG2020",NA,"51","2020-06-02"
"220_Early_Capone",3.14999998425,"abcdefg","nitrogen:timeid:var","spike_number_51","DFG2020",NA,"51","2020-06-02"
"176_Early_Esket",3.124999984375,"abcdefg","nitrogen:timeid:var","spike_number_51","DFG2020",NA,"51","2020-06-02"
"176_Early_Patras",2.84999998575,"abcdefgh","nitrogen:timeid:var","spike_number_51","DFG2020",NA,"51","2020-06-02"
"220_Late_Patras",2.6999999865,"abcdefgh","nitrogen:timeid:var","spike_number_51","DFG2020",NA,"51","2020-06-02"
"220_Early_Esket",2.54999998725,"bcdefgh","nitrogen:timeid:var","spike_number_51","DFG2020",NA,"51","2020-06-02"
"176_Early_Pionier",2.4999999875,"bcdefgh","nitrogen:timeid:var","spike_number_51","DFG2020",NA,"51","2020-06-02"
"176_Early_Capone",2.324999988375,"cdefghi","nitrogen:timeid:var","spike_number_51","DFG2020",NA,"51","2020-06-02"
"176_Late_Apertus",2.324999988375,"cdefghi","nitrogen:timeid:var","spike_number_51","DFG2020",NA,"51","2020-06-02"
"220_Early_Pionier",2.274999988625,"cdefghi","nitrogen:timeid:var","spike_number_51","DFG2020",NA,"51","2020-06-02"
"176_Early_Apertus",2.24999998875,"defghi","nitrogen:timeid:var","spike_number_51","DFG2020",NA,"51","2020-06-02"
"220_Late_Esket",2.224999988875,"defghi","nitrogen:timeid:var","spike_number_51","DFG2020",NA,"51","2020-06-02"
"220_Late_Potenzial",2.0999999895,"defghij","nitrogen:timeid:var","spike_number_51","DFG2020",NA,"51","2020-06-02"
"176_Late_Capone",2.04999998975,"efghij","nitrogen:timeid:var","spike_number_51","DFG2020",NA,"51","2020-06-02"
"176_Late_Patras",2.024999989875,"efghij","nitrogen:timeid:var","spike_number_51","DFG2020",NA,"51","2020-06-02"
"220_Late_Apertus",1.974999990125,"fghij","nitrogen:timeid:var","spike_number_51","DFG2020",NA,"51","2020-06-02"
"176_Late_Esket",1.924999990375,"ghij","nitrogen:timeid:var","spike_number_51","DFG2020",NA,"51","2020-06-02"
"220_Late_Capone",1.599999992,"hij","nitrogen:timeid:var","spike_number_51","DFG2020",NA,"51","2020-06-02"
"220_Late_Pionier",0.94999999525,"ij","nitrogen:timeid:var","spike_number_51","DFG2020",NA,"51","2020-06-02"
"176_Late_Pionier",0.599999997,"j","nitrogen:timeid:var","spike_number_51","DFG2020",NA,"51","2020-06-02"
"Torrild",5.6874999715625,"a","var","spike_number_61","DFG2020",NA,"61","2020-06-08"
"Alves",5.274999973625,"ab","var","spike_number_61","DFG2020",NA,"61","2020-06-08"
"Potenzial",5.04999997475,"abc","var","spike_number_61","DFG2020",NA,"61","2020-06-08"
"Apertus",4.94999997525,"abc","var","spike_number_61","DFG2020",NA,"61","2020-06-08"
"Pionier",4.9374999753125,"abc","var","spike_number_61","DFG2020",NA,"61","2020-06-08"
"Esket",4.55624997721875,"bc","var","spike_number_61","DFG2020",NA,"61","2020-06-08"
"Capone",4.21874997890625,"c","var","spike_number_61","DFG2020",NA,"61","2020-06-08"
"Patras",4.1124999794375,"c","var","spike_number_61","DFG2020",NA,"61","2020-06-08"
"220_Early",5.63124997184375,"a","nitrogen:timeid","spike_number_61","DFG2020",NA,"61","2020-06-08"
"220_Late",4.84374997578125,"b","nitrogen:timeid","spike_number_61","DFG2020",NA,"61","2020-06-08"
"176_Late",4.70624997646875,"bc","nitrogen:timeid","spike_number_61","DFG2020",NA,"61","2020-06-08"
"176_Early",4.2124999789375,"c","nitrogen:timeid","spike_number_61","DFG2020",NA,"61","2020-06-08"
"176_Split_Torrild",6.924999965375,"a","nitrogen:appl:var","spike_number_61","DFG2020",NA,"61","2020-06-08"
"220_Combined_Torrild",5.974999970125,"ab","nitrogen:appl:var","spike_number_61","DFG2020",NA,"61","2020-06-08"
"220_Split_Esket",5.74999997125,"ab","nitrogen:appl:var","spike_number_61","DFG2020",NA,"61","2020-06-08"
"220_Split_Torrild",5.724999971375,"ab","nitrogen:appl:var","spike_number_61","DFG2020",NA,"61","2020-06-08"
"176_Split_Alves",5.674999971625,"abc","nitrogen:appl:var","spike_number_61","DFG2020",NA,"61","2020-06-08"
"220_Split_Alves",5.624999971875,"abc","nitrogen:appl:var","spike_number_61","DFG2020",NA,"61","2020-06-08"
"220_Split_Pionier",5.599999972,"abc","nitrogen:appl:var","spike_number_61","DFG2020",NA,"61","2020-06-08"
"220_Combined_Alves",5.54999997225,"abcd","nitrogen:appl:var","spike_number_61","DFG2020",NA,"61","2020-06-08"
"220_Combined_Potenzial",5.474999972625,"abcd","nitrogen:appl:var","spike_number_61","DFG2020",NA,"61","2020-06-08"
"220_Split_Apertus",5.44999997275,"abcd","nitrogen:appl:var","spike_number_61","DFG2020",NA,"61","2020-06-08"
"220_Split_Potenzial",5.2999999735,"abcd","nitrogen:appl:var","spike_number_61","DFG2020",NA,"61","2020-06-08"
"220_Combined_Apertus",5.199999974,"abcde","nitrogen:appl:var","spike_number_61","DFG2020",NA,"61","2020-06-08"
"220_Combined_Capone",5.0999999745,"abcde","nitrogen:appl:var","spike_number_61","DFG2020",NA,"61","2020-06-08"
"176_Combined_Pionier",4.824999975875,"abcde","nitrogen:appl:var","spike_number_61","DFG2020",NA,"61","2020-06-08"
"176_Split_Potenzial",4.799999976,"abcde","nitrogen:appl:var","spike_number_61","DFG2020",NA,"61","2020-06-08"
"220_Combined_Pionier",4.774999976125,"abcde","nitrogen:appl:var","spike_number_61","DFG2020",NA,"61","2020-06-08"
"176_Split_Apertus",4.724999976375,"bcde","nitrogen:appl:var","spike_number_61","DFG2020",NA,"61","2020-06-08"
"220_Split_Patras",4.6999999765,"bcde","nitrogen:appl:var","spike_number_61","DFG2020",NA,"61","2020-06-08"
"220_Combined_Esket",4.674999976625,"bcde","nitrogen:appl:var","spike_number_61","DFG2020",NA,"61","2020-06-08"
"176_Combined_Potenzial",4.624999976875,"bcde","nitrogen:appl:var","spike_number_61","DFG2020",NA,"61","2020-06-08"
"176_Split_Pionier",4.54999997725,"bcde","nitrogen:appl:var","spike_number_61","DFG2020",NA,"61","2020-06-08"
"220_Combined_Patras",4.474999977625,"bcde","nitrogen:appl:var","spike_number_61","DFG2020",NA,"61","2020-06-08"
"176_Combined_Apertus",4.424999977875,"bcde","nitrogen:appl:var","spike_number_61","DFG2020",NA,"61","2020-06-08"
"220_Split_Capone",4.424999977875,"bcde","nitrogen:appl:var","spike_number_61","DFG2020",NA,"61","2020-06-08"
"176_Split_Esket",4.274999978625,"bcde","nitrogen:appl:var","spike_number_61","DFG2020",NA,"61","2020-06-08"
"176_Combined_Alves",4.24999997875,"bcde","nitrogen:appl:var","spike_number_61","DFG2020",NA,"61","2020-06-08"
"176_Combined_Patras",4.14999997925,"bcde","nitrogen:appl:var","spike_number_61","DFG2020",NA,"61","2020-06-08"
"176_Combined_Torrild",4.124999979375,"bcde","nitrogen:appl:var","spike_number_61","DFG2020",NA,"61","2020-06-08"
"176_Split_Capone",3.924999980375,"bcde","nitrogen:appl:var","spike_number_61","DFG2020",NA,"61","2020-06-08"
"176_Combined_Esket",3.524999982375,"cde","nitrogen:appl:var","spike_number_61","DFG2020",NA,"61","2020-06-08"
"176_Combined_Capone",3.424999982875,"de","nitrogen:appl:var","spike_number_61","DFG2020",NA,"61","2020-06-08"
"176_Split_Patras",3.124999984375,"e","nitrogen:appl:var","spike_number_61","DFG2020",NA,"61","2020-06-08"
"220_Early_Alves",6.474999967625,"a","nitrogen:timeid:var","spike_number_61","DFG2020",NA,"61","2020-06-08"
"220_Late_Torrild",6.024999969875,"ab","nitrogen:timeid:var","spike_number_61","DFG2020",NA,"61","2020-06-08"
"176_Late_Torrild",5.84999997075,"abc","nitrogen:timeid:var","spike_number_61","DFG2020",NA,"61","2020-06-08"
"220_Early_Potenzial",5.824999970875,"abc","nitrogen:timeid:var","spike_number_61","DFG2020",NA,"61","2020-06-08"
"220_Early_Torrild",5.674999971625,"abcd","nitrogen:timeid:var","spike_number_61","DFG2020",NA,"61","2020-06-08"
"176_Late_Potenzial",5.574999972125,"abcd","nitrogen:timeid:var","spike_number_61","DFG2020",NA,"61","2020-06-08"
"220_Early_Esket",5.574999972125,"abcd","nitrogen:timeid:var","spike_number_61","DFG2020",NA,"61","2020-06-08"
"220_Early_Capone",5.44999997275,"abcd","nitrogen:timeid:var","spike_number_61","DFG2020",NA,"61","2020-06-08"
"220_Early_Apertus",5.424999972875,"abcd","nitrogen:timeid:var","spike_number_61","DFG2020",NA,"61","2020-06-08"
"220_Early_Patras",5.324999973375,"abcd","nitrogen:timeid:var","spike_number_61","DFG2020",NA,"61","2020-06-08"
"220_Early_Pionier",5.2999999735,"abcd","nitrogen:timeid:var","spike_number_61","DFG2020",NA,"61","2020-06-08"
"220_Late_Apertus",5.224999973875,"abcde","nitrogen:timeid:var","spike_number_61","DFG2020",NA,"61","2020-06-08"
"176_Early_Torrild",5.199999974,"abcde","nitrogen:timeid:var","spike_number_61","DFG2020",NA,"61","2020-06-08"
"176_Late_Alves",5.14999997425,"abcde","nitrogen:timeid:var","spike_number_61","DFG2020",NA,"61","2020-06-08"
"220_Late_Pionier",5.074999974625,"abcde","nitrogen:timeid:var","spike_number_61","DFG2020",NA,"61","2020-06-08"
"176_Late_Apertus",4.974999975125,"abcde","nitrogen:timeid:var","spike_number_61","DFG2020",NA,"61","2020-06-08"
"220_Late_Potenzial",4.94999997525,"abcde","nitrogen:timeid:var","spike_number_61","DFG2020",NA,"61","2020-06-08"
"176_Early_Pionier",4.874999975625,"abcde","nitrogen:timeid:var","spike_number_61","DFG2020",NA,"61","2020-06-08"
"220_Late_Esket",4.84999997575,"abcde","nitrogen:timeid:var","spike_number_61","DFG2020",NA,"61","2020-06-08"
"176_Early_Alves",4.774999976125,"abcde","nitrogen:timeid:var","spike_number_61","DFG2020",NA,"61","2020-06-08"
"220_Late_Alves",4.6999999765,"abcde","nitrogen:timeid:var","spike_number_61","DFG2020",NA,"61","2020-06-08"
"176_Late_Pionier",4.4999999775,"abcde","nitrogen:timeid:var","spike_number_61","DFG2020",NA,"61","2020-06-08"
"176_Late_Patras",4.224999978875,"bcde","nitrogen:timeid:var","spike_number_61","DFG2020",NA,"61","2020-06-08"
"176_Early_Esket",4.199999979,"bcde","nitrogen:timeid:var","spike_number_61","DFG2020",NA,"61","2020-06-08"
"176_Early_Apertus",4.174999979125,"bcde","nitrogen:timeid:var","spike_number_61","DFG2020",NA,"61","2020-06-08"
"220_Late_Capone",4.074999979625,"bcde","nitrogen:timeid:var","spike_number_61","DFG2020",NA,"61","2020-06-08"
"176_Early_Potenzial",3.84999998075,"bcde","nitrogen:timeid:var","spike_number_61","DFG2020",NA,"61","2020-06-08"
"220_Late_Patras",3.84999998075,"bcde","nitrogen:timeid:var","spike_number_61","DFG2020",NA,"61","2020-06-08"
"176_Late_Capone",3.774999981125,"cde","nitrogen:timeid:var","spike_number_61","DFG2020",NA,"61","2020-06-08"
"176_Late_Esket",3.599999982,"de","nitrogen:timeid:var","spike_number_61","DFG2020",NA,"61","2020-06-08"
"176_Early_Capone",3.574999982125,"de","nitrogen:timeid:var","spike_number_61","DFG2020",NA,"61","2020-06-08"
"176_Early_Patras",3.04999998475,"e","nitrogen:timeid:var","spike_number_61","DFG2020",NA,"61","2020-06-08"
"Pionier",6.34374996828125,"a","var","spike_number_87","DFG2020",NA,"87","2020-07-23"
"Potenzial",6.1624999691875,"a","var","spike_number_87","DFG2020",NA,"87","2020-07-23"
"Torrild",6.15624996921875,"a","var","spike_number_87","DFG2020",NA,"87","2020-07-23"
"Alves",5.31874997340625,"ab","var","spike_number_87","DFG2020",NA,"87","2020-07-23"
"Esket",5.2374999738125,"ab","var","spike_number_87","DFG2020",NA,"87","2020-07-23"
"Apertus",5.1874999740625,"ab","var","spike_number_87","DFG2020",NA,"87","2020-07-23"
"Capone",4.74374997628125,"b","var","spike_number_87","DFG2020",NA,"87","2020-07-23"
"Patras",4.65624997671875,"b","var","spike_number_87","DFG2020",NA,"87","2020-07-23"
"Patras",449.304166666667,"a","var","straw_CHO61","DFG2020","straw","61","2020-06-08"
"Alves",418.817083333333,"ab","var","straw_CHO61","DFG2020","straw","61","2020-06-08"
"Esket",416.494583333333,"ab","var","straw_CHO61","DFG2020","straw","61","2020-06-08"
"Potenzial",394.245,"ab","var","straw_CHO61","DFG2020","straw","61","2020-06-08"
"Torrild",389.665833333333,"b","var","straw_CHO61","DFG2020","straw","61","2020-06-08"
"Capone",388.809583333333,"b","var","straw_CHO61","DFG2020","straw","61","2020-06-08"
"Pionier",385.395416666667,"b","var","straw_CHO61","DFG2020","straw","61","2020-06-08"
"Apertus",379.267916666667,"b","var","straw_CHO61","DFG2020","straw","61","2020-06-08"
"Capone",70.14375,"a","var","straw_CHO87","DFG2020","straw","87","2020-07-23"
"Pionier",58.2904166666667,"ab","var","straw_CHO87","DFG2020","straw","87","2020-07-23"
"Esket",42.6316666666667,"bc","var","straw_CHO87","DFG2020","straw","87","2020-07-23"
"Patras",32.1058333333333,"cd","var","straw_CHO87","DFG2020","straw","87","2020-07-23"
"Apertus",31.0554166666667,"cd","var","straw_CHO87","DFG2020","straw","87","2020-07-23"
"Torrild",24.5166666666667,"d","var","straw_CHO87","DFG2020","straw","87","2020-07-23"
"Potenzial",21.65875,"d","var","straw_CHO87","DFG2020","straw","87","2020-07-23"
"Alves",18.6625,"d","var","straw_CHO87","DFG2020","straw","87","2020-07-23"
"176_Capone",82.7075,"a","nitrogen:var","straw_CHO87","DFG2020","straw","87","2020-07-23"
"220_Pionier",65.0675,"b","nitrogen:var","straw_CHO87","DFG2020","straw","87","2020-07-23"
"220_Capone",57.58,"bc","nitrogen:var","straw_CHO87","DFG2020","straw","87","2020-07-23"
"176_Pionier",51.5133333333333,"bcd","nitrogen:var","straw_CHO87","DFG2020","straw","87","2020-07-23"
"176_Esket",45.9575,"cde","nitrogen:var","straw_CHO87","DFG2020","straw","87","2020-07-23"
"176_Patras",40.3825,"cdef","nitrogen:var","straw_CHO87","DFG2020","straw","87","2020-07-23"
"220_Esket",39.3058333333333,"defg","nitrogen:var","straw_CHO87","DFG2020","straw","87","2020-07-23"
"176_Apertus",33.1916666666667,"efgh","nitrogen:var","straw_CHO87","DFG2020","straw","87","2020-07-23"
"220_Apertus",28.9191666666667,"efgh","nitrogen:var","straw_CHO87","DFG2020","straw","87","2020-07-23"
"176_Torrild",26.3075,"fgh","nitrogen:var","straw_CHO87","DFG2020","straw","87","2020-07-23"
"176_Potenzial",25.0616666666667,"fgh","nitrogen:var","straw_CHO87","DFG2020","straw","87","2020-07-23"
"220_Patras",23.8291666666667,"fgh","nitrogen:var","straw_CHO87","DFG2020","straw","87","2020-07-23"
"220_Torrild",22.7258333333333,"gh","nitrogen:var","straw_CHO87","DFG2020","straw","87","2020-07-23"
"176_Alves",19.0066666666667,"h","nitrogen:var","straw_CHO87","DFG2020","straw","87","2020-07-23"
"220_Alves",18.3183333333333,"h","nitrogen:var","straw_CHO87","DFG2020","straw","87","2020-07-23"
"220_Potenzial",18.2558333333333,"h","nitrogen:var","straw_CHO87","DFG2020","straw","87","2020-07-23"
"Combined_Capone",77.8083333333333,"a","appl:var","straw_CHO87","DFG2020","straw","87","2020-07-23"
"Split_Pionier",63.6258333333333,"ab","appl:var","straw_CHO87","DFG2020","straw","87","2020-07-23"
"Split_Capone",62.4791666666667,"ab","appl:var","straw_CHO87","DFG2020","straw","87","2020-07-23"
"Combined_Pionier",52.955,"bc","appl:var","straw_CHO87","DFG2020","straw","87","2020-07-23"
"Combined_Esket",43.8316666666667,"cd","appl:var","straw_CHO87","DFG2020","straw","87","2020-07-23"
"Split_Esket",41.4316666666667,"cde","appl:var","straw_CHO87","DFG2020","straw","87","2020-07-23"
"Split_Patras",34.63,"def","appl:var","straw_CHO87","DFG2020","straw","87","2020-07-23"
"Split_Apertus",31.7675,"def","appl:var","straw_CHO87","DFG2020","straw","87","2020-07-23"
"Combined_Apertus",30.3433333333333,"def","appl:var","straw_CHO87","DFG2020","straw","87","2020-07-23"
"Combined_Patras",29.5816666666667,"def","appl:var","straw_CHO87","DFG2020","straw","87","2020-07-23"
"Combined_Torrild",26.7641666666667,"def","appl:var","straw_CHO87","DFG2020","straw","87","2020-07-23"
"Split_Potenzial",23.8833333333333,"ef","appl:var","straw_CHO87","DFG2020","straw","87","2020-07-23"
"Split_Torrild",22.2691666666667,"f","appl:var","straw_CHO87","DFG2020","straw","87","2020-07-23"
"Combined_Potenzial",19.4341666666667,"f","appl:var","straw_CHO87","DFG2020","straw","87","2020-07-23"
"Combined_Alves",19.1416666666667,"f","appl:var","straw_CHO87","DFG2020","straw","87","2020-07-23"
"Split_Alves",18.1833333333333,"f","appl:var","straw_CHO87","DFG2020","straw","87","2020-07-23"
"Split",0.388281248058594,"a","appl","straw_DM23","DFG2020","straw","23","2020-03-17"
"Combined",0.319468748402656,"b","appl","straw_DM23","DFG2020","straw","23","2020-03-17"
"Esket",0.437812497810938,"a","var","straw_DM23","DFG2020","straw","23","2020-03-17"
"Apertus",0.410312497948437,"ab","var","straw_DM23","DFG2020","straw","23","2020-03-17"
"Alves",0.394687498026562,"ab","var","straw_DM23","DFG2020","straw","23","2020-03-17"
"Potenzial",0.376374998118125,"abc","var","straw_DM23","DFG2020","straw","23","2020-03-17"
"Pionier",0.32274999838625,"bc","var","straw_DM23","DFG2020","straw","23","2020-03-17"
"Capone",0.316374998418125,"bc","var","straw_DM23","DFG2020","straw","23","2020-03-17"
"Patras",0.287374998563125,"c","var","straw_DM23","DFG2020","straw","23","2020-03-17"
"Torrild",0.285312498573437,"c","var","straw_DM23","DFG2020","straw","23","2020-03-17"
"Split",1.71126561644367,"a","appl","straw_DM31","DFG2020","straw","31","2020-04-14"
"Combined",1.27692186861539,"b","appl","straw_DM31","DFG2020","straw","31","2020-04-14"
"Early",1.7424999912875,"a","timeid","straw_DM31","DFG2020","straw","31","2020-04-14"
"Late",1.24568749377156,"b","timeid","straw_DM31","DFG2020","straw","31","2020-04-14"
"220_Early",1.9454999902725,"a","nitrogen:timeid","straw_DM31","DFG2020","straw","31","2020-04-14"
"176_Early",1.5394999923025,"ab","nitrogen:timeid","straw_DM31","DFG2020","straw","31","2020-04-14"
"176_Late",1.26078124369609,"b","nitrogen:timeid","straw_DM31","DFG2020","straw","31","2020-04-14"
"220_Late",1.23059374384703,"b","nitrogen:timeid","straw_DM31","DFG2020","straw","31","2020-04-14"
"220",8.33656245831719,"a","nitrogen","straw_DM41","DFG2020","straw","41","2020-05-25"
"176",7.5556405872218,"b","nitrogen","straw_DM41","DFG2020","straw","41","2020-05-25"
"Split",8.39484370802578,"a","appl","straw_DM41","DFG2020","straw","41","2020-05-25"
"Combined",7.4973593375132,"b","appl","straw_DM41","DFG2020","straw","41","2020-05-25"
"Early",8.48060933259695,"a","timeid","straw_DM41","DFG2020","straw","41","2020-05-25"
"Late",7.41159371294203,"b","timeid","straw_DM41","DFG2020","straw","41","2020-05-25"
"220_Split_Patras",10.1967499490162,"a","nitrogen:appl:var","straw_DM41","DFG2020","straw","41","2020-05-25"
"176_Split_Torrild",10.08399994958,"ab","nitrogen:appl:var","straw_DM41","DFG2020","straw","41","2020-05-25"
"220_Split_Apertus",9.558999952205,"ab","nitrogen:appl:var","straw_DM41","DFG2020","straw","41","2020-05-25"
"220_Combined_Alves",9.50574995247125,"ab","nitrogen:appl:var","straw_DM41","DFG2020","straw","41","2020-05-25"
"220_Split_Pionier",9.33724995331375,"ab","nitrogen:appl:var","straw_DM41","DFG2020","straw","41","2020-05-25"
"176_Split_Alves",9.31824995340875,"ab","nitrogen:appl:var","straw_DM41","DFG2020","straw","41","2020-05-25"
"220_Combined_Torrild",9.20624995396875,"ab","nitrogen:appl:var","straw_DM41","DFG2020","straw","41","2020-05-25"
"220_Split_Alves",9.106999954465,"ab","nitrogen:appl:var","straw_DM41","DFG2020","straw","41","2020-05-25"
"176_Combined_Potenzial",9.09424995452875,"ab","nitrogen:appl:var","straw_DM41","DFG2020","straw","41","2020-05-25"
"220_Split_Esket",9.03524995482375,"ab","nitrogen:appl:var","straw_DM41","DFG2020","straw","41","2020-05-25"
"220_Combined_Capone",8.43574995782125,"ab","nitrogen:appl:var","straw_DM41","DFG2020","straw","41","2020-05-25"
"220_Split_Torrild",8.3564999582175,"ab","nitrogen:appl:var","straw_DM41","DFG2020","straw","41","2020-05-25"
"176_Split_Potenzial",8.2464999587675,"ab","nitrogen:appl:var","straw_DM41","DFG2020","straw","41","2020-05-25"
"176_Combined_Torrild",8.06399995968,"ab","nitrogen:appl:var","straw_DM41","DFG2020","straw","41","2020-05-25"
"220_Combined_Apertus",7.9034999604825,"ab","nitrogen:appl:var","straw_DM41","DFG2020","straw","41","2020-05-25"
"176_Split_Apertus",7.8904999605475,"ab","nitrogen:appl:var","straw_DM41","DFG2020","straw","41","2020-05-25"
"220_Combined_Esket",7.74324996128375,"ab","nitrogen:appl:var","straw_DM41","DFG2020","straw","41","2020-05-25"
"220_Combined_Potenzial",7.5864999620675,"ab","nitrogen:appl:var","straw_DM41","DFG2020","straw","41","2020-05-25"
"220_Split_Potenzial",7.5854999620725,"ab","nitrogen:appl:var","straw_DM41","DFG2020","straw","41","2020-05-25"
"176_Split_Pionier",7.40799996296,"ab","nitrogen:appl:var","straw_DM41","DFG2020","straw","41","2020-05-25"
"176_Combined_Pionier",7.29799996351,"ab","nitrogen:appl:var","straw_DM41","DFG2020","straw","41","2020-05-25"
"176_Split_Capone",7.27374996363125,"ab","nitrogen:appl:var","straw_DM41","DFG2020","straw","41","2020-05-25"
"176_Combined_Alves",7.17024996414875,"ab","nitrogen:appl:var","straw_DM41","DFG2020","straw","41","2020-05-25"
"176_Split_Esket",7.16224996418875,"ab","nitrogen:appl:var","straw_DM41","DFG2020","straw","41","2020-05-25"
"176_Split_Patras",6.95874996520625,"ab","nitrogen:appl:var","straw_DM41","DFG2020","straw","41","2020-05-25"
"176_Combined_Patras",6.9244999653775,"ab","nitrogen:appl:var","straw_DM41","DFG2020","straw","41","2020-05-25"
"220_Combined_Pionier",6.91599996542,"ab","nitrogen:appl:var","straw_DM41","DFG2020","straw","41","2020-05-25"
"220_Split_Capone",6.79824996600875,"ab","nitrogen:appl:var","straw_DM41","DFG2020","straw","41","2020-05-25"
"176_Combined_Esket",6.75599996622,"ab","nitrogen:appl:var","straw_DM41","DFG2020","straw","41","2020-05-25"
"220_Combined_Patras",6.1124999694375,"ab","nitrogen:appl:var","straw_DM41","DFG2020","straw","41","2020-05-25"
"176_Combined_Apertus",5.904999970475,"ab","nitrogen:appl:var","straw_DM41","DFG2020","straw","41","2020-05-25"
"176_Combined_Capone",5.33624997331875,"b","nitrogen:appl:var","straw_DM41","DFG2020","straw","41","2020-05-25"
"Apertus",9.89131245054344,"a","var","straw_DM51","DFG2020","straw","51","2020-06-02"
"Pionier",9.59962495200188,"ab","var","straw_DM51","DFG2020","straw","51","2020-06-02"
"Alves",9.1984999540075,"ab","var","straw_DM51","DFG2020","straw","51","2020-06-02"
"Torrild",8.98493745507531,"ab","var","straw_DM51","DFG2020","straw","51","2020-06-02"
"Esket",8.9399999553,"ab","var","straw_DM51","DFG2020","straw","51","2020-06-02"
"Potenzial",8.922999955385,"ab","var","straw_DM51","DFG2020","straw","51","2020-06-02"
"Capone",8.61643745691781,"b","var","straw_DM51","DFG2020","straw","51","2020-06-02"
"Patras",8.49256245753719,"b","var","straw_DM51","DFG2020","straw","51","2020-06-02"
"220_Early",10.1370624493147,"a","nitrogen:timeid","straw_DM51","DFG2020","straw","51","2020-06-02"
"220_Late",9.47628120261859,"ab","nitrogen:timeid","straw_DM51","DFG2020","straw","51","2020-06-02"
"176_Late",8.76174995619125,"bc","nitrogen:timeid","straw_DM51","DFG2020","straw","51","2020-06-02"
"176_Early",7.94809371025953,"c","nitrogen:timeid","straw_DM51","DFG2020","straw","51","2020-06-02"
"220_Early_Apertus",12.754999936225,"a","nitrogen:timeid:var","straw_DM51","DFG2020","straw","51","2020-06-02"
"220_Early_Pionier",10.6182499469087,"ab","nitrogen:timeid:var","straw_DM51","DFG2020","straw","51","2020-06-02"
"220_Early_Torrild",10.490999947545,"ab","nitrogen:timeid:var","straw_DM51","DFG2020","straw","51","2020-06-02"
"220_Late_Pionier",10.4794999476025,"ab","nitrogen:timeid:var","straw_DM51","DFG2020","straw","51","2020-06-02"
"220_Early_Capone",10.478999947605,"ab","nitrogen:timeid:var","straw_DM51","DFG2020","straw","51","2020-06-02"
"220_Late_Alves",10.1432499492837,"ab","nitrogen:timeid:var","straw_DM51","DFG2020","straw","51","2020-06-02"
"220_Late_Esket",9.91124995044375,"ab","nitrogen:timeid:var","straw_DM51","DFG2020","straw","51","2020-06-02"
"176_Late_Apertus",9.89274995053625,"ab","nitrogen:timeid:var","straw_DM51","DFG2020","straw","51","2020-06-02"
"220_Early_Potenzial",9.8604999506975,"ab","nitrogen:timeid:var","straw_DM51","DFG2020","straw","51","2020-06-02"
"176_Late_Alves",9.6704999516475,"ab","nitrogen:timeid:var","straw_DM51","DFG2020","straw","51","2020-06-02"
"220_Late_Potenzial",9.6194999519025,"ab","nitrogen:timeid:var","straw_DM51","DFG2020","straw","51","2020-06-02"
"220_Early_Patras",9.41974995290125,"ab","nitrogen:timeid:var","straw_DM51","DFG2020","straw","51","2020-06-02"
"220_Late_Patras",9.2604999536975,"ab","nitrogen:timeid:var","straw_DM51","DFG2020","straw","51","2020-06-02"
"176_Late_Torrild",9.244999953775,"ab","nitrogen:timeid:var","straw_DM51","DFG2020","straw","51","2020-06-02"
"220_Late_Apertus",9.1934999540325,"ab","nitrogen:timeid:var","straw_DM51","DFG2020","straw","51","2020-06-02"
"220_Early_Alves",9.18974995405125,"ab","nitrogen:timeid:var","straw_DM51","DFG2020","straw","51","2020-06-02"
"220_Late_Torrild",9.1794999541025,"ab","nitrogen:timeid:var","straw_DM51","DFG2020","straw","51","2020-06-02"
"176_Early_Pionier",8.9294999553525,"ab","nitrogen:timeid:var","straw_DM51","DFG2020","straw","51","2020-06-02"
"176_Early_Esket",8.78824995605875,"ab","nitrogen:timeid:var","straw_DM51","DFG2020","straw","51","2020-06-02"
"176_Late_Esket",8.77724995611375,"ab","nitrogen:timeid:var","straw_DM51","DFG2020","straw","51","2020-06-02"
"176_Late_Potenzial",8.64374995678125,"ab","nitrogen:timeid:var","straw_DM51","DFG2020","straw","51","2020-06-02"
"176_Late_Pionier",8.37124995814375,"b","nitrogen:timeid:var","straw_DM51","DFG2020","straw","51","2020-06-02"
"176_Late_Capone",8.2999999585,"b","nitrogen:timeid:var","straw_DM51","DFG2020","straw","51","2020-06-02"
"220_Early_Esket",8.28324995858375,"b","nitrogen:timeid:var","straw_DM51","DFG2020","straw","51","2020-06-02"
"176_Early_Patras",8.0964999595175,"b","nitrogen:timeid:var","straw_DM51","DFG2020","straw","51","2020-06-02"
"220_Late_Capone",8.02324995988375,"b","nitrogen:timeid:var","straw_DM51","DFG2020","straw","51","2020-06-02"
"176_Early_Alves",7.7904999610475,"b","nitrogen:timeid:var","straw_DM51","DFG2020","straw","51","2020-06-02"
"176_Early_Apertus",7.72399996138,"b","nitrogen:timeid:var","straw_DM51","DFG2020","straw","51","2020-06-02"
"176_Early_Capone",7.6634999616825,"b","nitrogen:timeid:var","straw_DM51","DFG2020","straw","51","2020-06-02"
"176_Early_Potenzial",7.56824996215875,"b","nitrogen:timeid:var","straw_DM51","DFG2020","straw","51","2020-06-02"
"176_Late_Patras",7.1934999640325,"b","nitrogen:timeid:var","straw_DM51","DFG2020","straw","51","2020-06-02"
"176_Early_Torrild",7.02424996487875,"b","nitrogen:timeid:var","straw_DM51","DFG2020","straw","51","2020-06-02"
"220_Split_Early_Apertus",16.064999919675,"a","nitrogen:appl:timeid:var","straw_DM51","DFG2020","straw","51","2020-06-02"
"176_Split_Early_Pionier",12.446999937765,"ab","nitrogen:appl:timeid:var","straw_DM51","DFG2020","straw","51","2020-06-02"
"220_Split_Early_Pionier",12.3604999381975,"abc","nitrogen:appl:timeid:var","straw_DM51","DFG2020","straw","51","2020-06-02"
"220_Split_Early_Capone",12.1944999390275,"abcd","nitrogen:appl:timeid:var","straw_DM51","DFG2020","straw","51","2020-06-02"
"220_Split_Late_Pionier",11.60999994195,"bcde","nitrogen:appl:timeid:var","straw_DM51","DFG2020","straw","51","2020-06-02"
"220_Split_Early_Patras",11.07399994463,"bcdef","nitrogen:appl:timeid:var","straw_DM51","DFG2020","straw","51","2020-06-02"
"220_Split_Late_Esket",11.048999944755,"bcdefg","nitrogen:appl:timeid:var","straw_DM51","DFG2020","straw","51","2020-06-02"
"220_Combined_Late_Alves",10.76399994618,"bcdefg","nitrogen:appl:timeid:var","straw_DM51","DFG2020","straw","51","2020-06-02"
"220_Split_Late_Potenzial",10.744999946275,"bcdefg","nitrogen:appl:timeid:var","straw_DM51","DFG2020","straw","51","2020-06-02"
"220_Combined_Early_Torrild",10.552999947235,"bcdefgh","nitrogen:appl:timeid:var","straw_DM51","DFG2020","straw","51","2020-06-02"
"176_Split_Late_Apertus",10.486999947565,"bcdefgh","nitrogen:appl:timeid:var","straw_DM51","DFG2020","straw","51","2020-06-02"
"220_Split_Early_Torrild",10.428999947855,"bcdefgh","nitrogen:appl:timeid:var","straw_DM51","DFG2020","straw","51","2020-06-02"
"176_Split_Late_Alves",10.1444999492775,"bcdefgh","nitrogen:appl:timeid:var","straw_DM51","DFG2020","straw","51","2020-06-02"
"220_Combined_Early_Potenzial",9.95399995023,"bcdefgh","nitrogen:appl:timeid:var","straw_DM51","DFG2020","straw","51","2020-06-02"
"220_Split_Late_Patras",9.8964999505175,"bcdefgh","nitrogen:appl:timeid:var","straw_DM51","DFG2020","straw","51","2020-06-02"
"176_Split_Late_Torrild",9.80599995097,"bcdefgh","nitrogen:appl:timeid:var","straw_DM51","DFG2020","straw","51","2020-06-02"
"220_Split_Early_Potenzial",9.766999951165,"bcdefgh","nitrogen:appl:timeid:var","straw_DM51","DFG2020","straw","51","2020-06-02"
"220_Split_Late_Alves",9.5224999523875,"bcdefgh","nitrogen:appl:timeid:var","straw_DM51","DFG2020","straw","51","2020-06-02"
"220_Combined_Early_Apertus",9.444999952775,"bcdefghi","nitrogen:appl:timeid:var","straw_DM51","DFG2020","straw","51","2020-06-02"
"220_Combined_Early_Alves",9.3524999532375,"bcdefghi","nitrogen:appl:timeid:var","straw_DM51","DFG2020","straw","51","2020-06-02"
"220_Combined_Late_Pionier",9.348999953255,"bcdefghi","nitrogen:appl:timeid:var","straw_DM51","DFG2020","straw","51","2020-06-02"
"176_Combined_Late_Apertus",9.2984999535075,"bcdefghi","nitrogen:appl:timeid:var","straw_DM51","DFG2020","straw","51","2020-06-02"
"220_Combined_Late_Torrild",9.2844999535775,"bcdefghi","nitrogen:appl:timeid:var","straw_DM51","DFG2020","straw","51","2020-06-02"
"220_Split_Early_Esket",9.2834999535825,"bcdefghi","nitrogen:appl:timeid:var","straw_DM51","DFG2020","straw","51","2020-06-02"
"220_Split_Late_Apertus",9.2364999538175,"bcdefghi","nitrogen:appl:timeid:var","straw_DM51","DFG2020","straw","51","2020-06-02"
"176_Combined_Late_Alves",9.1964999540175,"bcdefghi","nitrogen:appl:timeid:var","straw_DM51","DFG2020","straw","51","2020-06-02"
"176_Split_Early_Esket",9.1934999540325,"bcdefghi","nitrogen:appl:timeid:var","straw_DM51","DFG2020","straw","51","2020-06-02"
"220_Combined_Late_Apertus",9.1504999542475,"bcdefghi","nitrogen:appl:timeid:var","straw_DM51","DFG2020","straw","51","2020-06-02"
"176_Split_Late_Capone",9.120999954395,"bcdefghi","nitrogen:appl:timeid:var","straw_DM51","DFG2020","straw","51","2020-06-02"
"176_Combined_Late_Esket",9.1064999544675,"bcdefghi","nitrogen:appl:timeid:var","straw_DM51","DFG2020","straw","51","2020-06-02"
"220_Split_Late_Torrild",9.0744999546275,"bcdefghi","nitrogen:appl:timeid:var","straw_DM51","DFG2020","straw","51","2020-06-02"
"220_Split_Early_Alves",9.026999954865,"bcdefghi","nitrogen:appl:timeid:var","straw_DM51","DFG2020","straw","51","2020-06-02"
"176_Combined_Late_Potenzial",8.9784999551075,"bcdefghi","nitrogen:appl:timeid:var","straw_DM51","DFG2020","straw","51","2020-06-02"
"220_Combined_Early_Pionier",8.87599995562,"bcdefghi","nitrogen:appl:timeid:var","straw_DM51","DFG2020","straw","51","2020-06-02"
"220_Combined_Late_Esket",8.7734999561325,"bcdefghi","nitrogen:appl:timeid:var","straw_DM51","DFG2020","straw","51","2020-06-02"
"220_Combined_Early_Capone",8.7634999561825,"bcdefghi","nitrogen:appl:timeid:var","straw_DM51","DFG2020","straw","51","2020-06-02"
"176_Combined_Late_Torrild",8.68399995658,"bcdefghi","nitrogen:appl:timeid:var","straw_DM51","DFG2020","straw","51","2020-06-02"
"176_Combined_Early_Patras",8.680999956595,"bcdefghi","nitrogen:appl:timeid:var","straw_DM51","DFG2020","straw","51","2020-06-02"
"220_Combined_Late_Capone",8.642999956785,"bcdefghi","nitrogen:appl:timeid:var","straw_DM51","DFG2020","straw","51","2020-06-02"
"220_Combined_Late_Patras",8.6244999568775,"bcdefghi","nitrogen:appl:timeid:var","straw_DM51","DFG2020","straw","51","2020-06-02"
"176_Split_Late_Pionier",8.5914999570425,"bcdefghi","nitrogen:appl:timeid:var","straw_DM51","DFG2020","straw","51","2020-06-02"
"220_Combined_Late_Potenzial",8.49399995753,"bcdefghi","nitrogen:appl:timeid:var","straw_DM51","DFG2020","straw","51","2020-06-02"
"176_Split_Late_Esket",8.44799995776,"bcdefghi","nitrogen:appl:timeid:var","straw_DM51","DFG2020","straw","51","2020-06-02"
"176_Combined_Early_Esket",8.382999958085,"bcdefghi","nitrogen:appl:timeid:var","straw_DM51","DFG2020","straw","51","2020-06-02"
"176_Split_Late_Potenzial",8.308999958455,"cdefghi","nitrogen:appl:timeid:var","straw_DM51","DFG2020","straw","51","2020-06-02"
"176_Split_Early_Alves",8.2804999585975,"cdefghi","nitrogen:appl:timeid:var","straw_DM51","DFG2020","straw","51","2020-06-02"
"176_Combined_Early_Capone",8.2354999588225,"defghi","nitrogen:appl:timeid:var","straw_DM51","DFG2020","straw","51","2020-06-02"
"176_Combined_Late_Pionier",8.150999959245,"defghi","nitrogen:appl:timeid:var","straw_DM51","DFG2020","straw","51","2020-06-02"
"176_Split_Early_Apertus",7.8634999606825,"efghi","nitrogen:appl:timeid:var","straw_DM51","DFG2020","straw","51","2020-06-02"
"220_Combined_Early_Patras",7.7654999611725,"efghi","nitrogen:appl:timeid:var","straw_DM51","DFG2020","straw","51","2020-06-02"
"176_Split_Early_Potenzial",7.6084999619575,"efghi","nitrogen:appl:timeid:var","straw_DM51","DFG2020","straw","51","2020-06-02"
"176_Combined_Early_Apertus",7.5844999620775,"efghi","nitrogen:appl:timeid:var","straw_DM51","DFG2020","straw","51","2020-06-02"
"176_Combined_Early_Potenzial",7.52799996236,"efghi","nitrogen:appl:timeid:var","straw_DM51","DFG2020","straw","51","2020-06-02"
"176_Split_Early_Patras",7.51199996244,"fghi","nitrogen:appl:timeid:var","straw_DM51","DFG2020","straw","51","2020-06-02"
"176_Split_Early_Torrild",7.4914999625425,"fghi","nitrogen:appl:timeid:var","straw_DM51","DFG2020","straw","51","2020-06-02"
"176_Combined_Late_Capone",7.478999962605,"fghi","nitrogen:appl:timeid:var","straw_DM51","DFG2020","straw","51","2020-06-02"
"176_Combined_Late_Patras",7.4194999629025,"fghi","nitrogen:appl:timeid:var","straw_DM51","DFG2020","straw","51","2020-06-02"
"220_Split_Late_Capone",7.4034999629825,"fghi","nitrogen:appl:timeid:var","straw_DM51","DFG2020","straw","51","2020-06-02"
"176_Combined_Early_Alves",7.3004999634975,"fghi","nitrogen:appl:timeid:var","straw_DM51","DFG2020","straw","51","2020-06-02"
"220_Combined_Early_Esket",7.282999963585,"fghi","nitrogen:appl:timeid:var","straw_DM51","DFG2020","straw","51","2020-06-02"
"176_Split_Early_Capone",7.0914999645425,"fghi","nitrogen:appl:timeid:var","straw_DM51","DFG2020","straw","51","2020-06-02"
"176_Split_Late_Patras",6.9674999651625,"ghi","nitrogen:appl:timeid:var","straw_DM51","DFG2020","straw","51","2020-06-02"
"176_Combined_Early_Torrild",6.556999967215,"hi","nitrogen:appl:timeid:var","straw_DM51","DFG2020","straw","51","2020-06-02"
"176_Combined_Early_Pionier",5.41199997294,"i","nitrogen:appl:timeid:var","straw_DM51","DFG2020","straw","51","2020-06-02"
"220_Early",12.1373124393134,"a","nitrogen:timeid","straw_DM61","DFG2020","straw","61","2020-06-08"
"220_Late",10.1009374494953,"ab","nitrogen:timeid","straw_DM61","DFG2020","straw","61","2020-06-08"
"176_Late",9.60603120196984,"b","nitrogen:timeid","straw_DM61","DFG2020","straw","61","2020-06-08"
"176_Early",8.91368745543156,"b","nitrogen:timeid","straw_DM61","DFG2020","straw","61","2020-06-08"
"Split_Torrild",12.3611249381944,"a","appl:var","straw_DM61","DFG2020","straw","61","2020-06-08"
"Split_Alves",11.34199994329,"ab","appl:var","straw_DM61","DFG2020","straw","61","2020-06-08"
"Split_Esket",11.1448749442756,"abc","appl:var","straw_DM61","DFG2020","straw","61","2020-06-08"
"Split_Apertus",10.8653749456731,"abc","appl:var","straw_DM61","DFG2020","straw","61","2020-06-08"
"Split_Pionier",10.4051249479744,"abc","appl:var","straw_DM61","DFG2020","straw","61","2020-06-08"
"Combined_Alves",10.2362499488188,"abc","appl:var","straw_DM61","DFG2020","straw","61","2020-06-08"
"Combined_Apertus",10.2323749488381,"abc","appl:var","straw_DM61","DFG2020","straw","61","2020-06-08"
"Split_Capone",10.1548749492256,"abc","appl:var","straw_DM61","DFG2020","straw","61","2020-06-08"
"Combined_Patras",9.9914999500425,"bc","appl:var","straw_DM61","DFG2020","straw","61","2020-06-08"
"Split_Potenzial",9.938999950305,"bc","appl:var","straw_DM61","DFG2020","straw","61","2020-06-08"
"Combined_Capone",9.70424995147875,"bc","appl:var","straw_DM61","DFG2020","straw","61","2020-06-08"
"Combined_Torrild",9.69574995152125,"bc","appl:var","straw_DM61","DFG2020","straw","61","2020-06-08"
"Combined_Potenzial",9.59487495202563,"bc","appl:var","straw_DM61","DFG2020","straw","61","2020-06-08"
"Combined_Pionier",9.37174995314125,"bc","appl:var","straw_DM61","DFG2020","straw","61","2020-06-08"
"Split_Patras",9.08374995458125,"bc","appl:var","straw_DM61","DFG2020","straw","61","2020-06-08"
"Combined_Esket",8.908999955455,"c","appl:var","straw_DM61","DFG2020","straw","61","2020-06-08"
"176_Split_Torrild",13.6154999319225,"a","nitrogen:appl:var","straw_DM61","DFG2020","straw","61","2020-06-08"
"220_Split_Esket",12.5364999373175,"ab","nitrogen:appl:var","straw_DM61","DFG2020","straw","61","2020-06-08"
"220_Split_Apertus",12.4172499379138,"ab","nitrogen:appl:var","straw_DM61","DFG2020","straw","61","2020-06-08"
"176_Split_Alves",11.6037499419812,"abc","nitrogen:appl:var","straw_DM61","DFG2020","straw","61","2020-06-08"
"220_Split_Pionier",11.5802499420987,"abc","nitrogen:appl:var","straw_DM61","DFG2020","straw","61","2020-06-08"
"220_Combined_Apertus",11.5784999421075,"abc","nitrogen:appl:var","straw_DM61","DFG2020","straw","61","2020-06-08"
"220_Combined_Alves",11.52399994238,"abc","nitrogen:appl:var","straw_DM61","DFG2020","straw","61","2020-06-08"
"220_Combined_Capone",11.514999942425,"abc","nitrogen:appl:var","straw_DM61","DFG2020","straw","61","2020-06-08"
"220_Combined_Torrild",11.3357499433213,"abc","nitrogen:appl:var","straw_DM61","DFG2020","straw","61","2020-06-08"
"220_Split_Torrild",11.1067499444662,"abc","nitrogen:appl:var","straw_DM61","DFG2020","straw","61","2020-06-08"
"220_Split_Alves",11.0802499445987,"abc","nitrogen:appl:var","straw_DM61","DFG2020","straw","61","2020-06-08"
"220_Split_Patras",10.8254999458725,"abc","nitrogen:appl:var","straw_DM61","DFG2020","straw","61","2020-06-08"
"220_Combined_Potenzial",10.756999946215,"abc","nitrogen:appl:var","straw_DM61","DFG2020","straw","61","2020-06-08"
"220_Combined_Patras",10.7334999463325,"abc","nitrogen:appl:var","straw_DM61","DFG2020","straw","61","2020-06-08"
"220_Split_Capone",10.7082499464587,"abc","nitrogen:appl:var","straw_DM61","DFG2020","straw","61","2020-06-08"
"220_Split_Potenzial",10.66599994667,"abc","nitrogen:appl:var","straw_DM61","DFG2020","straw","61","2020-06-08"
"220_Combined_Esket",9.84474995077625,"abc","nitrogen:appl:var","straw_DM61","DFG2020","straw","61","2020-06-08"
"176_Split_Esket",9.75324995123375,"abc","nitrogen:appl:var","straw_DM61","DFG2020","straw","61","2020-06-08"
"220_Combined_Pionier",9.69674995151625,"abc","nitrogen:appl:var","straw_DM61","DFG2020","straw","61","2020-06-08"
"176_Split_Capone",9.6014999519925,"abc","nitrogen:appl:var","straw_DM61","DFG2020","straw","61","2020-06-08"
"176_Split_Apertus",9.3134999534325,"abc","nitrogen:appl:var","straw_DM61","DFG2020","straw","61","2020-06-08"
"176_Combined_Patras",9.2494999537525,"abc","nitrogen:appl:var","straw_DM61","DFG2020","straw","61","2020-06-08"
"176_Split_Pionier",9.22999995385,"abc","nitrogen:appl:var","straw_DM61","DFG2020","straw","61","2020-06-08"
"176_Split_Potenzial",9.21199995394,"abc","nitrogen:appl:var","straw_DM61","DFG2020","straw","61","2020-06-08"
"176_Combined_Pionier",9.04674995476625,"abc","nitrogen:appl:var","straw_DM61","DFG2020","straw","61","2020-06-08"
"176_Combined_Alves",8.9484999552575,"abc","nitrogen:appl:var","straw_DM61","DFG2020","straw","61","2020-06-08"
"176_Combined_Apertus",8.88624995556875,"abc","nitrogen:appl:var","straw_DM61","DFG2020","straw","61","2020-06-08"
"176_Combined_Potenzial",8.43274995783625,"bc","nitrogen:appl:var","straw_DM61","DFG2020","straw","61","2020-06-08"
"176_Combined_Torrild",8.05574995972125,"bc","nitrogen:appl:var","straw_DM61","DFG2020","straw","61","2020-06-08"
"176_Combined_Esket",7.97324996013375,"bc","nitrogen:appl:var","straw_DM61","DFG2020","straw","61","2020-06-08"
"176_Combined_Capone",7.8934999605325,"bc","nitrogen:appl:var","straw_DM61","DFG2020","straw","61","2020-06-08"
"176_Split_Patras",7.34199996329,"c","nitrogen:appl:var","straw_DM61","DFG2020","straw","61","2020-06-08"
"220",12.8586458333333,"a","nitrogen","straw_Nitrogen61","DFG2020","straw","61","2020-06-08"
"176",10.02375,"b","nitrogen","straw_Nitrogen61","DFG2020","straw","61","2020-06-08"
"176_Early",4.34841271919544,"a","nitrogen:timeid","straw_total_C61","DFG2020","straw","61","2020-06-08"
"220_Early",4.20048262274759,"a","nitrogen:timeid","straw_total_C61","DFG2020","straw","61","2020-06-08"
"176_Late",4.17076835758366,"a","nitrogen:timeid","straw_total_C61","DFG2020","straw","61","2020-06-08"
"220_Late",3.28520298357399,"b","nitrogen:timeid","straw_total_C61","DFG2020","straw","61","2020-06-08"
"176_Split_Early",4.54200538416497,"a","nitrogen:appl:timeid","straw_total_C61","DFG2020","straw","61","2020-06-08"
"220_Split_Early",4.3761396987443,"a","nitrogen:appl:timeid","straw_total_C61","DFG2020","straw","61","2020-06-08"
"176_Split_Late",4.20773469458633,"a","nitrogen:appl:timeid","straw_total_C61","DFG2020","straw","61","2020-06-08"
"176_Combined_Early",4.1548200542259,"a","nitrogen:appl:timeid","straw_total_C61","DFG2020","straw","61","2020-06-08"
"176_Combined_Late",4.13380202058099,"ab","nitrogen:appl:timeid","straw_total_C61","DFG2020","straw","61","2020-06-08"
"220_Combined_Early",4.02482554675087,"ab","nitrogen:appl:timeid","straw_total_C61","DFG2020","straw","61","2020-06-08"
"220_Combined_Late",3.59466378015168,"b","nitrogen:appl:timeid","straw_total_C61","DFG2020","straw","61","2020-06-08"
"220_Split_Late",2.97574218699629,"c","nitrogen:appl:timeid","straw_total_C61","DFG2020","straw","61","2020-06-08"
"Split",0.309458833140206,"a","appl","straw_total_C87","DFG2020","straw","87","2020-07-23"
"Combined",0.27701395767743,"b","appl","straw_total_C87","DFG2020","straw","87","2020-07-23"
"Capone",0.520952442395238,"a","var","straw_total_C87","DFG2020","straw","87","2020-07-23"
"Pionier",0.510549703697252,"a","var","straw_total_C87","DFG2020","straw","87","2020-07-23"
"Esket",0.328860450855698,"b","var","straw_total_C87","DFG2020","straw","87","2020-07-23"
"Apertus",0.253471477482643,"bc","var","straw_total_C87","DFG2020","straw","87","2020-07-23"
"Patras",0.219898921400505,"bc","var","straw_total_C87","DFG2020","straw","87","2020-07-23"
"Torrild",0.200529031497355,"bc","var","straw_total_C87","DFG2020","straw","87","2020-07-23"
"Potenzial",0.178794652856027,"bc","var","straw_total_C87","DFG2020","straw","87","2020-07-23"
"Alves",0.132834483085828,"c","var","straw_total_C87","DFG2020","straw","87","2020-07-23"
"220_Pionier",0.617591574412042,"a","nitrogen:var","straw_total_C87","DFG2020","straw","87","2020-07-23"
"176_Capone",0.522565894887171,"ab","nitrogen:var","straw_total_C87","DFG2020","straw","87","2020-07-23"
"220_Capone",0.519338989903305,"ab","nitrogen:var","straw_total_C87","DFG2020","straw","87","2020-07-23"
"176_Pionier",0.403507832982461,"abc","nitrogen:var","straw_total_C87","DFG2020","straw","87","2020-07-23"
"176_Esket",0.337318795813406,"bcd","nitrogen:var","straw_total_C87","DFG2020","straw","87","2020-07-23"
"220_Esket",0.32040210589799,"bcd","nitrogen:var","straw_total_C87","DFG2020","straw","87","2020-07-23"
"220_Apertus",0.263779319931104,"cd","nitrogen:var","straw_total_C87","DFG2020","straw","87","2020-07-23"
"176_Patras",0.262824309935879,"cd","nitrogen:var","straw_total_C87","DFG2020","straw","87","2020-07-23"
"176_Apertus",0.243163635034182,"cd","nitrogen:var","straw_total_C87","DFG2020","straw","87","2020-07-23"
"176_Potenzial",0.204013517729932,"cd","nitrogen:var","straw_total_C87","DFG2020","straw","87","2020-07-23"
"220_Torrild",0.203631080231845,"cd","nitrogen:var","straw_total_C87","DFG2020","straw","87","2020-07-23"
"176_Torrild",0.197426982762865,"cd","nitrogen:var","straw_total_C87","DFG2020","straw","87","2020-07-23"
"220_Patras",0.176973532865132,"d","nitrogen:var","straw_total_C87","DFG2020","straw","87","2020-07-23"
"220_Potenzial",0.153575787982121,"d","nitrogen:var","straw_total_C87","DFG2020","straw","87","2020-07-23"
"220_Alves",0.135544986822275,"d","nitrogen:var","straw_total_C87","DFG2020","straw","87","2020-07-23"
"176_Alves",0.13012397934938,"d","nitrogen:var","straw_total_C87","DFG2020","straw","87","2020-07-23"
"Split",7.17968746410156,"a","appl","tiller_23","DFG2020","biomasscut","23","2020-03-17"
"Combined",6.7374999663125,"b","appl","tiller_23","DFG2020","biomasscut","23","2020-03-17"
"Esket",7.79374996103125,"a","var","tiller_23","DFG2020","biomasscut","23","2020-03-17"
"Torrild",7.4374999628125,"ab","var","tiller_23","DFG2020","biomasscut","23","2020-03-17"
"Apertus",7.20624996396875,"ab","var","tiller_23","DFG2020","biomasscut","23","2020-03-17"
"Alves",7.024999964875,"ab","var","tiller_23","DFG2020","biomasscut","23","2020-03-17"
"Potenzial",6.9374999653125,"ab","var","tiller_23","DFG2020","biomasscut","23","2020-03-17"
"Pionier",6.7374999663125,"ab","var","tiller_23","DFG2020","biomasscut","23","2020-03-17"
"Capone",6.2999999685,"ab","var","tiller_23","DFG2020","biomasscut","23","2020-03-17"
"Patras",6.23124996884375,"b","var","tiller_23","DFG2020","biomasscut","23","2020-03-17"
"Split",10.3812499480937,"a","appl","tiller_31","DFG2020","biomasscut","31","2020-04-14"
"Combined",8.79062495604687,"b","appl","tiller_31","DFG2020","biomasscut","31","2020-04-14"
"Pionier",11.4062499429687,"a","var","tiller_31","DFG2020","biomasscut","31","2020-04-14"
"Potenzial",10.0562499497187,"ab","var","tiller_31","DFG2020","biomasscut","31","2020-04-14"
"Alves",9.89374995053125,"abc","var","tiller_31","DFG2020","biomasscut","31","2020-04-14"
"Capone",9.474999952625,"bc","var","tiller_31","DFG2020","biomasscut","31","2020-04-14"
"Apertus",9.46874995265625,"bc","var","tiller_31","DFG2020","biomasscut","31","2020-04-14"
"Torrild",9.1874999540625,"bc","var","tiller_31","DFG2020","biomasscut","31","2020-04-14"
"Esket",9.1124999544375,"bc","var","tiller_31","DFG2020","biomasscut","31","2020-04-14"
"Patras",8.0874999595625,"c","var","tiller_31","DFG2020","biomasscut","31","2020-04-14"
"220_Early",10.0656249496719,"a","nitrogen:timeid","tiller_31","DFG2020","biomasscut","31","2020-04-14"
"176_Late",10.0468749497656,"a","nitrogen:timeid","tiller_31","DFG2020","biomasscut","31","2020-04-14"
"220_Late",9.2999999535,"a","nitrogen:timeid","tiller_31","DFG2020","biomasscut","31","2020-04-14"
"176_Early",8.93124995534375,"a","nitrogen:timeid","tiller_31","DFG2020","biomasscut","31","2020-04-14"
"220_Split_Pionier",6.64999996675,"a","nitrogen:appl:var","tiller_41","DFG2020","biomasscut","41","2020-05-25"
"220_Combined_Torrild",6.34999996825,"ab","nitrogen:appl:var","tiller_41","DFG2020","biomasscut","41","2020-05-25"
"220_Split_Patras",6.14999996925,"abc","nitrogen:appl:var","tiller_41","DFG2020","biomasscut","41","2020-05-25"
"176_Split_Torrild",6.0999999695,"abc","nitrogen:appl:var","tiller_41","DFG2020","biomasscut","41","2020-05-25"
"220_Combined_Potenzial",5.74999997125,"abcd","nitrogen:appl:var","tiller_41","DFG2020","biomasscut","41","2020-05-25"
"176_Split_Potenzial",5.624999971875,"abcd","nitrogen:appl:var","tiller_41","DFG2020","biomasscut","41","2020-05-25"
"220_Split_Potenzial",5.624999971875,"abcd","nitrogen:appl:var","tiller_41","DFG2020","biomasscut","41","2020-05-25"
"220_Split_Apertus",5.574999972125,"abcd","nitrogen:appl:var","tiller_41","DFG2020","biomasscut","41","2020-05-25"
"220_Combined_Pionier",5.54999997225,"abcd","nitrogen:appl:var","tiller_41","DFG2020","biomasscut","41","2020-05-25"
"220_Split_Torrild",5.54999997225,"abcd","nitrogen:appl:var","tiller_41","DFG2020","biomasscut","41","2020-05-25"
"220_Split_Alves",5.524999972375,"abcd","nitrogen:appl:var","tiller_41","DFG2020","biomasscut","41","2020-05-25"
"176_Split_Pionier",5.4999999725,"abcd","nitrogen:appl:var","tiller_41","DFG2020","biomasscut","41","2020-05-25"
"220_Combined_Alves",5.4999999725,"abcd","nitrogen:appl:var","tiller_41","DFG2020","biomasscut","41","2020-05-25"
"176_Combined_Pionier",5.44999997275,"abcd","nitrogen:appl:var","tiller_41","DFG2020","biomasscut","41","2020-05-25"
"176_Combined_Torrild",5.44999997275,"abcd","nitrogen:appl:var","tiller_41","DFG2020","biomasscut","41","2020-05-25"
"220_Combined_Esket",5.424999972875,"abcd","nitrogen:appl:var","tiller_41","DFG2020","biomasscut","41","2020-05-25"
"220_Split_Esket",5.34999997325,"abcd","nitrogen:appl:var","tiller_41","DFG2020","biomasscut","41","2020-05-25"
"176_Split_Alves",5.2999999735,"abcd","nitrogen:appl:var","tiller_41","DFG2020","biomasscut","41","2020-05-25"
"220_Combined_Capone",5.224999973875,"abcd","nitrogen:appl:var","tiller_41","DFG2020","biomasscut","41","2020-05-25"
"176_Combined_Potenzial",5.199999974,"abcd","nitrogen:appl:var","tiller_41","DFG2020","biomasscut","41","2020-05-25"
"220_Combined_Apertus",4.999999975,"abcd","nitrogen:appl:var","tiller_41","DFG2020","biomasscut","41","2020-05-25"
"176_Split_Apertus",4.6999999765,"abcd","nitrogen:appl:var","tiller_41","DFG2020","biomasscut","41","2020-05-25"
"176_Split_Esket",4.4999999775,"abcd","nitrogen:appl:var","tiller_41","DFG2020","biomasscut","41","2020-05-25"
"176_Combined_Esket",4.424999977875,"abcd","nitrogen:appl:var","tiller_41","DFG2020","biomasscut","41","2020-05-25"
"220_Combined_Patras",4.374999978125,"abcd","nitrogen:appl:var","tiller_41","DFG2020","biomasscut","41","2020-05-25"
"220_Split_Capone",4.2999999785,"abcd","nitrogen:appl:var","tiller_41","DFG2020","biomasscut","41","2020-05-25"
"176_Combined_Alves",4.199999979,"abcd","nitrogen:appl:var","tiller_41","DFG2020","biomasscut","41","2020-05-25"
"176_Split_Capone",4.124999979375,"bcd","nitrogen:appl:var","tiller_41","DFG2020","biomasscut","41","2020-05-25"
"176_Combined_Patras",4.0999999795,"bcd","nitrogen:appl:var","tiller_41","DFG2020","biomasscut","41","2020-05-25"
"176_Combined_Apertus",3.874999980625,"bcd","nitrogen:appl:var","tiller_41","DFG2020","biomasscut","41","2020-05-25"
"176_Split_Patras",3.774999981125,"cd","nitrogen:appl:var","tiller_41","DFG2020","biomasscut","41","2020-05-25"
"176_Combined_Capone",3.34999998325,"d","nitrogen:appl:var","tiller_41","DFG2020","biomasscut","41","2020-05-25"
"Late",5.32031247339844,"a","timeid","tiller_51","DFG2020","biomasscut","51","2020-06-02"
"Early",4.75624997621875,"b","timeid","tiller_51","DFG2020","biomasscut","51","2020-06-02"
"Pionier",6.01874996990625,"a","var","tiller_51","DFG2020","biomasscut","51","2020-06-02"
"Torrild",5.31874997340625,"b","var","tiller_51","DFG2020","biomasscut","51","2020-06-02"
"Potenzial",5.2624999736875,"b","var","tiller_51","DFG2020","biomasscut","51","2020-06-02"
"Esket",5.01874997490625,"bc","var","tiller_51","DFG2020","biomasscut","51","2020-06-02"
"Apertus",4.99374997503125,"bc","var","tiller_51","DFG2020","biomasscut","51","2020-06-02"
"Alves",4.85624997571875,"bcd","var","tiller_51","DFG2020","biomasscut","51","2020-06-02"
"Capone",4.5124999774375,"cd","var","tiller_51","DFG2020","biomasscut","51","2020-06-02"
"Patras",4.324999978375,"d","var","tiller_51","DFG2020","biomasscut","51","2020-06-02"
"220_Split_Late_Pionier",7.8999999605,"a","nitrogen:appl:timeid:var","tiller_51","DFG2020","biomasscut","51","2020-06-02"
"220_Split_Early_Apertus",7.599999962,"ab","nitrogen:appl:timeid:var","tiller_51","DFG2020","biomasscut","51","2020-06-02"
"220_Split_Late_Potenzial",6.8999999655,"abc","nitrogen:appl:timeid:var","tiller_51","DFG2020","biomasscut","51","2020-06-02"
"220_Split_Early_Pionier",6.84999996575,"abc","nitrogen:appl:timeid:var","tiller_51","DFG2020","biomasscut","51","2020-06-02"
"220_Split_Late_Esket",6.4999999675,"abcd","nitrogen:appl:timeid:var","tiller_51","DFG2020","biomasscut","51","2020-06-02"
"176_Split_Early_Pionier",6.2999999685,"abcd","nitrogen:appl:timeid:var","tiller_51","DFG2020","biomasscut","51","2020-06-02"
"220_Combined_Late_Pionier",6.24999996875,"abcd","nitrogen:appl:timeid:var","tiller_51","DFG2020","biomasscut","51","2020-06-02"
"220_Combined_Late_Torrild",6.14999996925,"abcd","nitrogen:appl:timeid:var","tiller_51","DFG2020","biomasscut","51","2020-06-02"
"220_Split_Early_Torrild",6.0999999695,"abcd","nitrogen:appl:timeid:var","tiller_51","DFG2020","biomasscut","51","2020-06-02"
"176_Combined_Late_Pionier",6.04999996975,"abcd","nitrogen:appl:timeid:var","tiller_51","DFG2020","biomasscut","51","2020-06-02"
"220_Split_Early_Capone",5.94999997025,"abcd","nitrogen:appl:timeid:var","tiller_51","DFG2020","biomasscut","51","2020-06-02"
"220_Combined_Late_Potenzial",5.94999997025,"abcd","nitrogen:appl:timeid:var","tiller_51","DFG2020","biomasscut","51","2020-06-02"
"220_Combined_Early_Potenzial",5.74999997125,"abcd","nitrogen:appl:timeid:var","tiller_51","DFG2020","biomasscut","51","2020-06-02"
"220_Combined_Late_Alves",5.74999997125,"abcd","nitrogen:appl:timeid:var","tiller_51","DFG2020","biomasscut","51","2020-06-02"
"220_Combined_Early_Torrild",5.6999999715,"abcd","nitrogen:appl:timeid:var","tiller_51","DFG2020","biomasscut","51","2020-06-02"
"220_Split_Late_Torrild",5.6999999715,"abcd","nitrogen:appl:timeid:var","tiller_51","DFG2020","biomasscut","51","2020-06-02"
"220_Combined_Early_Pionier",5.64999997175,"abcd","nitrogen:appl:timeid:var","tiller_51","DFG2020","biomasscut","51","2020-06-02"
"176_Split_Late_Torrild",5.599999972,"abcd","nitrogen:appl:timeid:var","tiller_51","DFG2020","biomasscut","51","2020-06-02"
"176_Split_Late_Pionier",5.54999997225,"abcd","nitrogen:appl:timeid:var","tiller_51","DFG2020","biomasscut","51","2020-06-02"
"176_Combined_Late_Potenzial",5.4999999725,"abcd","nitrogen:appl:timeid:var","tiller_51","DFG2020","biomasscut","51","2020-06-02"
"220_Combined_Late_Esket",5.4999999725,"abcd","nitrogen:appl:timeid:var","tiller_51","DFG2020","biomasscut","51","2020-06-02"
"176_Combined_Late_Esket",5.44999997275,"abcd","nitrogen:appl:timeid:var","tiller_51","DFG2020","biomasscut","51","2020-06-02"
"220_Split_Late_Patras",5.2999999735,"abcd","nitrogen:appl:timeid:var","tiller_51","DFG2020","biomasscut","51","2020-06-02"
"176_Split_Late_Alves",5.14999997425,"abcd","nitrogen:appl:timeid:var","tiller_51","DFG2020","biomasscut","51","2020-06-02"
"220_Split_Early_Potenzial",5.14999997425,"abcd","nitrogen:appl:timeid:var","tiller_51","DFG2020","biomasscut","51","2020-06-02"
"220_Split_Late_Alves",5.14999997425,"abcd","nitrogen:appl:timeid:var","tiller_51","DFG2020","biomasscut","51","2020-06-02"
"220_Split_Late_Apertus",5.0999999745,"abcd","nitrogen:appl:timeid:var","tiller_51","DFG2020","biomasscut","51","2020-06-02"
"176_Split_Late_Apertus",5.04999997475,"abcd","nitrogen:appl:timeid:var","tiller_51","DFG2020","biomasscut","51","2020-06-02"
"220_Combined_Late_Capone",5.04999997475,"abcd","nitrogen:appl:timeid:var","tiller_51","DFG2020","biomasscut","51","2020-06-02"
"220_Split_Early_Esket",5.04999997475,"abcd","nitrogen:appl:timeid:var","tiller_51","DFG2020","biomasscut","51","2020-06-02"
"220_Split_Early_Patras",5.04999997475,"abcd","nitrogen:appl:timeid:var","tiller_51","DFG2020","biomasscut","51","2020-06-02"
"176_Combined_Late_Alves",4.999999975,"abcd","nitrogen:appl:timeid:var","tiller_51","DFG2020","biomasscut","51","2020-06-02"
"176_Combined_Late_Torrild",4.999999975,"abcd","nitrogen:appl:timeid:var","tiller_51","DFG2020","biomasscut","51","2020-06-02"
"220_Combined_Early_Alves",4.999999975,"abcd","nitrogen:appl:timeid:var","tiller_51","DFG2020","biomasscut","51","2020-06-02"
"220_Split_Early_Alves",4.799999976,"bcd","nitrogen:appl:timeid:var","tiller_51","DFG2020","biomasscut","51","2020-06-02"
"220_Combined_Early_Apertus",4.799999976,"bcd","nitrogen:appl:timeid:var","tiller_51","DFG2020","biomasscut","51","2020-06-02"
"220_Combined_Late_Patras",4.74999997625,"bcd","nitrogen:appl:timeid:var","tiller_51","DFG2020","biomasscut","51","2020-06-02"
"220_Split_Late_Capone",4.6999999765,"bcd","nitrogen:appl:timeid:var","tiller_51","DFG2020","biomasscut","51","2020-06-02"
"176_Split_Late_Potenzial",4.64999997675,"bcd","nitrogen:appl:timeid:var","tiller_51","DFG2020","biomasscut","51","2020-06-02"
"176_Combined_Late_Apertus",4.64999997675,"bcd","nitrogen:appl:timeid:var","tiller_51","DFG2020","biomasscut","51","2020-06-02"
"176_Split_Early_Torrild",4.599999977,"bcd","nitrogen:appl:timeid:var","tiller_51","DFG2020","biomasscut","51","2020-06-02"
"176_Split_Late_Esket",4.599999977,"bcd","nitrogen:appl:timeid:var","tiller_51","DFG2020","biomasscut","51","2020-06-02"
"220_Combined_Late_Apertus",4.54999997725,"bcd","nitrogen:appl:timeid:var","tiller_51","DFG2020","biomasscut","51","2020-06-02"
"176_Split_Early_Esket",4.4999999775,"cd","nitrogen:appl:timeid:var","tiller_51","DFG2020","biomasscut","51","2020-06-02"
"220_Combined_Early_Capone",4.4999999775,"cd","nitrogen:appl:timeid:var","tiller_51","DFG2020","biomasscut","51","2020-06-02"
"176_Combined_Early_Esket",4.44999997775,"cd","nitrogen:appl:timeid:var","tiller_51","DFG2020","biomasscut","51","2020-06-02"
"176_Split_Late_Capone",4.44999997775,"cd","nitrogen:appl:timeid:var","tiller_51","DFG2020","biomasscut","51","2020-06-02"
"176_Combined_Late_Patras",4.399999978,"cd","nitrogen:appl:timeid:var","tiller_51","DFG2020","biomasscut","51","2020-06-02"
"176_Combined_Late_Capone",4.34999997825,"cd","nitrogen:appl:timeid:var","tiller_51","DFG2020","biomasscut","51","2020-06-02"
"176_Combined_Early_Apertus",4.24999997875,"cd","nitrogen:appl:timeid:var","tiller_51","DFG2020","biomasscut","51","2020-06-02"
"176_Combined_Early_Potenzial",4.14999997925,"cd","nitrogen:appl:timeid:var","tiller_51","DFG2020","biomasscut","51","2020-06-02"
"176_Split_Early_Alves",4.14999997925,"cd","nitrogen:appl:timeid:var","tiller_51","DFG2020","biomasscut","51","2020-06-02"
"220_Combined_Early_Esket",4.0999999795,"cd","nitrogen:appl:timeid:var","tiller_51","DFG2020","biomasscut","51","2020-06-02"
"176_Split_Early_Potenzial",4.04999997975,"cd","nitrogen:appl:timeid:var","tiller_51","DFG2020","biomasscut","51","2020-06-02"
"220_Combined_Early_Patras",3.99999998,"cd","nitrogen:appl:timeid:var","tiller_51","DFG2020","biomasscut","51","2020-06-02"
"176_Combined_Early_Patras",3.94999998025,"cd","nitrogen:appl:timeid:var","tiller_51","DFG2020","biomasscut","51","2020-06-02"
"176_Split_Early_Apertus",3.94999998025,"cd","nitrogen:appl:timeid:var","tiller_51","DFG2020","biomasscut","51","2020-06-02"
"176_Combined_Early_Alves",3.84999998075,"cd","nitrogen:appl:timeid:var","tiller_51","DFG2020","biomasscut","51","2020-06-02"
"176_Combined_Early_Torrild",3.6999999815,"d","nitrogen:appl:timeid:var","tiller_51","DFG2020","biomasscut","51","2020-06-02"
"176_Combined_Early_Capone",3.64999998175,"d","nitrogen:appl:timeid:var","tiller_51","DFG2020","biomasscut","51","2020-06-02"
"176_Combined_Early_Pionier",3.599999982,"d","nitrogen:appl:timeid:var","tiller_51","DFG2020","biomasscut","51","2020-06-02"
"176_Split_Late_Patras",3.599999982,"d","nitrogen:appl:timeid:var","tiller_51","DFG2020","biomasscut","51","2020-06-02"
"176_Split_Early_Patras",3.54999998225,"d","nitrogen:appl:timeid:var","tiller_51","DFG2020","biomasscut","51","2020-06-02"
"176_Split_Early_Capone",3.44999998275,"d","nitrogen:appl:timeid:var","tiller_51","DFG2020","biomasscut","51","2020-06-02"
"Torrild",6.4124999679375,"a","var","tiller_61","DFG2020","biomasscut","61","2020-06-08"
"Pionier",6.16874996915625,"ab","var","tiller_61","DFG2020","biomasscut","61","2020-06-08"
"Potenzial",5.98124997009375,"ab","var","tiller_61","DFG2020","biomasscut","61","2020-06-08"
"Esket",5.70624997146875,"ab","var","tiller_61","DFG2020","biomasscut","61","2020-06-08"
"Alves",5.60624997196875,"abc","var","tiller_61","DFG2020","biomasscut","61","2020-06-08"
"Apertus",5.51874997240625,"abc","var","tiller_61","DFG2020","biomasscut","61","2020-06-08"
"Capone",5.2874999735625,"bc","var","tiller_61","DFG2020","biomasscut","61","2020-06-08"
"Patras",4.724999976375,"c","var","tiller_61","DFG2020","biomasscut","61","2020-06-08"
"176_Split_Torrild",7.474999962625,"a","nitrogen:appl:var","tiller_61","DFG2020","biomasscut","61","2020-06-08"
"220_Split_Pionier",7.0999999645,"ab","nitrogen:appl:var","tiller_61","DFG2020","biomasscut","61","2020-06-08"
"220_Split_Apertus",6.74999996625,"abc","nitrogen:appl:var","tiller_61","DFG2020","biomasscut","61","2020-06-08"
"220_Split_Potenzial",6.74999996625,"abc","nitrogen:appl:var","tiller_61","DFG2020","biomasscut","61","2020-06-08"
"220_Split_Esket",6.674999966625,"abcd","nitrogen:appl:var","tiller_61","DFG2020","biomasscut","61","2020-06-08"
"220_Split_Torrild",6.624999966875,"abcd","nitrogen:appl:var","tiller_61","DFG2020","biomasscut","61","2020-06-08"
"220_Combined_Potenzial",6.599999967,"abcd","nitrogen:appl:var","tiller_61","DFG2020","biomasscut","61","2020-06-08"
"220_Combined_Torrild",6.524999967375,"abcd","nitrogen:appl:var","tiller_61","DFG2020","biomasscut","61","2020-06-08"
"176_Combined_Pionier",6.34999996825,"abcd","nitrogen:appl:var","tiller_61","DFG2020","biomasscut","61","2020-06-08"
"220_Combined_Esket",6.2999999685,"abcde","nitrogen:appl:var","tiller_61","DFG2020","biomasscut","61","2020-06-08"
"220_Combined_Capone",6.24999996875,"abcde","nitrogen:appl:var","tiller_61","DFG2020","biomasscut","61","2020-06-08"
"176_Split_Alves",5.99999997,"abcde","nitrogen:appl:var","tiller_61","DFG2020","biomasscut","61","2020-06-08"
"220_Split_Alves",5.94999997025,"abcdef","nitrogen:appl:var","tiller_61","DFG2020","biomasscut","61","2020-06-08"
"220_Combined_Pionier",5.874999970625,"abcdef","nitrogen:appl:var","tiller_61","DFG2020","biomasscut","61","2020-06-08"
"220_Combined_Alves",5.774999971125,"abcdef","nitrogen:appl:var","tiller_61","DFG2020","biomasscut","61","2020-06-08"
"220_Split_Capone",5.64999997175,"abcdef","nitrogen:appl:var","tiller_61","DFG2020","biomasscut","61","2020-06-08"
"176_Split_Potenzial",5.4999999725,"abcdef","nitrogen:appl:var","tiller_61","DFG2020","biomasscut","61","2020-06-08"
"220_Combined_Apertus",5.44999997275,"abcdef","nitrogen:appl:var","tiller_61","DFG2020","biomasscut","61","2020-06-08"
"176_Split_Pionier",5.34999997325,"abcdef","nitrogen:appl:var","tiller_61","DFG2020","biomasscut","61","2020-06-08"
"220_Combined_Patras",5.2999999735,"abcdef","nitrogen:appl:var","tiller_61","DFG2020","biomasscut","61","2020-06-08"
"220_Split_Patras",5.274999973625,"bcdef","nitrogen:appl:var","tiller_61","DFG2020","biomasscut","61","2020-06-08"
"176_Split_Esket",5.174999974125,"bcdef","nitrogen:appl:var","tiller_61","DFG2020","biomasscut","61","2020-06-08"
"176_Split_Capone",5.124999974375,"bcdef","nitrogen:appl:var","tiller_61","DFG2020","biomasscut","61","2020-06-08"
"176_Combined_Potenzial",5.074999974625,"bcdef","nitrogen:appl:var","tiller_61","DFG2020","biomasscut","61","2020-06-08"
"176_Combined_Torrild",5.024999974875,"bcdef","nitrogen:appl:var","tiller_61","DFG2020","biomasscut","61","2020-06-08"
"176_Split_Apertus",5.024999974875,"bcdef","nitrogen:appl:var","tiller_61","DFG2020","biomasscut","61","2020-06-08"
"176_Combined_Apertus",4.84999997575,"cdef","nitrogen:appl:var","tiller_61","DFG2020","biomasscut","61","2020-06-08"
"176_Combined_Alves",4.6999999765,"cdef","nitrogen:appl:var","tiller_61","DFG2020","biomasscut","61","2020-06-08"
"176_Combined_Esket",4.674999976625,"cdef","nitrogen:appl:var","tiller_61","DFG2020","biomasscut","61","2020-06-08"
"176_Combined_Patras",4.524999977375,"def","nitrogen:appl:var","tiller_61","DFG2020","biomasscut","61","2020-06-08"
"176_Combined_Capone",4.124999979375,"ef","nitrogen:appl:var","tiller_61","DFG2020","biomasscut","61","2020-06-08"
"176_Split_Patras",3.799999981,"f","nitrogen:appl:var","tiller_61","DFG2020","biomasscut","61","2020-06-08"
"Pionier",6.3874999680625,"a","var","tiller_87","DFG2020","biomasscut","87","2020-07-23"
"Torrild",6.2124999689375,"ab","var","tiller_87","DFG2020","biomasscut","87","2020-07-23"
"Potenzial",6.18124996909375,"ab","var","tiller_87","DFG2020","biomasscut","87","2020-07-23"
"Apertus",5.274999973625,"abc","var","tiller_87","DFG2020","biomasscut","87","2020-07-23"
"Esket",5.24374997378125,"abc","var","tiller_87","DFG2020","biomasscut","87","2020-07-23"
"Alves",5.1374999743125,"bc","var","tiller_87","DFG2020","biomasscut","87","2020-07-23"
"Capone",4.80624997596875,"c","var","tiller_87","DFG2020","biomasscut","87","2020-07-23"
"Patras",4.6999999765,"c","var","tiller_87","DFG2020","biomasscut","87","2020-07-23"
"220_Early",6.09062496954687,"a","nitrogen:timeid","tiller_87","DFG2020","biomasscut","87","2020-07-23"
"220_Late",5.65624997171875,"ab","nitrogen:timeid","tiller_87","DFG2020","biomasscut","87","2020-07-23"
"176_Late",5.39687497301562,"bc","nitrogen:timeid","tiller_87","DFG2020","biomasscut","87","2020-07-23"
"176_Early",4.82812497585938,"c","nitrogen:timeid","tiller_87","DFG2020","biomasscut","87","2020-07-23"
"220_Combined",63.5664499935506,"a","nitrogen:appl","CEDM","DFG2021",NA,"61_87","biomass"
"176_Split",59.6624950467871,"a","nitrogen:appl","CEDM","DFG2021",NA,"61_87","biomass"
"176_Combined",51.9004130733168,"a","nitrogen:appl","CEDM","DFG2021",NA,"61_87","biomass"
"220_Split",49.9531364949745,"a","nitrogen:appl","CEDM","DFG2021",NA,"61_87","biomass"
"176_Combined_Early",65.4299346014453,"a","nitrogen:appl:timeid","CEDM","DFG2021",NA,"61_87","biomass"
"220_Combined_Early",64.2839735416459,"a","nitrogen:appl:timeid","CEDM","DFG2021",NA,"61_87","biomass"
"220_Combined_Late",62.8489264454552,"a","nitrogen:appl:timeid","CEDM","DFG2021",NA,"61_87","biomass"
"176_Split_Early",60.7822755953216,"ab","nitrogen:appl:timeid","CEDM","DFG2021",NA,"61_87","biomass"
"176_Split_Late",58.5427144982527,"ab","nitrogen:appl:timeid","CEDM","DFG2021",NA,"61_87","biomass"
"220_Split_Early",50.6272435926904,"ab","nitrogen:appl:timeid","CEDM","DFG2021",NA,"61_87","biomass"
"220_Split_Late",49.2790293972586,"ab","nitrogen:appl:timeid","CEDM","DFG2021",NA,"61_87","biomass"
"176_Combined_Late",38.3708915451883,"b","nitrogen:appl:timeid","CEDM","DFG2021",NA,"61_87","biomass"
"220_Combined_Early_Capone",0.0407732055377608,"a","nitrogen:appl:timeid:var","CGR_tt_51_61","DFG2021","all","51_61",NA
"220_Split_Early_Alves",0.0368153108207081,"a","nitrogen:appl:timeid:var","CGR_tt_51_61","DFG2021","all","51_61",NA
"220_Split_Late_Torrild",0.0363138754165168,"a","nitrogen:appl:timeid:var","CGR_tt_51_61","DFG2021","all","51_61",NA
"220_Split_Late_Pionier",0.0329339711271962,"a","nitrogen:appl:timeid:var","CGR_tt_51_61","DFG2021","all","51_61",NA
"176_Combined_Early_Potenzial",0.0318009567787942,"a","nitrogen:appl:timeid:var","CGR_tt_51_61","DFG2021","all","51_61",NA
"176_Split_Late_Patras",0.0314679424263923,"a","nitrogen:appl:timeid:var","CGR_tt_51_61","DFG2021","all","51_61",NA
"176_Split_Late_Alves",0.0310239232898564,"a","nitrogen:appl:timeid:var","CGR_tt_51_61","DFG2021","all","51_61",NA
"220_Combined_Early_Esket",0.0298602869320383,"a","nitrogen:appl:timeid:var","CGR_tt_51_61","DFG2021","all","51_61",NA
"176_Combined_Late_Esket",0.0293052630113684,"a","nitrogen:appl:timeid:var","CGR_tt_51_61","DFG2021","all","51_61",NA
"176_Split_Early_Pionier",0.0289952151660287,"a","nitrogen:appl:timeid:var","CGR_tt_51_61","DFG2021","all","51_61",NA
"176_Combined_Late_Torrild",0.028225837179445,"a","nitrogen:appl:timeid:var","CGR_tt_51_61","DFG2021","all","51_61",NA
"220_Combined_Early_Apertus",0.0275827749817033,"a","nitrogen:appl:timeid:var","CGR_tt_51_61","DFG2021","all","51_61",NA
"220_Combined_Late_Esket",0.0261894735532632,"a","nitrogen:appl:timeid:var","CGR_tt_51_61","DFG2021","all","51_61",NA
"220_Split_Late_Alves",0.025825837191445,"a","nitrogen:appl:timeid:var","CGR_tt_51_61","DFG2021","all","51_61",NA
"176_Split_Early_Torrild",0.0257799041773205,"a","nitrogen:appl:timeid:var","CGR_tt_51_61","DFG2021","all","51_61",NA
"176_Split_Late_Potenzial",0.0253167462848995,"a","nitrogen:appl:timeid:var","CGR_tt_51_61","DFG2021","all","51_61",NA
"176_Split_Early_Esket",0.024570334805378,"a","nitrogen:appl:timeid:var","CGR_tt_51_61","DFG2021","all","51_61",NA
"220_Combined_Late_Alves",0.0240803826547177,"a","nitrogen:appl:timeid:var","CGR_tt_51_61","DFG2021","all","51_61",NA
"176_Combined_Late_Capone",0.0226602869680383,"a","nitrogen:appl:timeid:var","CGR_tt_51_61","DFG2021","all","51_61",NA
"220_Combined_Early_Pionier",0.0220248802726507,"a","nitrogen:appl:timeid:var","CGR_tt_51_61","DFG2021","all","51_61",NA
"176_Split_Late_Apertus",0.021596172140823,"a","nitrogen:appl:timeid:var","CGR_tt_51_61","DFG2021","all","51_61",NA
"176_Combined_Late_Potenzial",0.0206698563559809,"a","nitrogen:appl:timeid:var","CGR_tt_51_61","DFG2021","all","51_61",NA
"176_Combined_Early_Torrild",0.0203521530082871,"a","nitrogen:appl:timeid:var","CGR_tt_51_61","DFG2021","all","51_61",NA
"176_Combined_Early_Alves",0.0199846888952919,"a","nitrogen:appl:timeid:var","CGR_tt_51_61","DFG2021","all","51_61",NA
"176_Combined_Early_Pionier",0.0196861243034832,"a","nitrogen:appl:timeid:var","CGR_tt_51_61","DFG2021","all","51_61",NA
"176_Combined_Early_Patras",0.019081339617512,"a","nitrogen:appl:timeid:var","CGR_tt_51_61","DFG2021","all","51_61",NA
"220_Combined_Late_Potenzial",0.0190622008616268,"a","nitrogen:appl:timeid:var","CGR_tt_51_61","DFG2021","all","51_61",NA
"220_Split_Early_Patras",0.0182468898609187,"a","nitrogen:appl:timeid:var","CGR_tt_51_61","DFG2021","all","51_61",NA
"176_Split_Early_Alves",0.0178832534991005,"a","nitrogen:appl:timeid:var","CGR_tt_51_61","DFG2021","all","51_61",NA
"176_Split_Late_Capone",0.0178794257479235,"a","nitrogen:appl:timeid:var","CGR_tt_51_61","DFG2021","all","51_61",NA
"176_Combined_Late_Pionier",0.0172019137895885,"a","nitrogen:appl:timeid:var","CGR_tt_51_61","DFG2021","all","51_61",NA
"220_Split_Late_Potenzial",0.0171215310148708,"a","nitrogen:appl:timeid:var","CGR_tt_51_61","DFG2021","all","51_61",NA
"220_Split_Early_Capone",0.0160191386758851,"a","nitrogen:appl:timeid:var","CGR_tt_51_61","DFG2021","all","51_61",NA
"176_Combined_Late_Alves",0.015659330065244,"a","nitrogen:appl:timeid:var","CGR_tt_51_61","DFG2021","all","51_61",NA
"220_Split_Late_Patras",0.0156363635581818,"a","nitrogen:appl:timeid:var","CGR_tt_51_61","DFG2021","all","51_61",NA
"220_Combined_Late_Patras",0.0156057415487656,"a","nitrogen:appl:timeid:var","CGR_tt_51_61","DFG2021","all","51_61",NA
"220_Combined_Late_Pionier",0.0155330142764019,"a","nitrogen:appl:timeid:var","CGR_tt_51_61","DFG2021","all","51_61",NA
"176_Split_Late_Torrild",0.0155291865252249,"a","nitrogen:appl:timeid:var","CGR_tt_51_61","DFG2021","all","51_61",NA
"176_Split_Late_Pionier",0.0152995214546029,"a","nitrogen:appl:timeid:var","CGR_tt_51_61","DFG2021","all","51_61",NA
"176_Combined_Early_Capone",0.0143196171532823,"a","nitrogen:appl:timeid:var","CGR_tt_51_61","DFG2021","all","51_61",NA
"220_Split_Late_Apertus",0.0139330142844019,"a","nitrogen:appl:timeid:var","CGR_tt_51_61","DFG2021","all","51_61",NA
"220_Combined_Early_Torrild",0.0134354066313875,"a","nitrogen:appl:timeid:var","CGR_tt_51_61","DFG2021","all","51_61",NA
"220_Split_Early_Apertus",0.013366507110201,"a","nitrogen:appl:timeid:var","CGR_tt_51_61","DFG2021","all","51_61",NA
"176_Combined_Early_Esket",0.0132057415607655,"a","nitrogen:appl:timeid:var","CGR_tt_51_61","DFG2021","all","51_61",NA
"220_Split_Early_Esket",0.0131598085466412,"a","nitrogen:appl:timeid:var","CGR_tt_51_61","DFG2021","all","51_61",NA
"220_Combined_Late_Apertus",0.0129875597436746,"a","nitrogen:appl:timeid:var","CGR_tt_51_61","DFG2021","all","51_61",NA
"176_Combined_Late_Patras",0.012796172184823,"a","nitrogen:appl:timeid:var","CGR_tt_51_61","DFG2021","all","51_61",NA
"220_Split_Early_Torrild",0.0118583731464498,"a","nitrogen:appl:timeid:var","CGR_tt_51_61","DFG2021","all","51_61",NA
"220_Combined_Early_Potenzial",0.0102315788962105,"a","nitrogen:appl:timeid:var","CGR_tt_51_61","DFG2021","all","51_61",NA
"220_Combined_Late_Capone",0.00991004779733971,"a","nitrogen:appl:timeid:var","CGR_tt_51_61","DFG2021","all","51_61",NA
"176_Combined_Early_Apertus",0.00951578942610528,"a","nitrogen:appl:timeid:var","CGR_tt_51_61","DFG2021","all","51_61",NA
"220_Split_Late_Esket",0.0089607655054354,"a","nitrogen:appl:timeid:var","CGR_tt_51_61","DFG2021","all","51_61",NA
"220_Split_Early_Potenzial",0.00870813392775119,"a","nitrogen:appl:timeid:var","CGR_tt_51_61","DFG2021","all","51_61",NA
"220_Combined_Late_Torrild",0.00735311001108134,"a","nitrogen:appl:timeid:var","CGR_tt_51_61","DFG2021","all","51_61",NA
"176_Split_Early_Capone",0.00604019135735885,"a","nitrogen:appl:timeid:var","CGR_tt_51_61","DFG2021","all","51_61",NA
"220_Combined_Early_Patras",0.00526315786842107,"a","nitrogen:appl:timeid:var","CGR_tt_51_61","DFG2021","all","51_61",NA
"220_Split_Early_Pionier",0.00413779902237323,"a","nitrogen:appl:timeid:var","CGR_tt_51_61","DFG2021","all","51_61",NA
"220_Combined_Early_Alves",0.00388899519586602,"a","nitrogen:appl:timeid:var","CGR_tt_51_61","DFG2021","all","51_61",NA
"176_Split_Early_Potenzial",0.000964593296612433,"a","nitrogen:appl:timeid:var","CGR_tt_51_61","DFG2021","all","51_61",NA
"176_Split_Late_Esket",0.000555023920669847,"a","nitrogen:appl:timeid:var","CGR_tt_51_61","DFG2021","all","51_61",NA
"176_Combined_Late_Apertus",-0.000723444972459355,"a","nitrogen:appl:timeid:var","CGR_tt_51_61","DFG2021","all","51_61",NA
"176_Split_Early_Apertus",-0.00120191386958852,"a","nitrogen:appl:timeid:var","CGR_tt_51_61","DFG2021","all","51_61",NA
"220_Split_Late_Capone",-0.0026411483121531,"a","nitrogen:appl:timeid:var","CGR_tt_51_61","DFG2021","all","51_61",NA
"176_Split_Early_Patras",-0.003659330125244,"a","nitrogen:appl:timeid:var","CGR_tt_51_61","DFG2021","all","51_61",NA
"Capone",0.00924812425132021,"a","var","CGR_tt_61_87","DFG2021","all","61_87",NA
"Pionier",0.00695771692399153,"ab","var","CGR_tt_61_87","DFG2021","all","61_87",NA
"Apertus",0.00691253299906329,"ab","var","CGR_tt_61_87","DFG2021","all","61_87",NA
"Patras",0.00669481482634185,"ab","var","CGR_tt_61_87","DFG2021","all","61_87",NA
"Torrild",0.00613772361075605,"ab","var","CGR_tt_61_87","DFG2021","all","61_87",NA
"Potenzial",0.00562779074370881,"b","var","CGR_tt_61_87","DFG2021","all","61_87",NA
"Alves",0.00519098748961264,"b","var","CGR_tt_61_87","DFG2021","all","61_87",NA
"Esket",0.00488305334577398,"b","var","CGR_tt_61_87","DFG2021","all","61_87",NA
"220_Split",0.00741073323350313,"a","nitrogen:appl","CGR_tt_61_87","DFG2021","all","61_87",NA
"176_Combined",0.0067745511644505,"a","nitrogen:appl","CGR_tt_61_87","DFG2021","all","61_87",NA
"176_Split",0.00597027730072788,"a","nitrogen:appl","CGR_tt_61_87","DFG2021","all","61_87",NA
"220_Combined",0.00567081039660267,"a","nitrogen:appl","CGR_tt_61_87","DFG2021","all","61_87",NA
"176",16.9240191593829,"a","nitrogen","DMTE","DFG2021",NA,"61_87","biomass"
"220",14.3440809840531,"b","nitrogen","DMTE","DFG2021",NA,"61_87","biomass"
"220_Combined_Early_Capone",5.32599997337,"a","nitrogen:appl:timeid:var","Delta_DM_51_61","DFG2021","all","51_61",NA
"220_Split_Early_Alves",4.808999975955,"a","nitrogen:appl:timeid:var","Delta_DM_51_61","DFG2021","all","51_61",NA
"220_Split_Late_Torrild",4.7434999762825,"a","nitrogen:appl:timeid:var","Delta_DM_51_61","DFG2021","all","51_61",NA
"220_Split_Late_Pionier",4.30199997849,"a","nitrogen:appl:timeid:var","Delta_DM_51_61","DFG2021","all","51_61",NA
"176_Combined_Early_Potenzial",4.15399997923,"a","nitrogen:appl:timeid:var","Delta_DM_51_61","DFG2021","all","51_61",NA
"176_Split_Late_Patras",4.1104999794475,"a","nitrogen:appl:timeid:var","Delta_DM_51_61","DFG2021","all","51_61",NA
"176_Split_Late_Alves",4.0524999797375,"a","nitrogen:appl:timeid:var","Delta_DM_51_61","DFG2021","all","51_61",NA
"220_Combined_Early_Esket",3.9004999804975,"a","nitrogen:appl:timeid:var","Delta_DM_51_61","DFG2021","all","51_61",NA
"176_Combined_Late_Esket",3.82799998086,"a","nitrogen:appl:timeid:var","Delta_DM_51_61","DFG2021","all","51_61",NA
"176_Split_Early_Pionier",3.7874999810625,"a","nitrogen:appl:timeid:var","Delta_DM_51_61","DFG2021","all","51_61",NA
"176_Combined_Late_Torrild",3.686999981565,"a","nitrogen:appl:timeid:var","Delta_DM_51_61","DFG2021","all","51_61",NA
"220_Combined_Early_Apertus",3.602999981985,"a","nitrogen:appl:timeid:var","Delta_DM_51_61","DFG2021","all","51_61",NA
"220_Combined_Late_Esket",3.420999982895,"a","nitrogen:appl:timeid:var","Delta_DM_51_61","DFG2021","all","51_61",NA
"220_Split_Late_Alves",3.3734999831325,"a","nitrogen:appl:timeid:var","Delta_DM_51_61","DFG2021","all","51_61",NA
"176_Split_Early_Torrild",3.3674999831625,"a","nitrogen:appl:timeid:var","Delta_DM_51_61","DFG2021","all","51_61",NA
"176_Split_Late_Potenzial",3.306999983465,"a","nitrogen:appl:timeid:var","Delta_DM_51_61","DFG2021","all","51_61",NA
"176_Split_Early_Esket",3.2094999839525,"a","nitrogen:appl:timeid:var","Delta_DM_51_61","DFG2021","all","51_61",NA
"220_Combined_Late_Alves",3.1454999842725,"a","nitrogen:appl:timeid:var","Delta_DM_51_61","DFG2021","all","51_61",NA
"176_Combined_Late_Capone",2.9599999852,"a","nitrogen:appl:timeid:var","Delta_DM_51_61","DFG2021","all","51_61",NA
"220_Combined_Early_Pionier",2.876999985615,"a","nitrogen:appl:timeid:var","Delta_DM_51_61","DFG2021","all","51_61",NA
"176_Split_Late_Apertus",2.820999985895,"a","nitrogen:appl:timeid:var","Delta_DM_51_61","DFG2021","all","51_61",NA
"176_Combined_Late_Potenzial",2.6999999865,"a","nitrogen:appl:timeid:var","Delta_DM_51_61","DFG2021","all","51_61",NA
"176_Combined_Early_Torrild",2.6584999867075,"a","nitrogen:appl:timeid:var","Delta_DM_51_61","DFG2021","all","51_61",NA
"176_Combined_Early_Alves",2.6104999869475,"a","nitrogen:appl:timeid:var","Delta_DM_51_61","DFG2021","all","51_61",NA
"176_Combined_Early_Pionier",2.5714999871425,"a","nitrogen:appl:timeid:var","Delta_DM_51_61","DFG2021","all","51_61",NA
"176_Combined_Early_Patras",2.4924999875375,"a","nitrogen:appl:timeid:var","Delta_DM_51_61","DFG2021","all","51_61",NA
"220_Combined_Late_Potenzial",2.48999998755,"a","nitrogen:appl:timeid:var","Delta_DM_51_61","DFG2021","all","51_61",NA
"220_Split_Early_Patras",2.3834999880825,"a","nitrogen:appl:timeid:var","Delta_DM_51_61","DFG2021","all","51_61",NA
"176_Split_Early_Alves",2.33599998832,"a","nitrogen:appl:timeid:var","Delta_DM_51_61","DFG2021","all","51_61",NA
"176_Split_Late_Capone",2.3354999883225,"a","nitrogen:appl:timeid:var","Delta_DM_51_61","DFG2021","all","51_61",NA
"176_Combined_Late_Pionier",2.246999988765,"a","nitrogen:appl:timeid:var","Delta_DM_51_61","DFG2021","all","51_61",NA
"220_Split_Late_Potenzial",2.2364999888175,"a","nitrogen:appl:timeid:var","Delta_DM_51_61","DFG2021","all","51_61",NA
"220_Split_Early_Capone",2.0924999895375,"a","nitrogen:appl:timeid:var","Delta_DM_51_61","DFG2021","all","51_61",NA
"176_Combined_Late_Alves",2.0454999897725,"a","nitrogen:appl:timeid:var","Delta_DM_51_61","DFG2021","all","51_61",NA
"220_Split_Late_Patras",2.0424999897875,"a","nitrogen:appl:timeid:var","Delta_DM_51_61","DFG2021","all","51_61",NA
"220_Combined_Late_Patras",2.0384999898075,"a","nitrogen:appl:timeid:var","Delta_DM_51_61","DFG2021","all","51_61",NA
"220_Combined_Late_Pionier",2.028999989855,"a","nitrogen:appl:timeid:var","Delta_DM_51_61","DFG2021","all","51_61",NA
"176_Split_Late_Torrild",2.0284999898575,"a","nitrogen:appl:timeid:var","Delta_DM_51_61","DFG2021","all","51_61",NA
"176_Split_Late_Pionier",1.9984999900075,"a","nitrogen:appl:timeid:var","Delta_DM_51_61","DFG2021","all","51_61",NA
"176_Combined_Early_Capone",1.8704999906475,"a","nitrogen:appl:timeid:var","Delta_DM_51_61","DFG2021","all","51_61",NA
"220_Split_Late_Apertus",1.8199999909,"a","nitrogen:appl:timeid:var","Delta_DM_51_61","DFG2021","all","51_61",NA
"220_Combined_Early_Torrild",1.754999991225,"a","nitrogen:appl:timeid:var","Delta_DM_51_61","DFG2021","all","51_61",NA
"220_Split_Early_Apertus",1.74599999127,"a","nitrogen:appl:timeid:var","Delta_DM_51_61","DFG2021","all","51_61",NA
"176_Combined_Early_Esket",1.724999991375,"a","nitrogen:appl:timeid:var","Delta_DM_51_61","DFG2021","all","51_61",NA
"220_Split_Early_Esket",1.718999991405,"a","nitrogen:appl:timeid:var","Delta_DM_51_61","DFG2021","all","51_61",NA
"220_Combined_Late_Apertus",1.6964999915175,"a","nitrogen:appl:timeid:var","Delta_DM_51_61","DFG2021","all","51_61",NA
"176_Combined_Late_Patras",1.6714999916425,"a","nitrogen:appl:timeid:var","Delta_DM_51_61","DFG2021","all","51_61",NA
"220_Split_Early_Torrild",1.548999992255,"a","nitrogen:appl:timeid:var","Delta_DM_51_61","DFG2021","all","51_61",NA
"220_Combined_Early_Potenzial",1.3364999933175,"a","nitrogen:appl:timeid:var","Delta_DM_51_61","DFG2021","all","51_61",NA
"220_Combined_Late_Capone",1.2944999935275,"a","nitrogen:appl:timeid:var","Delta_DM_51_61","DFG2021","all","51_61",NA
"176_Combined_Early_Apertus",1.242999993785,"a","nitrogen:appl:timeid:var","Delta_DM_51_61","DFG2021","all","51_61",NA
"220_Split_Late_Esket",1.1704999941475,"a","nitrogen:appl:timeid:var","Delta_DM_51_61","DFG2021","all","51_61",NA
"220_Split_Early_Potenzial",1.1374999943125,"a","nitrogen:appl:timeid:var","Delta_DM_51_61","DFG2021","all","51_61",NA
"220_Combined_Late_Torrild",0.9604999951975,"a","nitrogen:appl:timeid:var","Delta_DM_51_61","DFG2021","all","51_61",NA
"176_Split_Early_Capone",0.788999996055,"a","nitrogen:appl:timeid:var","Delta_DM_51_61","DFG2021","all","51_61",NA
"220_Combined_Early_Patras",0.6874999965625,"a","nitrogen:appl:timeid:var","Delta_DM_51_61","DFG2021","all","51_61",NA
"220_Split_Early_Pionier",0.5404999972975,"a","nitrogen:appl:timeid:var","Delta_DM_51_61","DFG2021","all","51_61",NA
"220_Combined_Early_Alves",0.50799999746,"a","nitrogen:appl:timeid:var","Delta_DM_51_61","DFG2021","all","51_61",NA
"176_Split_Early_Potenzial",0.12599999937,"a","nitrogen:appl:timeid:var","Delta_DM_51_61","DFG2021","all","51_61",NA
"176_Split_Late_Esket",0.0724999996375,"a","nitrogen:appl:timeid:var","Delta_DM_51_61","DFG2021","all","51_61",NA
"176_Combined_Late_Apertus",-0.0944999995275,"a","nitrogen:appl:timeid:var","Delta_DM_51_61","DFG2021","all","51_61",NA
"176_Split_Early_Apertus",-0.156999999215,"a","nitrogen:appl:timeid:var","Delta_DM_51_61","DFG2021","all","51_61",NA
"220_Split_Late_Capone",-0.344999998275,"a","nitrogen:appl:timeid:var","Delta_DM_51_61","DFG2021","all","51_61",NA
"176_Split_Early_Patras",-0.47799999761,"a","nitrogen:appl:timeid:var","Delta_DM_51_61","DFG2021","all","51_61",NA
"Capone",7.61143746194281,"a","var","Delta_DM_61_87","DFG2021","all","61_87",NA
"Pionier",5.72637497136813,"ab","var","Delta_DM_61_87","DFG2021","all","61_87",NA
"Apertus",5.68918747155406,"ab","var","Delta_DM_61_87","DFG2021","all","61_87",NA
"Patras",5.50999997245,"ab","var","Delta_DM_61_87","DFG2021","all","61_87",NA
"Torrild",5.0514999747425,"ab","var","Delta_DM_61_87","DFG2021","all","61_87",NA
"Potenzial",4.63181247684094,"b","var","Delta_DM_61_87","DFG2021","all","61_87",NA
"Alves",4.27231247863844,"b","var","Delta_DM_61_87","DFG2021","all","61_87",NA
"Esket",4.01887497990562,"b","var","Delta_DM_61_87","DFG2021","all","61_87",NA
"220_Split",6.09921871950391,"a","nitrogen:appl","Delta_DM_61_87","DFG2021","all","61_87",NA
"176_Combined",5.57562497212187,"a","nitrogen:appl","Delta_DM_61_87","DFG2021","all","61_87",NA
"176_Split",4.91368747543156,"a","nitrogen:appl","Delta_DM_61_87","DFG2021","all","61_87",NA
"220_Combined",4.66721872666391,"a","nitrogen:appl","Delta_DM_61_87","DFG2021","all","61_87",NA
"220_Combined_Early_Capone",1.8114999909425,"a","nitrogen:appl:timeid:var","Delta_ear_51_61","DFG2021","ear","51_61",NA
"220_Split_Late_Torrild",1.76799999116,"a","nitrogen:appl:timeid:var","Delta_ear_51_61","DFG2021","ear","51_61",NA
"176_Combined_Early_Potenzial",1.676999991615,"a","nitrogen:appl:timeid:var","Delta_ear_51_61","DFG2021","ear","51_61",NA
"176_Combined_Late_Capone",1.67199999164,"a","nitrogen:appl:timeid:var","Delta_ear_51_61","DFG2021","ear","51_61",NA
"220_Split_Late_Pionier",1.5994999920025,"a","nitrogen:appl:timeid:var","Delta_ear_51_61","DFG2021","ear","51_61",NA
"220_Split_Early_Alves",1.5824999920875,"a","nitrogen:appl:timeid:var","Delta_ear_51_61","DFG2021","ear","51_61",NA
"176_Split_Late_Alves",1.4934999925325,"a","nitrogen:appl:timeid:var","Delta_ear_51_61","DFG2021","ear","51_61",NA
"220_Combined_Late_Alves",1.464999992675,"a","nitrogen:appl:timeid:var","Delta_ear_51_61","DFG2021","ear","51_61",NA
"220_Combined_Early_Pionier",1.4584999927075,"a","nitrogen:appl:timeid:var","Delta_ear_51_61","DFG2021","ear","51_61",NA
"220_Combined_Late_Pionier",1.4584999927075,"a","nitrogen:appl:timeid:var","Delta_ear_51_61","DFG2021","ear","51_61",NA
"176_Combined_Late_Torrild",1.450999992745,"a","nitrogen:appl:timeid:var","Delta_ear_51_61","DFG2021","ear","51_61",NA
"220_Split_Late_Alves",1.4094999929525,"a","nitrogen:appl:timeid:var","Delta_ear_51_61","DFG2021","ear","51_61",NA
"176_Combined_Late_Esket",1.3884999930575,"a","nitrogen:appl:timeid:var","Delta_ear_51_61","DFG2021","ear","51_61",NA
"220_Split_Late_Patras",1.3704999931475,"a","nitrogen:appl:timeid:var","Delta_ear_51_61","DFG2021","ear","51_61",NA
"220_Combined_Late_Potenzial",1.340999993295,"a","nitrogen:appl:timeid:var","Delta_ear_51_61","DFG2021","ear","51_61",NA
"220_Combined_Late_Esket",1.3244999933775,"a","nitrogen:appl:timeid:var","Delta_ear_51_61","DFG2021","ear","51_61",NA
"176_Split_Early_Pionier",1.316999993415,"a","nitrogen:appl:timeid:var","Delta_ear_51_61","DFG2021","ear","51_61",NA
"220_Combined_Late_Apertus",1.3164999934175,"a","nitrogen:appl:timeid:var","Delta_ear_51_61","DFG2021","ear","51_61",NA
"220_Split_Late_Potenzial",1.292999993535,"a","nitrogen:appl:timeid:var","Delta_ear_51_61","DFG2021","ear","51_61",NA
"220_Combined_Early_Esket",1.270999993645,"a","nitrogen:appl:timeid:var","Delta_ear_51_61","DFG2021","ear","51_61",NA
"220_Split_Late_Apertus",1.260999993695,"a","nitrogen:appl:timeid:var","Delta_ear_51_61","DFG2021","ear","51_61",NA
"176_Split_Late_Potenzial",1.2374999938125,"a","nitrogen:appl:timeid:var","Delta_ear_51_61","DFG2021","ear","51_61",NA
"176_Split_Late_Pionier",1.2284999938575,"a","nitrogen:appl:timeid:var","Delta_ear_51_61","DFG2021","ear","51_61",NA
"176_Split_Late_Patras",1.20399999398,"a","nitrogen:appl:timeid:var","Delta_ear_51_61","DFG2021","ear","51_61",NA
"176_Split_Early_Torrild",1.200999993995,"a","nitrogen:appl:timeid:var","Delta_ear_51_61","DFG2021","ear","51_61",NA
"220_Combined_Late_Patras",1.172999994135,"a","nitrogen:appl:timeid:var","Delta_ear_51_61","DFG2021","ear","51_61",NA
"220_Combined_Early_Apertus",1.1704999941475,"a","nitrogen:appl:timeid:var","Delta_ear_51_61","DFG2021","ear","51_61",NA
"220_Split_Late_Esket",1.13399999433,"a","nitrogen:appl:timeid:var","Delta_ear_51_61","DFG2021","ear","51_61",NA
"220_Split_Early_Capone",1.09399999453,"a","nitrogen:appl:timeid:var","Delta_ear_51_61","DFG2021","ear","51_61",NA
"176_Combined_Late_Pionier",1.0844999945775,"a","nitrogen:appl:timeid:var","Delta_ear_51_61","DFG2021","ear","51_61",NA
"220_Combined_Early_Torrild",1.08399999458,"a","nitrogen:appl:timeid:var","Delta_ear_51_61","DFG2021","ear","51_61",NA
"176_Split_Late_Capone",1.0799999946,"a","nitrogen:appl:timeid:var","Delta_ear_51_61","DFG2021","ear","51_61",NA
"176_Split_Late_Torrild",1.03599999482,"a","nitrogen:appl:timeid:var","Delta_ear_51_61","DFG2021","ear","51_61",NA
"220_Combined_Late_Torrild",1.018999994905,"a","nitrogen:appl:timeid:var","Delta_ear_51_61","DFG2021","ear","51_61",NA
"176_Combined_Early_Pionier",0.994999995025,"a","nitrogen:appl:timeid:var","Delta_ear_51_61","DFG2021","ear","51_61",NA
"176_Split_Late_Apertus",0.97199999514,"a","nitrogen:appl:timeid:var","Delta_ear_51_61","DFG2021","ear","51_61",NA
"220_Split_Late_Capone",0.96999999515,"a","nitrogen:appl:timeid:var","Delta_ear_51_61","DFG2021","ear","51_61",NA
"220_Combined_Early_Potenzial",0.95599999522,"a","nitrogen:appl:timeid:var","Delta_ear_51_61","DFG2021","ear","51_61",NA
"176_Combined_Late_Alves",0.93399999533,"a","nitrogen:appl:timeid:var","Delta_ear_51_61","DFG2021","ear","51_61",NA
"176_Combined_Late_Potenzial",0.930999995345,"a","nitrogen:appl:timeid:var","Delta_ear_51_61","DFG2021","ear","51_61",NA
"220_Split_Early_Patras",0.9094999954525,"a","nitrogen:appl:timeid:var","Delta_ear_51_61","DFG2021","ear","51_61",NA
"176_Combined_Early_Capone",0.890999995545,"a","nitrogen:appl:timeid:var","Delta_ear_51_61","DFG2021","ear","51_61",NA
"220_Combined_Late_Capone",0.8884999955575,"a","nitrogen:appl:timeid:var","Delta_ear_51_61","DFG2021","ear","51_61",NA
"176_Combined_Early_Patras",0.8874999955625,"a","nitrogen:appl:timeid:var","Delta_ear_51_61","DFG2021","ear","51_61",NA
"176_Split_Early_Esket",0.886999995565,"a","nitrogen:appl:timeid:var","Delta_ear_51_61","DFG2021","ear","51_61",NA
"176_Combined_Early_Torrild",0.8799999956,"a","nitrogen:appl:timeid:var","Delta_ear_51_61","DFG2021","ear","51_61",NA
"176_Combined_Late_Patras",0.87799999561,"a","nitrogen:appl:timeid:var","Delta_ear_51_61","DFG2021","ear","51_61",NA
"176_Split_Early_Alves",0.874999995625,"a","nitrogen:appl:timeid:var","Delta_ear_51_61","DFG2021","ear","51_61",NA
"220_Split_Early_Apertus",0.860999995695,"a","nitrogen:appl:timeid:var","Delta_ear_51_61","DFG2021","ear","51_61",NA
"176_Combined_Early_Alves",0.8304999958475,"a","nitrogen:appl:timeid:var","Delta_ear_51_61","DFG2021","ear","51_61",NA
"176_Split_Early_Capone",0.826999995865,"a","nitrogen:appl:timeid:var","Delta_ear_51_61","DFG2021","ear","51_61",NA
"220_Split_Early_Esket",0.8024999959875,"a","nitrogen:appl:timeid:var","Delta_ear_51_61","DFG2021","ear","51_61",NA
"176_Split_Early_Potenzial",0.790999996045,"a","nitrogen:appl:timeid:var","Delta_ear_51_61","DFG2021","ear","51_61",NA
"176_Combined_Early_Apertus",0.7874999960625,"a","nitrogen:appl:timeid:var","Delta_ear_51_61","DFG2021","ear","51_61",NA
"220_Split_Early_Potenzial",0.78399999608,"a","nitrogen:appl:timeid:var","Delta_ear_51_61","DFG2021","ear","51_61",NA
"176_Combined_Early_Esket",0.778999996105,"a","nitrogen:appl:timeid:var","Delta_ear_51_61","DFG2021","ear","51_61",NA
"220_Split_Early_Torrild",0.7764999961175,"a","nitrogen:appl:timeid:var","Delta_ear_51_61","DFG2021","ear","51_61",NA
"220_Combined_Early_Patras",0.772999996135,"a","nitrogen:appl:timeid:var","Delta_ear_51_61","DFG2021","ear","51_61",NA
"220_Split_Early_Pionier",0.7574999962125,"a","nitrogen:appl:timeid:var","Delta_ear_51_61","DFG2021","ear","51_61",NA
"176_Split_Late_Esket",0.682999996585,"a","nitrogen:appl:timeid:var","Delta_ear_51_61","DFG2021","ear","51_61",NA
"220_Combined_Early_Alves",0.574999997125,"a","nitrogen:appl:timeid:var","Delta_ear_51_61","DFG2021","ear","51_61",NA
"176_Combined_Late_Apertus",0.5484999972575,"a","nitrogen:appl:timeid:var","Delta_ear_51_61","DFG2021","ear","51_61",NA
"176_Split_Early_Apertus",0.48199999759,"a","nitrogen:appl:timeid:var","Delta_ear_51_61","DFG2021","ear","51_61",NA
"176_Split_Early_Patras",0.3824999980875,"a","nitrogen:appl:timeid:var","Delta_ear_51_61","DFG2021","ear","51_61",NA
"Capone",8.07743745961281,"a","var","Delta_ear_61_87","DFG2021","ear","61_87",NA
"Patras",7.31062496344687,"ab","var","Delta_ear_61_87","DFG2021","ear","61_87",NA
"Torrild",6.93643746531781,"ab","var","Delta_ear_61_87","DFG2021","ear","61_87",NA
"Apertus",6.69643746651781,"b","var","Delta_ear_61_87","DFG2021","ear","61_87",NA
"Pionier",6.69274996653625,"b","var","Delta_ear_61_87","DFG2021","ear","61_87",NA
"Alves",6.44487496777563,"b","var","Delta_ear_61_87","DFG2021","ear","61_87",NA
"Esket",6.19681246901594,"b","var","Delta_ear_61_87","DFG2021","ear","61_87",NA
"Potenzial",6.17781246911094,"b","var","Delta_ear_61_87","DFG2021","ear","61_87",NA
"Late",1.70937499145312,"a","timeid","Delta_spikeNr_51_61","DFG2021","biomasscut","51_61",NA
"Early",1.0124999949375,"b","timeid","Delta_spikeNr_51_61","DFG2021","biomasscut","51_61",NA
"Split_Late",1.91562499042187,"a","appl:timeid","Delta_spikeNr_51_61","DFG2021","biomasscut","51_61",NA
"Combined_Late",1.50312499248438,"b","appl:timeid","Delta_spikeNr_51_61","DFG2021","biomasscut","51_61",NA
"Combined_Early",1.20312499398437,"c","appl:timeid","Delta_spikeNr_51_61","DFG2021","biomasscut","51_61",NA
"Split_Early",0.821874995890625,"d","appl:timeid","Delta_spikeNr_51_61","DFG2021","biomasscut","51_61",NA
"220_Split_Late_Pionier",4.04999997975,"a","nitrogen:appl:timeid:var","Delta_spikeNr_51_61","DFG2021","biomasscut","51_61",NA
"220_Combined_Late_Pionier",3.599999982,"ab","nitrogen:appl:timeid:var","Delta_spikeNr_51_61","DFG2021","biomasscut","51_61",NA
"220_Split_Late_Apertus",2.94999998525,"ab","nitrogen:appl:timeid:var","Delta_spikeNr_51_61","DFG2021","biomasscut","51_61",NA
"220_Split_Late_Alves",2.64999998675,"abc","nitrogen:appl:timeid:var","Delta_spikeNr_51_61","DFG2021","biomasscut","51_61",NA
"220_Combined_Early_Esket",2.599999987,"abc","nitrogen:appl:timeid:var","Delta_spikeNr_51_61","DFG2021","biomasscut","51_61",NA
"220_Combined_Late_Potenzial",2.599999987,"abc","nitrogen:appl:timeid:var","Delta_spikeNr_51_61","DFG2021","biomasscut","51_61",NA
"176_Split_Early_Pionier",2.54999998725,"abc","nitrogen:appl:timeid:var","Delta_spikeNr_51_61","DFG2021","biomasscut","51_61",NA
"176_Split_Late_Alves",2.54999998725,"abc","nitrogen:appl:timeid:var","Delta_spikeNr_51_61","DFG2021","biomasscut","51_61",NA
"176_Split_Late_Pionier",2.399999988,"abc","nitrogen:appl:timeid:var","Delta_spikeNr_51_61","DFG2021","biomasscut","51_61",NA
"220_Split_Late_Torrild",2.34999998825,"abc","nitrogen:appl:timeid:var","Delta_spikeNr_51_61","DFG2021","biomasscut","51_61",NA
"220_Split_Early_Alves",2.34999998825,"abc","nitrogen:appl:timeid:var","Delta_spikeNr_51_61","DFG2021","biomasscut","51_61",NA
"176_Combined_Late_Pionier",2.2999999885,"abc","nitrogen:appl:timeid:var","Delta_spikeNr_51_61","DFG2021","biomasscut","51_61",NA
"220_Combined_Late_Alves",2.24999998875,"abc","nitrogen:appl:timeid:var","Delta_spikeNr_51_61","DFG2021","biomasscut","51_61",NA
"220_Split_Late_Potenzial",2.24999998875,"abc","nitrogen:appl:timeid:var","Delta_spikeNr_51_61","DFG2021","biomasscut","51_61",NA
"220_Combined_Early_Capone",2.199999989,"abc","nitrogen:appl:timeid:var","Delta_spikeNr_51_61","DFG2021","biomasscut","51_61",NA
"220_Combined_Early_Pionier",2.0999999895,"abc","nitrogen:appl:timeid:var","Delta_spikeNr_51_61","DFG2021","biomasscut","51_61",NA
"220_Combined_Late_Apertus",2.0999999895,"abc","nitrogen:appl:timeid:var","Delta_spikeNr_51_61","DFG2021","biomasscut","51_61",NA
"176_Split_Late_Potenzial",1.99999999,"abc","nitrogen:appl:timeid:var","Delta_spikeNr_51_61","DFG2021","biomasscut","51_61",NA
"220_Combined_Early_Apertus",1.94999999025,"abc","nitrogen:appl:timeid:var","Delta_spikeNr_51_61","DFG2021","biomasscut","51_61",NA
"220_Combined_Late_Esket",1.8999999905,"abc","nitrogen:appl:timeid:var","Delta_spikeNr_51_61","DFG2021","biomasscut","51_61",NA
"176_Combined_Late_Esket",1.74999999125,"abc","nitrogen:appl:timeid:var","Delta_spikeNr_51_61","DFG2021","biomasscut","51_61",NA
"220_Split_Late_Esket",1.74999999125,"abc","nitrogen:appl:timeid:var","Delta_spikeNr_51_61","DFG2021","biomasscut","51_61",NA
"176_Combined_Early_Potenzial",1.6999999915,"abc","nitrogen:appl:timeid:var","Delta_spikeNr_51_61","DFG2021","biomasscut","51_61",NA
"176_Split_Late_Patras",1.6999999915,"abc","nitrogen:appl:timeid:var","Delta_spikeNr_51_61","DFG2021","biomasscut","51_61",NA
"176_Combined_Early_Pionier",1.599999992,"abc","nitrogen:appl:timeid:var","Delta_spikeNr_51_61","DFG2021","biomasscut","51_61",NA
"176_Split_Late_Apertus",1.599999992,"abc","nitrogen:appl:timeid:var","Delta_spikeNr_51_61","DFG2021","biomasscut","51_61",NA
"220_Split_Early_Apertus",1.599999992,"abc","nitrogen:appl:timeid:var","Delta_spikeNr_51_61","DFG2021","biomasscut","51_61",NA
"176_Combined_Late_Capone",1.4999999925,"abc","nitrogen:appl:timeid:var","Delta_spikeNr_51_61","DFG2021","biomasscut","51_61",NA
"176_Combined_Late_Torrild",1.44999999275,"abc","nitrogen:appl:timeid:var","Delta_spikeNr_51_61","DFG2021","biomasscut","51_61",NA
"176_Split_Early_Esket",1.34999999325,"abc","nitrogen:appl:timeid:var","Delta_spikeNr_51_61","DFG2021","biomasscut","51_61",NA
"176_Split_Late_Capone",1.199999994,"abc","nitrogen:appl:timeid:var","Delta_spikeNr_51_61","DFG2021","biomasscut","51_61",NA
"176_Split_Late_Torrild",1.14999999425,"abc","nitrogen:appl:timeid:var","Delta_spikeNr_51_61","DFG2021","biomasscut","51_61",NA
"176_Split_Early_Torrild",1.0999999945,"abc","nitrogen:appl:timeid:var","Delta_spikeNr_51_61","DFG2021","biomasscut","51_61",NA
"220_Combined_Late_Patras",1.04999999475,"abc","nitrogen:appl:timeid:var","Delta_spikeNr_51_61","DFG2021","biomasscut","51_61",NA
"220_Combined_Early_Torrild",1.04999999475,"abc","nitrogen:appl:timeid:var","Delta_spikeNr_51_61","DFG2021","biomasscut","51_61",NA
"220_Split_Early_Capone",0.999999995,"abc","nitrogen:appl:timeid:var","Delta_spikeNr_51_61","DFG2021","biomasscut","51_61",NA
"220_Combined_Early_Potenzial",0.94999999525,"abc","nitrogen:appl:timeid:var","Delta_spikeNr_51_61","DFG2021","biomasscut","51_61",NA
"176_Combined_Early_Torrild",0.8999999955,"abc","nitrogen:appl:timeid:var","Delta_spikeNr_51_61","DFG2021","biomasscut","51_61",NA
"220_Split_Early_Pionier",0.84999999575,"abc","nitrogen:appl:timeid:var","Delta_spikeNr_51_61","DFG2021","biomasscut","51_61",NA
"176_Combined_Late_Alves",0.84999999575,"abc","nitrogen:appl:timeid:var","Delta_spikeNr_51_61","DFG2021","biomasscut","51_61",NA
"220_Combined_Early_Patras",0.84999999575,"abc","nitrogen:appl:timeid:var","Delta_spikeNr_51_61","DFG2021","biomasscut","51_61",NA
"220_Split_Early_Esket",0.84999999575,"abc","nitrogen:appl:timeid:var","Delta_spikeNr_51_61","DFG2021","biomasscut","51_61",NA
"220_Split_Late_Patras",0.84999999575,"abc","nitrogen:appl:timeid:var","Delta_spikeNr_51_61","DFG2021","biomasscut","51_61",NA
"220_Combined_Late_Torrild",0.799999996,"abc","nitrogen:appl:timeid:var","Delta_spikeNr_51_61","DFG2021","biomasscut","51_61",NA
"176_Combined_Early_Alves",0.799999996,"abc","nitrogen:appl:timeid:var","Delta_spikeNr_51_61","DFG2021","biomasscut","51_61",NA
"176_Combined_Early_Capone",0.799999996,"abc","nitrogen:appl:timeid:var","Delta_spikeNr_51_61","DFG2021","biomasscut","51_61",NA
"220_Split_Early_Patras",0.799999996,"abc","nitrogen:appl:timeid:var","Delta_spikeNr_51_61","DFG2021","biomasscut","51_61",NA
"176_Combined_Early_Patras",0.74999999625,"abc","nitrogen:appl:timeid:var","Delta_spikeNr_51_61","DFG2021","biomasscut","51_61",NA
"220_Split_Late_Capone",0.74999999625,"abc","nitrogen:appl:timeid:var","Delta_spikeNr_51_61","DFG2021","biomasscut","51_61",NA
"176_Combined_Late_Apertus",0.6999999965,"abc","nitrogen:appl:timeid:var","Delta_spikeNr_51_61","DFG2021","biomasscut","51_61",NA
"176_Combined_Early_Apertus",0.64999999675,"abc","nitrogen:appl:timeid:var","Delta_spikeNr_51_61","DFG2021","biomasscut","51_61",NA
"176_Combined_Late_Potenzial",0.64999999675,"abc","nitrogen:appl:timeid:var","Delta_spikeNr_51_61","DFG2021","biomasscut","51_61",NA
"176_Split_Early_Alves",0.64999999675,"abc","nitrogen:appl:timeid:var","Delta_spikeNr_51_61","DFG2021","biomasscut","51_61",NA
"176_Split_Early_Capone",0.4999999975,"abc","nitrogen:appl:timeid:var","Delta_spikeNr_51_61","DFG2021","biomasscut","51_61",NA
"176_Split_Early_Potenzial",0.4999999975,"abc","nitrogen:appl:timeid:var","Delta_spikeNr_51_61","DFG2021","biomasscut","51_61",NA
"176_Split_Late_Esket",0.44999999775,"abc","nitrogen:appl:timeid:var","Delta_spikeNr_51_61","DFG2021","biomasscut","51_61",NA
"176_Combined_Early_Esket",0.399999998,"abc","nitrogen:appl:timeid:var","Delta_spikeNr_51_61","DFG2021","biomasscut","51_61",NA
"220_Combined_Late_Capone",0.34999999825,"abc","nitrogen:appl:timeid:var","Delta_spikeNr_51_61","DFG2021","biomasscut","51_61",NA
"176_Split_Early_Apertus",0.199999999000001,"abc","nitrogen:appl:timeid:var","Delta_spikeNr_51_61","DFG2021","biomasscut","51_61",NA
"176_Combined_Late_Patras",0.199999999,"abc","nitrogen:appl:timeid:var","Delta_spikeNr_51_61","DFG2021","biomasscut","51_61",NA
"220_Split_Early_Torrild",0.0999999995,"bc","nitrogen:appl:timeid:var","Delta_spikeNr_51_61","DFG2021","biomasscut","51_61",NA
"220_Combined_Early_Alves",-0.04999999975,"bc","nitrogen:appl:timeid:var","Delta_spikeNr_51_61","DFG2021","biomasscut","51_61",NA
"220_Split_Early_Potenzial",-0.0999999995,"bc","nitrogen:appl:timeid:var","Delta_spikeNr_51_61","DFG2021","biomasscut","51_61",NA
"176_Split_Early_Patras",-1.14999999425,"c","nitrogen:appl:timeid:var","Delta_spikeNr_51_61","DFG2021","biomasscut","51_61",NA
"Late",-1.02656249486719,"a","timeid","Delta_tillerNr_31_41","DFG2021","biomasscut","31_41",NA
"Early",-3.4999999825,"b","timeid","Delta_tillerNr_31_41","DFG2021","biomasscut","31_41",NA
"Split_Late_Torrild",-1.4999999925,"a","appl:timeid:var","Delta_tillerNr_31_61","DFG2021","biomasscut","31_61",NA
"Combined_Late_Torrild",-1.6999999915,"a","appl:timeid:var","Delta_tillerNr_31_61","DFG2021","biomasscut","31_61",NA
"Split_Late_Pionier",-1.724999991375,"a","appl:timeid:var","Delta_tillerNr_31_61","DFG2021","biomasscut","31_61",NA
"Combined_Late_Potenzial",-1.84999999075,"ab","appl:timeid:var","Delta_tillerNr_31_61","DFG2021","biomasscut","31_61",NA
"Split_Late_Patras",-2.074999989625,"ab","appl:timeid:var","Delta_tillerNr_31_61","DFG2021","biomasscut","31_61",NA
"Split_Late_Alves",-2.124999989375,"ab","appl:timeid:var","Delta_tillerNr_31_61","DFG2021","biomasscut","31_61",NA
"Split_Late_Potenzial",-2.24999998875,"ab","appl:timeid:var","Delta_tillerNr_31_61","DFG2021","biomasscut","31_61",NA
"Combined_Late_Pionier",-2.34999998825,"abc","appl:timeid:var","Delta_tillerNr_31_61","DFG2021","biomasscut","31_61",NA
"Combined_Late_Esket",-2.44999998775,"abc","appl:timeid:var","Delta_tillerNr_31_61","DFG2021","biomasscut","31_61",NA
"Combined_Early_Esket",-2.774999986125,"abcd","appl:timeid:var","Delta_tillerNr_31_61","DFG2021","biomasscut","31_61",NA
"Combined_Late_Alves",-2.799999986,"abcd","appl:timeid:var","Delta_tillerNr_31_61","DFG2021","biomasscut","31_61",NA
"Split_Late_Apertus",-2.874999985625,"abcd","appl:timeid:var","Delta_tillerNr_31_61","DFG2021","biomasscut","31_61",NA
"Combined_Late_Patras",-2.974999985125,"abcd","appl:timeid:var","Delta_tillerNr_31_61","DFG2021","biomasscut","31_61",NA
"Combined_Early_Capone",-3.274999983625,"abcd","appl:timeid:var","Delta_tillerNr_31_61","DFG2021","biomasscut","31_61",NA
"Split_Early_Esket",-3.4999999825,"abcd","appl:timeid:var","Delta_tillerNr_31_61","DFG2021","biomasscut","31_61",NA
"Combined_Late_Apertus",-3.874999980625,"abcd","appl:timeid:var","Delta_tillerNr_31_61","DFG2021","biomasscut","31_61",NA
"Split_Early_Pionier",-3.94999998025,"abcd","appl:timeid:var","Delta_tillerNr_31_61","DFG2021","biomasscut","31_61",NA
"Split_Early_Patras",-3.99999998,"abcd","appl:timeid:var","Delta_tillerNr_31_61","DFG2021","biomasscut","31_61",NA
"Combined_Early_Potenzial",-4.024999979875,"abcd","appl:timeid:var","Delta_tillerNr_31_61","DFG2021","biomasscut","31_61",NA
"Split_Late_Capone",-4.024999979875,"abcd","appl:timeid:var","Delta_tillerNr_31_61","DFG2021","biomasscut","31_61",NA
"Combined_Late_Capone",-4.074999979625,"abcd","appl:timeid:var","Delta_tillerNr_31_61","DFG2021","biomasscut","31_61",NA
"Combined_Early_Apertus",-4.274999978625,"abcde","appl:timeid:var","Delta_tillerNr_31_61","DFG2021","biomasscut","31_61",NA
"Split_Early_Torrild",-4.34999997825,"abcde","appl:timeid:var","Delta_tillerNr_31_61","DFG2021","biomasscut","31_61",NA
"Split_Early_Potenzial",-4.399999978,"abcde","appl:timeid:var","Delta_tillerNr_31_61","DFG2021","biomasscut","31_61",NA
"Split_Early_Alves",-4.599999977,"abcde","appl:timeid:var","Delta_tillerNr_31_61","DFG2021","biomasscut","31_61",NA
"Combined_Early_Torrild",-4.674999976625,"abcde","appl:timeid:var","Delta_tillerNr_31_61","DFG2021","biomasscut","31_61",NA
"Split_Early_Apertus",-5.224999973875,"bcde","appl:timeid:var","Delta_tillerNr_31_61","DFG2021","biomasscut","31_61",NA
"Combined_Early_Patras",-5.274999973625,"bcde","appl:timeid:var","Delta_tillerNr_31_61","DFG2021","biomasscut","31_61",NA
"Combined_Early_Pionier",-5.74999997125,"cde","appl:timeid:var","Delta_tillerNr_31_61","DFG2021","biomasscut","31_61",NA
"Split_Late_Esket",-6.074999969625,"de","appl:timeid:var","Delta_tillerNr_31_61","DFG2021","biomasscut","31_61",NA
"Split_Early_Capone",-6.124999969375,"de","appl:timeid:var","Delta_tillerNr_31_61","DFG2021","biomasscut","31_61",NA
"Combined_Early_Alves",-7.599999962,"e","appl:timeid:var","Delta_tillerNr_31_61","DFG2021","biomasscut","31_61",NA
"Torrild",0.58124999709375,"a","var","Delta_tillerNr_41_51","DFG2021","biomasscut","41_51",NA
"Alves",-0.43124999784375,"ab","var","Delta_tillerNr_41_51","DFG2021","biomasscut","41_51",NA
"Patras",-0.4374999978125,"ab","var","Delta_tillerNr_41_51","DFG2021","biomasscut","41_51",NA
"Potenzial",-0.58124999709375,"ab","var","Delta_tillerNr_41_51","DFG2021","biomasscut","41_51",NA
"Capone",-0.83124999584375,"ab","var","Delta_tillerNr_41_51","DFG2021","biomasscut","41_51",NA
"Apertus",-0.90624999546875,"ab","var","Delta_tillerNr_41_51","DFG2021","biomasscut","41_51",NA
"Esket",-1.06874999465625,"ab","var","Delta_tillerNr_41_51","DFG2021","biomasscut","41_51",NA
"Pionier",-1.79374999103125,"b","var","Delta_tillerNr_41_51","DFG2021","biomasscut","41_51",NA
"176_Early",-0.171874999140625,"a","nitrogen:timeid","Delta_tillerNr_41_51","DFG2021","biomasscut","41_51",NA
"220_Early",-0.624999996875,"b","nitrogen:timeid","Delta_tillerNr_41_51","DFG2021","biomasscut","41_51",NA
"220_Late",-0.709374996453125,"b","nitrogen:timeid","Delta_tillerNr_41_51","DFG2021","biomasscut","41_51",NA
"176_Late",-1.22812499385938,"c","nitrogen:timeid","Delta_tillerNr_41_51","DFG2021","biomasscut","41_51",NA
"Combined_Torrild",0.799999996,"a","appl:var","Delta_tillerNr_41_51","DFG2021","biomasscut","41_51",NA
"Split_Torrild",0.3624999981875,"ab","appl:var","Delta_tillerNr_41_51","DFG2021","biomasscut","41_51",NA
"Split_Apertus",0.24999999875,"ab","appl:var","Delta_tillerNr_41_51","DFG2021","biomasscut","41_51",NA
"Combined_Alves",-0.0249999998749999,"abc","appl:var","Delta_tillerNr_41_51","DFG2021","biomasscut","41_51",NA
"Combined_Potenzial",-0.3124999984375,"abc","appl:var","Delta_tillerNr_41_51","DFG2021","biomasscut","41_51",NA
"Combined_Patras",-0.4374999978125,"abc","appl:var","Delta_tillerNr_41_51","DFG2021","biomasscut","41_51",NA
"Split_Patras",-0.4374999978125,"abc","appl:var","Delta_tillerNr_41_51","DFG2021","biomasscut","41_51",NA
"Combined_Capone",-0.6124999969375,"abc","appl:var","Delta_tillerNr_41_51","DFG2021","biomasscut","41_51",NA
"Combined_Pionier",-0.824999995875,"abc","appl:var","Delta_tillerNr_41_51","DFG2021","biomasscut","41_51",NA
"Split_Alves",-0.8374999958125,"abc","appl:var","Delta_tillerNr_41_51","DFG2021","biomasscut","41_51",NA
"Split_Potenzial",-0.84999999575,"abc","appl:var","Delta_tillerNr_41_51","DFG2021","biomasscut","41_51",NA
"Combined_Esket",-0.9624999951875,"abc","appl:var","Delta_tillerNr_41_51","DFG2021","biomasscut","41_51",NA
"Split_Capone",-1.04999999475,"abc","appl:var","Delta_tillerNr_41_51","DFG2021","biomasscut","41_51",NA
"Split_Esket",-1.174999994125,"abc","appl:var","Delta_tillerNr_41_51","DFG2021","biomasscut","41_51",NA
"Combined_Apertus",-2.0624999896875,"bc","appl:var","Delta_tillerNr_41_51","DFG2021","biomasscut","41_51",NA
"Split_Pionier",-2.7624999861875,"c","appl:var","Delta_tillerNr_41_51","DFG2021","biomasscut","41_51",NA
"Capone",40.840632999478,"a","var","E","DFG2021",NA,"31_61",NA
"Apertus",35.84324874525,"ab","var","E","DFG2021",NA,"31_61",NA
"Pionier",34.82947655608,"ab","var","E","DFG2021",NA,"31_61",NA
"Patras",33.8816765782728,"ab","var","E","DFG2021",NA,"31_61",NA
"Esket",31.9188361355087,"b","var","E","DFG2021",NA,"31_61",NA
"Potenzial",31.7230419730077,"b","var","E","DFG2021",NA,"31_61",NA
"Torrild",31.0314314395898,"b","var","E","DFG2021",NA,"31_61",NA
"Alves",30.7533792847336,"b","var","E","DFG2021",NA,"31_61",NA
"220_Combined_Early_Capone",0.0138679425143923,"a","nitrogen:appl:timeid:var","EGR_tt_51_61","DFG2021","ear","51_61",NA
"220_Split_Late_Torrild",0.0135349281619904,"a","nitrogen:appl:timeid:var","EGR_tt_51_61","DFG2021","ear","51_61",NA
"176_Combined_Early_Potenzial",0.0128382774477703,"a","nitrogen:appl:timeid:var","EGR_tt_51_61","DFG2021","ear","51_61",NA
"176_Combined_Late_Capone",0.012799999936,"a","nitrogen:appl:timeid:var","EGR_tt_51_61","DFG2021","ear","51_61",NA
"220_Split_Late_Pionier",0.0122449760153301,"a","nitrogen:appl:timeid:var","EGR_tt_51_61","DFG2021","ear","51_61",NA
"220_Split_Early_Alves",0.012114832475311,"a","nitrogen:appl:timeid:var","EGR_tt_51_61","DFG2021","ear","51_61",NA
"176_Split_Late_Alves",0.0114334927657991,"a","nitrogen:appl:timeid:var","EGR_tt_51_61","DFG2021","ear","51_61",NA
"220_Combined_Late_Alves",0.0112153109487081,"a","nitrogen:appl:timeid:var","EGR_tt_51_61","DFG2021","ear","51_61",NA
"220_Combined_Early_Pionier",0.0111655501834067,"a","nitrogen:appl:timeid:var","EGR_tt_51_61","DFG2021","ear","51_61",NA
"220_Combined_Late_Pionier",0.0111655501834067,"a","nitrogen:appl:timeid:var","EGR_tt_51_61","DFG2021","ear","51_61",NA
"176_Combined_Late_Torrild",0.0111081339157512,"a","nitrogen:appl:timeid:var","EGR_tt_51_61","DFG2021","ear","51_61",NA
"220_Split_Late_Alves",0.0107904305680574,"a","nitrogen:appl:timeid:var","EGR_tt_51_61","DFG2021","ear","51_61",NA
"176_Combined_Late_Esket",0.010629665018622,"a","nitrogen:appl:timeid:var","EGR_tt_51_61","DFG2021","ear","51_61",NA
"220_Split_Late_Patras",0.0104918659762488,"a","nitrogen:appl:timeid:var","EGR_tt_51_61","DFG2021","ear","51_61",NA
"220_Combined_Late_Potenzial",0.0102660286568038,"a","nitrogen:appl:timeid:var","EGR_tt_51_61","DFG2021","ear","51_61",NA
"220_Combined_Late_Esket",0.0101397128679617,"a","nitrogen:appl:timeid:var","EGR_tt_51_61","DFG2021","ear","51_61",NA
"176_Split_Early_Pionier",0.0100822966003062,"a","nitrogen:appl:timeid:var","EGR_tt_51_61","DFG2021","ear","51_61",NA
"220_Combined_Late_Apertus",0.0100784688491292,"a","nitrogen:appl:timeid:var","EGR_tt_51_61","DFG2021","ear","51_61",NA
"220_Split_Late_Potenzial",0.0098985645438086,"a","nitrogen:appl:timeid:var","EGR_tt_51_61","DFG2021","ear","51_61",NA
"220_Combined_Early_Esket",0.00973014349201912,"a","nitrogen:appl:timeid:var","EGR_tt_51_61","DFG2021","ear","51_61",NA
"220_Split_Late_Apertus",0.00965358846847846,"a","nitrogen:appl:timeid:var","EGR_tt_51_61","DFG2021","ear","51_61",NA
"176_Split_Late_Potenzial",0.0094736841631579,"a","nitrogen:appl:timeid:var","EGR_tt_51_61","DFG2021","ear","51_61",NA
"176_Split_Late_Pionier",0.0094047846419713,"a","nitrogen:appl:timeid:var","EGR_tt_51_61","DFG2021","ear","51_61",NA
"176_Split_Late_Patras",0.00921722483429663,"a","nitrogen:appl:timeid:var","EGR_tt_51_61","DFG2021","ear","51_61",NA
"176_Split_Early_Torrild",0.00919425832723443,"a","nitrogen:appl:timeid:var","EGR_tt_51_61","DFG2021","ear","51_61",NA
"220_Combined_Late_Patras",0.00897990426132059,"a","nitrogen:appl:timeid:var","EGR_tt_51_61","DFG2021","ear","51_61",NA
"220_Combined_Early_Apertus",0.00896076550543539,"a","nitrogen:appl:timeid:var","EGR_tt_51_61","DFG2021","ear","51_61",NA
"220_Split_Late_Esket",0.00868133966951197,"a","nitrogen:appl:timeid:var","EGR_tt_51_61","DFG2021","ear","51_61",NA
"220_Split_Early_Capone",0.0083751195753493,"a","nitrogen:appl:timeid:var","EGR_tt_51_61","DFG2021","ear","51_61",NA
"176_Combined_Late_Pionier",0.00830239230298565,"a","nitrogen:appl:timeid:var","EGR_tt_51_61","DFG2021","ear","51_61",NA
"220_Combined_Early_Torrild",0.00829856455180861,"a","nitrogen:appl:timeid:var","EGR_tt_51_61","DFG2021","ear","51_61",NA
"176_Split_Late_Capone",0.00826794254239236,"a","nitrogen:appl:timeid:var","EGR_tt_51_61","DFG2021","ear","51_61",NA
"176_Split_Late_Torrild",0.00793110043881341,"a","nitrogen:appl:timeid:var","EGR_tt_51_61","DFG2021","ear","51_61",NA
"220_Combined_Late_Torrild",0.00780095689879428,"a","nitrogen:appl:timeid:var","EGR_tt_51_61","DFG2021","ear","51_61",NA
"176_Combined_Early_Pionier",0.00761722484229665,"a","nitrogen:appl:timeid:var","EGR_tt_51_61","DFG2021","ear","51_61",NA
"176_Split_Late_Apertus",0.00744114828815311,"a","nitrogen:appl:timeid:var","EGR_tt_51_61","DFG2021","ear","51_61",NA
"220_Split_Late_Capone",0.00742583728344498,"a","nitrogen:appl:timeid:var","EGR_tt_51_61","DFG2021","ear","51_61",NA
"220_Combined_Early_Potenzial",0.00731866025048804,"a","nitrogen:appl:timeid:var","EGR_tt_51_61","DFG2021","ear","51_61",NA
"176_Combined_Late_Alves",0.00715023919869856,"a","nitrogen:appl:timeid:var","EGR_tt_51_61","DFG2021","ear","51_61",NA
"176_Combined_Late_Potenzial",0.00712727269163636,"a","nitrogen:appl:timeid:var","EGR_tt_51_61","DFG2021","ear","51_61",NA
"220_Split_Early_Patras",0.00696267939102392,"a","nitrogen:appl:timeid:var","EGR_tt_51_61","DFG2021","ear","51_61",NA
"176_Combined_Early_Capone",0.00682105259747369,"a","nitrogen:appl:timeid:var","EGR_tt_51_61","DFG2021","ear","51_61",NA
"220_Combined_Late_Capone",0.00680191384158852,"a","nitrogen:appl:timeid:var","EGR_tt_51_61","DFG2021","ear","51_61",NA
"176_Combined_Early_Patras",0.00679425833923445,"a","nitrogen:appl:timeid:var","EGR_tt_51_61","DFG2021","ear","51_61",NA
"176_Split_Early_Esket",0.00679043058805742,"a","nitrogen:appl:timeid:var","EGR_tt_51_61","DFG2021","ear","51_61",NA
"176_Combined_Early_Torrild",0.00673684207157895,"a","nitrogen:appl:timeid:var","EGR_tt_51_61","DFG2021","ear","51_61",NA
"176_Combined_Late_Patras",0.00672153106687081,"a","nitrogen:appl:timeid:var","EGR_tt_51_61","DFG2021","ear","51_61",NA
"176_Split_Early_Alves",0.00669856455980861,"a","nitrogen:appl:timeid:var","EGR_tt_51_61","DFG2021","ear","51_61",NA
"220_Split_Early_Apertus",0.00659138752685167,"a","nitrogen:appl:timeid:var","EGR_tt_51_61","DFG2021","ear","51_61",NA
"176_Combined_Early_Alves",0.00635789470505263,"a","nitrogen:appl:timeid:var","EGR_tt_51_61","DFG2021","ear","51_61",NA
"176_Split_Early_Capone",0.0063311004468134,"a","nitrogen:appl:timeid:var","EGR_tt_51_61","DFG2021","ear","51_61",NA
"220_Split_Early_Esket",0.00614354063913876,"a","nitrogen:appl:timeid:var","EGR_tt_51_61","DFG2021","ear","51_61",NA
"176_Split_Early_Potenzial",0.00605550236206698,"a","nitrogen:appl:timeid:var","EGR_tt_51_61","DFG2021","ear","51_61",NA
"176_Combined_Early_Apertus",0.00602870810382775,"a","nitrogen:appl:timeid:var","EGR_tt_51_61","DFG2021","ear","51_61",NA
"220_Split_Early_Potenzial",0.00600191384558851,"a","nitrogen:appl:timeid:var","EGR_tt_51_61","DFG2021","ear","51_61",NA
"176_Combined_Early_Esket",0.00596363633381818,"a","nitrogen:appl:timeid:var","EGR_tt_51_61","DFG2021","ear","51_61",NA
"220_Split_Early_Torrild",0.00594449757793301,"a","nitrogen:appl:timeid:var","EGR_tt_51_61","DFG2021","ear","51_61",NA
"220_Combined_Early_Patras",0.00591770331969378,"a","nitrogen:appl:timeid:var","EGR_tt_51_61","DFG2021","ear","51_61",NA
"220_Split_Early_Pionier",0.00579904303320576,"a","nitrogen:appl:timeid:var","EGR_tt_51_61","DFG2021","ear","51_61",NA
"176_Split_Late_Esket",0.00522870810782775,"a","nitrogen:appl:timeid:var","EGR_tt_51_61","DFG2021","ear","51_61",NA
"220_Combined_Early_Alves",0.00440191385358852,"a","nitrogen:appl:timeid:var","EGR_tt_51_61","DFG2021","ear","51_61",NA
"176_Combined_Late_Apertus",0.00419904304120574,"a","nitrogen:appl:timeid:var","EGR_tt_51_61","DFG2021","ear","51_61",NA
"176_Split_Early_Apertus",0.00368995213466029,"a","nitrogen:appl:timeid:var","EGR_tt_51_61","DFG2021","ear","51_61",NA
"176_Split_Early_Patras",0.00292822965043062,"a","nitrogen:appl:timeid:var","EGR_tt_51_61","DFG2021","ear","51_61",NA
"Capone",0.00981432819126127,"a","var","EGR_tt_61_87","DFG2021","ear","61_87",NA
"Patras",0.00888262806530406,"ab","var","EGR_tt_61_87","DFG2021","ear","61_87",NA
"Torrild",0.00842797905934547,"ab","var","EGR_tt_61_87","DFG2021","ear","61_87",NA
"Apertus",0.00813637187997668,"b","var","EGR_tt_61_87","DFG2021","ear","61_87",NA
"Pionier",0.00813189145716867,"b","var","EGR_tt_61_87","DFG2021","ear","61_87",NA
"Alves",0.00783071591722685,"b","var","EGR_tt_61_87","DFG2021","ear","61_87",NA
"Esket",0.00752931255917613,"b","var","EGR_tt_61_87","DFG2021","ear","61_87",NA
"Potenzial",0.00750622699080944,"b","var","EGR_tt_61_87","DFG2021","ear","61_87",NA
"Esket",93.675303358513,"a","var","FE","DFG2021",NA,"",NA
"Pionier",90.9398746826637,"a","var","FE","DFG2021",NA,"",NA
"Capone",88.0574501661951,"ab","var","FE","DFG2021",NA,"",NA
"Apertus",85.4732121923553,"abc","var","FE","DFG2021",NA,"",NA
"Alves",78.1622658305429,"abc","var","FE","DFG2021",NA,"",NA
"Potenzial",77.8585470020338,"abc","var","FE","DFG2021",NA,"",NA
"Patras",69.6445293063056,"bc","var","FE","DFG2021",NA,"",NA
"Torrild",65.9098083784887,"c","var","FE","DFG2021",NA,"",NA
"Patras",0.492022977327773,"a","var","HI","DFG2021",NA,"87","2021-07-27"
"Capone",0.487259193186664,"a","var","HI","DFG2021",NA,"87","2021-07-27"
"Esket",0.45232694467182,"b","var","HI","DFG2021",NA,"87","2021-07-27"
"Potenzial",0.449432887694124,"b","var","HI","DFG2021",NA,"87","2021-07-27"
"Torrild",0.446511076763198,"b","var","HI","DFG2021",NA,"87","2021-07-27"
"Alves",0.445145827950297,"b","var","HI","DFG2021",NA,"87","2021-07-27"
"Apertus",0.440752130438577,"b","var","HI","DFG2021",NA,"87","2021-07-27"
"Pionier",0.435188762605746,"b","var","HI","DFG2021",NA,"87","2021-07-27"
"Torrild",21.5416666666667,"a","var","Height_31","DFG2021",NA,"31","2021-04-27"
"Esket",21,"a","var","Height_31","DFG2021",NA,"31","2021-04-27"
"Potenzial",20.7083333333333,"ab","var","Height_31","DFG2021",NA,"31","2021-04-27"
"Alves",20.125,"ab","var","Height_31","DFG2021",NA,"31","2021-04-27"
"Patras",20.0416666666667,"abc","var","Height_31","DFG2021",NA,"31","2021-04-27"
"Capone",18.875,"bcd","var","Height_31","DFG2021",NA,"31","2021-04-27"
"Pionier",18.2083333333333,"cd","var","Height_31","DFG2021",NA,"31","2021-04-27"
"Apertus",17.75,"d","var","Height_31","DFG2021",NA,"31","2021-04-27"
"Patras",68.375,"a","var","Height_41","DFG2021",NA,"41","2021-05-31"
"Esket",65.7916666666667,"ab","var","Height_41","DFG2021",NA,"41","2021-05-31"
"Alves",65.5,"ab","var","Height_41","DFG2021",NA,"41","2021-05-31"
"Torrild",64.7083333333333,"ab","var","Height_41","DFG2021",NA,"41","2021-05-31"
"Potenzial",62.75,"bc","var","Height_41","DFG2021",NA,"41","2021-05-31"
"Capone",62.0833333333333,"bc","var","Height_41","DFG2021",NA,"41","2021-05-31"
"Apertus",60.9166666666667,"c","var","Height_41","DFG2021",NA,"41","2021-05-31"
"Pionier",60.2916666666667,"c","var","Height_41","DFG2021",NA,"41","2021-05-31"
"220",79.28125,"a","nitrogen","Height_51","DFG2021",NA,"51","2021-06-08"
"176",74.1354166666667,"b","nitrogen","Height_51","DFG2021",NA,"51","2021-06-08"
"Patras",80.0416666666667,"a","var","Height_51","DFG2021",NA,"51","2021-06-08"
"Esket",78.875,"a","var","Height_51","DFG2021",NA,"51","2021-06-08"
"Alves",78.7916666666667,"ab","var","Height_51","DFG2021",NA,"51","2021-06-08"
"Torrild",77.375,"abc","var","Height_51","DFG2021",NA,"51","2021-06-08"
"Potenzial",75.2083333333333,"bc","var","Height_51","DFG2021",NA,"51","2021-06-08"
"Pionier",74.7916666666667,"c","var","Height_51","DFG2021",NA,"51","2021-06-08"
"Apertus",74.375,"c","var","Height_51","DFG2021",NA,"51","2021-06-08"
"Capone",74.2083333333333,"c","var","Height_51","DFG2021",NA,"51","2021-06-08"
"220",84.96875,"a","nitrogen","Height_61","DFG2021",NA,"61","2021-06-15"
"176",82.625,"b","nitrogen","Height_61","DFG2021",NA,"61","2021-06-15"
"Alves",87.125,"a","var","Height_61","DFG2021",NA,"61","2021-06-15"
"Patras",84.7916666666667,"ab","var","Height_61","DFG2021",NA,"61","2021-06-15"
"Torrild",84.625,"ab","var","Height_61","DFG2021",NA,"61","2021-06-15"
"Esket",84.2083333333333,"ab","var","Height_61","DFG2021",NA,"61","2021-06-15"
"Pionier",83.625,"bc","var","Height_61","DFG2021",NA,"61","2021-06-15"
"Apertus",83.2083333333333,"bc","var","Height_61","DFG2021",NA,"61","2021-06-15"
"Potenzial",81.9166666666667,"bc","var","Height_61","DFG2021",NA,"61","2021-06-15"
"Capone",80.875,"c","var","Height_61","DFG2021",NA,"61","2021-06-15"
"220_Split_Alves",89.5,"a","nitrogen:appl:var","Height_61","DFG2021",NA,"61","2021-06-15"
"220_Combined_Alves",88.1666666666667,"ab","nitrogen:appl:var","Height_61","DFG2021",NA,"61","2021-06-15"
"220_Split_Patras",87,"abc","nitrogen:appl:var","Height_61","DFG2021",NA,"61","2021-06-15"
"220_Combined_Torrild",86.5,"abcd","nitrogen:appl:var","Height_61","DFG2021",NA,"61","2021-06-15"
"176_Split_Alves",85.8333333333333,"abcde","nitrogen:appl:var","Height_61","DFG2021",NA,"61","2021-06-15"
"220_Split_Esket",85.8333333333333,"abcde","nitrogen:appl:var","Height_61","DFG2021",NA,"61","2021-06-15"
"220_Split_Apertus",85.6666666666667,"abcdef","nitrogen:appl:var","Height_61","DFG2021",NA,"61","2021-06-15"
"220_Split_Pionier",85.1666666666667,"abcdefg","nitrogen:appl:var","Height_61","DFG2021",NA,"61","2021-06-15"
"176_Combined_Alves",85,"abcdefg","nitrogen:appl:var","Height_61","DFG2021",NA,"61","2021-06-15"
"220_Split_Potenzial",85,"abcdefg","nitrogen:appl:var","Height_61","DFG2021",NA,"61","2021-06-15"
"176_Combined_Patras",84.6666666666667,"bcdefgh","nitrogen:appl:var","Height_61","DFG2021",NA,"61","2021-06-15"
"176_Split_Torrild",84.6666666666667,"bcdefgh","nitrogen:appl:var","Height_61","DFG2021",NA,"61","2021-06-15"
"220_Combined_Esket",84.6666666666667,"bcdefgh","nitrogen:appl:var","Height_61","DFG2021",NA,"61","2021-06-15"
"220_Combined_Patras",84.5,"bcdefgh","nitrogen:appl:var","Height_61","DFG2021",NA,"61","2021-06-15"
"176_Split_Pionier",84.3333333333333,"bcdefgh","nitrogen:appl:var","Height_61","DFG2021",NA,"61","2021-06-15"
"220_Combined_Apertus",84.1666666666667,"bcdefghi","nitrogen:appl:var","Height_61","DFG2021",NA,"61","2021-06-15"
"176_Combined_Torrild",84,"bcdefghi","nitrogen:appl:var","Height_61","DFG2021",NA,"61","2021-06-15"
"220_Combined_Pionier",84,"bcdefghi","nitrogen:appl:var","Height_61","DFG2021",NA,"61","2021-06-15"
"220_Split_Capone",83.3333333333333,"cdefghi","nitrogen:appl:var","Height_61","DFG2021",NA,"61","2021-06-15"
"220_Split_Torrild",83.3333333333333,"cdefghi","nitrogen:appl:var","Height_61","DFG2021",NA,"61","2021-06-15"
"176_Combined_Esket",83.1666666666667,"cdefghij","nitrogen:appl:var","Height_61","DFG2021",NA,"61","2021-06-15"
"176_Split_Esket",83.1666666666667,"cdefghij","nitrogen:appl:var","Height_61","DFG2021",NA,"61","2021-06-15"
"176_Split_Patras",83,"cdefghij","nitrogen:appl:var","Height_61","DFG2021",NA,"61","2021-06-15"
"220_Combined_Potenzial",82.1666666666667,"defghij","nitrogen:appl:var","Height_61","DFG2021",NA,"61","2021-06-15"
"176_Split_Potenzial",82,"defghij","nitrogen:appl:var","Height_61","DFG2021",NA,"61","2021-06-15"
"176_Combined_Apertus",81.5,"efghij","nitrogen:appl:var","Height_61","DFG2021",NA,"61","2021-06-15"
"176_Split_Apertus",81.5,"efghij","nitrogen:appl:var","Height_61","DFG2021",NA,"61","2021-06-15"
"176_Combined_Pionier",81,"fghij","nitrogen:appl:var","Height_61","DFG2021",NA,"61","2021-06-15"
"220_Combined_Capone",80.5,"ghij","nitrogen:appl:var","Height_61","DFG2021",NA,"61","2021-06-15"
"176_Split_Capone",80.1666666666667,"hij","nitrogen:appl:var","Height_61","DFG2021",NA,"61","2021-06-15"
"176_Combined_Capone",79.5,"ij","nitrogen:appl:var","Height_61","DFG2021",NA,"61","2021-06-15"
"176_Combined_Potenzial",78.5,"j","nitrogen:appl:var","Height_61","DFG2021",NA,"61","2021-06-15"
"220",85.84375,"a","nitrogen","Height_83","DFG2021",NA,"83","2021-07-07"
"176",82.4791666666667,"b","nitrogen","Height_83","DFG2021",NA,"83","2021-07-07"
"Split",85.09375,"a","appl","Height_83","DFG2021",NA,"83","2021-07-07"
"Combined",83.2291666666667,"b","appl","Height_83","DFG2021",NA,"83","2021-07-07"
"Alves",88.5833333333333,"a","var","Height_83","DFG2021",NA,"83","2021-07-07"
"Torrild",85.375,"b","var","Height_83","DFG2021",NA,"83","2021-07-07"
"Esket",85.2083333333333,"b","var","Height_83","DFG2021",NA,"83","2021-07-07"
"Pionier",84.375,"bc","var","Height_83","DFG2021",NA,"83","2021-07-07"
"Patras",84.0833333333333,"bc","var","Height_83","DFG2021",NA,"83","2021-07-07"
"Apertus",82.8333333333333,"cd","var","Height_83","DFG2021",NA,"83","2021-07-07"
"Potenzial",81.5,"d","var","Height_83","DFG2021",NA,"83","2021-07-07"
"Capone",81.3333333333333,"d","var","Height_83","DFG2021",NA,"83","2021-07-07"
"220_Split_Early_Alves",91,"a","nitrogen:appl:timeid:var","Height_83","DFG2021",NA,"83","2021-07-07"
"220_Split_Late_Alves",90.3333333333333,"ab","nitrogen:appl:timeid:var","Height_83","DFG2021",NA,"83","2021-07-07"
"220_Combined_Late_Alves",89.3333333333333,"abc","nitrogen:appl:timeid:var","Height_83","DFG2021",NA,"83","2021-07-07"
"220_Split_Early_Esket",89.3333333333333,"abc","nitrogen:appl:timeid:var","Height_83","DFG2021",NA,"83","2021-07-07"
"176_Split_Late_Alves",89,"abcd","nitrogen:appl:timeid:var","Height_83","DFG2021",NA,"83","2021-07-07"
"220_Split_Early_Torrild",89,"abcd","nitrogen:appl:timeid:var","Height_83","DFG2021",NA,"83","2021-07-07"
"220_Split_Early_Pionier",88.6666666666667,"abcde","nitrogen:appl:timeid:var","Height_83","DFG2021",NA,"83","2021-07-07"
"176_Split_Early_Alves",88.3333333333333,"abcdef","nitrogen:appl:timeid:var","Height_83","DFG2021",NA,"83","2021-07-07"
"220_Combined_Early_Alves",88.3333333333333,"abcdef","nitrogen:appl:timeid:var","Height_83","DFG2021",NA,"83","2021-07-07"
"220_Split_Late_Torrild",88.3333333333333,"abcdef","nitrogen:appl:timeid:var","Height_83","DFG2021",NA,"83","2021-07-07"
"220_Combined_Late_Pionier",87,"bcdefg","nitrogen:appl:timeid:var","Height_83","DFG2021",NA,"83","2021-07-07"
"176_Combined_Early_Alves",86.6666666666667,"bcdefgh","nitrogen:appl:timeid:var","Height_83","DFG2021",NA,"83","2021-07-07"
"176_Split_Early_Esket",86.6666666666667,"bcdefgh","nitrogen:appl:timeid:var","Height_83","DFG2021",NA,"83","2021-07-07"
"220_Combined_Late_Torrild",86.6666666666667,"bcdefgh","nitrogen:appl:timeid:var","Height_83","DFG2021",NA,"83","2021-07-07"
"220_Split_Early_Patras",86.6666666666667,"bcdefgh","nitrogen:appl:timeid:var","Height_83","DFG2021",NA,"83","2021-07-07"
"220_Split_Late_Esket",86.6666666666667,"bcdefgh","nitrogen:appl:timeid:var","Height_83","DFG2021",NA,"83","2021-07-07"
"176_Split_Late_Pionier",86.3333333333333,"cdefghi","nitrogen:appl:timeid:var","Height_83","DFG2021",NA,"83","2021-07-07"
"176_Combined_Late_Alves",85.6666666666667,"cdefghij","nitrogen:appl:timeid:var","Height_83","DFG2021",NA,"83","2021-07-07"
"220_Combined_Early_Esket",85.6666666666667,"cdefghij","nitrogen:appl:timeid:var","Height_83","DFG2021",NA,"83","2021-07-07"
"220_Combined_Late_Esket",85.6666666666667,"cdefghij","nitrogen:appl:timeid:var","Height_83","DFG2021",NA,"83","2021-07-07"
"220_Split_Late_Apertus",85.6666666666667,"cdefghij","nitrogen:appl:timeid:var","Height_83","DFG2021",NA,"83","2021-07-07"
"220_Combined_Late_Apertus",85.3333333333333,"defghijk","nitrogen:appl:timeid:var","Height_83","DFG2021",NA,"83","2021-07-07"
"220_Combined_Late_Patras",85.3333333333333,"defghijk","nitrogen:appl:timeid:var","Height_83","DFG2021",NA,"83","2021-07-07"
"220_Split_Early_Apertus",85.3333333333333,"defghijk","nitrogen:appl:timeid:var","Height_83","DFG2021",NA,"83","2021-07-07"
"220_Split_Early_Capone",85.3333333333333,"defghijk","nitrogen:appl:timeid:var","Height_83","DFG2021",NA,"83","2021-07-07"
"220_Combined_Early_Torrild",85,"efghijkl","nitrogen:appl:timeid:var","Height_83","DFG2021",NA,"83","2021-07-07"
"220_Split_Early_Potenzial",85,"efghijkl","nitrogen:appl:timeid:var","Height_83","DFG2021",NA,"83","2021-07-07"
"220_Split_Late_Patras",85,"efghijkl","nitrogen:appl:timeid:var","Height_83","DFG2021",NA,"83","2021-07-07"
"220_Split_Late_Pionier",85,"efghijkl","nitrogen:appl:timeid:var","Height_83","DFG2021",NA,"83","2021-07-07"
"220_Split_Late_Potenzial",84.6666666666667,"fghijklm","nitrogen:appl:timeid:var","Height_83","DFG2021",NA,"83","2021-07-07"
"176_Split_Early_Torrild",84.3333333333333,"ghijklmn","nitrogen:appl:timeid:var","Height_83","DFG2021",NA,"83","2021-07-07"
"220_Combined_Early_Apertus",84.3333333333333,"ghijklmn","nitrogen:appl:timeid:var","Height_83","DFG2021",NA,"83","2021-07-07"
"220_Combined_Early_Patras",84.3333333333333,"ghijklmn","nitrogen:appl:timeid:var","Height_83","DFG2021",NA,"83","2021-07-07"
"176_Combined_Early_Torrild",84,"ghijklmn","nitrogen:appl:timeid:var","Height_83","DFG2021",NA,"83","2021-07-07"
"176_Combined_Late_Patras",83.6666666666667,"ghijklmno","nitrogen:appl:timeid:var","Height_83","DFG2021",NA,"83","2021-07-07"
"220_Combined_Early_Pionier",83.6666666666667,"ghijklmno","nitrogen:appl:timeid:var","Height_83","DFG2021",NA,"83","2021-07-07"
"220_Combined_Late_Capone",83.3333333333333,"ghijklmnop","nitrogen:appl:timeid:var","Height_83","DFG2021",NA,"83","2021-07-07"
"220_Split_Late_Capone",83.3333333333333,"ghijklmnop","nitrogen:appl:timeid:var","Height_83","DFG2021",NA,"83","2021-07-07"
"176_Split_Early_Patras",83,"hijklmnop","nitrogen:appl:timeid:var","Height_83","DFG2021",NA,"83","2021-07-07"
"176_Split_Early_Pionier",83,"hijklmnop","nitrogen:appl:timeid:var","Height_83","DFG2021",NA,"83","2021-07-07"
"176_Split_Late_Esket",83,"hijklmnop","nitrogen:appl:timeid:var","Height_83","DFG2021",NA,"83","2021-07-07"
"176_Split_Late_Patras",83,"hijklmnop","nitrogen:appl:timeid:var","Height_83","DFG2021",NA,"83","2021-07-07"
"176_Split_Late_Torrild",83,"hijklmnop","nitrogen:appl:timeid:var","Height_83","DFG2021",NA,"83","2021-07-07"
"176_Combined_Late_Torrild",82.6666666666667,"ijklmnopq","nitrogen:appl:timeid:var","Height_83","DFG2021",NA,"83","2021-07-07"
"176_Combined_Early_Esket",82.3333333333333,"jklmnopq","nitrogen:appl:timeid:var","Height_83","DFG2021",NA,"83","2021-07-07"
"176_Combined_Late_Esket",82.3333333333333,"jklmnopq","nitrogen:appl:timeid:var","Height_83","DFG2021",NA,"83","2021-07-07"
"176_Combined_Late_Pionier",82.3333333333333,"jklmnopq","nitrogen:appl:timeid:var","Height_83","DFG2021",NA,"83","2021-07-07"
"220_Combined_Early_Potenzial",82,"jklmnopqr","nitrogen:appl:timeid:var","Height_83","DFG2021",NA,"83","2021-07-07"
"176_Combined_Early_Patras",81.6666666666667,"klmnopqr","nitrogen:appl:timeid:var","Height_83","DFG2021",NA,"83","2021-07-07"
"176_Split_Late_Potenzial",81.6666666666667,"klmnopqr","nitrogen:appl:timeid:var","Height_83","DFG2021",NA,"83","2021-07-07"
"176_Split_Early_Apertus",81.3333333333333,"lmnopqr","nitrogen:appl:timeid:var","Height_83","DFG2021",NA,"83","2021-07-07"
"176_Split_Late_Capone",81.3333333333333,"lmnopqr","nitrogen:appl:timeid:var","Height_83","DFG2021",NA,"83","2021-07-07"
"176_Combined_Late_Apertus",81,"mnopqr","nitrogen:appl:timeid:var","Height_83","DFG2021",NA,"83","2021-07-07"
"220_Combined_Early_Capone",81,"mnopqr","nitrogen:appl:timeid:var","Height_83","DFG2021",NA,"83","2021-07-07"
"176_Split_Early_Potenzial",80.6666666666667,"nopqr","nitrogen:appl:timeid:var","Height_83","DFG2021",NA,"83","2021-07-07"
"220_Combined_Late_Potenzial",80.6666666666667,"nopqr","nitrogen:appl:timeid:var","Height_83","DFG2021",NA,"83","2021-07-07"
"176_Split_Late_Apertus",80,"opqr","nitrogen:appl:timeid:var","Height_83","DFG2021",NA,"83","2021-07-07"
"176_Combined_Early_Apertus",79.6666666666667,"pqr","nitrogen:appl:timeid:var","Height_83","DFG2021",NA,"83","2021-07-07"
"176_Combined_Early_Pionier",79,"qr","nitrogen:appl:timeid:var","Height_83","DFG2021",NA,"83","2021-07-07"
"176_Combined_Early_Potenzial",79,"qr","nitrogen:appl:timeid:var","Height_83","DFG2021",NA,"83","2021-07-07"
"176_Combined_Late_Capone",79,"qr","nitrogen:appl:timeid:var","Height_83","DFG2021",NA,"83","2021-07-07"
"176_Split_Early_Capone",79,"qr","nitrogen:appl:timeid:var","Height_83","DFG2021",NA,"83","2021-07-07"
"176_Combined_Early_Capone",78.3333333333333,"r","nitrogen:appl:timeid:var","Height_83","DFG2021",NA,"83","2021-07-07"
"176_Combined_Late_Potenzial",78.3333333333333,"r","nitrogen:appl:timeid:var","Height_83","DFG2021",NA,"83","2021-07-07"
"Alves",74.836616054981,"a","var","PEDM","DFG2021",NA,"61_87","biomass"
"Esket",74.7310302419208,"a","var","PEDM","DFG2021",NA,"61_87","biomass"
"Torrild",71.8515939753537,"a","var","PEDM","DFG2021",NA,"61_87","biomass"
"Potenzial",70.7103009994457,"ab","var","PEDM","DFG2021",NA,"61_87","biomass"
"Pionier",67.4883689779658,"ab","var","PEDM","DFG2021",NA,"61_87","biomass"
"Patras",67.2354440299677,"ab","var","PEDM","DFG2021",NA,"61_87","biomass"
"Apertus",66.0207023047408,"ab","var","PEDM","DFG2021",NA,"61_87","biomass"
"Capone",57.8360551608416,"b","var","PEDM","DFG2021",NA,"61_87","biomass"
"220_Combined",72.9207167772549,"a","nitrogen:appl","PEDM","DFG2021",NA,"61_87","biomass"
"176_Split",69.7557855588602,"b","nitrogen:appl","PEDM","DFG2021",NA,"61_87","biomass"
"176_Combined",66.6459917817639,"c","nitrogen:appl","PEDM","DFG2021",NA,"61_87","biomass"
"220_Split",66.0325617547296,"c","nitrogen:appl","PEDM","DFG2021",NA,"61_87","biomass"
"Late",-0.00262749550772254,"a","timeid","TGR_tt_31_41","DFG2021","biomasscut","31_41",NA
"Early",-0.00895827996544664,"b","timeid","TGR_tt_31_41","DFG2021","biomasscut","31_41",NA
"Split_Late_Torrild",-0.0022375675043042,"a","appl:timeid:var","TGR_tt_31_61","DFG2021","biomasscut","31_61",NA
"Combined_Late_Torrild",-0.00253590983821143,"a","appl:timeid:var","TGR_tt_31_61","DFG2021","biomasscut","31_61",NA
"Split_Late_Pionier",-0.00257320262994983,"a","appl:timeid:var","TGR_tt_31_61","DFG2021","biomasscut","31_61",NA
"Combined_Late_Potenzial",-0.00275966658864184,"ab","appl:timeid:var","TGR_tt_31_61","DFG2021","biomasscut","31_61",NA
"Split_Late_Patras",-0.00309530171428748,"ab","appl:timeid:var","TGR_tt_31_61","DFG2021","biomasscut","31_61",NA
"Split_Late_Alves",-0.00316988729776428,"ab","appl:timeid:var","TGR_tt_31_61","DFG2021","biomasscut","31_61",NA
"Split_Late_Potenzial",-0.0033563512564563,"ab","appl:timeid:var","TGR_tt_31_61","DFG2021","biomasscut","31_61",NA
"Combined_Late_Pionier",-0.00350552242340991,"abc","appl:timeid:var","TGR_tt_31_61","DFG2021","biomasscut","31_61",NA
"Combined_Late_Esket",-0.00365469359036352,"abc","appl:timeid:var","TGR_tt_31_61","DFG2021","biomasscut","31_61",NA
"Combined_Early_Esket",-0.00413949988296281,"abcd","appl:timeid:var","TGR_tt_31_61","DFG2021","biomasscut","31_61",NA
"Combined_Late_Alves",-0.00417679267470117,"abcd","appl:timeid:var","TGR_tt_31_61","DFG2021","biomasscut","31_61",NA
"Split_Late_Apertus",-0.00428867104991638,"abcd","appl:timeid:var","TGR_tt_31_61","DFG2021","biomasscut","31_61",NA
"Combined_Late_Patras",-0.00443784221686999,"abcd","appl:timeid:var","TGR_tt_31_61","DFG2021","biomasscut","31_61",NA
"Combined_Early_Capone",-0.00488535571773088,"abcd","appl:timeid:var","TGR_tt_31_61","DFG2021","biomasscut","31_61",NA
"Split_Early_Esket",-0.00522099084337651,"abcd","appl:timeid:var","TGR_tt_31_61","DFG2021","biomasscut","31_61",NA
"Combined_Late_Apertus",-0.00578038271945251,"abcd","appl:timeid:var","TGR_tt_31_61","DFG2021","biomasscut","31_61",NA
"Split_Early_Pionier",-0.00589226109466778,"abcd","appl:timeid:var","TGR_tt_31_61","DFG2021","biomasscut","31_61",NA
"Split_Early_Patras",-0.00596684667814459,"abcd","appl:timeid:var","TGR_tt_31_61","DFG2021","biomasscut","31_61",NA
"Split_Late_Capone",-0.00600413946988292,"abcd","appl:timeid:var","TGR_tt_31_61","DFG2021","biomasscut","31_61",NA
"Combined_Early_Potenzial",-0.00600413946988299,"abcd","appl:timeid:var","TGR_tt_31_61","DFG2021","biomasscut","31_61",NA
"Combined_Late_Capone",-0.00607872505335974,"abcd","appl:timeid:var","TGR_tt_31_61","DFG2021","biomasscut","31_61",NA
"Combined_Early_Apertus",-0.00637706738726702,"abcde","appl:timeid:var","TGR_tt_31_61","DFG2021","biomasscut","31_61",NA
"Split_Early_Torrild",-0.00648894576248224,"abcde","appl:timeid:var","TGR_tt_31_61","DFG2021","biomasscut","31_61",NA
"Split_Early_Potenzial",-0.00656353134595904,"abcde","appl:timeid:var","TGR_tt_31_61","DFG2021","biomasscut","31_61",NA
"Split_Early_Alves",-0.00686187367986628,"abcde","appl:timeid:var","TGR_tt_31_61","DFG2021","biomasscut","31_61",NA
"Combined_Early_Torrild",-0.00697375205508149,"abcde","appl:timeid:var","TGR_tt_31_61","DFG2021","biomasscut","31_61",NA
"Split_Early_Apertus",-0.00779419347332636,"bcde","appl:timeid:var","TGR_tt_31_61","DFG2021","biomasscut","31_61",NA
"Combined_Early_Patras",-0.00786877905680318,"bcde","appl:timeid:var","TGR_tt_31_61","DFG2021","biomasscut","31_61",NA
"Combined_Early_Pionier",-0.00857734209983284,"cde","appl:timeid:var","TGR_tt_31_61","DFG2021","biomasscut","31_61",NA
"Split_Late_Esket",-0.009062148392432,"de","appl:timeid:var","TGR_tt_31_61","DFG2021","biomasscut","31_61",NA
"Split_Early_Capone",-0.0091367339759089,"de","appl:timeid:var","TGR_tt_31_61","DFG2021","biomasscut","31_61",NA
"Combined_Early_Alves",-0.0113370086884747,"e","appl:timeid:var","TGR_tt_31_61","DFG2021","biomasscut","31_61",NA
"Torrild",0.00389980708681611,"a","var","TGR_tt_41_51","DFG2021","biomasscut","41_51",NA
"Alves",-0.0028934052579604,"ab","var","TGR_tt_41_51","DFG2021","biomasscut","41_51",NA
"Patras",-0.00293533866749597,"ab","var","TGR_tt_41_51","DFG2021","biomasscut","41_51",NA
"Potenzial",-0.00389980708681587,"ab","var","TGR_tt_41_51","DFG2021","biomasscut","41_51",NA
"Capone",-0.00557714346824226,"ab","var","TGR_tt_41_51","DFG2021","biomasscut","41_51",NA
"Apertus",-0.00608034438267021,"ab","var","TGR_tt_41_51","DFG2021","biomasscut","41_51",NA
"Esket",-0.00717061303059732,"ab","var","TGR_tt_41_51","DFG2021","biomasscut","41_51",NA
"Pionier",-0.0120348885367334,"b","var","TGR_tt_41_51","DFG2021","biomasscut","41_51",NA
"176_Early",-0.0011531687622306,"a","nitrogen:timeid","TGR_tt_41_51","DFG2021","biomasscut","41_51",NA
"220_Early",-0.00419334095356583,"b","nitrogen:timeid","TGR_tt_41_51","DFG2021","biomasscut","41_51",NA
"220_Late",-0.0047594419822969,"b","nitrogen:timeid","TGR_tt_41_51","DFG2021","biomasscut","41_51",NA
"176_Late",-0.00823991497375631,"c","nitrogen:timeid","TGR_tt_41_51","DFG2021","biomasscut","41_51",NA
"Combined_Torrild",0.00536747642056412,"a","appl:var","TGR_tt_41_51","DFG2021","biomasscut","41_51",NA
"Split_Torrild",0.0024321377530681,"ab","appl:var","TGR_tt_41_51","DFG2021","biomasscut","41_51",NA
"Split_Apertus",0.00167733638142623,"ab","appl:var","TGR_tt_41_51","DFG2021","biomasscut","41_51",NA
"Combined_Alves",-0.000167733638142653,"abc","appl:var","TGR_tt_41_51","DFG2021","biomasscut","41_51",NA
"Combined_Potenzial",-0.00209667047678268,"abc","appl:var","TGR_tt_41_51","DFG2021","biomasscut","41_51",NA
"Split_Patras",-0.00293533866749596,"abc","appl:var","TGR_tt_41_51","DFG2021","biomasscut","41_51",NA
"Combined_Patras",-0.00293533866749599,"abc","appl:var","TGR_tt_41_51","DFG2021","biomasscut","41_51",NA
"Combined_Capone",-0.00410947413449433,"abc","appl:var","TGR_tt_41_51","DFG2021","biomasscut","41_51",NA
"Combined_Pionier",-0.00553521005870671,"abc","appl:var","TGR_tt_41_51","DFG2021","biomasscut","41_51",NA
"Split_Alves",-0.00561907687777814,"abc","appl:var","TGR_tt_41_51","DFG2021","biomasscut","41_51",NA
"Split_Potenzial",-0.00570294369684907,"abc","appl:var","TGR_tt_41_51","DFG2021","biomasscut","41_51",NA
"Combined_Esket",-0.00645774506849117,"abc","appl:var","TGR_tt_41_51","DFG2021","biomasscut","41_51",NA
"Split_Capone",-0.0070448128019902,"abc","appl:var","TGR_tt_41_51","DFG2021","biomasscut","41_51",NA
"Split_Esket",-0.00788348099270348,"abc","appl:var","TGR_tt_41_51","DFG2021","biomasscut","41_51",NA
"Combined_Apertus",-0.0138380251467666,"bc","appl:var","TGR_tt_41_51","DFG2021","biomasscut","41_51",NA
"Split_Pionier",-0.01853456701476,"c","appl:var","TGR_tt_41_51","DFG2021","biomasscut","41_51",NA
"176",0.78092318866393,"a","nitrogen","WSCTE","DFG2021",NA,NA,NA
"220",0.661172185486792,"b","nitrogen","WSCTE","DFG2021",NA,NA,NA
"Patras",0.784249477444524,"a","var","WSCTE","DFG2021",NA,NA,NA
"Esket",0.774057727258474,"a","var","WSCTE","DFG2021",NA,NA,NA
"Alves",0.769744045386344,"a","var","WSCTE","DFG2021",NA,NA,NA
"Torrild",0.707080400385145,"a","var","WSCTE","DFG2021",NA,NA,NA
"Apertus",0.69738954721744,"a","var","WSCTE","DFG2021",NA,NA,NA
"Capone",0.690809604920416,"a","var","WSCTE","DFG2021",NA,NA,NA
"Potenzial",0.67815365603583,"a","var","WSCTE","DFG2021",NA,NA,NA
"Pionier",0.666897037954719,"a","var","WSCTE","DFG2021",NA,NA,NA
"220",8.69812495650937,"a","nitrogen","all_DM51","DFG2021","all","51","2021-06-08"
"176",7.87495308562523,"b","nitrogen","all_DM51","DFG2021","all","51","2021-06-08"
"Split",8.5558593322207,"a","appl","all_DM51","DFG2021","all","51","2021-06-08"
"Combined",8.01721870991391,"b","appl","all_DM51","DFG2021","all","51","2021-06-08"
"Capone",17.54599991227,"a","var","all_DM87","DFG2021","all","87","2021-07-27"
"Torrild",16.4247499178763,"ab","var","all_DM87","DFG2021","all","87","2021-07-27"
"Pionier",16.1540624192297,"ab","var","all_DM87","DFG2021","all","87","2021-07-27"
"Patras",15.84399992078,"ab","var","all_DM87","DFG2021","all","87","2021-07-27"
"Alves",15.6043124219784,"ab","var","all_DM87","DFG2021","all","87","2021-07-27"
"Apertus",15.4570624227147,"ab","var","all_DM87","DFG2021","all","87","2021-07-27"
"Potenzial",15.3026249234869,"ab","var","all_DM87","DFG2021","all","87","2021-07-27"
"Esket",14.5292499273537,"b","var","all_DM87","DFG2021","all","87","2021-07-27"
"Patras",2.6705093096882,"a","var","all_total_C61","DFG2021","all","61","2021-06-15"
"Torrild",2.62471955958334,"ab","var","all_total_C61","DFG2021","all","61","2021-06-15"
"Esket",2.43110268383686,"abc","var","all_total_C61","DFG2021","all","61","2021-06-15"
"Alves",2.27991665260118,"abcd","var","all_total_C61","DFG2021","all","61","2021-06-15"
"Potenzial",2.18836191646538,"abcd","var","all_total_C61","DFG2021","all","61","2021-06-15"
"Pionier",2.06412099334803,"bcd","var","all_total_C61","DFG2021","all","61","2021-06-15"
"Capone",2.02780220722652,"cd","var","all_total_C61","DFG2021","all","61","2021-06-15"
"Apertus",1.77590233887054,"d","var","all_total_C61","DFG2021","all","61","2021-06-15"
"220",0.182516200219441,"a","nitrogen","all_total_N61","DFG2021","all","61","2021-06-15"
"176",0.136120115744683,"b","nitrogen","all_total_N61","DFG2021","all","61","2021-06-15"
"220",0.206042878217698,"a","nitrogen","all_total_N87","DFG2021","all","87","2021-07-27"
"176",0.165947398577886,"b","nitrogen","all_total_N87","DFG2021","all","87","2021-07-27"
"Capone",0.204215787867401,"a","var","all_total_N87","DFG2021","all","87","2021-07-27"
"Patras",0.194045011094698,"ab","var","all_total_N87","DFG2021","all","87","2021-07-27"
"Torrild",0.19182502389961,"ab","var","all_total_N87","DFG2021","all","87","2021-07-27"
"Apertus",0.187389445391461,"ab","var","all_total_N87","DFG2021","all","87","2021-07-27"
"Pionier",0.182585851883366,"ab","var","all_total_N87","DFG2021","all","87","2021-07-27"
"Potenzial",0.179592070297412,"ab","var","all_total_N87","DFG2021","all","87","2021-07-27"
"Alves",0.1793565064703,"ab","var","all_total_N87","DFG2021","all","87","2021-07-27"
"Esket",0.168951410278084,"b","var","all_total_N87","DFG2021","all","87","2021-07-27"
"Torrild",0.294694588697093,"a","var","ear61_DM_rel","DFG2021",NA,NA,NA
"Alves",0.289666783286627,"a","var","ear61_DM_rel","DFG2021",NA,NA,NA
"Potenzial",0.284204063513909,"ab","var","ear61_DM_rel","DFG2021",NA,NA,NA
"Esket",0.264415033496177,"abc","var","ear61_DM_rel","DFG2021",NA,NA,NA
"Pionier",0.255587600697075,"abc","var","ear61_DM_rel","DFG2021",NA,NA,NA
"Patras",0.242138751162175,"abc","var","ear61_DM_rel","DFG2021",NA,NA,NA
"Apertus",0.232674256158736,"bc","var","ear61_DM_rel","DFG2021",NA,NA,NA
"Capone",0.226335396988248,"c","var","ear61_DM_rel","DFG2021",NA,NA,NA
"220_Combined",0.307019828193661,"a","nitrogen:appl","ear61_DM_rel","DFG2021",NA,NA,NA
"176_Combined",0.256216838407584,"b","nitrogen:appl","ear61_DM_rel","DFG2021",NA,NA,NA
"220_Split",0.244126038703322,"b","nitrogen:appl","ear61_DM_rel","DFG2021",NA,NA,NA
"176_Split",0.237495531695453,"b","nitrogen:appl","ear61_DM_rel","DFG2021",NA,NA,NA
"220_Alves",0.328234715670057,"a","nitrogen:var","ear61_DM_rel","DFG2021",NA,NA,NA
"220_Torrild",0.327870209322773,"a","nitrogen:var","ear61_DM_rel","DFG2021",NA,NA,NA
"220_Potenzial",0.311202272741702,"ab","nitrogen:var","ear61_DM_rel","DFG2021",NA,NA,NA
"220_Esket",0.298906899124656,"ab","nitrogen:var","ear61_DM_rel","DFG2021",NA,NA,NA
"176_Torrild",0.261518968071413,"ab","nitrogen:var","ear61_DM_rel","DFG2021",NA,NA,NA
"176_Pionier",0.259842460003394,"ab","nitrogen:var","ear61_DM_rel","DFG2021",NA,NA,NA
"176_Potenzial",0.257205854286116,"ab","nitrogen:var","ear61_DM_rel","DFG2021",NA,NA,NA
"220_Pionier",0.251332741390756,"ab","nitrogen:var","ear61_DM_rel","DFG2021",NA,NA,NA
"176_Alves",0.251098850903198,"ab","nitrogen:var","ear61_DM_rel","DFG2021",NA,NA,NA
"176_Patras",0.248902667799559,"ab","nitrogen:var","ear61_DM_rel","DFG2021",NA,NA,NA
"176_Apertus",0.2374852168955,"ab","nitrogen:var","ear61_DM_rel","DFG2021",NA,NA,NA
"220_Patras",0.23537483452479,"ab","nitrogen:var","ear61_DM_rel","DFG2021",NA,NA,NA
"176_Esket",0.229923167867699,"ab","nitrogen:var","ear61_DM_rel","DFG2021",NA,NA,NA
"176_Capone",0.22887229458527,"b","nitrogen:var","ear61_DM_rel","DFG2021",NA,NA,NA
"220_Apertus",0.227863295421972,"b","nitrogen:var","ear61_DM_rel","DFG2021",NA,NA,NA
"220_Capone",0.223798499391225,"b","nitrogen:var","ear61_DM_rel","DFG2021",NA,NA,NA
"Alves",0.322079269184878,"a","var","ear61_N_rel","DFG2021",NA,NA,NA
"Torrild",0.318853819778684,"ab","var","ear61_N_rel","DFG2021",NA,NA,NA
"Potenzial",0.302308034205918,"ab","var","ear61_N_rel","DFG2021",NA,NA,NA
"Esket",0.289321613126562,"ab","var","ear61_N_rel","DFG2021",NA,NA,NA
"Pionier",0.27299491105612,"ab","var","ear61_N_rel","DFG2021",NA,NA,NA
"Capone",0.255085644951271,"ab","var","ear61_N_rel","DFG2021",NA,NA,NA
"Apertus",0.250605801324243,"b","var","ear61_N_rel","DFG2021",NA,NA,NA
"Patras",0.248956483520072,"b","var","ear61_N_rel","DFG2021",NA,NA,NA
"220_Alves",0.356921133344284,"a","nitrogen:var","ear61_N_rel","DFG2021",NA,NA,NA
"220_Torrild",0.340678117804594,"ab","nitrogen:var","ear61_N_rel","DFG2021",NA,NA,NA
"220_Potenzial",0.328117930228345,"abc","nitrogen:var","ear61_N_rel","DFG2021",NA,NA,NA
"220_Esket",0.326882876776242,"abc","nitrogen:var","ear61_N_rel","DFG2021",NA,NA,NA
"176_Torrild",0.297029521752774,"abc","nitrogen:var","ear61_N_rel","DFG2021",NA,NA,NA
"176_Alves",0.287237405025471,"abc","nitrogen:var","ear61_N_rel","DFG2021",NA,NA,NA
"176_Pionier",0.281220861332202,"abc","nitrogen:var","ear61_N_rel","DFG2021",NA,NA,NA
"176_Potenzial",0.276498138183491,"abc","nitrogen:var","ear61_N_rel","DFG2021",NA,NA,NA
"176_Apertus",0.266560590752569,"abc","nitrogen:var","ear61_N_rel","DFG2021",NA,NA,NA
"220_Pionier",0.264768960780038,"abc","nitrogen:var","ear61_N_rel","DFG2021",NA,NA,NA
"176_Patras",0.262782205752477,"abc","nitrogen:var","ear61_N_rel","DFG2021",NA,NA,NA
"176_Capone",0.26274584119621,"abc","nitrogen:var","ear61_N_rel","DFG2021",NA,NA,NA
"176_Esket",0.251760349476881,"bc","nitrogen:var","ear61_N_rel","DFG2021",NA,NA,NA
"220_Capone",0.247425448706332,"bc","nitrogen:var","ear61_N_rel","DFG2021",NA,NA,NA
"220_Patras",0.235130761287667,"c","nitrogen:var","ear61_N_rel","DFG2021",NA,NA,NA
"220_Apertus",0.234651011895916,"c","nitrogen:var","ear61_N_rel","DFG2021",NA,NA,NA
"Early",215.053241077112,"a","timeid","ear_CHO61","DFG2021","ear","61","2021-06-15"
"Late",189.470889700703,"b","timeid","ear_CHO61","DFG2021","ear","61","2021-06-15"
"Patras",230.681979976608,"a","var","ear_CHO61","DFG2021","ear","61","2021-06-15"
"Torrild",225.22634554615,"a","var","ear_CHO61","DFG2021","ear","61","2021-06-15"
"Potenzial",220.731066899083,"ab","var","ear_CHO61","DFG2021","ear","61","2021-06-15"
"Esket",195.857331242469,"ab","var","ear_CHO61","DFG2021","ear","61","2021-06-15"
"Capone",193.875740753382,"ab","var","ear_CHO61","DFG2021","ear","61","2021-06-15"
"Apertus",184.519353722197,"b","var","ear_CHO61","DFG2021","ear","61","2021-06-15"
"Pionier",184.404684139249,"b","var","ear_CHO61","DFG2021","ear","61","2021-06-15"
"Alves",182.800020832122,"b","var","ear_CHO61","DFG2021","ear","61","2021-06-15"
"Early",1.22729686886352,"a","timeid","ear_DM51","DFG2021","ear","51","2021-06-08"
"Late",0.990343745048281,"b","timeid","ear_DM51","DFG2021","ear","51","2021-06-08"
"Torrild",1.39737499301312,"a","var","ear_DM51","DFG2021","ear","51","2021-06-08"
"Potenzial",1.24637499376812,"ab","var","ear_DM51","DFG2021","ear","51","2021-06-08"
"Patras",1.238999993805,"ab","var","ear_DM51","DFG2021","ear","51","2021-06-08"
"Alves",1.19143749404281,"ab","var","ear_DM51","DFG2021","ear","51","2021-06-08"
"Capone",1.05562499472187,"bc","var","ear_DM51","DFG2021","ear","51","2021-06-08"
"Esket",1.00974999495125,"bc","var","ear_DM51","DFG2021","ear","51","2021-06-08"
"Apertus",0.890187495549063,"c","var","ear_DM51","DFG2021","ear","51","2021-06-08"
"Pionier",0.840812495795938,"c","var","ear_DM51","DFG2021","ear","51","2021-06-08"
"Torrild",2.54931248725344,"a","var","ear_DM61","DFG2021","ear","61","2021-06-15"
"Potenzial",2.37268748813656,"ab","var","ear_DM61","DFG2021","ear","61","2021-06-15"
"Alves",2.33706248831469,"ab","var","ear_DM61","DFG2021","ear","61","2021-06-15"
"Capone",2.20987498895063,"abc","var","ear_DM61","DFG2021","ear","61","2021-06-15"
"Patras",2.18624998906875,"abc","var","ear_DM61","DFG2021","ear","61","2021-06-15"
"Pionier",2.07818748960906,"abc","var","ear_DM61","DFG2021","ear","61","2021-06-15"
"Esket",2.04343748978281,"bc","var","ear_DM61","DFG2021","ear","61","2021-06-15"
"Apertus",1.81506249092469,"c","var","ear_DM61","DFG2021","ear","61","2021-06-15"
"Capone",10.2873124485634,"a","var","ear_DM87","DFG2021","ear","87","2021-07-27"
"Patras",9.49687495251563,"ab","var","ear_DM87","DFG2021","ear","87","2021-07-27"
"Torrild",9.48574995257125,"ab","var","ear_DM87","DFG2021","ear","87","2021-07-27"
"Alves",8.78193745609031,"b","var","ear_DM87","DFG2021","ear","87","2021-07-27"
"Pionier",8.77093745614531,"b","var","ear_DM87","DFG2021","ear","87","2021-07-27"
"Potenzial",8.5504999572475,"b","var","ear_DM87","DFG2021","ear","87","2021-07-27"
"Apertus",8.5114999574425,"b","var","ear_DM87","DFG2021","ear","87","2021-07-27"
"Esket",8.24024995879875,"b","var","ear_DM87","DFG2021","ear","87","2021-07-27"
"Split_Late_Apertus",18.5553835930334,"a","appl:timeid:var","ear_Nitrogen61","DFG2021","ear","61","2021-06-15"
"Split_Late_Torrild",18.2190925251594,"ab","appl:timeid:var","ear_Nitrogen61","DFG2021","ear","61","2021-06-15"
"Combined_Early_Capone",17.9296456663692,"abc","appl:timeid:var","ear_Nitrogen61","DFG2021","ear","61","2021-06-15"
"Combined_Late_Alves",17.8922680288839,"abc","appl:timeid:var","ear_Nitrogen61","DFG2021","ear","61","2021-06-15"
"Split_Late_Potenzial",17.7782000996805,"abc","appl:timeid:var","ear_Nitrogen61","DFG2021","ear","61","2021-06-15"
"Split_Late_Capone",17.6490034106635,"abc","appl:timeid:var","ear_Nitrogen61","DFG2021","ear","61","2021-06-15"
"Split_Early_Alves",17.6377590930626,"abc","appl:timeid:var","ear_Nitrogen61","DFG2021","ear","61","2021-06-15"
"Split_Late_Esket",17.605263005116,"abc","appl:timeid:var","ear_Nitrogen61","DFG2021","ear","61","2021-06-15"
"Combined_Late_Apertus",17.5830241716252,"abc","appl:timeid:var","ear_Nitrogen61","DFG2021","ear","61","2021-06-15"
"Combined_Late_Pionier",17.5560976188412,"abc","appl:timeid:var","ear_Nitrogen61","DFG2021","ear","61","2021-06-15"
"Split_Early_Esket",17.4090925212628,"abc","appl:timeid:var","ear_Nitrogen61","DFG2021","ear","61","2021-06-15"
"Combined_Late_Capone",17.3448860027346,"abc","appl:timeid:var","ear_Nitrogen61","DFG2021","ear","61","2021-06-15"
"Split_Early_Potenzial",17.3047344010031,"abc","appl:timeid:var","ear_Nitrogen61","DFG2021","ear","61","2021-06-15"
"Split_Late_Pionier",17.2434236313211,"abc","appl:timeid:var","ear_Nitrogen61","DFG2021","ear","61","2021-06-15"
"Combined_Late_Torrild",17.181055243846,"abc","appl:timeid:var","ear_Nitrogen61","DFG2021","ear","61","2021-06-15"
"Combined_Early_Torrild",17.1805378206535,"abc","appl:timeid:var","ear_Nitrogen61","DFG2021","ear","61","2021-06-15"
"Split_Late_Alves",17.0945490829854,"abc","appl:timeid:var","ear_Nitrogen61","DFG2021","ear","61","2021-06-15"
"Combined_Early_Esket",17.092375489221,"abc","appl:timeid:var","ear_Nitrogen61","DFG2021","ear","61","2021-06-15"
"Split_Early_Apertus",17.0497277093756,"abc","appl:timeid:var","ear_Nitrogen61","DFG2021","ear","61","2021-06-15"
"Combined_Late_Potenzial",17.0347878624652,"abc","appl:timeid:var","ear_Nitrogen61","DFG2021","ear","61","2021-06-15"
"Split_Early_Pionier",16.8702407296031,"abc","appl:timeid:var","ear_Nitrogen61","DFG2021","ear","61","2021-06-15"
"Combined_Late_Esket",16.8573974435429,"abc","appl:timeid:var","ear_Nitrogen61","DFG2021","ear","61","2021-06-15"
"Combined_Early_Alves",16.8019128791849,"abc","appl:timeid:var","ear_Nitrogen61","DFG2021","ear","61","2021-06-15"
"Split_Early_Capone",16.7939271954554,"abc","appl:timeid:var","ear_Nitrogen61","DFG2021","ear","61","2021-06-15"
"Combined_Late_Patras",16.6317660899987,"abc","appl:timeid:var","ear_Nitrogen61","DFG2021","ear","61","2021-06-15"
"Split_Early_Patras",16.6115769993029,"abc","appl:timeid:var","ear_Nitrogen61","DFG2021","ear","61","2021-06-15"
"Combined_Early_Patras",16.542143959083,"abc","appl:timeid:var","ear_Nitrogen61","DFG2021","ear","61","2021-06-15"
"Combined_Early_Apertus",16.4909884974182,"abc","appl:timeid:var","ear_Nitrogen61","DFG2021","ear","61","2021-06-15"
"Split_Late_Patras",16.3861796674693,"abc","appl:timeid:var","ear_Nitrogen61","DFG2021","ear","61","2021-06-15"
"Split_Early_Torrild",16.2149036396544,"abc","appl:timeid:var","ear_Nitrogen61","DFG2021","ear","61","2021-06-15"
"Combined_Early_Pionier",16.1935121419049,"bc","appl:timeid:var","ear_Nitrogen61","DFG2021","ear","61","2021-06-15"
"Combined_Early_Potenzial",15.8006011212599,"c","appl:timeid:var","ear_Nitrogen61","DFG2021","ear","61","2021-06-15"
"Torrild",0.579532406416986,"a","var","ear_total_C61","DFG2021","ear","61","2021-06-15"
"Potenzial",0.52498035215719,"ab","var","ear_total_C61","DFG2021","ear","61","2021-06-15"
"Patras",0.502342108978061,"abc","var","ear_total_C61","DFG2021","ear","61","2021-06-15"
"Capone",0.432155928035311,"bcd","var","ear_total_C61","DFG2021","ear","61","2021-06-15"
"Alves",0.425642074983487,"bcd","var","ear_total_C61","DFG2021","ear","61","2021-06-15"
"Esket",0.408738426704586,"cd","var","ear_total_C61","DFG2021","ear","61","2021-06-15"
"Pionier",0.388002733543806,"d","var","ear_total_C61","DFG2021","ear","61","2021-06-15"
"Apertus",0.339928955329494,"d","var","ear_total_C61","DFG2021","ear","61","2021-06-15"
"Split_Torrild",0.59589622464633,"a","appl:var","ear_total_C61","DFG2021","ear","61","2021-06-15"
"Combined_Torrild",0.563168588187642,"ab","appl:var","ear_total_C61","DFG2021","ear","61","2021-06-15"
"Combined_Potenzial",0.55689852086367,"ab","appl:var","ear_total_C61","DFG2021","ear","61","2021-06-15"
"Split_Patras",0.520834018982224,"abc","appl:var","ear_total_C61","DFG2021","ear","61","2021-06-15"
"Split_Potenzial",0.49306218345071,"abcd","appl:var","ear_total_C61","DFG2021","ear","61","2021-06-15"
"Combined_Patras",0.483850198973899,"abcde","appl:var","ear_total_C61","DFG2021","ear","61","2021-06-15"
"Combined_Capone",0.471998128603428,"bcdef","appl:var","ear_total_C61","DFG2021","ear","61","2021-06-15"
"Combined_Esket",0.450080594361568,"bcdefg","appl:var","ear_total_C61","DFG2021","ear","61","2021-06-15"
"Combined_Alves",0.429172175620087,"cdefgh","appl:var","ear_total_C61","DFG2021","ear","61","2021-06-15"
"Split_Alves",0.422111974346886,"cdefgh","appl:var","ear_total_C61","DFG2021","ear","61","2021-06-15"
"Combined_Pionier",0.400991591126521,"defgh","appl:var","ear_total_C61","DFG2021","ear","61","2021-06-15"
"Split_Capone",0.392313727467194,"defgh","appl:var","ear_total_C61","DFG2021","ear","61","2021-06-15"
"Split_Pionier",0.375013875961091,"efgh","appl:var","ear_total_C61","DFG2021","ear","61","2021-06-15"
"Split_Esket",0.367396259047605,"fgh","appl:var","ear_total_C61","DFG2021","ear","61","2021-06-15"
"Combined_Apertus",0.347482803723799,"gh","appl:var","ear_total_C61","DFG2021","ear","61","2021-06-15"
"Split_Apertus",0.332375106935189,"h","appl:var","ear_total_C61","DFG2021","ear","61","2021-06-15"
"Torrild",0.0439039080315645,"a","var","ear_total_N61","DFG2021","ear","61","2021-06-15"
"Alves",0.0406403287988118,"ab","var","ear_total_N61","DFG2021","ear","61","2021-06-15"
"Potenzial",0.0404301436971102,"ab","var","ear_total_N61","DFG2021","ear","61","2021-06-15"
"Capone",0.0389336239701376,"ab","var","ear_total_N61","DFG2021","ear","61","2021-06-15"
"Patras",0.0363659932578342,"ab","var","ear_total_N61","DFG2021","ear","61","2021-06-15"
"Pionier",0.0353680253705319,"ab","var","ear_total_N61","DFG2021","ear","61","2021-06-15"
"Esket",0.0352049123285134,"ab","var","ear_total_N61","DFG2021","ear","61","2021-06-15"
"Apertus",0.0318945830508582,"b","var","ear_total_N61","DFG2021","ear","61","2021-06-15"
"Split",1.853125,"a","appl","grain_LB_ratio","DFG2021","plot","harvest",NA
"Combined",1.84791666666667,"b","appl","grain_LB_ratio","DFG2021","plot","harvest",NA
"Capone",1.90833333333333,"a","var","grain_LB_ratio","DFG2021","plot","harvest",NA
"Apertus",1.9,"a","var","grain_LB_ratio","DFG2021","plot","harvest",NA
"Pionier",1.9,"a","var","grain_LB_ratio","DFG2021","plot","harvest",NA
"Potenzial",1.9,"a","var","grain_LB_ratio","DFG2021","plot","harvest",NA
"Patras",1.8875,"a","var","grain_LB_ratio","DFG2021","plot","harvest",NA
"Alves",1.80833333333333,"b","var","grain_LB_ratio","DFG2021","plot","harvest",NA
"Torrild",1.79583333333333,"b","var","grain_LB_ratio","DFG2021","plot","harvest",NA
"Esket",1.70416666666667,"c","var","grain_LB_ratio","DFG2021","plot","harvest",NA
"Patras",17.9666666666667,"a","var","grain_area","DFG2021","plot","harvest",NA
"Apertus",17.6583333333333,"a","var","grain_area","DFG2021","plot","harvest",NA
"Capone",16.8791666666667,"b","var","grain_area","DFG2021","plot","harvest",NA
"Torrild",16.4583333333333,"c","var","grain_area","DFG2021","plot","harvest",NA
"Pionier",15.5833333333333,"d","var","grain_area","DFG2021","plot","harvest",NA
"Potenzial",15.1791666666667,"e","var","grain_area","DFG2021","plot","harvest",NA
"Alves",15.1625,"e","var","grain_area","DFG2021","plot","harvest",NA
"Esket",14.0083333333333,"f","var","grain_area","DFG2021","plot","harvest",NA
"176_Combined",16.2520833333333,"a","nitrogen:appl","grain_area","DFG2021","plot","harvest",NA
"220_Combined",16.1145833333333,"b","nitrogen:appl","grain_area","DFG2021","plot","harvest",NA
"176_Split",16.1020833333333,"c","nitrogen:appl","grain_area","DFG2021","plot","harvest",NA
"220_Split",15.9791666666667,"d","nitrogen:appl","grain_area","DFG2021","plot","harvest",NA
"Combined_Patras",18,"a","appl:var","grain_area","DFG2021","plot","harvest",NA
"Split_Patras",17.9333333333333,"a","appl:var","grain_area","DFG2021","plot","harvest",NA
"Combined_Apertus",17.725,"ab","appl:var","grain_area","DFG2021","plot","harvest",NA
"Split_Apertus",17.5916666666667,"b","appl:var","grain_area","DFG2021","plot","harvest",NA
"Combined_Capone",16.9916666666667,"c","appl:var","grain_area","DFG2021","plot","harvest",NA
"Split_Capone",16.7666666666667,"cd","appl:var","grain_area","DFG2021","plot","harvest",NA
"Combined_Torrild",16.6083333333333,"d","appl:var","grain_area","DFG2021","plot","harvest",NA
"Split_Torrild",16.3083333333333,"e","appl:var","grain_area","DFG2021","plot","harvest",NA
"Split_Pionier",15.6083333333333,"f","appl:var","grain_area","DFG2021","plot","harvest",NA
"Combined_Pionier",15.5583333333333,"fg","appl:var","grain_area","DFG2021","plot","harvest",NA
"Combined_Alves",15.2916666666667,"gh","appl:var","grain_area","DFG2021","plot","harvest",NA
"Split_Potenzial",15.1833333333333,"h","appl:var","grain_area","DFG2021","plot","harvest",NA
"Combined_Potenzial",15.175,"h","appl:var","grain_area","DFG2021","plot","harvest",NA
"Split_Alves",15.0333333333333,"h","appl:var","grain_area","DFG2021","plot","harvest",NA
"Combined_Esket",14.1166666666667,"i","appl:var","grain_area","DFG2021","plot","harvest",NA
"Split_Esket",13.9,"i","appl:var","grain_area","DFG2021","plot","harvest",NA
"Early_Patras",18.0666666666667,"a","timeid:var","grain_area","DFG2021","plot","harvest",NA
"Late_Patras",17.8666666666667,"ab","timeid:var","grain_area","DFG2021","plot","harvest",NA
"Late_Apertus",17.6833333333333,"b","timeid:var","grain_area","DFG2021","plot","harvest",NA
"Early_Apertus",17.6333333333333,"b","timeid:var","grain_area","DFG2021","plot","harvest",NA
"Early_Capone",17.0083333333333,"c","timeid:var","grain_area","DFG2021","plot","harvest",NA
"Late_Capone",16.75,"cd","timeid:var","grain_area","DFG2021","plot","harvest",NA
"Early_Torrild",16.5416666666667,"de","timeid:var","grain_area","DFG2021","plot","harvest",NA
"Late_Torrild",16.375,"e","timeid:var","grain_area","DFG2021","plot","harvest",NA
"Early_Pionier",15.7,"f","timeid:var","grain_area","DFG2021","plot","harvest",NA
"Late_Pionier",15.4666666666667,"fg","timeid:var","grain_area","DFG2021","plot","harvest",NA
"Early_Alves",15.35,"gh","timeid:var","grain_area","DFG2021","plot","harvest",NA
"Early_Potenzial",15.2333333333333,"ghi","timeid:var","grain_area","DFG2021","plot","harvest",NA
"Late_Potenzial",15.125,"hi","timeid:var","grain_area","DFG2021","plot","harvest",NA
"Late_Alves",14.975,"i","timeid:var","grain_area","DFG2021","plot","harvest",NA
"Early_Esket",14.2,"j","timeid:var","grain_area","DFG2021","plot","harvest",NA
"Late_Esket",13.8166666666667,"k","timeid:var","grain_area","DFG2021","plot","harvest",NA
"Esket",76.3708333333333,"a","var","grain_bulk_density","DFG2021","plot","harvest",NA
"Torrild",75.4791666666667,"ab","var","grain_bulk_density","DFG2021","plot","harvest",NA
"Alves",75.1,"abc","var","grain_bulk_density","DFG2021","plot","harvest",NA
"Pionier",74.8958333333333,"abcd","var","grain_bulk_density","DFG2021","plot","harvest",NA
"Potenzial",74.1041666666667,"bcd","var","grain_bulk_density","DFG2021","plot","harvest",NA
"Capone",72.9,"cde","var","grain_bulk_density","DFG2021","plot","harvest",NA
"Apertus",72.7291666666667,"de","var","grain_bulk_density","DFG2021","plot","harvest",NA
"Patras",70.925,"e","var","grain_bulk_density","DFG2021","plot","harvest",NA
"220_Late_Torrild",77.0166666666667,"a","nitrogen:timeid:var","grain_bulk_density","DFG2021","plot","harvest",NA
"176_Early_Esket",76.9,"ab","nitrogen:timeid:var","grain_bulk_density","DFG2021","plot","harvest",NA
"220_Late_Esket",76.7333333333333,"abc","nitrogen:timeid:var","grain_bulk_density","DFG2021","plot","harvest",NA
"220_Early_Esket",76.3333333333333,"abcd","nitrogen:timeid:var","grain_bulk_density","DFG2021","plot","harvest",NA
"220_Early_Potenzial",75.9833333333333,"abcde","nitrogen:timeid:var","grain_bulk_density","DFG2021","plot","harvest",NA
"220_Early_Torrild",75.7,"abcdef","nitrogen:timeid:var","grain_bulk_density","DFG2021","plot","harvest",NA
"220_Early_Pionier",75.65,"abcdef","nitrogen:timeid:var","grain_bulk_density","DFG2021","plot","harvest",NA
"220_Late_Alves",75.5666666666667,"abcdef","nitrogen:timeid:var","grain_bulk_density","DFG2021","plot","harvest",NA
"220_Late_Pionier",75.5666666666667,"abcdef","nitrogen:timeid:var","grain_bulk_density","DFG2021","plot","harvest",NA
"220_Early_Alves",75.55,"abcdef","nitrogen:timeid:var","grain_bulk_density","DFG2021","plot","harvest",NA
"176_Late_Esket",75.5166666666667,"abcdef","nitrogen:timeid:var","grain_bulk_density","DFG2021","plot","harvest",NA
"176_Early_Alves",75.0166666666667,"abcdefg","nitrogen:timeid:var","grain_bulk_density","DFG2021","plot","harvest",NA
"176_Early_Torrild",74.7,"abcdefg","nitrogen:timeid:var","grain_bulk_density","DFG2021","plot","harvest",NA
"176_Late_Torrild",74.5,"abcdefg","nitrogen:timeid:var","grain_bulk_density","DFG2021","plot","harvest",NA
"176_Early_Pionier",74.4333333333333,"abcdefg","nitrogen:timeid:var","grain_bulk_density","DFG2021","plot","harvest",NA
"176_Early_Potenzial",74.4,"abcdefgh","nitrogen:timeid:var","grain_bulk_density","DFG2021","plot","harvest",NA
"176_Late_Alves",74.2666666666667,"abcdefgh","nitrogen:timeid:var","grain_bulk_density","DFG2021","plot","harvest",NA
"176_Late_Pionier",73.9333333333333,"abcdefgh","nitrogen:timeid:var","grain_bulk_density","DFG2021","plot","harvest",NA
"176_Late_Potenzial",73.55,"abcdefgh","nitrogen:timeid:var","grain_bulk_density","DFG2021","plot","harvest",NA
"176_Late_Apertus",73.2833333333333,"abcdefgh","nitrogen:timeid:var","grain_bulk_density","DFG2021","plot","harvest",NA
"176_Late_Capone",73.2333333333333,"abcdefgh","nitrogen:timeid:var","grain_bulk_density","DFG2021","plot","harvest",NA
"176_Early_Capone",73.1,"bcdefgh","nitrogen:timeid:var","grain_bulk_density","DFG2021","plot","harvest",NA
"176_Late_Patras",73.05,"bcdefgh","nitrogen:timeid:var","grain_bulk_density","DFG2021","plot","harvest",NA
"220_Late_Capone",73.05,"bcdefgh","nitrogen:timeid:var","grain_bulk_density","DFG2021","plot","harvest",NA
"220_Early_Apertus",72.9833333333333,"cdefgh","nitrogen:timeid:var","grain_bulk_density","DFG2021","plot","harvest",NA
"220_Late_Apertus",72.7166666666667,"defghi","nitrogen:timeid:var","grain_bulk_density","DFG2021","plot","harvest",NA
"220_Late_Potenzial",72.4833333333333,"defghi","nitrogen:timeid:var","grain_bulk_density","DFG2021","plot","harvest",NA
"220_Early_Capone",72.2166666666667,"efghi","nitrogen:timeid:var","grain_bulk_density","DFG2021","plot","harvest",NA
"176_Early_Apertus",71.9333333333333,"fghi","nitrogen:timeid:var","grain_bulk_density","DFG2021","plot","harvest",NA
"220_Early_Patras",71.1666666666667,"ghi","nitrogen:timeid:var","grain_bulk_density","DFG2021","plot","harvest",NA
"220_Late_Patras",70.5333333333333,"hi","nitrogen:timeid:var","grain_bulk_density","DFG2021","plot","harvest",NA
"176_Early_Patras",68.95,"i","nitrogen:timeid:var","grain_bulk_density","DFG2021","plot","harvest",NA
"Apertus",6.67083333333333,"a","var","grain_length","DFG2021","plot","harvest",NA
"Patras",6.6375,"a","var","grain_length","DFG2021","plot","harvest",NA
"Capone",6.52083333333333,"b","var","grain_length","DFG2021","plot","harvest",NA
"Pionier",6.22916666666667,"c","var","grain_length","DFG2021","plot","harvest",NA
"Torrild",6.19166666666667,"cd","var","grain_length","DFG2021","plot","harvest",NA
"Potenzial",6.15833333333333,"d","var","grain_length","DFG2021","plot","harvest",NA
"Alves",6.03333333333333,"e","var","grain_length","DFG2021","plot","harvest",NA
"Esket",5.6375,"f","var","grain_length","DFG2021","plot","harvest",NA
"Combined_Apertus",6.68333333333333,"a","appl:var","grain_length","DFG2021","plot","harvest",NA
"Split_Apertus",6.65833333333333,"a","appl:var","grain_length","DFG2021","plot","harvest",NA
"Combined_Patras",6.64166666666667,"a","appl:var","grain_length","DFG2021","plot","harvest",NA
"Split_Patras",6.63333333333333,"a","appl:var","grain_length","DFG2021","plot","harvest",NA
"Combined_Capone",6.53333333333333,"b","appl:var","grain_length","DFG2021","plot","harvest",NA
"Split_Capone",6.50833333333333,"b","appl:var","grain_length","DFG2021","plot","harvest",NA
"Split_Pionier",6.23333333333333,"c","appl:var","grain_length","DFG2021","plot","harvest",NA
"Combined_Pionier",6.225,"cd","appl:var","grain_length","DFG2021","plot","harvest",NA
"Combined_Torrild",6.225,"cd","appl:var","grain_length","DFG2021","plot","harvest",NA
"Combined_Potenzial",6.16666666666667,"de","appl:var","grain_length","DFG2021","plot","harvest",NA
"Split_Torrild",6.15833333333333,"e","appl:var","grain_length","DFG2021","plot","harvest",NA
"Split_Potenzial",6.15,"e","appl:var","grain_length","DFG2021","plot","harvest",NA
"Combined_Alves",6.06666666666667,"f","appl:var","grain_length","DFG2021","plot","harvest",NA
"Split_Alves",6,"g","appl:var","grain_length","DFG2021","plot","harvest",NA
"Combined_Esket",5.65833333333333,"h","appl:var","grain_length","DFG2021","plot","harvest",NA
"Split_Esket",5.61666666666667,"h","appl:var","grain_length","DFG2021","plot","harvest",NA
"Esket",8.93083333333333,"a","var","grain_moisture","DFG2021","plot","87","2021-07-27"
"Apertus",8.88125,"a","var","grain_moisture","DFG2021","plot","87","2021-07-27"
"Torrild",8.72208333333333,"a","var","grain_moisture","DFG2021","plot","87","2021-07-27"
"Capone",8.68666666666667,"a","var","grain_moisture","DFG2021","plot","87","2021-07-27"
"Patras",8.65916666666667,"a","var","grain_moisture","DFG2021","plot","87","2021-07-27"
"Alves",8.57208333333333,"a","var","grain_moisture","DFG2021","plot","87","2021-07-27"
"Pionier",8.56416666666667,"a","var","grain_moisture","DFG2021","plot","87","2021-07-27"
"Potenzial",8.51458333333333,"a","var","grain_moisture","DFG2021","plot","87","2021-07-27"
"Early",3.4375,"a","timeid","grain_width","DFG2021","plot","harvest",NA
"Late",3.4,"b","timeid","grain_width","DFG2021","plot","harvest",NA
"Patras",3.58333333333333,"a","var","grain_width","DFG2021","plot","harvest",NA
"Apertus",3.54166666666667,"ab","var","grain_width","DFG2021","plot","harvest",NA
"Torrild",3.50833333333333,"b","var","grain_width","DFG2021","plot","harvest",NA
"Capone",3.41666666666667,"c","var","grain_width","DFG2021","plot","harvest",NA
"Alves",3.375,"cd","var","grain_width","DFG2021","plot","harvest",NA
"Esket",3.3375,"d","var","grain_width","DFG2021","plot","harvest",NA
"Pionier",3.31666666666667,"de","var","grain_width","DFG2021","plot","harvest",NA
"Potenzial",3.27083333333333,"e","var","grain_width","DFG2021","plot","harvest",NA
"Capone",8.54631245726844,"a","var","kernel_DM87","DFG2021","kernel","87","2021-07-27"
"Patras",7.84062496079687,"ab","var","kernel_DM87","DFG2021","kernel","87","2021-07-27"
"Torrild",7.42687496286563,"bc","var","kernel_DM87","DFG2021","kernel","87","2021-07-27"
"Pionier",7.03056246484719,"bc","var","kernel_DM87","DFG2021","kernel","87","2021-07-27"
"Alves",7.02774996486125,"bc","var","kernel_DM87","DFG2021","kernel","87","2021-07-27"
"Apertus",6.89712496551437,"bc","var","kernel_DM87","DFG2021","kernel","87","2021-07-27"
"Potenzial",6.86793746566031,"bc","var","kernel_DM87","DFG2021","kernel","87","2021-07-27"
"Esket",6.60618746696906,"c","var","kernel_DM87","DFG2021","kernel","87","2021-07-27"
"220",21.50899603209,"a","nitrogen","kernel_Nitrogen87","DFG2021","kernel","87","2021-07-27"
"176",18.1115656944895,"b","nitrogen","kernel_Nitrogen87","DFG2021","kernel","87","2021-07-27"
"Combined",19.9944506509978,"a","appl","kernel_Nitrogen87","DFG2021","kernel","87","2021-07-27"
"Split",19.6261110755817,"b","appl","kernel_Nitrogen87","DFG2021","kernel","87","2021-07-27"
"Late",20.0817345064573,"a","timeid","kernel_Nitrogen87","DFG2021","kernel","87","2021-07-27"
"Early",19.5388272201222,"b","timeid","kernel_Nitrogen87","DFG2021","kernel","87","2021-07-27"
"Torrild",20.6271702470177,"a","var","kernel_Nitrogen87","DFG2021","kernel","87","2021-07-27"
"Apertus",20.4231733218535,"ab","var","kernel_Nitrogen87","DFG2021","kernel","87","2021-07-27"
"Potenzial",20.021210021991,"bc","var","kernel_Nitrogen87","DFG2021","kernel","87","2021-07-27"
"Patras",19.8103435588978,"c","var","kernel_Nitrogen87","DFG2021","kernel","87","2021-07-27"
"Pionier",19.7284948486299,"c","var","kernel_Nitrogen87","DFG2021","kernel","87","2021-07-27"
"Alves",19.6794831257662,"c","var","kernel_Nitrogen87","DFG2021","kernel","87","2021-07-27"
"Esket",19.6674506439746,"c","var","kernel_Nitrogen87","DFG2021","kernel","87","2021-07-27"
"Capone",18.5249211381874,"d","var","kernel_Nitrogen87","DFG2021","kernel","87","2021-07-27"
"Capone",0.157373437088845,"a","var","kernel_total_N87","DFG2021","kernel","87","2021-07-27"
"Patras",0.156214973450216,"a","var","kernel_total_N87","DFG2021","kernel","87","2021-07-27"
"Torrild",0.151695405751253,"a","var","kernel_total_N87","DFG2021","kernel","87","2021-07-27"
"Apertus",0.141771581495845,"ab","var","kernel_total_N87","DFG2021","kernel","87","2021-07-27"
"Pionier",0.138233907900818,"ab","var","kernel_total_N87","DFG2021","kernel","87","2021-07-27"
"Alves",0.137319317082424,"ab","var","kernel_total_N87","DFG2021","kernel","87","2021-07-27"
"Potenzial",0.137212734390902,"ab","var","kernel_total_N87","DFG2021","kernel","87","2021-07-27"
"Esket",0.129018289856431,"b","var","kernel_total_N87","DFG2021","kernel","87","2021-07-27"
"176_Early",0.266259321771112,"a","nitrogen:timeid","mobile61_DM_rel","DFG2021",NA,"61_87","biomass"
"220_Early",0.220017911925139,"ab","nitrogen:timeid","mobile61_DM_rel","DFG2021",NA,"61_87","biomass"
"220_Late",0.204697458212291,"b","nitrogen:timeid","mobile61_DM_rel","DFG2021",NA,"61_87","biomass"
"176_Late",0.191624004770219,"b","nitrogen:timeid","mobile61_DM_rel","DFG2021",NA,"61_87","biomass"
"220",0.090767777483228,"a","nitrogen","mobile61_N","DFG2021",NA,"61_87","nitrogen"
"176",0.0674027938131567,"b","nitrogen","mobile61_N","DFG2021",NA,"61_87","nitrogen"
"Late",0.629013555445777,"a","timeid","mobile61_N_rel","DFG2021",NA,"61_87","nitrogen"
"Early",0.575071855577263,"b","timeid","mobile61_N_rel","DFG2021",NA,"61_87","nitrogen"
"176",1.91217335062814,"a","nitrogen","mobile61_WSC","DFG2021",NA,NA,NA
"220",1.44069332720036,"b","nitrogen","mobile61_WSC","DFG2021",NA,NA,NA
"Patras",2.09779856138202,"a","var","mobile61_WSC","DFG2021",NA,NA,NA
"Torrild",1.94111987644965,"ab","var","mobile61_WSC","DFG2021",NA,NA,NA
"Esket",1.90051049642486,"ab","var","mobile61_WSC","DFG2021",NA,NA,NA
"Alves",1.77062588289242,"ab","var","mobile61_WSC","DFG2021",NA,NA,NA
"Potenzial",1.54544206308037,"ab","var","mobile61_WSC","DFG2021",NA,NA,NA
"Pionier",1.42068295597742,"b","var","mobile61_WSC","DFG2021",NA,NA,NA
"Capone",1.41989471866802,"b","var","mobile61_WSC","DFG2021",NA,NA,NA
"Apertus",1.31539215643922,"b","var","mobile61_WSC","DFG2021",NA,NA,NA
"Combined",0.587094649082713,"a","appl","mobile_effciency_N","DFG2021",NA,NA,NA
"Split",0.539189919987468,"b","appl","mobile_effciency_N","DFG2021",NA,NA,NA
"Pionier",0.603994822572955,"a","var","mobile_effciency_N","DFG2021",NA,NA,NA
"Patras",0.578242453824095,"ab","var","mobile_effciency_N","DFG2021",NA,NA,NA
"Torrild",0.575490531452319,"abc","var","mobile_effciency_N","DFG2021",NA,NA,NA
"Capone",0.563237306598169,"abc","var","mobile_effciency_N","DFG2021",NA,NA,NA
"Alves",0.560256771755893,"abc","var","mobile_effciency_N","DFG2021",NA,NA,NA
"Esket",0.550847570918811,"bc","var","mobile_effciency_N","DFG2021",NA,NA,NA
"Apertus",0.547490338349719,"bc","var","mobile_effciency_N","DFG2021",NA,NA,NA
"Potenzial",0.525578480808763,"c","var","mobile_effciency_N","DFG2021",NA,NA,NA
"220_Combined_Late",0.651546619788069,"a","nitrogen:appl:timeid","mobile_effciency_N","DFG2021",NA,NA,NA
"176_Combined_Early",0.629893101430186,"a","nitrogen:appl:timeid","mobile_effciency_N","DFG2021",NA,NA,NA
"220_Split_Early",0.551143691192582,"a","nitrogen:appl:timeid","mobile_effciency_N","DFG2021",NA,NA,NA
"220_Combined_Early",0.543800653428186,"a","nitrogen:appl:timeid","mobile_effciency_N","DFG2021",NA,NA,NA
"176_Split_Late",0.543051778824791,"a","nitrogen:appl:timeid","mobile_effciency_N","DFG2021",NA,NA,NA
"220_Split_Late",0.541573200059337,"a","nitrogen:appl:timeid","mobile_effciency_N","DFG2021",NA,NA,NA
"176_Combined_Late",0.523138221684411,"a","nitrogen:appl:timeid","mobile_effciency_N","DFG2021",NA,NA,NA
"176_Split_Early",0.520991009873162,"a","nitrogen:appl:timeid","mobile_effciency_N","DFG2021",NA,NA,NA
"Patras",0.955426004159104,"a","var","mobile_effciency_WSC","DFG2021",NA,NA,NA
"Alves",0.946673699323342,"a","var","mobile_effciency_WSC","DFG2021",NA,NA,NA
"Esket",0.921167007043049,"a","var","mobile_effciency_WSC","DFG2021",NA,NA,NA
"Potenzial",0.913057751666343,"ab","var","mobile_effciency_WSC","DFG2021",NA,NA,NA
"Capone",0.8954119031656,"ab","var","mobile_effciency_WSC","DFG2021",NA,NA,NA
"Torrild",0.892088977478625,"ab","var","mobile_effciency_WSC","DFG2021",NA,NA,NA
"Apertus",0.863438735875653,"ab","var","mobile_effciency_WSC","DFG2021",NA,NA,NA
"Pionier",0.763665699491315,"b","var","mobile_effciency_WSC","DFG2021",NA,NA,NA
"220",175.835699867032,"a","nitrogen","plot_grain_number","DFG2021","plot","87","2021-07-27"
"176",162.527033164663,"b","nitrogen","plot_grain_number","DFG2021","plot","87","2021-07-27"
"Esket",186.124292875607,"a","var","plot_grain_number","DFG2021","plot","87","2021-07-27"
"Pionier",179.964973177075,"ab","var","plot_grain_number","DFG2021","plot","87","2021-07-27"
"Capone",178.350700041301,"ab","var","plot_grain_number","DFG2021","plot","87","2021-07-27"
"Potenzial",177.612846602399,"ab","var","plot_grain_number","DFG2021","plot","87","2021-07-27"
"Alves",176.301976210383,"b","var","plot_grain_number","DFG2021","plot","87","2021-07-27"
"Torrild",161.123156653704,"c","var","plot_grain_number","DFG2021","plot","87","2021-07-27"
"Patras",148.005777380072,"d","var","plot_grain_number","DFG2021","plot","87","2021-07-27"
"Apertus",145.967209186239,"d","var","plot_grain_number","DFG2021","plot","87","2021-07-27"
"Late_Esket",186.845664433051,"a","timeid:var","plot_grain_number","DFG2021","plot","87","2021-07-27"
"Early_Esket",185.402921318163,"ab","timeid:var","plot_grain_number","DFG2021","plot","87","2021-07-27"
"Early_Pionier",181.2263301329,"abc","timeid:var","plot_grain_number","DFG2021","plot","87","2021-07-27"
"Early_Potenzial",180.221896093427,"abc","timeid:var","plot_grain_number","DFG2021","plot","87","2021-07-27"
"Late_Pionier",178.703616221251,"bc","timeid:var","plot_grain_number","DFG2021","plot","87","2021-07-27"
"Early_Capone",178.407196760219,"bc","timeid:var","plot_grain_number","DFG2021","plot","87","2021-07-27"
"Late_Capone",178.294203322382,"c","timeid:var","plot_grain_number","DFG2021","plot","87","2021-07-27"
"Early_Alves",177.580970252639,"c","timeid:var","plot_grain_number","DFG2021","plot","87","2021-07-27"
"Late_Alves",175.022982168127,"c","timeid:var","plot_grain_number","DFG2021","plot","87","2021-07-27"
"Late_Potenzial",175.003797111372,"c","timeid:var","plot_grain_number","DFG2021","plot","87","2021-07-27"
"Late_Torrild",161.343100068391,"d","timeid:var","plot_grain_number","DFG2021","plot","87","2021-07-27"
"Early_Torrild",160.903213239018,"d","timeid:var","plot_grain_number","DFG2021","plot","87","2021-07-27"
"Early_Apertus",150.080471357499,"e","timeid:var","plot_grain_number","DFG2021","plot","87","2021-07-27"
"Early_Patras",148.358806114013,"ef","timeid:var","plot_grain_number","DFG2021","plot","87","2021-07-27"
"Late_Patras",147.65274864613,"ef","timeid:var","plot_grain_number","DFG2021","plot","87","2021-07-27"
"Late_Apertus",141.853947014979,"f","timeid:var","plot_grain_number","DFG2021","plot","87","2021-07-27"
"Esket",42.3766194066606,"a","var","plot_grain_per_spike","DFG2021","plot","87","2021-07-27"
"Capone",40.7646543524577,"a","var","plot_grain_per_spike","DFG2021","plot","87","2021-07-27"
"Alves",36.6937263966187,"ab","var","plot_grain_per_spike","DFG2021","plot","87","2021-07-27"
"Apertus",32.9111406052644,"b","var","plot_grain_per_spike","DFG2021","plot","87","2021-07-27"
"Pionier",32.8769777209463,"b","var","plot_grain_per_spike","DFG2021","plot","87","2021-07-27"
"Torrild",31.9169823534518,"b","var","plot_grain_per_spike","DFG2021","plot","87","2021-07-27"
"Patras",31.6866116269713,"b","var","plot_grain_per_spike","DFG2021","plot","87","2021-07-27"
"Potenzial",30.992562601839,"b","var","plot_grain_per_spike","DFG2021","plot","87","2021-07-27"
"Combined",37.330625,"a","appl","plot_tkw","DFG2021","plot","87","2021-07-27"
"Split",36.7591666666667,"b","appl","plot_tkw","DFG2021","plot","87","2021-07-27"
"Patras",42.4095833333333,"a","var","plot_tkw","DFG2021","plot","87","2021-07-27"
"Apertus",41.52,"a","var","plot_tkw","DFG2021","plot","87","2021-07-27"
"Torrild",38.5679166666667,"b","var","plot_tkw","DFG2021","plot","87","2021-07-27"
"Capone",37.9645833333333,"b","var","plot_tkw","DFG2021","plot","87","2021-07-27"
"Pionier",35.30625,"c","var","plot_tkw","DFG2021","plot","87","2021-07-27"
"Alves",34.7820833333333,"cd","var","plot_tkw","DFG2021","plot","87","2021-07-27"
"Potenzial",33.7529166666667,"d","var","plot_tkw","DFG2021","plot","87","2021-07-27"
"Esket",32.0558333333333,"e","var","plot_tkw","DFG2021","plot","87","2021-07-27"
"176_Combined",37.4510416666667,"a","nitrogen:appl","plot_tkw","DFG2021","plot","87","2021-07-27"
"220_Combined",37.2102083333333,"b","nitrogen:appl","plot_tkw","DFG2021","plot","87","2021-07-27"
"176_Split",36.8022916666667,"c","nitrogen:appl","plot_tkw","DFG2021","plot","87","2021-07-27"
"220_Split",36.7160416666667,"c","nitrogen:appl","plot_tkw","DFG2021","plot","87","2021-07-27"
"Combined_Patras",42.6308333333333,"a","appl:var","plot_tkw","DFG2021","plot","87","2021-07-27"
"Split_Patras",42.1883333333333,"ab","appl:var","plot_tkw","DFG2021","plot","87","2021-07-27"
"Combined_Apertus",41.7816666666667,"bc","appl:var","plot_tkw","DFG2021","plot","87","2021-07-27"
"Split_Apertus",41.2583333333333,"c","appl:var","plot_tkw","DFG2021","plot","87","2021-07-27"
"Combined_Torrild",39.1991666666667,"d","appl:var","plot_tkw","DFG2021","plot","87","2021-07-27"
"Combined_Capone",38.1991666666667,"e","appl:var","plot_tkw","DFG2021","plot","87","2021-07-27"
"Split_Torrild",37.9366666666667,"e","appl:var","plot_tkw","DFG2021","plot","87","2021-07-27"
"Split_Capone",37.73,"e","appl:var","plot_tkw","DFG2021","plot","87","2021-07-27"
"Combined_Alves",35.35,"f","appl:var","plot_tkw","DFG2021","plot","87","2021-07-27"
"Combined_Pionier",35.3208333333333,"f","appl:var","plot_tkw","DFG2021","plot","87","2021-07-27"
"Split_Pionier",35.2916666666667,"f","appl:var","plot_tkw","DFG2021","plot","87","2021-07-27"
"Split_Alves",34.2141666666667,"g","appl:var","plot_tkw","DFG2021","plot","87","2021-07-27"
"Combined_Potenzial",33.7916666666667,"g","appl:var","plot_tkw","DFG2021","plot","87","2021-07-27"
"Split_Potenzial",33.7141666666667,"g","appl:var","plot_tkw","DFG2021","plot","87","2021-07-27"
"Combined_Esket",32.3716666666667,"h","appl:var","plot_tkw","DFG2021","plot","87","2021-07-27"
"Split_Esket",31.74,"h","appl:var","plot_tkw","DFG2021","plot","87","2021-07-27"
"Early_Patras",42.7116666666667,"a","timeid:var","plot_tkw","DFG2021","plot","87","2021-07-27"
"Late_Patras",42.1075,"ab","timeid:var","plot_tkw","DFG2021","plot","87","2021-07-27"
"Late_Apertus",41.7975,"ab","timeid:var","plot_tkw","DFG2021","plot","87","2021-07-27"
"Early_Apertus",41.2425,"b","timeid:var","plot_tkw","DFG2021","plot","87","2021-07-27"
"Early_Torrild",38.9116666666667,"c","timeid:var","plot_tkw","DFG2021","plot","87","2021-07-27"
"Early_Capone",38.3783333333333,"cd","timeid:var","plot_tkw","DFG2021","plot","87","2021-07-27"
"Late_Torrild",38.2241666666667,"cd","timeid:var","plot_tkw","DFG2021","plot","87","2021-07-27"
"Late_Capone",37.5508333333333,"d","timeid:var","plot_tkw","DFG2021","plot","87","2021-07-27"
"Early_Pionier",35.745,"e","timeid:var","plot_tkw","DFG2021","plot","87","2021-07-27"
"Early_Alves",35.4,"ef","timeid:var","plot_tkw","DFG2021","plot","87","2021-07-27"
"Late_Pionier",34.8675,"efg","timeid:var","plot_tkw","DFG2021","plot","87","2021-07-27"
"Late_Alves",34.1641666666667,"fg","timeid:var","plot_tkw","DFG2021","plot","87","2021-07-27"
"Early_Potenzial",33.9,"g","timeid:var","plot_tkw","DFG2021","plot","87","2021-07-27"
"Late_Potenzial",33.6058333333333,"gh","timeid:var","plot_tkw","DFG2021","plot","87","2021-07-27"
"Early_Esket",32.5858333333333,"hi","timeid:var","plot_tkw","DFG2021","plot","87","2021-07-27"
"Late_Esket",31.5258333333333,"i","timeid:var","plot_tkw","DFG2021","plot","87","2021-07-27"
"220",6.44649947344516,"a","nitrogen","plot_yield","DFG2021","plot","87","2021-07-27"
"176",5.98367608095129,"b","nitrogen","plot_yield","DFG2021","plot","87","2021-07-27"
"Capone",6.76324727965686,"a","var","plot_yield","DFG2021","plot","87","2021-07-27"
"Pionier",6.35266896773897,"b","var","plot_yield","DFG2021","plot","87","2021-07-27"
"Patras",6.27096945450368,"bc","var","plot_yield","DFG2021","plot","87","2021-07-27"
"Torrild",6.20783220808823,"bcd","var","plot_yield","DFG2021","plot","87","2021-07-27"
"Alves",6.12320926997549,"bcd","var","plot_yield","DFG2021","plot","87","2021-07-27"
"Apertus",6.05661698468137,"cd","var","plot_yield","DFG2021","plot","87","2021-07-27"
"Potenzial",5.98346461424632,"d","var","plot_yield","DFG2021","plot","87","2021-07-27"
"Esket",5.96269343869485,"d","var","plot_yield","DFG2021","plot","87","2021-07-27"
"220_Capone",7.00660883192402,"a","nitrogen:var","plot_yield","DFG2021","plot","87","2021-07-27"
"220_Pionier",6.63355004497549,"b","nitrogen:var","plot_yield","DFG2021","plot","87","2021-07-27"
"220_Patras",6.54830977916667,"bc","nitrogen:var","plot_yield","DFG2021","plot","87","2021-07-27"
"176_Capone",6.51988572738971,"bcd","nitrogen:var","plot_yield","DFG2021","plot","87","2021-07-27"
"220_Torrild",6.42929221133578,"bcde","nitrogen:var","plot_yield","DFG2021","plot","87","2021-07-27"
"220_Apertus",6.34710909546569,"cdef","nitrogen:var","plot_yield","DFG2021","plot","87","2021-07-27"
"220_Alves",6.2442857276348,"defg","nitrogen:var","plot_yield","DFG2021","plot","87","2021-07-27"
"220_Esket",6.20997316574755,"efg","nitrogen:var","plot_yield","DFG2021","plot","87","2021-07-27"
"220_Potenzial",6.15286693131127,"efg","nitrogen:var","plot_yield","DFG2021","plot","87","2021-07-27"
"176_Pionier",6.07178789050245,"fgh","nitrogen:var","plot_yield","DFG2021","plot","87","2021-07-27"
"176_Alves",6.00213281231618,"ghi","nitrogen:var","plot_yield","DFG2021","plot","87","2021-07-27"
"176_Patras",5.99362912984069,"ghij","nitrogen:var","plot_yield","DFG2021","plot","87","2021-07-27"
"176_Torrild",5.98637220484069,"ghij","nitrogen:var","plot_yield","DFG2021","plot","87","2021-07-27"
"176_Potenzial",5.81406229718137,"hij","nitrogen:var","plot_yield","DFG2021","plot","87","2021-07-27"
"176_Apertus",5.76612487389706,"ij","nitrogen:var","plot_yield","DFG2021","plot","87","2021-07-27"
"176_Esket",5.71541371164216,"j","nitrogen:var","plot_yield","DFG2021","plot","87","2021-07-27"
"Capone",7.16068746419656,"a","var","post61_DM","DFG2021",NA,"61_87","biomass"
"Patras",5.53306247233469,"ab","var","post61_DM","DFG2021",NA,"61_87","biomass"
"Apertus",5.46193747269031,"ab","var","post61_DM","DFG2021",NA,"61_87","biomass"
"Pionier",5.36662497316687,"ab","var","post61_DM","DFG2021",NA,"61_87","biomass"
"Torrild",5.13062497434688,"ab","var","post61_DM","DFG2021",NA,"61_87","biomass"
"Alves",4.53724997731375,"b","var","post61_DM","DFG2021",NA,"61_87","biomass"
"Potenzial",4.48668747756656,"b","var","post61_DM","DFG2021",NA,"61_87","biomass"
"Esket",4.1914999790425,"b","var","post61_DM","DFG2021",NA,"61_87","biomass"
"220_Split",0.599222306081371,"a","nitrogen:appl","post61_DM_rel","DFG2021",NA,"61_87","biomass"
"176_Combined",0.579502456776254,"a","nitrogen:appl","post61_DM_rel","DFG2021",NA,"61_87","biomass"
"176_Split",0.521005209071416,"a","nitrogen:appl","post61_DM_rel","DFG2021",NA,"61_87","biomass"
"220_Combined",0.492921852599972,"a","nitrogen:appl","post61_DM_rel","DFG2021",NA,"61_87","biomass"
"176_Combined_Late",0.691700806804892,"a","nitrogen:appl:timeid","post61_DM_rel","DFG2021",NA,"61_87","biomass"
"220_Split_Late",0.606425838292288,"ab","nitrogen:appl:timeid","post61_DM_rel","DFG2021",NA,"61_87","biomass"
"220_Split_Early",0.592018773870453,"ab","nitrogen:appl:timeid","post61_DM_rel","DFG2021",NA,"61_87","biomass"
"176_Split_Late",0.530857976659221,"ab","nitrogen:appl:timeid","post61_DM_rel","DFG2021",NA,"61_87","biomass"
"176_Split_Early",0.511152441483612,"ab","nitrogen:appl:timeid","post61_DM_rel","DFG2021",NA,"61_87","biomass"
"220_Combined_Late",0.50541260113133,"ab","nitrogen:appl:timeid","post61_DM_rel","DFG2021",NA,"61_87","biomass"
"220_Combined_Early",0.480431104068615,"b","nitrogen:appl:timeid","post61_DM_rel","DFG2021",NA,"61_87","biomass"
"176_Combined_Early",0.467304106747616,"b","nitrogen:appl:timeid","post61_DM_rel","DFG2021",NA,"61_87","biomass"
"220_Combined",0.507078147400028,"a","nitrogen:appl","pre61_DM_rel","DFG2021",NA,"61_87","biomass"
"176_Split",0.478994790928584,"a","nitrogen:appl","pre61_DM_rel","DFG2021",NA,"61_87","biomass"
"176_Combined",0.420497543223746,"a","nitrogen:appl","pre61_DM_rel","DFG2021",NA,"61_87","biomass"
"220_Split",0.400777693918629,"a","nitrogen:appl","pre61_DM_rel","DFG2021",NA,"61_87","biomass"
"176_Combined_Early",0.532695893252384,"a","nitrogen:appl:timeid","pre61_DM_rel","DFG2021",NA,"61_87","biomass"
"220_Combined_Early",0.519568895931385,"a","nitrogen:appl:timeid","pre61_DM_rel","DFG2021",NA,"61_87","biomass"
"220_Combined_Late",0.49458739886867,"ab","nitrogen:appl:timeid","pre61_DM_rel","DFG2021",NA,"61_87","biomass"
"176_Split_Early",0.488847558516388,"ab","nitrogen:appl:timeid","pre61_DM_rel","DFG2021",NA,"61_87","biomass"
"176_Split_Late",0.469142023340779,"ab","nitrogen:appl:timeid","pre61_DM_rel","DFG2021",NA,"61_87","biomass"
"220_Split_Early",0.407981226129547,"ab","nitrogen:appl:timeid","pre61_DM_rel","DFG2021",NA,"61_87","biomass"
"220_Split_Late",0.393574161707712,"ab","nitrogen:appl:timeid","pre61_DM_rel","DFG2021",NA,"61_87","biomass"
"176_Combined_Late",0.308299193195108,"b","nitrogen:appl:timeid","pre61_DM_rel","DFG2021",NA,"61_87","biomass"
"220",0.116560810060495,"a","nitrogen","pre61_N","DFG2021",NA,"61_87","nitrogen"
"176",0.092825846878837,"b","nitrogen","pre61_N","DFG2021",NA,"61_87","nitrogen"
"Torrild",2.05887498970562,"a","var","rachis_DM87","DFG2021","rachis","87","2021-07-27"
"Capone",1.91980433822707,"ab","var","rachis_DM87","DFG2021","rachis","87","2021-07-27"
"Alves",1.75418749122906,"ab","var","rachis_DM87","DFG2021","rachis","87","2021-07-27"
"Pionier",1.74037499129813,"ab","var","rachis_DM87","DFG2021","rachis","87","2021-07-27"
"Potenzial",1.68256249158719,"ab","var","rachis_DM87","DFG2021","rachis","87","2021-07-27"
"Patras",1.65624999171875,"ab","var","rachis_DM87","DFG2021","rachis","87","2021-07-27"
"Esket",1.63406249182969,"ab","var","rachis_DM87","DFG2021","rachis","87","2021-07-27"
"Apertus",1.61437499192812,"b","var","rachis_DM87","DFG2021","rachis","87","2021-07-27"
"Split_Torrild",2.26962498865187,"a","appl:var","rachis_DM87","DFG2021","rachis","87","2021-07-27"
"Combined_Capone",2.01354544447773,"ab","appl:var","rachis_DM87","DFG2021","rachis","87","2021-07-27"
"Combined_Torrild",1.84812499075938,"abc","appl:var","rachis_DM87","DFG2021","rachis","87","2021-07-27"
"Split_Capone",1.83387499083063,"abc","appl:var","rachis_DM87","DFG2021","rachis","87","2021-07-27"
"Combined_Alves",1.83024999084875,"abc","appl:var","rachis_DM87","DFG2021","rachis","87","2021-07-27"
"Split_Apertus",1.82637499086813,"abc","appl:var","rachis_DM87","DFG2021","rachis","87","2021-07-27"
"Combined_Pionier",1.80599999097,"abc","appl:var","rachis_DM87","DFG2021","rachis","87","2021-07-27"
"Split_Patras",1.77599999112,"abc","appl:var","rachis_DM87","DFG2021","rachis","87","2021-07-27"
"Split_Potenzial",1.7714999911425,"abc","appl:var","rachis_DM87","DFG2021","rachis","87","2021-07-27"
"Split_Esket",1.76562499117188,"abc","appl:var","rachis_DM87","DFG2021","rachis","87","2021-07-27"
"Split_Alves",1.67812499160938,"abc","appl:var","rachis_DM87","DFG2021","rachis","87","2021-07-27"
"Split_Pionier",1.67474999162625,"bc","appl:var","rachis_DM87","DFG2021","rachis","87","2021-07-27"
"Combined_Potenzial",1.59362499203188,"bc","appl:var","rachis_DM87","DFG2021","rachis","87","2021-07-27"
"Combined_Patras",1.5364999923175,"bc","appl:var","rachis_DM87","DFG2021","rachis","87","2021-07-27"
"Combined_Esket",1.5024999924875,"bc","appl:var","rachis_DM87","DFG2021","rachis","87","2021-07-27"
"Combined_Apertus",1.40237499298813,"c","appl:var","rachis_DM87","DFG2021","rachis","87","2021-07-27"
"Torrild",0.22166813744513,"a","var","rachis_ratio_DM87","DFG2021","rachis_ratio","87","2021-07-27"
"Alves",0.201489019762039,"ab","var","rachis_ratio_DM87","DFG2021","rachis_ratio","87","2021-07-27"
"Esket",0.199383023300434,"ab","var","rachis_ratio_DM87","DFG2021","rachis_ratio","87","2021-07-27"
"Pionier",0.198244442070869,"bc","var","rachis_ratio_DM87","DFG2021","rachis_ratio","87","2021-07-27"
"Potenzial",0.196450387854296,"bc","var","rachis_ratio_DM87","DFG2021","rachis_ratio","87","2021-07-27"
"Apertus",0.193245170714005,"bc","var","rachis_ratio_DM87","DFG2021","rachis_ratio","87","2021-07-27"
"Capone",0.182403665433929,"bc","var","rachis_ratio_DM87","DFG2021","rachis_ratio","87","2021-07-27"
"Patras",0.175586207497607,"c","var","rachis_ratio_DM87","DFG2021","rachis_ratio","87","2021-07-27"
"Late",0.0130861243364833,"a","timeid","spikeNrGR_tt_51_61","DFG2021","biomasscut","51_61",NA
"Early",0.00775119613349282,"b","timeid","spikeNrGR_tt_51_61","DFG2021","biomasscut","51_61",NA
"Split_Late",0.0146650716970096,"a","appl:timeid","spikeNrGR_tt_51_61","DFG2021","biomasscut","51_61",NA
"Combined_Late",0.0115071769759569,"b","appl:timeid","spikeNrGR_tt_51_61","DFG2021","biomasscut","51_61",NA
"Combined_Early",0.00921052626973684,"c","appl:timeid","spikeNrGR_tt_51_61","DFG2021","biomasscut","51_61",NA
"Split_Early",0.00629186599724881,"d","appl:timeid","spikeNrGR_tt_51_61","DFG2021","biomasscut","51_61",NA
"220_Split_Late_Pionier",0.0310047845339713,"a","nitrogen:appl:timeid:var","spikeNrGR_tt_51_61","DFG2021","biomasscut","51_61",NA
"220_Combined_Late_Pionier",0.0275598084746411,"ab","nitrogen:appl:timeid:var","spikeNrGR_tt_51_61","DFG2021","biomasscut","51_61",NA
"220_Split_Late_Apertus",0.0225837319444976,"ab","nitrogen:appl:timeid:var","spikeNrGR_tt_51_61","DFG2021","biomasscut","51_61",NA
"220_Split_Late_Alves",0.0202870812382775,"abc","nitrogen:appl:timeid:var","spikeNrGR_tt_51_61","DFG2021","biomasscut","51_61",NA
"220_Combined_Early_Esket",0.0199043061205742,"abc","nitrogen:appl:timeid:var","spikeNrGR_tt_51_61","DFG2021","biomasscut","51_61",NA
"220_Combined_Late_Potenzial",0.0199043061205742,"abc","nitrogen:appl:timeid:var","spikeNrGR_tt_51_61","DFG2021","biomasscut","51_61",NA
"176_Split_Late_Alves",0.0195215310028708,"abc","nitrogen:appl:timeid:var","spikeNrGR_tt_51_61","DFG2021","biomasscut","51_61",NA
"176_Split_Early_Pionier",0.0195215310028708,"abc","nitrogen:appl:timeid:var","spikeNrGR_tt_51_61","DFG2021","biomasscut","51_61",NA
"176_Split_Late_Pionier",0.0183732056497608,"abc","nitrogen:appl:timeid:var","spikeNrGR_tt_51_61","DFG2021","biomasscut","51_61",NA
"220_Split_Late_Torrild",0.0179904305320574,"abc","nitrogen:appl:timeid:var","spikeNrGR_tt_51_61","DFG2021","biomasscut","51_61",NA
"220_Split_Early_Alves",0.0179904305320574,"abc","nitrogen:appl:timeid:var","spikeNrGR_tt_51_61","DFG2021","biomasscut","51_61",NA
"176_Combined_Late_Pionier",0.017607655414354,"abc","nitrogen:appl:timeid:var","spikeNrGR_tt_51_61","DFG2021","biomasscut","51_61",NA
"220_Combined_Late_Alves",0.0172248802966507,"abc","nitrogen:appl:timeid:var","spikeNrGR_tt_51_61","DFG2021","biomasscut","51_61",NA
"220_Split_Late_Potenzial",0.0172248802966507,"abc","nitrogen:appl:timeid:var","spikeNrGR_tt_51_61","DFG2021","biomasscut","51_61",NA
"220_Combined_Early_Capone",0.0168421051789474,"abc","nitrogen:appl:timeid:var","spikeNrGR_tt_51_61","DFG2021","biomasscut","51_61",NA
"220_Combined_Early_Pionier",0.0160765549435407,"abc","nitrogen:appl:timeid:var","spikeNrGR_tt_51_61","DFG2021","biomasscut","51_61",NA
"220_Combined_Late_Apertus",0.0160765549435406,"abc","nitrogen:appl:timeid:var","spikeNrGR_tt_51_61","DFG2021","biomasscut","51_61",NA
"176_Split_Late_Potenzial",0.015311004708134,"abc","nitrogen:appl:timeid:var","spikeNrGR_tt_51_61","DFG2021","biomasscut","51_61",NA
"220_Combined_Early_Apertus",0.0149282295904306,"abc","nitrogen:appl:timeid:var","spikeNrGR_tt_51_61","DFG2021","biomasscut","51_61",NA
"220_Combined_Late_Esket",0.0145454544727273,"abc","nitrogen:appl:timeid:var","spikeNrGR_tt_51_61","DFG2021","biomasscut","51_61",NA
"220_Split_Late_Esket",0.0133971291196173,"abc","nitrogen:appl:timeid:var","spikeNrGR_tt_51_61","DFG2021","biomasscut","51_61",NA
"176_Combined_Late_Esket",0.0133971291196172,"abc","nitrogen:appl:timeid:var","spikeNrGR_tt_51_61","DFG2021","biomasscut","51_61",NA
"176_Split_Late_Patras",0.0130143540019139,"abc","nitrogen:appl:timeid:var","spikeNrGR_tt_51_61","DFG2021","biomasscut","51_61",NA
"176_Combined_Early_Potenzial",0.0130143540019139,"abc","nitrogen:appl:timeid:var","spikeNrGR_tt_51_61","DFG2021","biomasscut","51_61",NA
"220_Split_Early_Apertus",0.0122488037665072,"abc","nitrogen:appl:timeid:var","spikeNrGR_tt_51_61","DFG2021","biomasscut","51_61",NA
"176_Split_Late_Apertus",0.0122488037665072,"abc","nitrogen:appl:timeid:var","spikeNrGR_tt_51_61","DFG2021","biomasscut","51_61",NA
"176_Combined_Early_Pionier",0.0122488037665072,"abc","nitrogen:appl:timeid:var","spikeNrGR_tt_51_61","DFG2021","biomasscut","51_61",NA
"176_Combined_Late_Capone",0.0114832535311005,"abc","nitrogen:appl:timeid:var","spikeNrGR_tt_51_61","DFG2021","biomasscut","51_61",NA
"176_Combined_Late_Torrild",0.0111004784133971,"abc","nitrogen:appl:timeid:var","spikeNrGR_tt_51_61","DFG2021","biomasscut","51_61",NA
"176_Split_Early_Esket",0.0103349281779904,"abc","nitrogen:appl:timeid:var","spikeNrGR_tt_51_61","DFG2021","biomasscut","51_61",NA
"176_Split_Late_Capone",0.00918660282488039,"abc","nitrogen:appl:timeid:var","spikeNrGR_tt_51_61","DFG2021","biomasscut","51_61",NA
"176_Split_Late_Torrild",0.00880382770717703,"abc","nitrogen:appl:timeid:var","spikeNrGR_tt_51_61","DFG2021","biomasscut","51_61",NA
"176_Split_Early_Torrild",0.00842105258947368,"abc","nitrogen:appl:timeid:var","spikeNrGR_tt_51_61","DFG2021","biomasscut","51_61",NA
"220_Combined_Late_Patras",0.00803827747177034,"abc","nitrogen:appl:timeid:var","spikeNrGR_tt_51_61","DFG2021","biomasscut","51_61",NA
"220_Combined_Early_Torrild",0.00803827747177032,"abc","nitrogen:appl:timeid:var","spikeNrGR_tt_51_61","DFG2021","biomasscut","51_61",NA
"220_Split_Early_Capone",0.007655502354067,"abc","nitrogen:appl:timeid:var","spikeNrGR_tt_51_61","DFG2021","biomasscut","51_61",NA
"220_Combined_Early_Potenzial",0.00727272723636364,"abc","nitrogen:appl:timeid:var","spikeNrGR_tt_51_61","DFG2021","biomasscut","51_61",NA
"176_Combined_Early_Torrild",0.00688995211866028,"abc","nitrogen:appl:timeid:var","spikeNrGR_tt_51_61","DFG2021","biomasscut","51_61",NA
"220_Split_Early_Pionier",0.00650717700095695,"abc","nitrogen:appl:timeid:var","spikeNrGR_tt_51_61","DFG2021","biomasscut","51_61",NA
"176_Combined_Late_Alves",0.00650717700095694,"abc","nitrogen:appl:timeid:var","spikeNrGR_tt_51_61","DFG2021","biomasscut","51_61",NA
"220_Split_Late_Patras",0.00650717700095694,"abc","nitrogen:appl:timeid:var","spikeNrGR_tt_51_61","DFG2021","biomasscut","51_61",NA
"220_Split_Early_Esket",0.00650717700095694,"abc","nitrogen:appl:timeid:var","spikeNrGR_tt_51_61","DFG2021","biomasscut","51_61",NA
"220_Combined_Early_Patras",0.00650717700095694,"abc","nitrogen:appl:timeid:var","spikeNrGR_tt_51_61","DFG2021","biomasscut","51_61",NA
"220_Split_Early_Patras",0.0061244018832536,"abc","nitrogen:appl:timeid:var","spikeNrGR_tt_51_61","DFG2021","biomasscut","51_61",NA
"176_Combined_Early_Alves",0.00612440188325359,"abc","nitrogen:appl:timeid:var","spikeNrGR_tt_51_61","DFG2021","biomasscut","51_61",NA
"220_Combined_Late_Torrild",0.00612440188325358,"abc","nitrogen:appl:timeid:var","spikeNrGR_tt_51_61","DFG2021","biomasscut","51_61",NA
"176_Combined_Early_Capone",0.00612440188325358,"abc","nitrogen:appl:timeid:var","spikeNrGR_tt_51_61","DFG2021","biomasscut","51_61",NA
"176_Combined_Early_Patras",0.00574162676555024,"abc","nitrogen:appl:timeid:var","spikeNrGR_tt_51_61","DFG2021","biomasscut","51_61",NA
"220_Split_Late_Capone",0.00574162676555024,"abc","nitrogen:appl:timeid:var","spikeNrGR_tt_51_61","DFG2021","biomasscut","51_61",NA
"176_Combined_Late_Apertus",0.0053588516478469,"abc","nitrogen:appl:timeid:var","spikeNrGR_tt_51_61","DFG2021","biomasscut","51_61",NA
"176_Split_Early_Alves",0.00497607653014355,"abc","nitrogen:appl:timeid:var","spikeNrGR_tt_51_61","DFG2021","biomasscut","51_61",NA
"176_Combined_Late_Potenzial",0.00497607653014354,"abc","nitrogen:appl:timeid:var","spikeNrGR_tt_51_61","DFG2021","biomasscut","51_61",NA
"176_Combined_Early_Apertus",0.00497607653014353,"abc","nitrogen:appl:timeid:var","spikeNrGR_tt_51_61","DFG2021","biomasscut","51_61",NA
"176_Split_Early_Capone",0.00382775117703349,"abc","nitrogen:appl:timeid:var","spikeNrGR_tt_51_61","DFG2021","biomasscut","51_61",NA
"176_Split_Early_Potenzial",0.00382775117703347,"abc","nitrogen:appl:timeid:var","spikeNrGR_tt_51_61","DFG2021","biomasscut","51_61",NA
"176_Split_Late_Esket",0.00344497605933014,"abc","nitrogen:appl:timeid:var","spikeNrGR_tt_51_61","DFG2021","biomasscut","51_61",NA
"176_Combined_Early_Esket",0.00306220094162679,"abc","nitrogen:appl:timeid:var","spikeNrGR_tt_51_61","DFG2021","biomasscut","51_61",NA
"220_Combined_Late_Capone",0.00267942582392345,"abc","nitrogen:appl:timeid:var","spikeNrGR_tt_51_61","DFG2021","biomasscut","51_61",NA
"176_Combined_Late_Patras",0.0015311004708134,"abc","nitrogen:appl:timeid:var","spikeNrGR_tt_51_61","DFG2021","biomasscut","51_61",NA
"176_Split_Early_Apertus",0.0015311004708134,"abc","nitrogen:appl:timeid:var","spikeNrGR_tt_51_61","DFG2021","biomasscut","51_61",NA
"220_Split_Early_Torrild",0.0007655502354067,"bc","nitrogen:appl:timeid:var","spikeNrGR_tt_51_61","DFG2021","biomasscut","51_61",NA
"220_Combined_Early_Alves",-0.000382775117703347,"bc","nitrogen:appl:timeid:var","spikeNrGR_tt_51_61","DFG2021","biomasscut","51_61",NA
"220_Split_Early_Potenzial",-0.000765550235406696,"bc","nitrogen:appl:timeid:var","spikeNrGR_tt_51_61","DFG2021","biomasscut","51_61",NA
"176_Split_Early_Patras",-0.00880382770717705,"c","nitrogen:appl:timeid:var","spikeNrGR_tt_51_61","DFG2021","biomasscut","51_61",NA
"Potenzial",4.7124999764375,"a","var","spike_number_51","DFG2021",NA,"51","2021-06-08"
"Torrild",4.54374997728125,"a","var","spike_number_51","DFG2021",NA,"51","2021-06-08"
"Alves",4.08124997959375,"ab","var","spike_number_51","DFG2021",NA,"51","2021-06-08"
"Patras",3.9874999800625,"ab","var","spike_number_51","DFG2021",NA,"51","2021-06-08"
"Esket",3.624999981875,"b","var","spike_number_51","DFG2021",NA,"51","2021-06-08"
"Pionier",3.58124998209375,"b","var","spike_number_51","DFG2021",NA,"51","2021-06-08"
"Apertus",3.4374999828125,"b","var","spike_number_51","DFG2021",NA,"51","2021-06-08"
"Capone",3.39374998303125,"b","var","spike_number_51","DFG2021",NA,"51","2021-06-08"
"220",5.63593747182031,"a","nitrogen","spike_number_61","DFG2021",NA,"61","2021-06-15"
"176",4.92656247536719,"b","nitrogen","spike_number_61","DFG2021",NA,"61","2021-06-15"
"Potenzial",6.03124996984375,"a","var","spike_number_61","DFG2021",NA,"61","2021-06-15"
"Pionier",6.0124999699375,"a","var","spike_number_61","DFG2021",NA,"61","2021-06-15"
"Torrild",5.65624997171875,"ab","var","spike_number_61","DFG2021",NA,"61","2021-06-15"
"Alves",5.5874999720625,"ab","var","spike_number_61","DFG2021",NA,"61","2021-06-15"
"Esket",5.00624997496875,"ab","var","spike_number_61","DFG2021",NA,"61","2021-06-15"
"Apertus",4.90624997546875,"ab","var","spike_number_61","DFG2021",NA,"61","2021-06-15"
"Patras",4.61874997690625,"b","var","spike_number_61","DFG2021",NA,"61","2021-06-15"
"Capone",4.43124997784375,"b","var","spike_number_61","DFG2021",NA,"61","2021-06-15"
"Potenzial",5.9624999701875,"a","var","spike_number_87","DFG2021",NA,"87","2021-07-27"
"Pionier",5.79374997103125,"ab","var","spike_number_87","DFG2021",NA,"87","2021-07-27"
"Torrild",5.44999997275,"abc","var","spike_number_87","DFG2021",NA,"87","2021-07-27"
"Alves",5.1374999743125,"bcd","var","spike_number_87","DFG2021",NA,"87","2021-07-27"
"Patras",4.91874997540625,"cd","var","spike_number_87","DFG2021",NA,"87","2021-07-27"
"Apertus",4.799999976,"cd","var","spike_number_87","DFG2021",NA,"87","2021-07-27"
"Capone",4.7624999761875,"cd","var","spike_number_87","DFG2021",NA,"87","2021-07-27"
"Esket",4.64374997678125,"d","var","spike_number_87","DFG2021",NA,"87","2021-07-27"
"176",247.879790582253,"a","nitrogen","straw_CHO61","DFG2021","straw","61","2021-06-15"
"220",190.388131591349,"b","nitrogen","straw_CHO61","DFG2021","straw","61","2021-06-15"
"Split",221.130633065421,"a","appl","straw_CHO61","DFG2021","straw","61","2021-06-15"
"Combined",217.137289108181,"b","appl","straw_CHO61","DFG2021","straw","61","2021-06-15"
"Early",235.706316002863,"a","timeid","straw_CHO61","DFG2021","straw","61","2021-06-15"
"Late",202.561606170739,"b","timeid","straw_CHO61","DFG2021","straw","61","2021-06-15"
"Patras",270.547268749118,"a","var","straw_CHO61","DFG2021","straw","61","2021-06-15"
"Esket",241.369689425237,"ab","var","straw_CHO61","DFG2021","straw","61","2021-06-15"
"Torrild",232.149705325852,"abc","var","straw_CHO61","DFG2021","straw","61","2021-06-15"
"Alves",209.817221070768,"bc","var","straw_CHO61","DFG2021","straw","61","2021-06-15"
"Capone",207.532403805894,"bc","var","straw_CHO61","DFG2021","straw","61","2021-06-15"
"Potenzial",205.566552286912,"bc","var","straw_CHO61","DFG2021","straw","61","2021-06-15"
"Pionier",203.924030094218,"bc","var","straw_CHO61","DFG2021","straw","61","2021-06-15"
"Apertus",182.164817936409,"c","var","straw_CHO61","DFG2021","straw","61","2021-06-15"
"176_Split_Early",272.680897772245,"a","nitrogen:appl:timeid","straw_CHO61","DFG2021","straw","61","2021-06-15"
"176_Combined_Late",254.72476562957,"ab","nitrogen:appl:timeid","straw_CHO61","DFG2021","straw","61","2021-06-15"
"176_Combined_Early",232.703766343948,"ab","nitrogen:appl:timeid","straw_CHO61","DFG2021","straw","61","2021-06-15"
"176_Split_Late",231.409732583248,"ab","nitrogen:appl:timeid","straw_CHO61","DFG2021","straw","61","2021-06-15"
"220_Combined_Early",223.864248982036,"ab","nitrogen:appl:timeid","straw_CHO61","DFG2021","straw","61","2021-06-15"
"220_Split_Early",213.576350913224,"bc","nitrogen:appl:timeid","straw_CHO61","DFG2021","straw","61","2021-06-15"
"220_Split_Late",166.855550992967,"cd","nitrogen:appl:timeid","straw_CHO61","DFG2021","straw","61","2021-06-15"
"220_Combined_Late",157.25637547717,"d","nitrogen:appl:timeid","straw_CHO61","DFG2021","straw","61","2021-06-15"
"220",22.9069060796239,"a","nitrogen","straw_CHO87","DFG2021","straw","87","2021-07-27"
"176",11.4767482159626,"b","nitrogen","straw_CHO87","DFG2021","straw","87","2021-07-27"
"Pionier",34.3835719891055,"a","var","straw_CHO87","DFG2021","straw","87","2021-07-27"
"Capone",18.9793700811828,"b","var","straw_CHO87","DFG2021","straw","87","2021-07-27"
"Apertus",16.8797754741519,"b","var","straw_CHO87","DFG2021","straw","87","2021-07-27"
"Esket",16.4659300036462,"b","var","straw_CHO87","DFG2021","straw","87","2021-07-27"
"Torrild",14.7122378924822,"b","var","straw_CHO87","DFG2021","straw","87","2021-07-27"
"Potenzial",14.3894143066108,"b","var","straw_CHO87","DFG2021","straw","87","2021-07-27"
"Patras",11.1926819937,"b","var","straw_CHO87","DFG2021","straw","87","2021-07-27"
"Alves",10.5316354414666,"b","var","straw_CHO87","DFG2021","straw","87","2021-07-27"
"220_Pionier",50.9854638940797,"a","nitrogen:var","straw_CHO87","DFG2021","straw","87","2021-07-27"
"220_Capone",26.6286669011351,"ab","nitrogen:var","straw_CHO87","DFG2021","straw","87","2021-07-27"
"220_Potenzial",24.0388590599454,"ab","nitrogen:var","straw_CHO87","DFG2021","straw","87","2021-07-27"
"220_Torrild",21.3744096718493,"b","nitrogen:var","straw_CHO87","DFG2021","straw","87","2021-07-27"
"220_Esket",19.7172715377507,"b","nitrogen:var","straw_CHO87","DFG2021","straw","87","2021-07-27"
"176_Pionier",17.7816800841312,"b","nitrogen:var","straw_CHO87","DFG2021","straw","87","2021-07-27"
"220_Apertus",16.9357423922228,"b","nitrogen:var","straw_CHO87","DFG2021","straw","87","2021-07-27"
"176_Apertus",16.823808556081,"b","nitrogen:var","straw_CHO87","DFG2021","straw","87","2021-07-27"
"220_Alves",15.3278088374158,"b","nitrogen:var","straw_CHO87","DFG2021","straw","87","2021-07-27"
"176_Patras",14.1383376448073,"b","nitrogen:var","straw_CHO87","DFG2021","straw","87","2021-07-27"
"176_Esket",13.2145884695416,"b","nitrogen:var","straw_CHO87","DFG2021","straw","87","2021-07-27"
"176_Capone",11.3300732612306,"b","nitrogen:var","straw_CHO87","DFG2021","straw","87","2021-07-27"
"220_Patras",8.2470263425926,"b","nitrogen:var","straw_CHO87","DFG2021","straw","87","2021-07-27"
"176_Torrild",8.05006611311519,"b","nitrogen:var","straw_CHO87","DFG2021","straw","87","2021-07-27"
"176_Alves",5.73546204551749,"b","nitrogen:var","straw_CHO87","DFG2021","straw","87","2021-07-27"
"176_Potenzial",4.73996955327617,"b","nitrogen:var","straw_CHO87","DFG2021","straw","87","2021-07-27"
"Early",0.212234373938828,"a","timeid","straw_DM23","DFG2021","straw","23","2021-03-16"
"Late",0.128859374355703,"b","timeid","straw_DM23","DFG2021","straw","23","2021-03-16"
"220",7.56165621219172,"a","nitrogen","straw_DM51","DFG2021","straw","51","2021-06-08"
"176",6.79378121603109,"b","nitrogen","straw_DM51","DFG2021","straw","51","2021-06-08"
"Split",7.44199996279,"a","appl","straw_DM51","DFG2021","straw","51","2021-06-08"
"Combined",6.91343746543281,"b","appl","straw_DM51","DFG2021","straw","51","2021-06-08"
"220",16.2875742229802,"a","nitrogen","straw_Nitrogen61","DFG2021","straw","61","2021-06-15"
"176",12.6963830918641,"b","nitrogen","straw_Nitrogen61","DFG2021","straw","61","2021-06-15"
"Combined",15.2785763040572,"a","appl","straw_Nitrogen61","DFG2021","straw","61","2021-06-15"
"Split",13.7053810107871,"b","appl","straw_Nitrogen61","DFG2021","straw","61","2021-06-15"
"Late",15.2599068482006,"a","timeid","straw_Nitrogen61","DFG2021","straw","61","2021-06-15"
"Early",13.7240504666437,"b","timeid","straw_Nitrogen61","DFG2021","straw","61","2021-06-15"
"220",6.78466821604321,"a","nitrogen","straw_Nitrogen87","DFG2021","straw","87","2021-07-27"
"176",5.41087216184276,"b","nitrogen","straw_Nitrogen87","DFG2021","straw","87","2021-07-27"
"Apertus",6.42172705402381,"a","var","straw_Nitrogen87","DFG2021","straw","87","2021-07-27"
"Capone",6.33553224685384,"a","var","straw_Nitrogen87","DFG2021","straw","87","2021-07-27"
"Esket",6.29666429427388,"a","var","straw_Nitrogen87","DFG2021","straw","87","2021-07-27"
"Potenzial",6.22388477096517,"ab","var","straw_Nitrogen87","DFG2021","straw","87","2021-07-27"
"Alves",6.08662506634303,"ab","var","straw_Nitrogen87","DFG2021","straw","87","2021-07-27"
"Pionier",5.88777533690889,"bc","var","straw_Nitrogen87","DFG2021","straw","87","2021-07-27"
"Patras",5.86968009475449,"bc","var","straw_Nitrogen87","DFG2021","straw","87","2021-07-27"
"Torrild",5.66027264742078,"c","var","straw_Nitrogen87","DFG2021","straw","87","2021-07-27"
"220_Late",6.89046746795326,"a","nitrogen:timeid","straw_Nitrogen87","DFG2021","straw","87","2021-07-27"
"220_Early",6.67886896413316,"b","nitrogen:timeid","straw_Nitrogen87","DFG2021","straw","87","2021-07-27"
"176_Late",5.74174606765332,"c","nitrogen:timeid","straw_Nitrogen87","DFG2021","straw","87","2021-07-27"
"176_Early",5.0799982560322,"d","nitrogen:timeid","straw_Nitrogen87","DFG2021","straw","87","2021-07-27"
"Late_Apertus",6.75031087708275,"a","timeid:var","straw_Nitrogen87","DFG2021","straw","87","2021-07-27"
"Early_Capone",6.4839942597433,"ab","timeid:var","straw_Nitrogen87","DFG2021","straw","87","2021-07-27"
"Late_Potenzial",6.44875859151733,"ab","timeid:var","straw_Nitrogen87","DFG2021","straw","87","2021-07-27"
"Late_Esket",6.44201066491194,"ab","timeid:var","straw_Nitrogen87","DFG2021","straw","87","2021-07-27"
"Late_Torrild",6.42351749916555,"ab","timeid:var","straw_Nitrogen87","DFG2021","straw","87","2021-07-27"
"Late_Alves",6.25753529572129,"ab","timeid:var","straw_Nitrogen87","DFG2021","straw","87","2021-07-27"
"Late_Capone",6.18707023396438,"ab","timeid:var","straw_Nitrogen87","DFG2021","straw","87","2021-07-27"
"Early_Esket",6.15131792363582,"ab","timeid:var","straw_Nitrogen87","DFG2021","straw","87","2021-07-27"
"Late_Pionier",6.13372191318775,"ab","timeid:var","straw_Nitrogen87","DFG2021","straw","87","2021-07-27"
"Early_Apertus",6.09314323096486,"ab","timeid:var","straw_Nitrogen87","DFG2021","straw","87","2021-07-27"
"Early_Potenzial",5.999010950413,"ab","timeid:var","straw_Nitrogen87","DFG2021","straw","87","2021-07-27"
"Early_Alves",5.91571483696477,"abc","timeid:var","straw_Nitrogen87","DFG2021","straw","87","2021-07-27"
"Late_Patras",5.88592906687533,"abc","timeid:var","straw_Nitrogen87","DFG2021","straw","87","2021-07-27"
"Early_Patras",5.85343112263365,"abc","timeid:var","straw_Nitrogen87","DFG2021","straw","87","2021-07-27"
"Early_Pionier",5.64182876063003,"bc","timeid:var","straw_Nitrogen87","DFG2021","straw","87","2021-07-27"
"Early_Torrild",4.89702779567601,"c","timeid:var","straw_Nitrogen87","DFG2021","straw","87","2021-07-27"
"220_Split_Late",7.4355421303058,"a","nitrogen:appl:timeid","straw_Nitrogen87","DFG2021","straw","87","2021-07-27"
"220_Combined_Early",7.01036100258915,"ab","nitrogen:appl:timeid","straw_Nitrogen87","DFG2021","straw","87","2021-07-27"
"220_Split_Early",6.34737692567717,"ab","nitrogen:appl:timeid","straw_Nitrogen87","DFG2021","straw","87","2021-07-27"
"220_Combined_Late",6.34539280560071,"ab","nitrogen:appl:timeid","straw_Nitrogen87","DFG2021","straw","87","2021-07-27"
"176_Combined_Late",6.06277380435222,"ab","nitrogen:appl:timeid","straw_Nitrogen87","DFG2021","straw","87","2021-07-27"
"176_Split_Late",5.42071833095443,"ab","nitrogen:appl:timeid","straw_Nitrogen87","DFG2021","straw","87","2021-07-27"
"176_Split_Early",5.27594228741947,"ab","nitrogen:appl:timeid","straw_Nitrogen87","DFG2021","straw","87","2021-07-27"
"176_Combined_Early",4.88405422464493,"b","nitrogen:appl:timeid","straw_Nitrogen87","DFG2021","straw","87","2021-07-27"
"220_Split_Apertus",7.54890984699927,"a","nitrogen:appl:var","straw_Nitrogen87","DFG2021","straw","87","2021-07-27"
"220_Split_Alves",7.19519225764258,"ab","nitrogen:appl:var","straw_Nitrogen87","DFG2021","straw","87","2021-07-27"
"220_Split_Potenzial",7.06401469177239,"abc","nitrogen:appl:var","straw_Nitrogen87","DFG2021","straw","87","2021-07-27"
"220_Split_Capone",7.05200110935663,"abc","nitrogen:appl:var","straw_Nitrogen87","DFG2021","straw","87","2021-07-27"
"220_Combined_Capone",7.0417749692437,"abc","nitrogen:appl:var","straw_Nitrogen87","DFG2021","straw","87","2021-07-27"
"220_Combined_Alves",6.98670268512475,"abcd","nitrogen:appl:var","straw_Nitrogen87","DFG2021","straw","87","2021-07-27"
"220_Combined_Apertus",6.97437750473746,"abcde","nitrogen:appl:var","straw_Nitrogen87","DFG2021","straw","87","2021-07-27"
"220_Split_Patras",6.90842294640361,"abcdef","nitrogen:appl:var","straw_Nitrogen87","DFG2021","straw","87","2021-07-27"
"220_Combined_Torrild",6.85209298084011,"abcdef","nitrogen:appl:var","straw_Nitrogen87","DFG2021","straw","87","2021-07-27"
"220_Split_Pionier",6.73560985324417,"abcdef","nitrogen:appl:var","straw_Nitrogen87","DFG2021","straw","87","2021-07-27"
"220_Combined_Esket",6.67694740704009,"abcdefg","nitrogen:appl:var","straw_Nitrogen87","DFG2021","straw","87","2021-07-27"
"220_Combined_Potenzial",6.61179069990878,"abcdefgh","nitrogen:appl:var","straw_Nitrogen87","DFG2021","straw","87","2021-07-27"
"220_Combined_Pionier",6.39583079285927,"abcdefghi","nitrogen:appl:var","straw_Nitrogen87","DFG2021","straw","87","2021-07-27"
"220_Split_Esket",6.36305099737986,"abcdefghij","nitrogen:appl:var","straw_Nitrogen87","DFG2021","straw","87","2021-07-27"
"176_Split_Esket",6.33234574691634,"bcdefghij","nitrogen:appl:var","straw_Nitrogen87","DFG2021","straw","87","2021-07-27"
"220_Split_Torrild",6.26447452113335,"bcdefghijk","nitrogen:appl:var","straw_Nitrogen87","DFG2021","straw","87","2021-07-27"
"176_Combined_Apertus",6.12530469145917,"bcdefghijkl","nitrogen:appl:var","straw_Nitrogen87","DFG2021","straw","87","2021-07-27"
"220_Combined_Patras",5.88349819300531,"cdefghijkl","nitrogen:appl:var","straw_Nitrogen87","DFG2021","straw","87","2021-07-27"
"176_Combined_Esket",5.81431302575923,"defghijkl","nitrogen:appl:var","straw_Nitrogen87","DFG2021","straw","87","2021-07-27"
"176_Combined_Potenzial",5.78508629084482,"efghijkl","nitrogen:appl:var","straw_Nitrogen87","DFG2021","straw","87","2021-07-27"
"176_Combined_Capone",5.74719654234305,"fghijkl","nitrogen:appl:var","straw_Nitrogen87","DFG2021","straw","87","2021-07-27"
"176_Combined_Patras",5.5149967855671,"ghijklm","nitrogen:appl:var","straw_Nitrogen87","DFG2021","straw","87","2021-07-27"
"176_Split_Capone",5.50115636647198,"ghijklm","nitrogen:appl:var","straw_Nitrogen87","DFG2021","straw","87","2021-07-27"
"176_Split_Potenzial",5.43464740133468,"hijklm","nitrogen:appl:var","straw_Nitrogen87","DFG2021","straw","87","2021-07-27"
"176_Split_Pionier",5.31518204309726,"ijklm","nitrogen:appl:var","straw_Nitrogen87","DFG2021","straw","87","2021-07-27"
"176_Combined_Alves",5.21484059350018,"ijklm","nitrogen:appl:var","straw_Nitrogen87","DFG2021","straw","87","2021-07-27"
"176_Split_Patras",5.17180245404195,"jklm","nitrogen:appl:var","straw_Nitrogen87","DFG2021","straw","87","2021-07-27"
"176_Combined_Pionier",5.10447865843487,"klm","nitrogen:appl:var","straw_Nitrogen87","DFG2021","straw","87","2021-07-27"
"176_Split_Torrild",5.04342755962948,"lm","nitrogen:appl:var","straw_Nitrogen87","DFG2021","straw","87","2021-07-27"
"176_Split_Apertus",5.03831617289933,"lm","nitrogen:appl:var","straw_Nitrogen87","DFG2021","straw","87","2021-07-27"
"176_Split_Alves",4.94976472910461,"lm","nitrogen:appl:var","straw_Nitrogen87","DFG2021","straw","87","2021-07-27"
"176_Combined_Torrild",4.48109552808017,"m","nitrogen:appl:var","straw_Nitrogen87","DFG2021","straw","87","2021-07-27"
"Combined_Late_Apertus",7.05288281658828,"a","appl:timeid:var","straw_Nitrogen87","DFG2021","straw","87","2021-07-27"
"Combined_Early_Capone",6.72861477243836,"ab","appl:timeid:var","straw_Nitrogen87","DFG2021","straw","87","2021-07-27"
"Split_Late_Pionier",6.66616882671407,"abc","appl:timeid:var","straw_Nitrogen87","DFG2021","straw","87","2021-07-27"
"Split_Late_Alves",6.61762731735551,"abc","appl:timeid:var","straw_Nitrogen87","DFG2021","straw","87","2021-07-27"
"Combined_Late_Torrild",6.57555540843541,"abc","appl:timeid:var","straw_Nitrogen87","DFG2021","straw","87","2021-07-27"
"Split_Late_Potenzial",6.51930196752205,"abc","appl:timeid:var","straw_Nitrogen87","DFG2021","straw","87","2021-07-27"
"Split_Late_Esket",6.46619851424558,"abc","appl:timeid:var","straw_Nitrogen87","DFG2021","straw","87","2021-07-27"
"Split_Late_Apertus",6.44773893757722,"abc","appl:timeid:var","straw_Nitrogen87","DFG2021","straw","87","2021-07-27"
"Combined_Late_Esket",6.4178228155783,"abc","appl:timeid:var","straw_Nitrogen87","DFG2021","straw","87","2021-07-27"
"Combined_Late_Potenzial",6.37821521551261,"abcd","appl:timeid:var","straw_Nitrogen87","DFG2021","straw","87","2021-07-27"
"Split_Late_Capone",6.31378372878037,"abcd","appl:timeid:var","straw_Nitrogen87","DFG2021","straw","87","2021-07-27"
"Combined_Early_Alves",6.30410000453786,"abcd","appl:timeid:var","straw_Nitrogen87","DFG2021","straw","87","2021-07-27"
"Split_Late_Torrild",6.27147958989568,"abcd","appl:timeid:var","straw_Nitrogen87","DFG2021","straw","87","2021-07-27"
"Split_Early_Capone",6.23937374704824,"abcd","appl:timeid:var","straw_Nitrogen87","DFG2021","straw","87","2021-07-27"
"Split_Early_Esket",6.22919823005063,"abcd","appl:timeid:var","straw_Nitrogen87","DFG2021","straw","87","2021-07-27"
"Split_Early_Apertus",6.13948708232138,"abcd","appl:timeid:var","straw_Nitrogen87","DFG2021","straw","87","2021-07-27"
"Split_Late_Patras",6.12274296295043,"abcd","appl:timeid:var","straw_Nitrogen87","DFG2021","straw","87","2021-07-27"
"Combined_Early_Esket",6.07343761722101,"abcd","appl:timeid:var","straw_Nitrogen87","DFG2021","straw","87","2021-07-27"
"Combined_Late_Capone",6.06035673914839,"abcd","appl:timeid:var","straw_Nitrogen87","DFG2021","straw","87","2021-07-27"
"Combined_Early_Apertus",6.04679937960835,"abcd","appl:timeid:var","straw_Nitrogen87","DFG2021","straw","87","2021-07-27"
"Combined_Early_Potenzial",6.01866177524099,"abcd","appl:timeid:var","straw_Nitrogen87","DFG2021","straw","87","2021-07-27"
"Split_Early_Potenzial",5.97936012558502,"abcd","appl:timeid:var","straw_Nitrogen87","DFG2021","straw","87","2021-07-27"
"Split_Early_Patras",5.95748243749512,"abcd","appl:timeid:var","straw_Nitrogen87","DFG2021","straw","87","2021-07-27"
"Combined_Early_Pionier",5.89903445163271,"abcd","appl:timeid:var","straw_Nitrogen87","DFG2021","straw","87","2021-07-27"
"Combined_Late_Alves",5.89744327408707,"abcd","appl:timeid:var","straw_Nitrogen87","DFG2021","straw","87","2021-07-27"
"Combined_Early_Patras",5.74937980777217,"abcd","appl:timeid:var","straw_Nitrogen87","DFG2021","straw","87","2021-07-27"
"Combined_Late_Patras",5.64911517080023,"abcd","appl:timeid:var","straw_Nitrogen87","DFG2021","straw","87","2021-07-27"
"Combined_Late_Pionier",5.60127499966143,"abcd","appl:timeid:var","straw_Nitrogen87","DFG2021","straw","87","2021-07-27"
"Split_Early_Alves",5.52732966939167,"abcd","appl:timeid:var","straw_Nitrogen87","DFG2021","straw","87","2021-07-27"
"Split_Early_Pionier",5.38462306962735,"bcd","appl:timeid:var","straw_Nitrogen87","DFG2021","straw","87","2021-07-27"
"Split_Early_Torrild",5.03642249086715,"cd","appl:timeid:var","straw_Nitrogen87","DFG2021","straw","87","2021-07-27"
"Combined_Early_Torrild",4.75763310048487,"d","appl:timeid:var","straw_Nitrogen87","DFG2021","straw","87","2021-07-27"
"220_Split_Late_Apertus",8.25266694331982,"a","nitrogen:appl:timeid:var","straw_Nitrogen87","DFG2021","straw","87","2021-07-27"
"220_Combined_Early_Alves",8.13689021301995,"ab","nitrogen:appl:timeid:var","straw_Nitrogen87","DFG2021","straw","87","2021-07-27"
"220_Combined_Early_Capone",7.89710246176166,"abc","nitrogen:appl:timeid:var","straw_Nitrogen87","DFG2021","straw","87","2021-07-27"
"220_Split_Late_Alves",7.87490199592233,"abcd","nitrogen:appl:timeid:var","straw_Nitrogen87","DFG2021","straw","87","2021-07-27"
"220_Split_Late_Capone",7.56628011107238,"abcde","nitrogen:appl:timeid:var","straw_Nitrogen87","DFG2021","straw","87","2021-07-27"
"220_Split_Late_Torrild",7.52895711534155,"abcdef","nitrogen:appl:timeid:var","straw_Nitrogen87","DFG2021","straw","87","2021-07-27"
"220_Split_Late_Potenzial",7.42221532568728,"abcdefg","nitrogen:appl:timeid:var","straw_Nitrogen87","DFG2021","straw","87","2021-07-27"
"220_Split_Late_Pionier",7.40252723074324,"abcdefg","nitrogen:appl:timeid:var","straw_Nitrogen87","DFG2021","straw","87","2021-07-27"
"176_Combined_Late_Apertus",7.11606457195131,"abcdefgh","nitrogen:appl:timeid:var","straw_Nitrogen87","DFG2021","straw","87","2021-07-27"
"220_Combined_Early_Esket",7.0641276493073,"abcdefghi","nitrogen:appl:timeid:var","straw_Nitrogen87","DFG2021","straw","87","2021-07-27"
"220_Combined_Late_Torrild",7.03733066157316,"abcdefghi","nitrogen:appl:timeid:var","straw_Nitrogen87","DFG2021","straw","87","2021-07-27"
"220_Combined_Late_Apertus",6.98970106122525,"abcdefghij","nitrogen:appl:timeid:var","straw_Nitrogen87","DFG2021","straw","87","2021-07-27"
"220_Combined_Early_Apertus",6.95905394824967,"abcdefghij","nitrogen:appl:timeid:var","straw_Nitrogen87","DFG2021","straw","87","2021-07-27"
"220_Split_Early_Patras",6.95137948462101,"abcdefghij","nitrogen:appl:timeid:var","straw_Nitrogen87","DFG2021","straw","87","2021-07-27"
"220_Split_Late_Patras",6.8654664081862,"abcdefghijk","nitrogen:appl:timeid:var","straw_Nitrogen87","DFG2021","straw","87","2021-07-27"
"220_Split_Early_Apertus",6.84515275067873,"abcdefghijk","nitrogen:appl:timeid:var","straw_Nitrogen87","DFG2021","straw","87","2021-07-27"
"220_Combined_Late_Potenzial",6.81404823570863,"abcdefghijk","nitrogen:appl:timeid:var","straw_Nitrogen87","DFG2021","straw","87","2021-07-27"
"220_Split_Early_Potenzial",6.70581405785751,"abcdefghijkl","nitrogen:appl:timeid:var","straw_Nitrogen87","DFG2021","straw","87","2021-07-27"
"220_Combined_Early_Torrild",6.66685530010706,"abcdefghijkl","nitrogen:appl:timeid:var","straw_Nitrogen87","DFG2021","straw","87","2021-07-27"
"220_Split_Late_Esket",6.5713219121736,"bcdefghijklm","nitrogen:appl:timeid:var","straw_Nitrogen87","DFG2021","straw","87","2021-07-27"
"220_Combined_Early_Pionier",6.56653252165677,"bcdefghijklm","nitrogen:appl:timeid:var","straw_Nitrogen87","DFG2021","straw","87","2021-07-27"
"176_Combined_Late_Esket",6.54587846638373,"bcdefghijklm","nitrogen:appl:timeid:var","straw_Nitrogen87","DFG2021","straw","87","2021-07-27"
"220_Split_Early_Capone",6.53772210764088,"bcdefghijklm","nitrogen:appl:timeid:var","straw_Nitrogen87","DFG2021","straw","87","2021-07-27"
"220_Split_Early_Alves",6.51548251936282,"bcdefghijklm","nitrogen:appl:timeid:var","straw_Nitrogen87","DFG2021","straw","87","2021-07-27"
"220_Combined_Early_Potenzial",6.40953316410893,"cdefghijklm","nitrogen:appl:timeid:var","straw_Nitrogen87","DFG2021","straw","87","2021-07-27"
"220_Combined_Early_Patras",6.38279276250187,"cdefghijklm","nitrogen:appl:timeid:var","straw_Nitrogen87","DFG2021","straw","87","2021-07-27"
"176_Split_Late_Esket",6.36107511631756,"cdefghijklm","nitrogen:appl:timeid:var","straw_Nitrogen87","DFG2021","straw","87","2021-07-27"
"176_Split_Early_Esket",6.30361637751513,"cdefghijklmn","nitrogen:appl:timeid:var","straw_Nitrogen87","DFG2021","straw","87","2021-07-27"
"220_Combined_Late_Esket",6.28976716477287,"cdefghijklmno","nitrogen:appl:timeid:var","straw_Nitrogen87","DFG2021","straw","87","2021-07-27"
"220_Combined_Late_Pionier",6.22512906406178,"defghijklmno","nitrogen:appl:timeid:var","straw_Nitrogen87","DFG2021","straw","87","2021-07-27"
"220_Combined_Late_Capone",6.18644747672573,"efghijklmnop","nitrogen:appl:timeid:var","straw_Nitrogen87","DFG2021","straw","87","2021-07-27"
"220_Split_Early_Esket",6.15478008258613,"efghijklmnop","nitrogen:appl:timeid:var","straw_Nitrogen87","DFG2021","straw","87","2021-07-27"
"176_Combined_Late_Torrild",6.11378015529766,"efghijklmnopq","nitrogen:appl:timeid:var","straw_Nitrogen87","DFG2021","straw","87","2021-07-27"
"220_Split_Early_Pionier",6.0686924757451,"efghijklmnopq","nitrogen:appl:timeid:var","straw_Nitrogen87","DFG2021","straw","87","2021-07-27"
"176_Combined_Late_Alves",5.95837139094459,"efghijklmnopq","nitrogen:appl:timeid:var","straw_Nitrogen87","DFG2021","straw","87","2021-07-27"
"176_Combined_Late_Potenzial",5.94238219531659,"efghijklmnopq","nitrogen:appl:timeid:var","straw_Nitrogen87","DFG2021","straw","87","2021-07-27"
"176_Split_Early_Capone",5.94102538645559,"efghijklmnopq","nitrogen:appl:timeid:var","straw_Nitrogen87","DFG2021","straw","87","2021-07-27"
"176_Combined_Late_Capone",5.93426600157105,"efghijklmnopq","nitrogen:appl:timeid:var","straw_Nitrogen87","DFG2021","straw","87","2021-07-27"
"176_Split_Late_Pionier",5.92981042268491,"efghijklmnopq","nitrogen:appl:timeid:var","straw_Nitrogen87","DFG2021","straw","87","2021-07-27"
"176_Combined_Late_Patras",5.91402671809172,"fghijklmnopq","nitrogen:appl:timeid:var","straw_Nitrogen87","DFG2021","straw","87","2021-07-27"
"220_Combined_Late_Alves",5.83651515722954,"ghijklmnopq","nitrogen:appl:timeid:var","straw_Nitrogen87","DFG2021","straw","87","2021-07-27"
"176_Combined_Early_Potenzial",5.62779038637305,"hijklmnopq","nitrogen:appl:timeid:var","straw_Nitrogen87","DFG2021","straw","87","2021-07-27"
"176_Split_Late_Potenzial",5.61638860935683,"hijklmnopq","nitrogen:appl:timeid:var","straw_Nitrogen87","DFG2021","straw","87","2021-07-27"
"176_Combined_Early_Capone",5.56012708311505,"hijklmnopq","nitrogen:appl:timeid:var","straw_Nitrogen87","DFG2021","straw","87","2021-07-27"
"176_Split_Early_Apertus",5.43382141396403,"ijklmnopq","nitrogen:appl:timeid:var","straw_Nitrogen87","DFG2021","straw","87","2021-07-27"
"220_Combined_Late_Patras",5.38420362350874,"jklmnopq","nitrogen:appl:timeid:var","straw_Nitrogen87","DFG2021","straw","87","2021-07-27"
"176_Split_Late_Patras",5.38001951771466,"jklmnopq","nitrogen:appl:timeid:var","straw_Nitrogen87","DFG2021","straw","87","2021-07-27"
"176_Split_Late_Alves",5.3603526387887,"jklmnopq","nitrogen:appl:timeid:var","straw_Nitrogen87","DFG2021","straw","87","2021-07-27"
"176_Split_Early_Potenzial",5.25290619331252,"klmnopq","nitrogen:appl:timeid:var","straw_Nitrogen87","DFG2021","straw","87","2021-07-27"
"176_Combined_Early_Pionier",5.23153638160864,"klmnopq","nitrogen:appl:timeid:var","straw_Nitrogen87","DFG2021","straw","87","2021-07-27"
"176_Combined_Early_Apertus",5.13454481096704,"lmnopq","nitrogen:appl:timeid:var","straw_Nitrogen87","DFG2021","straw","87","2021-07-27"
"176_Combined_Early_Patras",5.11596685304248,"lmnopq","nitrogen:appl:timeid:var","straw_Nitrogen87","DFG2021","straw","87","2021-07-27"
"176_Combined_Early_Esket",5.08274758513473,"lmnopq","nitrogen:appl:timeid:var","straw_Nitrogen87","DFG2021","straw","87","2021-07-27"
"176_Split_Early_Torrild",5.07285305480914,"lmnopq","nitrogen:appl:timeid:var","straw_Nitrogen87","DFG2021","straw","87","2021-07-27"
"176_Split_Late_Capone",5.06128734648836,"lmnopq","nitrogen:appl:timeid:var","straw_Nitrogen87","DFG2021","straw","87","2021-07-27"
"176_Split_Late_Torrild",5.01400206444982,"mnopq","nitrogen:appl:timeid:var","straw_Nitrogen87","DFG2021","straw","87","2021-07-27"
"220_Split_Early_Torrild",4.99999192692516,"mnopq","nitrogen:appl:timeid:var","straw_Nitrogen87","DFG2021","straw","87","2021-07-27"
"176_Combined_Late_Pionier",4.97742093526109,"mnopq","nitrogen:appl:timeid:var","straw_Nitrogen87","DFG2021","straw","87","2021-07-27"
"176_Split_Early_Patras",4.96358539036923,"mnopq","nitrogen:appl:timeid:var","straw_Nitrogen87","DFG2021","straw","87","2021-07-27"
"176_Split_Early_Pionier",4.70055366350961,"nopq","nitrogen:appl:timeid:var","straw_Nitrogen87","DFG2021","straw","87","2021-07-27"
"176_Split_Late_Apertus",4.64281093183462,"opq","nitrogen:appl:timeid:var","straw_Nitrogen87","DFG2021","straw","87","2021-07-27"
"176_Split_Early_Alves",4.53917681942053,"pq","nitrogen:appl:timeid:var","straw_Nitrogen87","DFG2021","straw","87","2021-07-27"
"176_Combined_Early_Alves",4.47130979605577,"qr","nitrogen:appl:timeid:var","straw_Nitrogen87","DFG2021","straw","87","2021-07-27"
"176_Combined_Early_Torrild",2.84841090086269,"r","nitrogen:appl:timeid:var","straw_Nitrogen87","DFG2021","straw","87","2021-07-27"
"176",1.98705287328409,"a","nitrogen","straw_total_C61","DFG2021","straw","61","2021-06-15"
"220",1.62822529558369,"b","nitrogen","straw_total_C61","DFG2021","straw","61","2021-06-15"
"Patras",2.16816720071014,"a","var","straw_total_C61","DFG2021","straw","61","2021-06-15"
"Torrild",2.04518715316635,"a","var","straw_total_C61","DFG2021","straw","61","2021-06-15"
"Esket",2.02236425713228,"a","var","straw_total_C61","DFG2021","straw","61","2021-06-15"
"Alves",1.85427457761769,"ab","var","straw_total_C61","DFG2021","straw","61","2021-06-15"
"Pionier",1.67611825980422,"ab","var","straw_total_C61","DFG2021","straw","61","2021-06-15"
"Potenzial",1.66338156430819,"ab","var","straw_total_C61","DFG2021","straw","61","2021-06-15"
"Capone",1.59564627919121,"ab","var","straw_total_C61","DFG2021","straw","61","2021-06-15"
"Apertus",1.43597338354105,"b","var","straw_total_C61","DFG2021","straw","61","2021-06-15"
"Split_Early_Torrild",2.34118530958608,"a","appl:timeid:var","straw_total_C61","DFG2021","straw","61","2021-06-15"
"Combined_Early_Patras",2.30288193472001,"ab","appl:timeid:var","straw_total_C61","DFG2021","straw","61","2021-06-15"
"Combined_Late_Esket",2.20620194648271,"ab","appl:timeid:var","straw_total_C61","DFG2021","straw","61","2021-06-15"
"Split_Early_Patras",2.20419713163729,"ab","appl:timeid:var","straw_total_C61","DFG2021","straw","61","2021-06-15"
"Split_Late_Patras",2.20198282660661,"ab","appl:timeid:var","straw_total_C61","DFG2021","straw","61","2021-06-15"
"Split_Early_Alves",2.18806718005147,"abc","appl:timeid:var","straw_total_C61","DFG2021","straw","61","2021-06-15"
"Split_Late_Torrild",2.14217244672979,"abc","appl:timeid:var","straw_total_C61","DFG2021","straw","61","2021-06-15"
"Combined_Early_Torrild",2.07909466980239,"abc","appl:timeid:var","straw_total_C61","DFG2021","straw","61","2021-06-15"
"Split_Early_Esket",2.07542098011416,"abc","appl:timeid:var","straw_total_C61","DFG2021","straw","61","2021-06-15"
"Split_Early_Pionier",1.96733101983495,"abc","appl:timeid:var","straw_total_C61","DFG2021","straw","61","2021-06-15"
"Combined_Late_Patras",1.96360690987667,"abc","appl:timeid:var","straw_total_C61","DFG2021","straw","61","2021-06-15"
"Combined_Early_Esket",1.96056484248096,"abc","appl:timeid:var","straw_total_C61","DFG2021","straw","61","2021-06-15"
"Combined_Late_Alves",1.91149354830495,"abcd","appl:timeid:var","straw_total_C61","DFG2021","straw","61","2021-06-15"
"Split_Early_Potenzial",1.907231598672,"abcd","appl:timeid:var","straw_total_C61","DFG2021","straw","61","2021-06-15"
"Split_Late_Esket",1.84726925945129,"abcd","appl:timeid:var","straw_total_C61","DFG2021","straw","61","2021-06-15"
"Combined_Early_Pionier",1.84490920309778,"abcd","appl:timeid:var","straw_total_C61","DFG2021","straw","61","2021-06-15"
"Combined_Early_Capone",1.84113789254302,"abcd","appl:timeid:var","straw_total_C61","DFG2021","straw","61","2021-06-15"
"Combined_Early_Apertus",1.76818938295813,"abcd","appl:timeid:var","straw_total_C61","DFG2021","straw","61","2021-06-15"
"Split_Late_Alves",1.755561759445,"abcd","appl:timeid:var","straw_total_C61","DFG2021","straw","61","2021-06-15"
"Combined_Early_Potenzial",1.68453300454391,"abcd","appl:timeid:var","straw_total_C61","DFG2021","straw","61","2021-06-15"
"Combined_Late_Capone",1.67761377321781,"abcd","appl:timeid:var","straw_total_C61","DFG2021","straw","61","2021-06-15"
"Split_Late_Potenzial",1.63389422223902,"abcd","appl:timeid:var","straw_total_C61","DFG2021","straw","61","2021-06-15"
"Combined_Late_Torrild",1.61829618654717,"abcd","appl:timeid:var","straw_total_C61","DFG2021","straw","61","2021-06-15"
"Split_Late_Pionier",1.61104981144683,"abcd","appl:timeid:var","straw_total_C61","DFG2021","straw","61","2021-06-15"
"Split_Early_Capone",1.58264624637573,"abcd","appl:timeid:var","straw_total_C61","DFG2021","straw","61","2021-06-15"
"Combined_Early_Alves",1.56197582266935,"abcd","appl:timeid:var","straw_total_C61","DFG2021","straw","61","2021-06-15"
"Split_Late_Apertus",1.48206677259405,"abcd","appl:timeid:var","straw_total_C61","DFG2021","straw","61","2021-06-15"
"Split_Early_Apertus",1.45392430927992,"abcd","appl:timeid:var","straw_total_C61","DFG2021","straw","61","2021-06-15"
"Combined_Late_Potenzial",1.42786743177785,"bcd","appl:timeid:var","straw_total_C61","DFG2021","straw","61","2021-06-15"
"Split_Late_Capone",1.28118720462827,"cd","appl:timeid:var","straw_total_C61","DFG2021","straw","61","2021-06-15"
"Combined_Late_Pionier",1.28118300483733,"cd","appl:timeid:var","straw_total_C61","DFG2021","straw","61","2021-06-15"
"Combined_Late_Apertus",1.0397130693321,"d","appl:timeid:var","straw_total_C61","DFG2021","straw","61","2021-06-15"
"Pionier",0.315589362260518,"a","var","straw_total_C87","DFG2021","straw","87","2021-07-27"
"Capone",0.175751560523192,"ab","var","straw_total_C87","DFG2021","straw","87","2021-07-27"
"Apertus",0.131633654374405,"b","var","straw_total_C87","DFG2021","straw","87","2021-07-27"
"Esket",0.121853760707423,"b","var","straw_total_C87","DFG2021","straw","87","2021-07-27"
"Potenzial",0.117939501227822,"b","var","straw_total_C87","DFG2021","straw","87","2021-07-27"
"Torrild",0.114813844610909,"b","var","straw_total_C87","DFG2021","straw","87","2021-07-27"
"Alves",0.0836486947252683,"b","var","straw_total_C87","DFG2021","straw","87","2021-07-27"
"Patras",0.0703686393281179,"b","var","straw_total_C87","DFG2021","straw","87","2021-07-27"
"220_Pionier",0.509627802806345,"a","nitrogen:var","straw_total_C87","DFG2021","straw","87","2021-07-27"
"220_Capone",0.276247206799879,"ab","nitrogen:var","straw_total_C87","DFG2021","straw","87","2021-07-27"
"220_Potenzial",0.205030291134193,"b","nitrogen:var","straw_total_C87","DFG2021","straw","87","2021-07-27"
"220_Torrild",0.173675584647971,"b","nitrogen:var","straw_total_C87","DFG2021","straw","87","2021-07-27"
"220_Esket",0.165105595150522,"b","nitrogen:var","straw_total_C87","DFG2021","straw","87","2021-07-27"
"220_Apertus",0.154249303733613,"b","nitrogen:var","straw_total_C87","DFG2021","straw","87","2021-07-27"
"220_Alves",0.12617469154259,"b","nitrogen:var","straw_total_C87","DFG2021","straw","87","2021-07-27"
"176_Pionier",0.12155092171469,"b","nitrogen:var","straw_total_C87","DFG2021","straw","87","2021-07-27"
"176_Apertus",0.109018005015197,"b","nitrogen:var","straw_total_C87","DFG2021","straw","87","2021-07-27"
"176_Patras",0.0866859002036729,"b","nitrogen:var","straw_total_C87","DFG2021","straw","87","2021-07-27"
"176_Esket",0.0786019262643239,"b","nitrogen:var","straw_total_C87","DFG2021","straw","87","2021-07-27"
"176_Capone",0.0752559142465055,"b","nitrogen:var","straw_total_C87","DFG2021","straw","87","2021-07-27"
"176_Torrild",0.0559521045738466,"b","nitrogen:var","straw_total_C87","DFG2021","straw","87","2021-07-27"
"220_Patras",0.054051378452563,"b","nitrogen:var","straw_total_C87","DFG2021","straw","87","2021-07-27"
"176_Alves",0.0411226979079469,"b","nitrogen:var","straw_total_C87","DFG2021","straw","87","2021-07-27"
"176_Potenzial",0.0308487113214519,"b","nitrogen:var","straw_total_C87","DFG2021","straw","87","2021-07-27"
"220",0.140785788032146,"a","nitrogen","straw_total_N61","DFG2021","straw","61","2021-06-15"
"176",0.102165148305638,"b","nitrogen","straw_total_N61","DFG2021","straw","61","2021-06-15"
"220",0.0500180105489178,"a","nitrogen","straw_total_N87","DFG2021","straw","87","2021-07-27"
"176",0.0347623544924816,"b","nitrogen","straw_total_N87","DFG2021","straw","87","2021-07-27"
"Late",0.0463534408707891,"a","timeid","straw_total_N87","DFG2021","straw","87","2021-07-27"
"Early",0.0384269241706103,"b","timeid","straw_total_N87","DFG2021","straw","87","2021-07-27"
"Capone",0.046842350778556,"a","var","straw_total_N87","DFG2021","straw","87","2021-07-27"
"Apertus",0.0456178638956166,"ab","var","straw_total_N87","DFG2021","straw","87","2021-07-27"
"Pionier",0.0443519439825478,"ab","var","straw_total_N87","DFG2021","straw","87","2021-07-27"
"Potenzial",0.0423793359065094,"ab","var","straw_total_N87","DFG2021","straw","87","2021-07-27"
"Alves",0.0420371893878763,"ab","var","straw_total_N87","DFG2021","straw","87","2021-07-27"
"Torrild",0.0401296181483565,"ab","var","straw_total_N87","DFG2021","straw","87","2021-07-27"
"Esket",0.0399331204216532,"ab","var","straw_total_N87","DFG2021","straw","87","2021-07-27"
"Patras",0.0378300376444818,"b","var","straw_total_N87","DFG2021","straw","87","2021-07-27"
"220_Split_Late_Apertus",0.0782688933285099,"a","nitrogen:appl:timeid:var","straw_total_N87","DFG2021","straw","87","2021-07-27"
"220_Combined_Early_Capone",0.0731893787195206,"ab","nitrogen:appl:timeid:var","straw_total_N87","DFG2021","straw","87","2021-07-27"
"220_Split_Late_Potenzial",0.0665462187409268,"abc","nitrogen:appl:timeid:var","straw_total_N87","DFG2021","straw","87","2021-07-27"
"220_Split_Late_Torrild",0.065149285798335,"abcd","nitrogen:appl:timeid:var","straw_total_N87","DFG2021","straw","87","2021-07-27"
"220_Split_Late_Pionier",0.0609502696253737,"abcde","nitrogen:appl:timeid:var","straw_total_N87","DFG2021","straw","87","2021-07-27"
"220_Split_Late_Alves",0.0601424942762781,"abcdef","nitrogen:appl:timeid:var","straw_total_N87","DFG2021","straw","87","2021-07-27"
"220_Combined_Early_Pionier",0.0574700284281833,"abcdef","nitrogen:appl:timeid:var","straw_total_N87","DFG2021","straw","87","2021-07-27"
"220_Combined_Early_Alves",0.0549898370229488,"abcdef","nitrogen:appl:timeid:var","straw_total_N87","DFG2021","straw","87","2021-07-27"
"220_Split_Late_Capone",0.0549104006794873,"abcdef","nitrogen:appl:timeid:var","straw_total_N87","DFG2021","straw","87","2021-07-27"
"220_Split_Late_Esket",0.0546793830092465,"abcdef","nitrogen:appl:timeid:var","straw_total_N87","DFG2021","straw","87","2021-07-27"
"220_Combined_Late_Pionier",0.0534201637108592,"abcdef","nitrogen:appl:timeid:var","straw_total_N87","DFG2021","straw","87","2021-07-27"
"220_Split_Early_Apertus",0.0529358287815293,"abcdef","nitrogen:appl:timeid:var","straw_total_N87","DFG2021","straw","87","2021-07-27"
"220_Split_Late_Patras",0.0524294045358045,"abcdef","nitrogen:appl:timeid:var","straw_total_N87","DFG2021","straw","87","2021-07-27"
"176_Combined_Late_Capone",0.0523267511773969,"abcdef","nitrogen:appl:timeid:var","straw_total_N87","DFG2021","straw","87","2021-07-27"
"220_Combined_Late_Apertus",0.052071040688589,"abcdef","nitrogen:appl:timeid:var","straw_total_N87","DFG2021","straw","87","2021-07-27"
"220_Split_Early_Patras",0.0511497473180718,"abcdef","nitrogen:appl:timeid:var","straw_total_N87","DFG2021","straw","87","2021-07-27"
"176_Combined_Late_Torrild",0.050886512468823,"abcdef","nitrogen:appl:timeid:var","straw_total_N87","DFG2021","straw","87","2021-07-27"
"220_Combined_Late_Capone",0.0487117817040915,"abcdef","nitrogen:appl:timeid:var","straw_total_N87","DFG2021","straw","87","2021-07-27"
"220_Combined_Early_Esket",0.0484862015410497,"abcdefg","nitrogen:appl:timeid:var","straw_total_N87","DFG2021","straw","87","2021-07-27"
"220_Combined_Early_Torrild",0.0477752407723144,"abcdefg","nitrogen:appl:timeid:var","straw_total_N87","DFG2021","straw","87","2021-07-27"
"220_Combined_Late_Alves",0.0467364866171648,"abcdefg","nitrogen:appl:timeid:var","straw_total_N87","DFG2021","straw","87","2021-07-27"
"220_Combined_Early_Apertus",0.0461784584702643,"abcdefg","nitrogen:appl:timeid:var","straw_total_N87","DFG2021","straw","87","2021-07-27"
"176_Combined_Late_Apertus",0.0460354402886152,"abcdefg","nitrogen:appl:timeid:var","straw_total_N87","DFG2021","straw","87","2021-07-27"
"220_Combined_Late_Potenzial",0.0455617748652232,"abcdefg","nitrogen:appl:timeid:var","straw_total_N87","DFG2021","straw","87","2021-07-27"
"220_Split_Early_Capone",0.0449057887272972,"abcdefg","nitrogen:appl:timeid:var","straw_total_N87","DFG2021","straw","87","2021-07-27"
"220_Combined_Early_Potenzial",0.0442966592735887,"abcdefg","nitrogen:appl:timeid:var","straw_total_N87","DFG2021","straw","87","2021-07-27"
"176_Combined_Late_Alves",0.044023652082251,"abcdefg","nitrogen:appl:timeid:var","straw_total_N87","DFG2021","straw","87","2021-07-27"
"220_Split_Early_Pionier",0.0430121565703598,"bcdefg","nitrogen:appl:timeid:var","straw_total_N87","DFG2021","straw","87","2021-07-27"
"176_Combined_Late_Esket",0.0425314121239111,"bcdefg","nitrogen:appl:timeid:var","straw_total_N87","DFG2021","straw","87","2021-07-27"
"176_Combined_Late_Patras",0.0420458336733184,"bcdefg","nitrogen:appl:timeid:var","straw_total_N87","DFG2021","straw","87","2021-07-27"
"220_Split_Early_Potenzial",0.0416335828648472,"bcdefg","nitrogen:appl:timeid:var","straw_total_N87","DFG2021","straw","87","2021-07-27"
"176_Split_Late_Pionier",0.040787613675297,"bcdefg","nitrogen:appl:timeid:var","straw_total_N87","DFG2021","straw","87","2021-07-27"
"220_Combined_Late_Torrild",0.0397390646665636,"bcdefg","nitrogen:appl:timeid:var","straw_total_N87","DFG2021","straw","87","2021-07-27"
"176_Split_Late_Potenzial",0.03878541589024,"bcdefg","nitrogen:appl:timeid:var","straw_total_N87","DFG2021","straw","87","2021-07-27"
"220_Split_Early_Alves",0.0384582161106295,"bcdefg","nitrogen:appl:timeid:var","straw_total_N87","DFG2021","straw","87","2021-07-27"
"176_Split_Early_Esket",0.0383506412527391,"bcdefg","nitrogen:appl:timeid:var","straw_total_N87","DFG2021","straw","87","2021-07-27"
"176_Split_Late_Alves",0.037939770082168,"cdefg","nitrogen:appl:timeid:var","straw_total_N87","DFG2021","straw","87","2021-07-27"
"220_Split_Early_Esket",0.037623672833022,"cdefg","nitrogen:appl:timeid:var","straw_total_N87","DFG2021","straw","87","2021-07-27"
"176_Combined_Late_Potenzial",0.0375238335466258,"cdefg","nitrogen:appl:timeid:var","straw_total_N87","DFG2021","straw","87","2021-07-27"
"176_Split_Late_Esket",0.036807761603129,"cdefg","nitrogen:appl:timeid:var","straw_total_N87","DFG2021","straw","87","2021-07-27"
"220_Combined_Early_Patras",0.0366463369089978,"cdefg","nitrogen:appl:timeid:var","straw_total_N87","DFG2021","straw","87","2021-07-27"
"176_Combined_Late_Pionier",0.036505913550889,"cdefg","nitrogen:appl:timeid:var","straw_total_N87","DFG2021","straw","87","2021-07-27"
"176_Split_Early_Capone",0.0362935218125428,"cdefg","nitrogen:appl:timeid:var","straw_total_N87","DFG2021","straw","87","2021-07-27"
"220_Split_Early_Torrild",0.0359979250941541,"cdefg","nitrogen:appl:timeid:var","straw_total_N87","DFG2021","straw","87","2021-07-27"
"176_Combined_Early_Pionier",0.0355797385712235,"cdefg","nitrogen:appl:timeid:var","straw_total_N87","DFG2021","straw","87","2021-07-27"
"176_Split_Early_Torrild",0.0344674607925267,"cdefg","nitrogen:appl:timeid:var","straw_total_N87","DFG2021","straw","87","2021-07-27"
"220_Combined_Late_Patras",0.0340028451969124,"cdefg","nitrogen:appl:timeid:var","straw_total_N87","DFG2021","straw","87","2021-07-27"
"176_Split_Late_Apertus",0.0336838543693742,"cdefg","nitrogen:appl:timeid:var","straw_total_N87","DFG2021","straw","87","2021-07-27"
"176_Combined_Early_Potenzial",0.0335818247648962,"cdefg","nitrogen:appl:timeid:var","straw_total_N87","DFG2021","straw","87","2021-07-27"
"176_Split_Late_Torrild",0.0335329679764878,"cdefg","nitrogen:appl:timeid:var","straw_total_N87","DFG2021","straw","87","2021-07-27"
"176_Combined_Early_Capone",0.0329637499573228,"cdefg","nitrogen:appl:timeid:var","straw_total_N87","DFG2021","straw","87","2021-07-27"
"176_Split_Late_Patras",0.0326286637773445,"cdefg","nitrogen:appl:timeid:var","straw_total_N87","DFG2021","straw","87","2021-07-27"
"220_Combined_Late_Esket",0.032507770685225,"cdefg","nitrogen:appl:timeid:var","straw_total_N87","DFG2021","straw","87","2021-07-27"
"176_Split_Late_Capone",0.0314374334507888,"defg","nitrogen:appl:timeid:var","straw_total_N87","DFG2021","straw","87","2021-07-27"
"176_Split_Early_Potenzial",0.0311053773057271,"defg","nitrogen:appl:timeid:var","straw_total_N87","DFG2021","straw","87","2021-07-27"
"176_Combined_Early_Apertus",0.0291407489750085,"efg","nitrogen:appl:timeid:var","straw_total_N87","DFG2021","straw","87","2021-07-27"
"176_Combined_Early_Esket",0.0284781203249034,"efg","nitrogen:appl:timeid:var","straw_total_N87","DFG2021","straw","87","2021-07-27"
"176_Combined_Early_Alves",0.0282537779335171,"efg","nitrogen:appl:timeid:var","straw_total_N87","DFG2021","straw","87","2021-07-27"
"176_Combined_Early_Patras",0.0278388703493546,"efg","nitrogen:appl:timeid:var","straw_total_N87","DFG2021","straw","87","2021-07-27"
"176_Split_Early_Pionier",0.0270896677281972,"efg","nitrogen:appl:timeid:var","straw_total_N87","DFG2021","straw","87","2021-07-27"
"176_Split_Early_Apertus",0.0266286462630422,"efg","nitrogen:appl:timeid:var","straw_total_N87","DFG2021","straw","87","2021-07-27"
"176_Split_Early_Patras",0.0258985993960503,"fg","nitrogen:appl:timeid:var","straw_total_N87","DFG2021","straw","87","2021-07-27"
"176_Split_Early_Alves",0.025753280978053,"fg","nitrogen:appl:timeid:var","straw_total_N87","DFG2021","straw","87","2021-07-27"
"176_Combined_Early_Torrild",0.013488487617647,"g","nitrogen:appl:timeid:var","straw_total_N87","DFG2021","straw","87","2021-07-27"
"Early",5.7124999714375,"a","timeid","tiller_23","DFG2021","biomasscut","23","2021-03-16"
"Late",3.51718748241406,"b","timeid","tiller_23","DFG2021","biomasscut","23","2021-03-16"
"220",7.86406246067969,"a","nitrogen","tiller_41","DFG2021","biomasscut","41","2021-05-31"
"176",6.96562496517187,"b","nitrogen","tiller_41","DFG2021","biomasscut","41","2021-05-31"
"Split",7.75468746122656,"a","appl","tiller_41","DFG2021","biomasscut","41","2021-05-31"
"Combined",7.074999964625,"b","appl","tiller_41","DFG2021","biomasscut","41","2021-05-31"
"Pionier",9.19374995403125,"a","var","tiller_41","DFG2021","biomasscut","41","2021-05-31"
"Potenzial",8.0374999598125,"ab","var","tiller_41","DFG2021","biomasscut","41","2021-05-31"
"Esket",7.70624996146875,"abc","var","tiller_41","DFG2021","biomasscut","41","2021-05-31"
"Apertus",7.66874996165625,"abc","var","tiller_41","DFG2021","biomasscut","41","2021-05-31"
"Capone",7.274999963625,"bc","var","tiller_41","DFG2021","biomasscut","41","2021-05-31"
"Alves",6.74999996625,"bc","var","tiller_41","DFG2021","biomasscut","41","2021-05-31"
"Patras",6.4374999678125,"bc","var","tiller_41","DFG2021","biomasscut","41","2021-05-31"
"Torrild",6.24999996875,"c","var","tiller_41","DFG2021","biomasscut","41","2021-05-31"
"220",7.19687496401562,"a","nitrogen","tiller_51","DFG2021","biomasscut","51","2021-06-08"
"176",6.26562496867188,"b","nitrogen","tiller_51","DFG2021","biomasscut","51","2021-06-08"
"Split",6.94218746528906,"a","appl","tiller_51","DFG2021","biomasscut","51","2021-06-08"
"Combined",6.52031246739844,"b","appl","tiller_51","DFG2021","biomasscut","51","2021-06-08"
"Potenzial",7.45624996271875,"a","var","tiller_51","DFG2021","biomasscut","51","2021-06-08"
"Pionier",7.399999963,"ab","var","tiller_51","DFG2021","biomasscut","51","2021-06-08"
"Torrild",6.83124996584375,"abc","var","tiller_51","DFG2021","biomasscut","51","2021-06-08"
"Apertus",6.7624999661875,"abc","var","tiller_51","DFG2021","biomasscut","51","2021-06-08"
"Esket",6.6374999668125,"abc","var","tiller_51","DFG2021","biomasscut","51","2021-06-08"
"Capone",6.44374996778125,"bc","var","tiller_51","DFG2021","biomasscut","51","2021-06-08"
"Alves",6.31874996840625,"c","var","tiller_51","DFG2021","biomasscut","51","2021-06-08"
"Patras",5.99999997,"c","var","tiller_51","DFG2021","biomasscut","51","2021-06-08"
"220",6.32343746838281,"a","nitrogen","tiller_61","DFG2021","biomasscut","61","2021-06-15"
"176",5.624999971875,"b","nitrogen","tiller_61","DFG2021","biomasscut","61","2021-06-15"
"Pionier",6.69374996653125,"a","var","tiller_61","DFG2021","biomasscut","61","2021-06-15"
"Torrild",6.63124996684375,"a","var","tiller_61","DFG2021","biomasscut","61","2021-06-15"
"Potenzial",6.58124996709375,"a","var","tiller_61","DFG2021","biomasscut","61","2021-06-15"
"Alves",6.174999969125,"a","var","tiller_61","DFG2021","biomasscut","61","2021-06-15"
"Esket",5.724999971375,"a","var","tiller_61","DFG2021","biomasscut","61","2021-06-15"
"Apertus",5.54374997228125,"a","var","tiller_61","DFG2021","biomasscut","61","2021-06-15"
"Capone",5.24999997375,"a","var","tiller_61","DFG2021","biomasscut","61","2021-06-15"
"Patras",5.19374997403125,"a","var","tiller_61","DFG2021","biomasscut","61","2021-06-15"
"Split_Late",6.46562496767188,"a","appl:timeid","tiller_61","DFG2021","biomasscut","61","2021-06-15"
"Combined_Late",5.9124999704375,"ab","appl:timeid","tiller_61","DFG2021","biomasscut","61","2021-06-15"
"Combined_Early",5.83437497082812,"ab","appl:timeid","tiller_61","DFG2021","biomasscut","61","2021-06-15"
"Split_Early",5.68437497157812,"b","appl:timeid","tiller_61","DFG2021","biomasscut","61","2021-06-15"
"220_Split_Late_Torrild",8.74999995625,"a","nitrogen:appl:timeid:var","tiller_61","DFG2021","biomasscut","61","2021-06-15"
"176_Combined_Late_Torrild",8.2999999585,"ab","nitrogen:appl:timeid:var","tiller_61","DFG2021","biomasscut","61","2021-06-15"
"220_Combined_Late_Potenzial",8.14999995925,"ab","nitrogen:appl:timeid:var","tiller_61","DFG2021","biomasscut","61","2021-06-15"
"220_Split_Late_Pionier",7.799999961,"abc","nitrogen:appl:timeid:var","tiller_61","DFG2021","biomasscut","61","2021-06-15"
"220_Split_Late_Alves",7.34999996325,"abcd","nitrogen:appl:timeid:var","tiller_61","DFG2021","biomasscut","61","2021-06-15"
"176_Split_Late_Alves",7.14999996425,"abcd","nitrogen:appl:timeid:var","tiller_61","DFG2021","biomasscut","61","2021-06-15"
"220_Split_Early_Alves",7.14999996425,"abcd","nitrogen:appl:timeid:var","tiller_61","DFG2021","biomasscut","61","2021-06-15"
"220_Combined_Late_Alves",7.04999996475,"abcd","nitrogen:appl:timeid:var","tiller_61","DFG2021","biomasscut","61","2021-06-15"
"220_Split_Late_Potenzial",7.04999996475,"abcd","nitrogen:appl:timeid:var","tiller_61","DFG2021","biomasscut","61","2021-06-15"
"220_Combined_Early_Capone",6.999999965,"abcd","nitrogen:appl:timeid:var","tiller_61","DFG2021","biomasscut","61","2021-06-15"
"220_Combined_Late_Pionier",6.8999999655,"abcd","nitrogen:appl:timeid:var","tiller_61","DFG2021","biomasscut","61","2021-06-15"
"220_Combined_Early_Esket",6.84999996575,"abcd","nitrogen:appl:timeid:var","tiller_61","DFG2021","biomasscut","61","2021-06-15"
"176_Split_Early_Pionier",6.799999966,"abcd","nitrogen:appl:timeid:var","tiller_61","DFG2021","biomasscut","61","2021-06-15"
"176_Split_Late_Pionier",6.799999966,"abcd","nitrogen:appl:timeid:var","tiller_61","DFG2021","biomasscut","61","2021-06-15"
"176_Split_Late_Potenzial",6.799999966,"abcd","nitrogen:appl:timeid:var","tiller_61","DFG2021","biomasscut","61","2021-06-15"
"220_Combined_Early_Potenzial",6.74999996625,"abcd","nitrogen:appl:timeid:var","tiller_61","DFG2021","biomasscut","61","2021-06-15"
"176_Combined_Late_Pionier",6.6999999665,"abcd","nitrogen:appl:timeid:var","tiller_61","DFG2021","biomasscut","61","2021-06-15"
"176_Combined_Early_Potenzial",6.599999967,"abcd","nitrogen:appl:timeid:var","tiller_61","DFG2021","biomasscut","61","2021-06-15"
"220_Split_Late_Esket",6.54999996725,"abcd","nitrogen:appl:timeid:var","tiller_61","DFG2021","biomasscut","61","2021-06-15"
"220_Combined_Early_Torrild",6.4999999675,"abcd","nitrogen:appl:timeid:var","tiller_61","DFG2021","biomasscut","61","2021-06-15"
"220_Split_Late_Apertus",6.4999999675,"abcd","nitrogen:appl:timeid:var","tiller_61","DFG2021","biomasscut","61","2021-06-15"
"220_Split_Early_Potenzial",6.44999996775,"abcd","nitrogen:appl:timeid:var","tiller_61","DFG2021","biomasscut","61","2021-06-15"
"176_Split_Late_Apertus",6.399999968,"abcd","nitrogen:appl:timeid:var","tiller_61","DFG2021","biomasscut","61","2021-06-15"
"220_Combined_Early_Pionier",6.399999968,"abcd","nitrogen:appl:timeid:var","tiller_61","DFG2021","biomasscut","61","2021-06-15"
"176_Split_Late_Torrild",6.2999999685,"abcd","nitrogen:appl:timeid:var","tiller_61","DFG2021","biomasscut","61","2021-06-15"
"176_Combined_Early_Torrild",6.24999996875,"abcd","nitrogen:appl:timeid:var","tiller_61","DFG2021","biomasscut","61","2021-06-15"
"176_Combined_Early_Pionier",6.199999969,"abcd","nitrogen:appl:timeid:var","tiller_61","DFG2021","biomasscut","61","2021-06-15"
"220_Split_Early_Patras",6.14999996925,"abcd","nitrogen:appl:timeid:var","tiller_61","DFG2021","biomasscut","61","2021-06-15"
"220_Combined_Late_Esket",6.0999999695,"abcd","nitrogen:appl:timeid:var","tiller_61","DFG2021","biomasscut","61","2021-06-15"
"220_Combined_Late_Torrild",6.04999996975,"abcd","nitrogen:appl:timeid:var","tiller_61","DFG2021","biomasscut","61","2021-06-15"
"220_Split_Early_Apertus",6.04999996975,"abcd","nitrogen:appl:timeid:var","tiller_61","DFG2021","biomasscut","61","2021-06-15"
"220_Combined_Early_Apertus",5.94999997025,"abcd","nitrogen:appl:timeid:var","tiller_61","DFG2021","biomasscut","61","2021-06-15"
"220_Split_Early_Pionier",5.94999997025,"abcd","nitrogen:appl:timeid:var","tiller_61","DFG2021","biomasscut","61","2021-06-15"
"220_Split_Late_Patras",5.8999999705,"abcd","nitrogen:appl:timeid:var","tiller_61","DFG2021","biomasscut","61","2021-06-15"
"176_Split_Early_Alves",5.799999971,"abcd","nitrogen:appl:timeid:var","tiller_61","DFG2021","biomasscut","61","2021-06-15"
"176_Combined_Late_Esket",5.74999997125,"abcd","nitrogen:appl:timeid:var","tiller_61","DFG2021","biomasscut","61","2021-06-15"
"220_Split_Early_Capone",5.6999999715,"abcd","nitrogen:appl:timeid:var","tiller_61","DFG2021","biomasscut","61","2021-06-15"
"176_Split_Early_Torrild",5.54999997225,"abcd","nitrogen:appl:timeid:var","tiller_61","DFG2021","biomasscut","61","2021-06-15"
"220_Split_Early_Esket",5.4999999725,"abcd","nitrogen:appl:timeid:var","tiller_61","DFG2021","biomasscut","61","2021-06-15"
"176_Split_Early_Potenzial",5.44999997275,"abcd","nitrogen:appl:timeid:var","tiller_61","DFG2021","biomasscut","61","2021-06-15"
"220_Combined_Late_Patras",5.44999997275,"abcd","nitrogen:appl:timeid:var","tiller_61","DFG2021","biomasscut","61","2021-06-15"
"176_Combined_Late_Potenzial",5.399999973,"abcd","nitrogen:appl:timeid:var","tiller_61","DFG2021","biomasscut","61","2021-06-15"
"220_Combined_Late_Apertus",5.399999973,"abcd","nitrogen:appl:timeid:var","tiller_61","DFG2021","biomasscut","61","2021-06-15"
"176_Split_Late_Capone",5.34999997325,"abcd","nitrogen:appl:timeid:var","tiller_61","DFG2021","biomasscut","61","2021-06-15"
"220_Split_Early_Torrild",5.34999997325,"abcd","nitrogen:appl:timeid:var","tiller_61","DFG2021","biomasscut","61","2021-06-15"
"176_Split_Early_Esket",5.2999999735,"abcd","nitrogen:appl:timeid:var","tiller_61","DFG2021","biomasscut","61","2021-06-15"
"176_Split_Late_Patras",5.24999997375,"abcd","nitrogen:appl:timeid:var","tiller_61","DFG2021","biomasscut","61","2021-06-15"
"220_Combined_Early_Patras",5.199999974,"abcd","nitrogen:appl:timeid:var","tiller_61","DFG2021","biomasscut","61","2021-06-15"
"176_Combined_Late_Capone",5.14999997425,"abcd","nitrogen:appl:timeid:var","tiller_61","DFG2021","biomasscut","61","2021-06-15"
"176_Combined_Early_Apertus",5.0999999745,"abcd","nitrogen:appl:timeid:var","tiller_61","DFG2021","biomasscut","61","2021-06-15"
"176_Combined_Early_Alves",5.04999997475,"abcd","nitrogen:appl:timeid:var","tiller_61","DFG2021","biomasscut","61","2021-06-15"
"220_Combined_Early_Alves",5.04999997475,"abcd","nitrogen:appl:timeid:var","tiller_61","DFG2021","biomasscut","61","2021-06-15"
"176_Combined_Early_Capone",5.04999997475,"abcd","nitrogen:appl:timeid:var","tiller_61","DFG2021","biomasscut","61","2021-06-15"
"176_Combined_Early_Esket",4.999999975,"bcd","nitrogen:appl:timeid:var","tiller_61","DFG2021","biomasscut","61","2021-06-15"
"176_Split_Early_Apertus",4.999999975,"bcd","nitrogen:appl:timeid:var","tiller_61","DFG2021","biomasscut","61","2021-06-15"
"176_Combined_Late_Patras",4.84999997575,"bcd","nitrogen:appl:timeid:var","tiller_61","DFG2021","biomasscut","61","2021-06-15"
"176_Combined_Late_Alves",4.799999976,"bcd","nitrogen:appl:timeid:var","tiller_61","DFG2021","biomasscut","61","2021-06-15"
"176_Split_Late_Esket",4.74999997625,"bcd","nitrogen:appl:timeid:var","tiller_61","DFG2021","biomasscut","61","2021-06-15"
"220_Split_Late_Capone",4.74999997625,"bcd","nitrogen:appl:timeid:var","tiller_61","DFG2021","biomasscut","61","2021-06-15"
"220_Combined_Late_Capone",4.599999977,"bcd","nitrogen:appl:timeid:var","tiller_61","DFG2021","biomasscut","61","2021-06-15"
"176_Combined_Early_Patras",4.399999978,"cd","nitrogen:appl:timeid:var","tiller_61","DFG2021","biomasscut","61","2021-06-15"
"176_Split_Early_Capone",4.399999978,"cd","nitrogen:appl:timeid:var","tiller_61","DFG2021","biomasscut","61","2021-06-15"
"176_Split_Early_Patras",4.34999997825,"cd","nitrogen:appl:timeid:var","tiller_61","DFG2021","biomasscut","61","2021-06-15"
"176_Combined_Late_Apertus",3.94999998025,"d","nitrogen:appl:timeid:var","tiller_61","DFG2021","biomasscut","61","2021-06-15"
"220",6.20781246896094,"a","nitrogen","tiller_87","DFG2021","biomasscut","87","2021-07-27"
"176",5.29687497351563,"b","nitrogen","tiller_87","DFG2021","biomasscut","87","2021-07-27"
"Potenzial",6.68124996659375,"a","var","tiller_87","DFG2021","biomasscut","87","2021-07-27"
"Pionier",6.424999967875,"a","var","tiller_87","DFG2021","biomasscut","87","2021-07-27"
"Torrild",6.01874996990625,"ab","var","tiller_87","DFG2021","biomasscut","87","2021-07-27"
"Alves",5.6624999716875,"bc","var","tiller_87","DFG2021","biomasscut","87","2021-07-27"
"Apertus",5.39374997303125,"bc","var","tiller_87","DFG2021","biomasscut","87","2021-07-27"
"Capone",5.374999973125,"bc","var","tiller_87","DFG2021","biomasscut","87","2021-07-27"
"Patras",5.2624999736875,"c","var","tiller_87","DFG2021","biomasscut","87","2021-07-27"
"Esket",5.199999974,"c","var","tiller_87","DFG2021","biomasscut","87","2021-07-27"
"220_Split",6.44374996778125,"a","nitrogen:appl","tiller_87","DFG2021","biomasscut","87","2021-07-27"
"220_Combined",5.97187497014062,"ab","nitrogen:appl","tiller_87","DFG2021","biomasscut","87","2021-07-27"
"176_Combined",5.37812497310937,"bc","nitrogen:appl","tiller_87","DFG2021","biomasscut","87","2021-07-27"
"176_Split",5.21562497392187,"c","nitrogen:appl","tiller_87","DFG2021","biomasscut","87","2021-07-27"
"Split_Late_Potenzial",8.174999959125,"a","appl:timeid:var","tiller_87","DFG2021","biomasscut","87","2021-07-27"
"Split_Late_Pionier",6.674999966625,"ab","appl:timeid:var","tiller_87","DFG2021","biomasscut","87","2021-07-27"
"Combined_Late_Pionier",6.64999996675,"ab","appl:timeid:var","tiller_87","DFG2021","biomasscut","87","2021-07-27"
"Combined_Early_Pionier",6.624999966875,"ab","appl:timeid:var","tiller_87","DFG2021","biomasscut","87","2021-07-27"
"Combined_Late_Alves",6.599999967,"ab","appl:timeid:var","tiller_87","DFG2021","biomasscut","87","2021-07-27"
"Split_Late_Torrild",6.599999967,"ab","appl:timeid:var","tiller_87","DFG2021","biomasscut","87","2021-07-27"
"Combined_Late_Potenzial",6.44999996775,"ab","appl:timeid:var","tiller_87","DFG2021","biomasscut","87","2021-07-27"
"Combined_Early_Potenzial",6.374999968125,"ab","appl:timeid:var","tiller_87","DFG2021","biomasscut","87","2021-07-27"
"Combined_Late_Capone",6.274999968625,"ab","appl:timeid:var","tiller_87","DFG2021","biomasscut","87","2021-07-27"
"Combined_Late_Torrild",6.24999996875,"ab","appl:timeid:var","tiller_87","DFG2021","biomasscut","87","2021-07-27"
"Split_Late_Apertus",6.174999969125,"ab","appl:timeid:var","tiller_87","DFG2021","biomasscut","87","2021-07-27"
"Split_Early_Torrild",6.0999999695,"ab","appl:timeid:var","tiller_87","DFG2021","biomasscut","87","2021-07-27"
"Split_Late_Alves",5.8999999705,"ab","appl:timeid:var","tiller_87","DFG2021","biomasscut","87","2021-07-27"
"Split_Early_Pionier",5.74999997125,"b","appl:timeid:var","tiller_87","DFG2021","biomasscut","87","2021-07-27"
"Split_Early_Potenzial",5.724999971375,"b","appl:timeid:var","tiller_87","DFG2021","biomasscut","87","2021-07-27"
"Split_Late_Patras",5.64999997175,"b","appl:timeid:var","tiller_87","DFG2021","biomasscut","87","2021-07-27"
"Combined_Late_Patras",5.574999972125,"b","appl:timeid:var","tiller_87","DFG2021","biomasscut","87","2021-07-27"
"Split_Late_Esket",5.54999997225,"b","appl:timeid:var","tiller_87","DFG2021","biomasscut","87","2021-07-27"
"Combined_Late_Apertus",5.399999973,"b","appl:timeid:var","tiller_87","DFG2021","biomasscut","87","2021-07-27"
"Split_Early_Capone",5.2999999735,"b","appl:timeid:var","tiller_87","DFG2021","biomasscut","87","2021-07-27"
"Split_Early_Apertus",5.274999973625,"b","appl:timeid:var","tiller_87","DFG2021","biomasscut","87","2021-07-27"
"Combined_Early_Esket",5.199999974,"b","appl:timeid:var","tiller_87","DFG2021","biomasscut","87","2021-07-27"
"Split_Early_Esket",5.174999974125,"b","appl:timeid:var","tiller_87","DFG2021","biomasscut","87","2021-07-27"
"Combined_Early_Torrild",5.124999974375,"b","appl:timeid:var","tiller_87","DFG2021","biomasscut","87","2021-07-27"
"Split_Early_Patras",5.124999974375,"b","appl:timeid:var","tiller_87","DFG2021","biomasscut","87","2021-07-27"
"Combined_Early_Alves",5.0999999745,"b","appl:timeid:var","tiller_87","DFG2021","biomasscut","87","2021-07-27"
"Split_Late_Capone",5.04999997475,"b","appl:timeid:var","tiller_87","DFG2021","biomasscut","87","2021-07-27"
"Split_Early_Alves",5.04999997475,"b","appl:timeid:var","tiller_87","DFG2021","biomasscut","87","2021-07-27"
"Combined_Early_Capone",4.874999975625,"b","appl:timeid:var","tiller_87","DFG2021","biomasscut","87","2021-07-27"
"Combined_Late_Esket",4.874999975625,"b","appl:timeid:var","tiller_87","DFG2021","biomasscut","87","2021-07-27"
"Combined_Early_Apertus",4.724999976375,"b","appl:timeid:var","tiller_87","DFG2021","biomasscut","87","2021-07-27"
"Combined_Early_Patras",4.6999999765,"b","appl:timeid:var","tiller_87","DFG2021","biomasscut","87","2021-07-27"
