"treatment","Trait","groups","combi","trait","BBCH","Year"
"Capone",98.4091666666667,"a","var","Acc_Percipitation","09
13",2019
"Apertus",97.5825,"a","var","Acc_Percipitation","09
13",2019
"Pionier",96.70875,"a","var","Acc_Percipitation","09
13",2019
"Patras",94.4291666666667,"b","var","Acc_Percipitation","09
13",2019
"Late_Capone",111.263333333333,"a","timeid:var","Acc_Percipitation","09
13",2019
"Late_Apertus",109.836666666667,"a","timeid:var","Acc_Percipitation","09
13",2019
"Late_Pionier",108.3775,"ab","timeid:var","Acc_Percipitation","09
13",2019
"Late_Patras",105.118333333333,"b","timeid:var","Acc_Percipitation","09
13",2019
"Early_Capone",85.555,"c","timeid:var","Acc_Percipitation","09
13",2019
"Early_Apertus",85.3283333333333,"c","timeid:var","Acc_Percipitation","09
13",2019
"Early_Pionier",85.04,"c","timeid:var","Acc_Percipitation","09
13",2019
"Early_Patras",83.74,"c","timeid:var","Acc_Percipitation","09
13",2019
"Capone",44.28875,"a","var","Acc_Percipitation","23
31",2019
"Apertus",41.8833333333333,"ab","var","Acc_Percipitation","23
31",2019
"Pionier",40.9425,"ab","var","Acc_Percipitation","23
31",2019
"Patras",31.5525,"b","var","Acc_Percipitation","23
31",2019
"Apertus",216.605,"a","var","Acc_Percipitation","31",2019
"Pionier",215.8525,"a","var","Acc_Percipitation","31",2019
"Capone",215.565,"a","var","Acc_Percipitation","31",2019
"Patras",209.1375,"b","var","Acc_Percipitation","31",2019
"Late_Capone",221.73,"a","timeid:var","Acc_Percipitation","31",2019
"Late_Pionier",220.34,"ab","timeid:var","Acc_Percipitation","31",2019
"Late_Apertus",220.225,"ab","timeid:var","Acc_Percipitation","31",2019
"Early_Apertus",212.985,"abc","timeid:var","Acc_Percipitation","31",2019
"Early_Pionier",211.365,"bc","timeid:var","Acc_Percipitation","31",2019
"Early_Capone",209.4,"c","timeid:var","Acc_Percipitation","31",2019
"Early_Patras",209.285,"c","timeid:var","Acc_Percipitation","31",2019
"Late_Patras",208.99,"c","timeid:var","Acc_Percipitation","31",2019
"Patras",37.9175,"a","var","Acc_Percipitation","31
41",2019
"Capone",31.49,"b","var","Acc_Percipitation","31
41",2019
"Pionier",31.2025,"b","var","Acc_Percipitation","31
41",2019
"Apertus",30.45,"b","var","Acc_Percipitation","31
41",2019
"Early_Patras",40.405,"a","timeid:var","Acc_Percipitation","31
41",2019
"Early_Capone",40.29,"a","timeid:var","Acc_Percipitation","31
41",2019
"Early_Pionier",38.325,"a","timeid:var","Acc_Percipitation","31
41",2019
"Early_Apertus",36.705,"a","timeid:var","Acc_Percipitation","31
41",2019
"Late_Patras",35.43,"a","timeid:var","Acc_Percipitation","31
41",2019
"Late_Apertus",24.195,"b","timeid:var","Acc_Percipitation","31
41",2019
"Late_Pionier",24.08,"b","timeid:var","Acc_Percipitation","31
41",2019
"Late_Capone",22.69,"b","timeid:var","Acc_Percipitation","31
41",2019
"Patras",82.3475,"a","var","Acc_Percipitation","31
61",2019
"Capone",75.92,"b","var","Acc_Percipitation","31
61",2019
"Pionier",75.6325,"b","var","Acc_Percipitation","31
61",2019
"Apertus",74.88,"b","var","Acc_Percipitation","31
61",2019
"Early_Patras",84.835,"a","timeid:var","Acc_Percipitation","31
61",2019
"Early_Capone",84.72,"a","timeid:var","Acc_Percipitation","31
61",2019
"Early_Pionier",82.755,"a","timeid:var","Acc_Percipitation","31
61",2019
"Early_Apertus",81.135,"a","timeid:var","Acc_Percipitation","31
61",2019
"Late_Patras",79.86,"a","timeid:var","Acc_Percipitation","31
61",2019
"Late_Apertus",68.625,"b","timeid:var","Acc_Percipitation","31
61",2019
"Late_Pionier",68.51,"b","timeid:var","Acc_Percipitation","31
61",2019
"Late_Capone",67.12,"b","timeid:var","Acc_Percipitation","31
61",2019
"Combined_Early_Pionier",325.33,"a","appl:timeid:var","Acc_Percipitation","77",2019
"Split_Early_Patras",325.33,"a","appl:timeid:var","Acc_Percipitation","77",2019
"Combined_Early_Capone",325.315,"a","appl:timeid:var","Acc_Percipitation","77",2019
"Split_Early_Capone",325.315,"a","appl:timeid:var","Acc_Percipitation","77",2019
"Split_Early_Pionier",325.3,"a","appl:timeid:var","Acc_Percipitation","77",2019
"Combined_Early_Apertus",325.285,"a","appl:timeid:var","Acc_Percipitation","77",2019
"Combined_Early_Patras",325.27,"a","appl:timeid:var","Acc_Percipitation","77",2019
"Split_Early_Apertus",325.27,"a","appl:timeid:var","Acc_Percipitation","77",2019
"Split_Late_Pionier",320.115,"b","appl:timeid:var","Acc_Percipitation","77",2019
"Combined_Late_Capone",320.1,"bc","appl:timeid:var","Acc_Percipitation","77",2019
"Split_Late_Apertus",320.045,"cd","appl:timeid:var","Acc_Percipitation","77",2019
"Split_Late_Capone",320.045,"cd","appl:timeid:var","Acc_Percipitation","77",2019
"Combined_Late_Pionier",320.03,"d","appl:timeid:var","Acc_Percipitation","77",2019
"Split_Late_Patras",320.03,"d","appl:timeid:var","Acc_Percipitation","77",2019
"Combined_Late_Apertus",320.015,"d","appl:timeid:var","Acc_Percipitation","77",2019
"Combined_Late_Patras",320.015,"d","appl:timeid:var","Acc_Percipitation","77",2019
"Combined_Early_Patras",30.49,"a","appl:timeid:var","Acc_Percipitation","77
87",2019
"Split_Early_Apertus",30.49,"a","appl:timeid:var","Acc_Percipitation","77
87",2019
"Combined_Early_Apertus",30.475,"a","appl:timeid:var","Acc_Percipitation","77
87",2019
"Combined_Late_Apertus",30.475,"a","appl:timeid:var","Acc_Percipitation","77
87",2019
"Combined_Late_Patras",30.475,"a","appl:timeid:var","Acc_Percipitation","77
87",2019
"Combined_Late_Pionier",30.46,"a","appl:timeid:var","Acc_Percipitation","77
87",2019
"Split_Early_Pionier",30.46,"a","appl:timeid:var","Acc_Percipitation","77
87",2019
"Split_Late_Patras",30.46,"a","appl:timeid:var","Acc_Percipitation","77
87",2019
"Combined_Early_Capone",30.445,"ab","appl:timeid:var","Acc_Percipitation","77
87",2019
"Split_Early_Capone",30.445,"ab","appl:timeid:var","Acc_Percipitation","77
87",2019
"Split_Late_Apertus",30.445,"ab","appl:timeid:var","Acc_Percipitation","77
87",2019
"Split_Late_Capone",30.445,"ab","appl:timeid:var","Acc_Percipitation","77
87",2019
"Combined_Early_Pionier",30.43,"abc","appl:timeid:var","Acc_Percipitation","77
87",2019
"Split_Early_Patras",30.43,"abc","appl:timeid:var","Acc_Percipitation","77
87",2019
"Combined_Late_Capone",30.39,"bc","appl:timeid:var","Acc_Percipitation","77
87",2019
"Split_Late_Pionier",30.375,"c","appl:timeid:var","Acc_Percipitation","77
87",2019
"Patras",17.0591666666667,"a","var","Acc_Percipitation","9",2019
"Pionier",14.755,"b","var","Acc_Percipitation","9",2019
"Apertus",13.955,"b","var","Acc_Percipitation","9",2019
"Capone",13.0054166666667,"b","var","Acc_Percipitation","9",2019
"Late_Patras",25.2183333333333,"a","timeid:var","Acc_Percipitation","9",2019
"Late_Pionier",21.91,"ab","timeid:var","Acc_Percipitation","9",2019
"Late_Apertus",20.5983333333333,"b","timeid:var","Acc_Percipitation","9",2019
"Late_Capone",18.9258333333333,"b","timeid:var","Acc_Percipitation","9",2019
"Early_Patras",8.9,"c","timeid:var","Acc_Percipitation","9",2019
"Early_Pionier",7.6,"c","timeid:var","Acc_Percipitation","9",2019
"Early_Apertus",7.31166666666667,"c","timeid:var","Acc_Percipitation","9",2019
"Early_Capone",7.085,"c","timeid:var","Acc_Percipitation","9",2019
"Patras",17.0591666666667,"a","var","Acc_Percipitation","sowing
09",2019
"Pionier",14.755,"b","var","Acc_Percipitation","sowing
09",2019
"Apertus",13.955,"b","var","Acc_Percipitation","sowing
09",2019
"Capone",13.0054166666667,"b","var","Acc_Percipitation","sowing
09",2019
"Late_Patras",25.2183333333333,"a","timeid:var","Acc_Percipitation","sowing
09",2019
"Late_Pionier",21.91,"ab","timeid:var","Acc_Percipitation","sowing
09",2019
"Late_Apertus",20.5983333333333,"b","timeid:var","Acc_Percipitation","sowing
09",2019
"Late_Capone",18.9258333333333,"b","timeid:var","Acc_Percipitation","sowing
09",2019
"Early_Patras",8.9,"c","timeid:var","Acc_Percipitation","sowing
09",2019
"Early_Pionier",7.6,"c","timeid:var","Acc_Percipitation","sowing
09",2019
"Early_Apertus",7.31166666666667,"c","timeid:var","Acc_Percipitation","sowing
09",2019
"Early_Capone",7.085,"c","timeid:var","Acc_Percipitation","sowing
09",2019
"Apertus",161.05647,"a","var","Acc_Radiation","09
13",2019
"Pionier",158.333805,"ab","var","Acc_Radiation","09
13",2019
"Patras",155.965695,"ab","var","Acc_Radiation","09
13",2019
"Capone",153.406125,"b","var","Acc_Radiation","09
13",2019
"Late_Apertus",207.22215,"a","timeid:var","Acc_Radiation","09
13",2019
"Late_Pionier",202.74483,"ab","timeid:var","Acc_Radiation","09
13",2019
"Late_Patras",201.46071,"ab","timeid:var","Acc_Radiation","09
13",2019
"Late_Capone",189.70074,"b","timeid:var","Acc_Radiation","09
13",2019
"Early_Capone",117.11151,"c","timeid:var","Acc_Radiation","09
13",2019
"Early_Apertus",114.89079,"c","timeid:var","Acc_Radiation","09
13",2019
"Early_Pionier",113.92278,"c","timeid:var","Acc_Radiation","09
13",2019
"Early_Patras",110.47068,"c","timeid:var","Acc_Radiation","09
13",2019
"Patras",233.436555,"a","var","Acc_Radiation","13",2019
"Apertus",232.77453,"a","var","Acc_Radiation","13",2019
"Pionier",231.927675,"a","var","Acc_Radiation","13",2019
"Capone",222.729855,"b","var","Acc_Radiation","13",2019
"Late_Patras",281.83059,"a","timeid:var","Acc_Radiation","13",2019
"Late_Apertus",280.50654,"a","timeid:var","Acc_Radiation","13",2019
"Late_Pionier",278.81283,"a","timeid:var","Acc_Radiation","13",2019
"Late_Capone",260.41719,"b","timeid:var","Acc_Radiation","13",2019
"Early_Apertus",185.04252,"c","timeid:var","Acc_Radiation","13",2019
"Early_Capone",185.04252,"c","timeid:var","Acc_Radiation","13",2019
"Early_Patras",185.04252,"c","timeid:var","Acc_Radiation","13",2019
"Early_Pionier",185.04252,"c","timeid:var","Acc_Radiation","13",2019
"Early_Patras",296.22447,"a","timeid:var","Acc_Radiation","13
23",2019
"Early_Apertus",290.17644,"a","timeid:var","Acc_Radiation","13
23",2019
"Early_Pionier",290.17644,"a","timeid:var","Acc_Radiation","13
23",2019
"Late_Capone",283.25373,"ab","timeid:var","Acc_Radiation","13
23",2019
"Early_Capone",280.37292,"ab","timeid:var","Acc_Radiation","13
23",2019
"Late_Pionier",264.85809,"bc","timeid:var","Acc_Radiation","13
23",2019
"Late_Patras",261.84033,"bc","timeid:var","Acc_Radiation","13
23",2019
"Late_Apertus",258.16056,"c","timeid:var","Acc_Radiation","13
23",2019
"Apertus",557.179395,"a","var","Acc_Radiation","23
31",2019
"Pionier",545.150625,"ab","var","Acc_Radiation","23
31",2019
"Capone",516.67386,"ab","var","Acc_Radiation","23
31",2019
"Patras",462.13032,"b","var","Acc_Radiation","23
31",2019
"Early_Apertus",591.67929,"a","timeid:var","Acc_Radiation","23
31",2019
"Early_Pionier",559.27416,"ab","timeid:var","Acc_Radiation","23
31",2019
"Late_Capone",536.7294,"abc","timeid:var","Acc_Radiation","23
31",2019
"Late_Pionier",531.02709,"abc","timeid:var","Acc_Radiation","23
31",2019
"Late_Apertus",522.6795,"abc","timeid:var","Acc_Radiation","23
31",2019
"Early_Capone",496.61832,"bc","timeid:var","Acc_Radiation","23
31",2019
"Early_Patras",465.55485,"c","timeid:var","Acc_Radiation","23
31",2019
"Late_Patras",458.70579,"c","timeid:var","Acc_Radiation","23
31",2019
"Late_Capone",1080.40032,"a","timeid:var","Acc_Radiation","31",2019
"Late_Pionier",1074.69801,"a","timeid:var","Acc_Radiation","31",2019
"Early_Apertus",1066.89825,"a","timeid:var","Acc_Radiation","31",2019
"Late_Apertus",1061.3466,"a","timeid:var","Acc_Radiation","31",2019
"Early_Pionier",1034.49312,"ab","timeid:var","Acc_Radiation","31",2019
"Late_Patras",1002.37671,"ab","timeid:var","Acc_Radiation","31",2019
"Early_Capone",962.03376,"b","timeid:var","Acc_Radiation","31",2019
"Early_Patras",946.82184,"b","timeid:var","Acc_Radiation","31",2019
"Early_Patras",678.33408,"a","timeid:var","Acc_Radiation","31
41",2019
"Early_Capone",663.12216,"a","timeid:var","Acc_Radiation","31
41",2019
"Early_Pionier",590.6628,"ab","timeid:var","Acc_Radiation","31
41",2019
"Late_Patras",565.90677,"bc","timeid:var","Acc_Radiation","31
41",2019
"Early_Apertus",558.25767,"bc","timeid:var","Acc_Radiation","31
41",2019
"Late_Apertus",506.93688,"bc","timeid:var","Acc_Radiation","31
41",2019
"Late_Pionier",493.58547,"c","timeid:var","Acc_Radiation","31
41",2019
"Late_Capone",487.88316,"c","timeid:var","Acc_Radiation","31
41",2019
"Early_Patras",1021.70064,"a","timeid:var","Acc_Radiation","31
61",2019
"Early_Capone",1006.48872,"a","timeid:var","Acc_Radiation","31
61",2019
"Early_Pionier",934.02936,"ab","timeid:var","Acc_Radiation","31
61",2019
"Late_Patras",909.27333,"bc","timeid:var","Acc_Radiation","31
61",2019
"Early_Apertus",901.62423,"bc","timeid:var","Acc_Radiation","31
61",2019
"Late_Apertus",850.30344,"bc","timeid:var","Acc_Radiation","31
61",2019
"Late_Pionier",836.95203,"c","timeid:var","Acc_Radiation","31
61",2019
"Late_Capone",831.24972,"c","timeid:var","Acc_Radiation","31
61",2019
"176_Capone",280.08456,"a","nitrogen:var","Acc_Radiation","71
77",2019
"176_Pionier",267.0369,"a","nitrogen:var","Acc_Radiation","71
77",2019
"220_Capone",264.62274,"a","nitrogen:var","Acc_Radiation","71
77",2019
"220_Patras",253.76748,"ab","nitrogen:var","Acc_Radiation","71
77",2019
"220_Apertus",252.5604,"ab","nitrogen:var","Acc_Radiation","71
77",2019
"220_Pionier",249.78366,"ab","nitrogen:var","Acc_Radiation","71
77",2019
"176_Patras",226.24332,"b","nitrogen:var","Acc_Radiation","71
77",2019
"176_Apertus",225.03624,"b","nitrogen:var","Acc_Radiation","71
77",2019
"176_Pionier",2312.34108,"a","nitrogen:var","Acc_Radiation","77",2019
"176_Capone",2301.48582,"a","nitrogen:var","Acc_Radiation","77",2019
"220_Capone",2293.99164,"ab","nitrogen:var","Acc_Radiation","77",2019
"220_Patras",2283.13638,"abc","nitrogen:var","Acc_Radiation","77",2019
"220_Pionier",2283.13638,"abc","nitrogen:var","Acc_Radiation","77",2019
"220_Apertus",2273.96166,"abc","nitrogen:var","Acc_Radiation","77",2019
"176_Patras",2255.61222,"bc","nitrogen:var","Acc_Radiation","77",2019
"176_Apertus",2246.4375,"c","nitrogen:var","Acc_Radiation","77",2019
"176_Apertus",526.7514,"a","nitrogen:var","Acc_Radiation","77
87",2019
"176_Patras",517.57668,"ab","nitrogen:var","Acc_Radiation","77
87",2019
"220_Apertus",499.22724,"abc","nitrogen:var","Acc_Radiation","77
87",2019
"220_Patras",490.05252,"abc","nitrogen:var","Acc_Radiation","77
87",2019
"220_Pionier",490.05252,"abc","nitrogen:var","Acc_Radiation","77
87",2019
"220_Capone",479.19726,"bc","nitrogen:var","Acc_Radiation","77
87",2019
"176_Capone",471.70308,"c","nitrogen:var","Acc_Radiation","77
87",2019
"176_Pionier",460.84782,"c","nitrogen:var","Acc_Radiation","77
87",2019
"Patras",77.47086,"a","var","Acc_Radiation","9",2019
"Pionier",73.59387,"b","var","Acc_Radiation","9",2019
"Apertus",71.71806,"bc","var","Acc_Radiation","9",2019
"Capone",69.32373,"c","var","Acc_Radiation","9",2019
"Late_Patras",80.36988,"a","timeid:var","Acc_Radiation","9",2019
"Late_Pionier",76.068,"b","timeid:var","Acc_Radiation","9",2019
"Early_Patras",74.57184,"bc","timeid:var","Acc_Radiation","9",2019
"Late_Apertus",73.28439,"cd","timeid:var","Acc_Radiation","9",2019
"Early_Pionier",71.11974,"de","timeid:var","Acc_Radiation","9",2019
"Late_Capone",70.71645,"e","timeid:var","Acc_Radiation","9",2019
"Early_Apertus",70.15173,"e","timeid:var","Acc_Radiation","9",2019
"Early_Capone",67.93101,"f","timeid:var","Acc_Radiation","9",2019
"Patras",77.47086,"a","var","Acc_Radiation","sowing
09",2019
"Pionier",73.59387,"b","var","Acc_Radiation","sowing
09",2019
"Apertus",71.71806,"bc","var","Acc_Radiation","sowing
09",2019
"Capone",69.32373,"c","var","Acc_Radiation","sowing
09",2019
"Late_Patras",80.36988,"a","timeid:var","Acc_Radiation","sowing
09",2019
"Late_Pionier",76.068,"b","timeid:var","Acc_Radiation","sowing
09",2019
"Early_Patras",74.57184,"bc","timeid:var","Acc_Radiation","sowing
09",2019
"Late_Apertus",73.28439,"cd","timeid:var","Acc_Radiation","sowing
09",2019
"Early_Pionier",71.11974,"de","timeid:var","Acc_Radiation","sowing
09",2019
"Late_Capone",70.71645,"e","timeid:var","Acc_Radiation","sowing
09",2019
"Early_Apertus",70.15173,"e","timeid:var","Acc_Radiation","sowing
09",2019
"Early_Capone",67.93101,"f","timeid:var","Acc_Radiation","sowing
09",2019
"176",373556054389570944,"a","nitrogen","Acc_TQ","13",2019
"220",373556054389570944,"a","nitrogen","Acc_TQ","13",2019
"Combined",373556054389570944,"a","appl","Acc_TQ","13",2019
"Split",373556054389570944,"a","appl","Acc_TQ","13",2019
"Apertus",373556054389570944,"a","var","Acc_TQ","13",2019
"Capone",373556054389570944,"a","var","Acc_TQ","13",2019
"Patras",373556054389570944,"a","var","Acc_TQ","13",2019
"Pionier",373556054389570944,"a","var","Acc_TQ","13",2019
"176_Combined",373556054389570944,"a","nitrogen:appl","Acc_TQ","13",2019
"176_Split",373556054389570944,"a","nitrogen:appl","Acc_TQ","13",2019
"220_Combined",373556054389570944,"a","nitrogen:appl","Acc_TQ","13",2019
"220_Split",373556054389570944,"a","nitrogen:appl","Acc_TQ","13",2019
"176_Apertus",373556054389570944,"a","nitrogen:var","Acc_TQ","13",2019
"176_Capone",373556054389570944,"a","nitrogen:var","Acc_TQ","13",2019
"176_Patras",373556054389570944,"a","nitrogen:var","Acc_TQ","13",2019
"176_Pionier",373556054389570944,"a","nitrogen:var","Acc_TQ","13",2019
"220_Apertus",373556054389570944,"a","nitrogen:var","Acc_TQ","13",2019
"220_Capone",373556054389570944,"a","nitrogen:var","Acc_TQ","13",2019
"220_Patras",373556054389570944,"a","nitrogen:var","Acc_TQ","13",2019
"220_Pionier",373556054389570944,"a","nitrogen:var","Acc_TQ","13",2019
"Combined_Apertus",373556054389570944,"a","appl:var","Acc_TQ","13",2019
"Combined_Capone",373556054389570944,"a","appl:var","Acc_TQ","13",2019
"Combined_Patras",373556054389570944,"a","appl:var","Acc_TQ","13",2019
"Combined_Pionier",373556054389570944,"a","appl:var","Acc_TQ","13",2019
"Split_Apertus",373556054389570944,"a","appl:var","Acc_TQ","13",2019
"Split_Capone",373556054389570944,"a","appl:var","Acc_TQ","13",2019
"Split_Patras",373556054389570944,"a","appl:var","Acc_TQ","13",2019
"Split_Pionier",373556054389570944,"a","appl:var","Acc_TQ","13",2019
"Late_Apertus",373556054389571008,"a","timeid:var","Acc_TQ","13",2019
"Late_Capone",373556054389571008,"a","timeid:var","Acc_TQ","13",2019
"Late_Patras",373556054389571008,"a","timeid:var","Acc_TQ","13",2019
"Late_Pionier",373556054389571008,"a","timeid:var","Acc_TQ","13",2019
"Early_Apertus",373556054389570816,"b","timeid:var","Acc_TQ","13",2019
"Early_Capone",373556054389570816,"b","timeid:var","Acc_TQ","13",2019
"Early_Patras",373556054389570816,"b","timeid:var","Acc_TQ","13",2019
"Early_Pionier",373556054389570816,"b","timeid:var","Acc_TQ","13",2019
"176_Combined_Apertus",373556054389570944,"a","nitrogen:appl:var","Acc_TQ","13",2019
"176_Combined_Capone",373556054389570944,"a","nitrogen:appl:var","Acc_TQ","13",2019
"176_Combined_Patras",373556054389570944,"a","nitrogen:appl:var","Acc_TQ","13",2019
"176_Combined_Pionier",373556054389570944,"a","nitrogen:appl:var","Acc_TQ","13",2019
"176_Split_Apertus",373556054389570944,"a","nitrogen:appl:var","Acc_TQ","13",2019
"176_Split_Capone",373556054389570944,"a","nitrogen:appl:var","Acc_TQ","13",2019
"176_Split_Patras",373556054389570944,"a","nitrogen:appl:var","Acc_TQ","13",2019
"176_Split_Pionier",373556054389570944,"a","nitrogen:appl:var","Acc_TQ","13",2019
"220_Combined_Apertus",373556054389570944,"a","nitrogen:appl:var","Acc_TQ","13",2019
"220_Combined_Capone",373556054389570944,"a","nitrogen:appl:var","Acc_TQ","13",2019
"220_Combined_Patras",373556054389570944,"a","nitrogen:appl:var","Acc_TQ","13",2019
"220_Combined_Pionier",373556054389570944,"a","nitrogen:appl:var","Acc_TQ","13",2019
"220_Split_Apertus",373556054389570944,"a","nitrogen:appl:var","Acc_TQ","13",2019
"220_Split_Capone",373556054389570944,"a","nitrogen:appl:var","Acc_TQ","13",2019
"220_Split_Patras",373556054389570944,"a","nitrogen:appl:var","Acc_TQ","13",2019
"220_Split_Pionier",373556054389570944,"a","nitrogen:appl:var","Acc_TQ","13",2019
"176_Late_Apertus",373556054389571008,"a","nitrogen:timeid:var","Acc_TQ","13",2019
"176_Late_Capone",373556054389571008,"a","nitrogen:timeid:var","Acc_TQ","13",2019
"176_Late_Patras",373556054389571008,"a","nitrogen:timeid:var","Acc_TQ","13",2019
"176_Late_Pionier",373556054389571008,"a","nitrogen:timeid:var","Acc_TQ","13",2019
"220_Late_Apertus",373556054389571008,"a","nitrogen:timeid:var","Acc_TQ","13",2019
"220_Late_Capone",373556054389571008,"a","nitrogen:timeid:var","Acc_TQ","13",2019
"220_Late_Patras",373556054389571008,"a","nitrogen:timeid:var","Acc_TQ","13",2019
"220_Late_Pionier",373556054389571008,"a","nitrogen:timeid:var","Acc_TQ","13",2019
"176_Early_Apertus",373556054389570816,"b","nitrogen:timeid:var","Acc_TQ","13",2019
"176_Early_Capone",373556054389570816,"b","nitrogen:timeid:var","Acc_TQ","13",2019
"176_Early_Patras",373556054389570816,"b","nitrogen:timeid:var","Acc_TQ","13",2019
"176_Early_Pionier",373556054389570816,"b","nitrogen:timeid:var","Acc_TQ","13",2019
"220_Early_Apertus",373556054389570816,"b","nitrogen:timeid:var","Acc_TQ","13",2019
"220_Early_Capone",373556054389570816,"b","nitrogen:timeid:var","Acc_TQ","13",2019
"220_Early_Patras",373556054389570816,"b","nitrogen:timeid:var","Acc_TQ","13",2019
"220_Early_Pionier",373556054389570816,"b","nitrogen:timeid:var","Acc_TQ","13",2019
"Combined_Late_Apertus",373556054389571008,"a","appl:timeid:var","Acc_TQ","13",2019
"Combined_Late_Capone",373556054389571008,"a","appl:timeid:var","Acc_TQ","13",2019
"Combined_Late_Patras",373556054389571008,"a","appl:timeid:var","Acc_TQ","13",2019
"Combined_Late_Pionier",373556054389571008,"a","appl:timeid:var","Acc_TQ","13",2019
"Split_Late_Apertus",373556054389571008,"a","appl:timeid:var","Acc_TQ","13",2019
"Split_Late_Capone",373556054389571008,"a","appl:timeid:var","Acc_TQ","13",2019
"Split_Late_Patras",373556054389571008,"a","appl:timeid:var","Acc_TQ","13",2019
"Split_Late_Pionier",373556054389571008,"a","appl:timeid:var","Acc_TQ","13",2019
"Combined_Early_Apertus",373556054389570816,"b","appl:timeid:var","Acc_TQ","13",2019
"Combined_Early_Capone",373556054389570816,"b","appl:timeid:var","Acc_TQ","13",2019
"Combined_Early_Patras",373556054389570816,"b","appl:timeid:var","Acc_TQ","13",2019
"Combined_Early_Pionier",373556054389570816,"b","appl:timeid:var","Acc_TQ","13",2019
"Split_Early_Apertus",373556054389570816,"b","appl:timeid:var","Acc_TQ","13",2019
"Split_Early_Capone",373556054389570816,"b","appl:timeid:var","Acc_TQ","13",2019
"Split_Early_Patras",373556054389570816,"b","appl:timeid:var","Acc_TQ","13",2019
"Split_Early_Pionier",373556054389570816,"b","appl:timeid:var","Acc_TQ","13",2019
"176_Combined_Late_Apertus",373556054389571008,"a","nitrogen:appl:timeid:var","Acc_TQ","13",2019
"176_Combined_Late_Capone",373556054389571008,"a","nitrogen:appl:timeid:var","Acc_TQ","13",2019
"176_Combined_Late_Patras",373556054389571008,"a","nitrogen:appl:timeid:var","Acc_TQ","13",2019
"176_Combined_Late_Pionier",373556054389571008,"a","nitrogen:appl:timeid:var","Acc_TQ","13",2019
"176_Split_Late_Apertus",373556054389571008,"a","nitrogen:appl:timeid:var","Acc_TQ","13",2019
"176_Split_Late_Capone",373556054389571008,"a","nitrogen:appl:timeid:var","Acc_TQ","13",2019
"176_Split_Late_Patras",373556054389571008,"a","nitrogen:appl:timeid:var","Acc_TQ","13",2019
"176_Split_Late_Pionier",373556054389571008,"a","nitrogen:appl:timeid:var","Acc_TQ","13",2019
"220_Combined_Late_Apertus",373556054389571008,"a","nitrogen:appl:timeid:var","Acc_TQ","13",2019
"220_Combined_Late_Capone",373556054389571008,"a","nitrogen:appl:timeid:var","Acc_TQ","13",2019
"220_Combined_Late_Patras",373556054389571008,"a","nitrogen:appl:timeid:var","Acc_TQ","13",2019
"220_Combined_Late_Pionier",373556054389571008,"a","nitrogen:appl:timeid:var","Acc_TQ","13",2019
"220_Split_Late_Apertus",373556054389571008,"a","nitrogen:appl:timeid:var","Acc_TQ","13",2019
"220_Split_Late_Capone",373556054389571008,"a","nitrogen:appl:timeid:var","Acc_TQ","13",2019
"220_Split_Late_Patras",373556054389571008,"a","nitrogen:appl:timeid:var","Acc_TQ","13",2019
"220_Split_Late_Pionier",373556054389571008,"a","nitrogen:appl:timeid:var","Acc_TQ","13",2019
"176_Combined_Early_Apertus",373556054389570816,"b","nitrogen:appl:timeid:var","Acc_TQ","13",2019
"176_Combined_Early_Capone",373556054389570816,"b","nitrogen:appl:timeid:var","Acc_TQ","13",2019
"176_Combined_Early_Patras",373556054389570816,"b","nitrogen:appl:timeid:var","Acc_TQ","13",2019
"176_Combined_Early_Pionier",373556054389570816,"b","nitrogen:appl:timeid:var","Acc_TQ","13",2019
"176_Split_Early_Apertus",373556054389570816,"b","nitrogen:appl:timeid:var","Acc_TQ","13",2019
"176_Split_Early_Capone",373556054389570816,"b","nitrogen:appl:timeid:var","Acc_TQ","13",2019
"176_Split_Early_Patras",373556054389570816,"b","nitrogen:appl:timeid:var","Acc_TQ","13",2019
"176_Split_Early_Pionier",373556054389570816,"b","nitrogen:appl:timeid:var","Acc_TQ","13",2019
"220_Combined_Early_Apertus",373556054389570816,"b","nitrogen:appl:timeid:var","Acc_TQ","13",2019
"220_Combined_Early_Capone",373556054389570816,"b","nitrogen:appl:timeid:var","Acc_TQ","13",2019
"220_Combined_Early_Patras",373556054389570816,"b","nitrogen:appl:timeid:var","Acc_TQ","13",2019
"220_Combined_Early_Pionier",373556054389570816,"b","nitrogen:appl:timeid:var","Acc_TQ","13",2019
"220_Split_Early_Apertus",373556054389570816,"b","nitrogen:appl:timeid:var","Acc_TQ","13",2019
"220_Split_Early_Capone",373556054389570816,"b","nitrogen:appl:timeid:var","Acc_TQ","13",2019
"220_Split_Early_Patras",373556054389570816,"b","nitrogen:appl:timeid:var","Acc_TQ","13",2019
"220_Split_Early_Pionier",373556054389570816,"b","nitrogen:appl:timeid:var","Acc_TQ","13",2019
"Capone",128,"a","var","Acc_TQ","13
23",2019
"Patras",128,"a","var","Acc_TQ","13
23",2019
"Pionier",128,"a","var","Acc_TQ","13
23",2019
"Apertus",125.333333333333,"b","var","Acc_TQ","13
23",2019
"176_Apertus",128,"a","nitrogen:var","Acc_TQ","13
23",2019
"176_Capone",128,"a","nitrogen:var","Acc_TQ","13
23",2019
"176_Patras",128,"a","nitrogen:var","Acc_TQ","13
23",2019
"176_Pionier",128,"a","nitrogen:var","Acc_TQ","13
23",2019
"220_Capone",128,"a","nitrogen:var","Acc_TQ","13
23",2019
"220_Patras",128,"a","nitrogen:var","Acc_TQ","13
23",2019
"220_Pionier",128,"a","nitrogen:var","Acc_TQ","13
23",2019
"220_Apertus",122.666666666667,"b","nitrogen:var","Acc_TQ","13
23",2019
"Combined_Apertus",128,"a","appl:var","Acc_TQ","13
23",2019
"Combined_Capone",128,"a","appl:var","Acc_TQ","13
23",2019
"Combined_Patras",128,"a","appl:var","Acc_TQ","13
23",2019
"Combined_Pionier",128,"a","appl:var","Acc_TQ","13
23",2019
"Split_Capone",128,"a","appl:var","Acc_TQ","13
23",2019
"Split_Patras",128,"a","appl:var","Acc_TQ","13
23",2019
"Split_Pionier",128,"a","appl:var","Acc_TQ","13
23",2019
"Split_Apertus",122.666666666667,"b","appl:var","Acc_TQ","13
23",2019
"Early_Apertus",192,"a","timeid:var","Acc_TQ","13
23",2019
"Early_Capone",192,"a","timeid:var","Acc_TQ","13
23",2019
"Early_Patras",192,"a","timeid:var","Acc_TQ","13
23",2019
"Early_Pionier",192,"a","timeid:var","Acc_TQ","13
23",2019
"Late_Capone",64,"b","timeid:var","Acc_TQ","13
23",2019
"Late_Patras",64,"b","timeid:var","Acc_TQ","13
23",2019
"Late_Pionier",64,"b","timeid:var","Acc_TQ","13
23",2019
"Late_Apertus",58.6666666666667,"c","timeid:var","Acc_TQ","13
23",2019
"176_Combined_Apertus",128,"a","nitrogen:appl:var","Acc_TQ","13
23",2019
"176_Combined_Capone",128,"a","nitrogen:appl:var","Acc_TQ","13
23",2019
"176_Combined_Patras",128,"a","nitrogen:appl:var","Acc_TQ","13
23",2019
"176_Combined_Pionier",128,"a","nitrogen:appl:var","Acc_TQ","13
23",2019
"176_Split_Apertus",128,"a","nitrogen:appl:var","Acc_TQ","13
23",2019
"176_Split_Capone",128,"a","nitrogen:appl:var","Acc_TQ","13
23",2019
"176_Split_Patras",128,"a","nitrogen:appl:var","Acc_TQ","13
23",2019
"176_Split_Pionier",128,"a","nitrogen:appl:var","Acc_TQ","13
23",2019
"220_Combined_Apertus",128,"a","nitrogen:appl:var","Acc_TQ","13
23",2019
"220_Combined_Capone",128,"a","nitrogen:appl:var","Acc_TQ","13
23",2019
"220_Combined_Patras",128,"a","nitrogen:appl:var","Acc_TQ","13
23",2019
"220_Combined_Pionier",128,"a","nitrogen:appl:var","Acc_TQ","13
23",2019
"220_Split_Capone",128,"a","nitrogen:appl:var","Acc_TQ","13
23",2019
"220_Split_Patras",128,"a","nitrogen:appl:var","Acc_TQ","13
23",2019
"220_Split_Pionier",128,"a","nitrogen:appl:var","Acc_TQ","13
23",2019
"220_Split_Apertus",117.333333333333,"b","nitrogen:appl:var","Acc_TQ","13
23",2019
"176_Early_Apertus",192,"a","nitrogen:timeid:var","Acc_TQ","13
23",2019
"176_Early_Capone",192,"a","nitrogen:timeid:var","Acc_TQ","13
23",2019
"176_Early_Patras",192,"a","nitrogen:timeid:var","Acc_TQ","13
23",2019
"176_Early_Pionier",192,"a","nitrogen:timeid:var","Acc_TQ","13
23",2019
"220_Early_Apertus",192,"a","nitrogen:timeid:var","Acc_TQ","13
23",2019
"220_Early_Capone",192,"a","nitrogen:timeid:var","Acc_TQ","13
23",2019
"220_Early_Patras",192,"a","nitrogen:timeid:var","Acc_TQ","13
23",2019
"220_Early_Pionier",192,"a","nitrogen:timeid:var","Acc_TQ","13
23",2019
"176_Late_Apertus",64,"b","nitrogen:timeid:var","Acc_TQ","13
23",2019
"176_Late_Capone",64,"b","nitrogen:timeid:var","Acc_TQ","13
23",2019
"176_Late_Patras",64,"b","nitrogen:timeid:var","Acc_TQ","13
23",2019
"176_Late_Pionier",64,"b","nitrogen:timeid:var","Acc_TQ","13
23",2019
"220_Late_Capone",64,"b","nitrogen:timeid:var","Acc_TQ","13
23",2019
"220_Late_Patras",64,"b","nitrogen:timeid:var","Acc_TQ","13
23",2019
"220_Late_Pionier",64,"b","nitrogen:timeid:var","Acc_TQ","13
23",2019
"220_Late_Apertus",53.3333333333333,"c","nitrogen:timeid:var","Acc_TQ","13
23",2019
"Combined_Early_Apertus",192,"a","appl:timeid:var","Acc_TQ","13
23",2019
"Combined_Early_Capone",192,"a","appl:timeid:var","Acc_TQ","13
23",2019
"Combined_Early_Patras",192,"a","appl:timeid:var","Acc_TQ","13
23",2019
"Combined_Early_Pionier",192,"a","appl:timeid:var","Acc_TQ","13
23",2019
"Split_Early_Apertus",192,"a","appl:timeid:var","Acc_TQ","13
23",2019
"Split_Early_Capone",192,"a","appl:timeid:var","Acc_TQ","13
23",2019
"Split_Early_Patras",192,"a","appl:timeid:var","Acc_TQ","13
23",2019
"Split_Early_Pionier",192,"a","appl:timeid:var","Acc_TQ","13
23",2019
"Combined_Late_Apertus",64,"b","appl:timeid:var","Acc_TQ","13
23",2019
"Combined_Late_Capone",64,"b","appl:timeid:var","Acc_TQ","13
23",2019
"Combined_Late_Patras",64,"b","appl:timeid:var","Acc_TQ","13
23",2019
"Combined_Late_Pionier",64,"b","appl:timeid:var","Acc_TQ","13
23",2019
"Split_Late_Capone",64,"b","appl:timeid:var","Acc_TQ","13
23",2019
"Split_Late_Patras",64,"b","appl:timeid:var","Acc_TQ","13
23",2019
"Split_Late_Pionier",64,"b","appl:timeid:var","Acc_TQ","13
23",2019
"Split_Late_Apertus",53.3333333333333,"c","appl:timeid:var","Acc_TQ","13
23",2019
"176_Combined_Early_Apertus",192,"a","nitrogen:appl:timeid:var","Acc_TQ","13
23",2019
"176_Combined_Early_Capone",192,"a","nitrogen:appl:timeid:var","Acc_TQ","13
23",2019
"176_Combined_Early_Patras",192,"a","nitrogen:appl:timeid:var","Acc_TQ","13
23",2019
"176_Combined_Early_Pionier",192,"a","nitrogen:appl:timeid:var","Acc_TQ","13
23",2019
"176_Split_Early_Apertus",192,"a","nitrogen:appl:timeid:var","Acc_TQ","13
23",2019
"176_Split_Early_Capone",192,"a","nitrogen:appl:timeid:var","Acc_TQ","13
23",2019
"176_Split_Early_Patras",192,"a","nitrogen:appl:timeid:var","Acc_TQ","13
23",2019
"176_Split_Early_Pionier",192,"a","nitrogen:appl:timeid:var","Acc_TQ","13
23",2019
"220_Combined_Early_Apertus",192,"a","nitrogen:appl:timeid:var","Acc_TQ","13
23",2019
"220_Combined_Early_Capone",192,"a","nitrogen:appl:timeid:var","Acc_TQ","13
23",2019
"220_Combined_Early_Patras",192,"a","nitrogen:appl:timeid:var","Acc_TQ","13
23",2019
"220_Combined_Early_Pionier",192,"a","nitrogen:appl:timeid:var","Acc_TQ","13
23",2019
"220_Split_Early_Apertus",192,"a","nitrogen:appl:timeid:var","Acc_TQ","13
23",2019
"220_Split_Early_Capone",192,"a","nitrogen:appl:timeid:var","Acc_TQ","13
23",2019
"220_Split_Early_Patras",192,"a","nitrogen:appl:timeid:var","Acc_TQ","13
23",2019
"220_Split_Early_Pionier",192,"a","nitrogen:appl:timeid:var","Acc_TQ","13
23",2019
"176_Combined_Late_Apertus",64,"b","nitrogen:appl:timeid:var","Acc_TQ","13
23",2019
"176_Combined_Late_Capone",64,"b","nitrogen:appl:timeid:var","Acc_TQ","13
23",2019
"176_Combined_Late_Patras",64,"b","nitrogen:appl:timeid:var","Acc_TQ","13
23",2019
"176_Combined_Late_Pionier",64,"b","nitrogen:appl:timeid:var","Acc_TQ","13
23",2019
"176_Split_Late_Apertus",64,"b","nitrogen:appl:timeid:var","Acc_TQ","13
23",2019
"176_Split_Late_Capone",64,"b","nitrogen:appl:timeid:var","Acc_TQ","13
23",2019
"176_Split_Late_Patras",64,"b","nitrogen:appl:timeid:var","Acc_TQ","13
23",2019
"176_Split_Late_Pionier",64,"b","nitrogen:appl:timeid:var","Acc_TQ","13
23",2019
"220_Combined_Late_Apertus",64,"b","nitrogen:appl:timeid:var","Acc_TQ","13
23",2019
"220_Combined_Late_Capone",64,"b","nitrogen:appl:timeid:var","Acc_TQ","13
23",2019
"220_Combined_Late_Patras",64,"b","nitrogen:appl:timeid:var","Acc_TQ","13
23",2019
"220_Combined_Late_Pionier",64,"b","nitrogen:appl:timeid:var","Acc_TQ","13
23",2019
"220_Split_Late_Capone",64,"b","nitrogen:appl:timeid:var","Acc_TQ","13
23",2019
"220_Split_Late_Patras",64,"b","nitrogen:appl:timeid:var","Acc_TQ","13
23",2019
"220_Split_Late_Pionier",64,"b","nitrogen:appl:timeid:var","Acc_TQ","13
23",2019
"220_Split_Late_Apertus",42.6666666666667,"c","nitrogen:appl:timeid:var","Acc_TQ","13
23",2019
"Apertus",297.928298611111,"a","var","Acc_Temperature","09
13",2019
"Capone",295.605902777777,"a","var","Acc_Temperature","09
13",2019
"Pionier",293.169270833333,"a","var","Acc_Temperature","09
13",2019
"Patras",282.825694444444,"b","var","Acc_Temperature","09
13",2019
"Late_Apertus",313.385416666667,"a","timeid:var","Acc_Temperature","09
13",2019
"Late_Pionier",307.094791666667,"ab","timeid:var","Acc_Temperature","09
13",2019
"Late_Capone",300.304513888889,"ab","timeid:var","Acc_Temperature","09
13",2019
"Late_Patras",297.272222222223,"abc","timeid:var","Acc_Temperature","09
13",2019
"Early_Capone",290.907291666666,"bcd","timeid:var","Acc_Temperature","09
13",2019
"Early_Apertus",282.471180555555,"cde","timeid:var","Acc_Temperature","09
13",2019
"Early_Pionier",279.243749999999,"de","timeid:var","Acc_Temperature","09
13",2019
"Early_Patras",268.379166666666,"e","timeid:var","Acc_Temperature","09
13",2019
"Patras",451.244791666667,"a","var","Acc_Temperature","13",2019
"Apertus",450.862152777778,"a","var","Acc_Temperature","13",2019
"Pionier",449.837847222222,"a","var","Acc_Temperature","13",2019
"Capone",441.312152777778,"b","var","Acc_Temperature","13",2019
"Late_Patras",463.23125,"a","timeid:var","Acc_Temperature","13",2019
"Late_Apertus",462.465972222222,"a","timeid:var","Acc_Temperature","13",2019
"Late_Pionier",460.417361111111,"a","timeid:var","Acc_Temperature","13",2019
"Late_Capone",443.365972222222,"b","timeid:var","Acc_Temperature","13",2019
"Early_Apertus",439.258333333333,"b","timeid:var","Acc_Temperature","13",2019
"Early_Capone",439.258333333333,"b","timeid:var","Acc_Temperature","13",2019
"Early_Patras",439.258333333333,"b","timeid:var","Acc_Temperature","13",2019
"Early_Pionier",439.258333333333,"b","timeid:var","Acc_Temperature","13",2019
"Early_Patras",286.268750000001,"a","timeid:var","Acc_Temperature","13
23",2019
"Early_Apertus",277.936111111112,"ab","timeid:var","Acc_Temperature","13
23",2019
"Early_Pionier",277.936111111112,"ab","timeid:var","Acc_Temperature","13
23",2019
"Late_Capone",270.063194444445,"abc","timeid:var","Acc_Temperature","13
23",2019
"Early_Capone",268.141319444445,"abc","timeid:var","Acc_Temperature","13
23",2019
"Late_Pionier",253.011805555556,"bc","timeid:var","Acc_Temperature","13
23",2019
"Late_Patras",250.197916666667,"c","timeid:var","Acc_Temperature","13
23",2019
"Late_Apertus",247.177430555556,"c","timeid:var","Acc_Temperature","13
23",2019
"Apertus",361.205729166666,"a","var","Acc_Temperature","23
31",2019
"Pionier",352.791840277778,"a","var","Acc_Temperature","23
31",2019
"Capone",336.664062500001,"ab","var","Acc_Temperature","23
31",2019
"Patras",293.808159722223,"b","var","Acc_Temperature","23
31",2019
"Apertus",1074.62465277778,"a","var","Acc_Temperature","31",2019
"Pionier",1068.10364583333,"a","var","Acc_Temperature","31",2019
"Capone",1047.07847222222,"a","var","Acc_Temperature","31",2019
"Patras",1013.28628472222,"a","var","Acc_Temperature","31",2019
"Early_Apertus",1110.87881944444,"a","timeid:var","Acc_Temperature","31",2019
"Early_Pionier",1089.42673611111,"ab","timeid:var","Acc_Temperature","31",2019
"Late_Capone",1051.4125,"abc","timeid:var","Acc_Temperature","31",2019
"Late_Pionier",1046.78055555556,"bc","timeid:var","Acc_Temperature","31",2019
"Early_Capone",1042.74444444445,"bc","timeid:var","Acc_Temperature","31",2019
"Late_Apertus",1038.37048611111,"bc","timeid:var","Acc_Temperature","31",2019
"Early_Patras",1033.66770833334,"bc","timeid:var","Acc_Temperature","31",2019
"Late_Patras",992.904861111111,"c","timeid:var","Acc_Temperature","31",2019
"Patras",409.207465277777,"a","var","Acc_Temperature","31
41",2019
"Capone",375.415277777777,"a","var","Acc_Temperature","31
41",2019
"Pionier",354.390104166666,"a","var","Acc_Temperature","31
41",2019
"Apertus",347.869097222222,"a","var","Acc_Temperature","31
41",2019
"Early_Patras",445.923958333334,"a","timeid:var","Acc_Temperature","31
41",2019
"Early_Capone",436.847222222223,"a","timeid:var","Acc_Temperature","31
41",2019
"Early_Pionier",390.164930555558,"ab","timeid:var","Acc_Temperature","31
41",2019
"Late_Patras",372.490972222219,"bc","timeid:var","Acc_Temperature","31
41",2019
"Early_Apertus",368.712847222226,"bc","timeid:var","Acc_Temperature","31
41",2019
"Late_Apertus",327.025347222219,"c","timeid:var","Acc_Temperature","31
41",2019
"Late_Pionier",318.615277777774,"c","timeid:var","Acc_Temperature","31
41",2019
"Late_Capone",313.98333333333,"c","timeid:var","Acc_Temperature","31
41",2019
"Patras",710.828298611112,"a","var","Acc_Temperature","31
61",2019
"Capone",677.036111111112,"a","var","Acc_Temperature","31
61",2019
"Pionier",656.010937500001,"a","var","Acc_Temperature","31
61",2019
"Apertus",649.489930555557,"a","var","Acc_Temperature","31
61",2019
"Early_Patras",747.544791666664,"a","timeid:var","Acc_Temperature","31
61",2019
"Early_Capone",738.468055555553,"a","timeid:var","Acc_Temperature","31
61",2019
"Early_Pionier",691.785763888888,"ab","timeid:var","Acc_Temperature","31
61",2019
"Late_Patras",674.111805555559,"bc","timeid:var","Acc_Temperature","31
61",2019
"Early_Apertus",670.333680555556,"bc","timeid:var","Acc_Temperature","31
61",2019
"Late_Apertus",628.646180555559,"c","timeid:var","Acc_Temperature","31
61",2019
"Late_Pionier",620.236111111114,"c","timeid:var","Acc_Temperature","31
61",2019
"Late_Capone",615.60416666667,"c","timeid:var","Acc_Temperature","31
61",2019
"176_Capone",223.151736111112,"a","nitrogen:var","Acc_Temperature","71
77",2019
"220_Capone",209.578819444444,"ab","nitrogen:var","Acc_Temperature","71
77",2019
"176_Pionier",208.829513888889,"ab","nitrogen:var","Acc_Temperature","71
77",2019
"220_Apertus",201.744444444445,"ab","nitrogen:var","Acc_Temperature","71
77",2019
"220_Patras",201.369791666668,"ab","nitrogen:var","Acc_Temperature","71
77",2019
"220_Pionier",197.614583333333,"ab","nitrogen:var","Acc_Temperature","71
77",2019
"176_Apertus",180.33715277778,"b","nitrogen:var","Acc_Temperature","71
77",2019
"176_Patras",179.9625,"b","nitrogen:var","Acc_Temperature","71
77",2019
"176_Pionier",2032.62118055555,"a","nitrogen:var","Acc_Temperature","77",2019
"176_Capone",2024.41215277778,"a","nitrogen:var","Acc_Temperature","77",2019
"220_Capone",2018.34965277778,"ab","nitrogen:var","Acc_Temperature","77",2019
"220_Patras",2010.140625,"abc","nitrogen:var","Acc_Temperature","77",2019
"220_Pionier",2010.140625,"abc","nitrogen:var","Acc_Temperature","77",2019
"220_Apertus",2003.00486111111,"abc","nitrogen:var","Acc_Temperature","77",2019
"176_Patras",1988.73333333333,"bc","nitrogen:var","Acc_Temperature","77",2019
"176_Apertus",1981.59756944445,"c","nitrogen:var","Acc_Temperature","77",2019
"176_Apertus",493.80451388889,"a","nitrogen:var","Acc_Temperature","77
87",2019
"176_Patras",486.668750000003,"ab","nitrogen:var","Acc_Temperature","77
87",2019
"220_Apertus",472.397222222225,"abc","nitrogen:var","Acc_Temperature","77
87",2019
"220_Pionier",465.261458333337,"abc","nitrogen:var","Acc_Temperature","77
87",2019
"220_Patras",465.261458333336,"abc","nitrogen:var","Acc_Temperature","77
87",2019
"220_Capone",457.052430555559,"bc","nitrogen:var","Acc_Temperature","77
87",2019
"176_Capone",450.989930555558,"c","nitrogen:var","Acc_Temperature","77
87",2019
"176_Pionier",442.780902777781,"c","nitrogen:var","Acc_Temperature","77
87",2019
"Patras",168.419097222222,"a","var","Acc_Temperature","9",2019
"Pionier",156.668576388889,"b","var","Acc_Temperature","9",2019
"Apertus",152.933854166667,"bc","var","Acc_Temperature","9",2019
"Capone",145.70625,"c","var","Acc_Temperature","9",2019
"Patras",168.419097222222,"a","var","Acc_Temperature","sowing
09",2019
"Pionier",156.668576388889,"b","var","Acc_Temperature","sowing
09",2019
"Apertus",152.933854166667,"bc","var","Acc_Temperature","sowing
09",2019
"Capone",145.70625,"c","var","Acc_Temperature","sowing
09",2019
"Apertus",67.875,"a","var","Das","09
13",2019
"Capone",67.375,"a","var","Das","09
13",2019
"Pionier",67.25,"a","var","Das","09
13",2019
"Patras",65.9583333333333,"b","var","Das","09
13",2019
"Late_Apertus",76.6666666666667,"a","timeid:var","Das","09
13",2019
"Late_Pionier",75.6666666666667,"ab","timeid:var","Das","09
13",2019
"Late_Capone",75,"ab","timeid:var","Das","09
13",2019
"Late_Patras",73.9166666666667,"b","timeid:var","Das","09
13",2019
"Early_Capone",59.75,"c","timeid:var","Das","09
13",2019
"Early_Apertus",59.0833333333333,"c","timeid:var","Das","09
13",2019
"Early_Pionier",58.8333333333333,"c","timeid:var","Das","09
13",2019
"Early_Patras",58,"c","timeid:var","Das","09
13",2019
"Early_Patras",61.25,"a","timeid:var","Das","13
23",2019
"Early_Apertus",60,"a","timeid:var","Das","13
23",2019
"Early_Pionier",60,"a","timeid:var","Das","13
23",2019
"Early_Capone",58.5,"a","timeid:var","Das","13
23",2019
"Late_Capone",38.4166666666667,"b","timeid:var","Das","13
23",2019
"Late_Pionier",36.25,"b","timeid:var","Das","13
23",2019
"Late_Patras",35.9166666666667,"b","timeid:var","Das","13
23",2019
"Late_Apertus",35.5,"b","timeid:var","Das","13
23",2019
"Apertus",39.375,"a","var","Das","23
31",2019
"Pionier",38.625,"a","var","Das","23
31",2019
"Capone",37.9166666666667,"a","var","Das","23
31",2019
"Patras",33.75,"b","var","Das","23
31",2019
"Patras",35.625,"a","var","Das","31
41",2019
"Capone",32.8333333333333,"ab","var","Das","31
41",2019
"Pionier",31.375,"b","var","Das","31
41",2019
"Apertus",30.875,"b","var","Das","31
41",2019
"Early_Patras",38.3333333333333,"a","timeid:var","Das","31
41",2019
"Early_Capone",37.6666666666667,"ab","timeid:var","Das","31
41",2019
"Early_Pionier",34.3333333333333,"abc","timeid:var","Das","31
41",2019
"Late_Patras",32.9166666666667,"bcd","timeid:var","Das","31
41",2019
"Early_Apertus",32.75,"cde","timeid:var","Das","31
41",2019
"Late_Apertus",29,"de","timeid:var","Das","31
41",2019
"Late_Pionier",28.4166666666667,"de","timeid:var","Das","31
41",2019
"Late_Capone",28,"e","timeid:var","Das","31
41",2019
"Patras",52.625,"a","var","Das","31
61",2019
"Capone",49.8333333333333,"ab","var","Das","31
61",2019
"Pionier",48.375,"b","var","Das","31
61",2019
"Apertus",47.875,"b","var","Das","31
61",2019
"Early_Patras",55.3333333333333,"a","timeid:var","Das","31
61",2019
"Early_Capone",54.6666666666667,"ab","timeid:var","Das","31
61",2019
"Early_Pionier",51.3333333333333,"abc","timeid:var","Das","31
61",2019
"Late_Patras",49.9166666666667,"bcd","timeid:var","Das","31
61",2019
"Early_Apertus",49.75,"cde","timeid:var","Das","31
61",2019
"Late_Apertus",46,"de","timeid:var","Das","31
61",2019
"Late_Pionier",45.4166666666667,"de","timeid:var","Das","31
61",2019
"Late_Capone",45,"e","timeid:var","Das","31
61",2019
"176_Capone",10.6666666666667,"a","nitrogen:var","Das","71
77",2019
"176_Pionier",10.0833333333333,"a","nitrogen:var","Das","71
77",2019
"220_Capone",10.0833333333333,"a","nitrogen:var","Das","71
77",2019
"220_Apertus",9.66666666666667,"ab","nitrogen:var","Das","71
77",2019
"220_Patras",9.66666666666667,"ab","nitrogen:var","Das","71
77",2019
"220_Pionier",9.5,"ab","nitrogen:var","Das","71
77",2019
"176_Apertus",8.66666666666667,"b","nitrogen:var","Das","71
77",2019
"176_Patras",8.66666666666667,"b","nitrogen:var","Das","71
77",2019
"176_Apertus",27.3333333333333,"a","nitrogen:var","Das","77
87",2019
"176_Patras",27,"ab","nitrogen:var","Das","77
87",2019
"220_Apertus",26.3333333333333,"abc","nitrogen:var","Das","77
87",2019
"220_Patras",26,"abc","nitrogen:var","Das","77
87",2019
"220_Pionier",26,"abc","nitrogen:var","Das","77
87",2019
"220_Capone",25.5833333333333,"bc","nitrogen:var","Das","77
87",2019
"176_Capone",25.3333333333333,"c","nitrogen:var","Das","77
87",2019
"176_Pionier",24.9166666666667,"c","nitrogen:var","Das","77
87",2019
"Patras",23.0833333333333,"a","var","Das","sowing
09",2019
"Pionier",21.625,"b","var","Das","sowing
09",2019
"Apertus",21.125,"bc","var","Das","sowing
09",2019
"Capone",20.4166666666667,"c","var","Das","sowing
09",2019
"Late_Patras",28.1666666666667,"a","timeid:var","Das","sowing
09",2019
"Late_Pionier",26.0833333333333,"b","timeid:var","Das","sowing
09",2019
"Late_Apertus",25.3333333333333,"bc","timeid:var","Das","sowing
09",2019
"Late_Capone",24.5833333333333,"c","timeid:var","Das","sowing
09",2019
"Early_Patras",18,"d","timeid:var","Das","sowing
09",2019
"Early_Pionier",17.1666666666667,"de","timeid:var","Das","sowing
09",2019
"Early_Apertus",16.9166666666667,"de","timeid:var","Das","sowing
09",2019
"Early_Capone",16.25,"e","timeid:var","Das","sowing
09",2019
"Capone",467.292251899988,"a","var","GCD61","",2019
"Pionier",465.026605341688,"a","var","GCD61","",2019
"Apertus",437.26070567723,"b","var","GCD61","",2019
"Patras",427.032872656722,"b","var","GCD61","",2019
"Late_Pionier",474.336569541553,"a","timeid:var","GCD61","",2019
"Late_Capone",471.450599743202,"a","timeid:var","GCD61","",2019
"Early_Capone",463.133904056774,"b","timeid:var","GCD61","",2019
"Early_Pionier",455.716641141823,"c","timeid:var","GCD61","",2019
"Late_Apertus",443.600051523575,"d","timeid:var","GCD61","",2019
"Late_Patras",433.522660358668,"e","timeid:var","GCD61","",2019
"Early_Apertus",430.921359830884,"e","timeid:var","GCD61","",2019
"Early_Patras",420.543084954776,"f","timeid:var","GCD61","",2019
"Patras",324.254627343278,"a","var","GCD87","",2019
"Apertus",314.02679432277,"a","var","GCD87","",2019
"Pionier",286.260894658312,"b","var","GCD87","",2019
"Capone",283.995248100012,"b","var","GCD87","",2019
"Early_Patras",330.744415045224,"a","timeid:var","GCD87","",2019
"Early_Apertus",320.366140169116,"b","timeid:var","GCD87","",2019
"Late_Patras",317.764839641332,"b","timeid:var","GCD87","",2019
"Late_Apertus",307.687448476425,"c","timeid:var","GCD87","",2019
"Early_Pionier",295.570858858177,"d","timeid:var","GCD87","",2019
"Early_Capone",288.153595943226,"e","timeid:var","GCD87","",2019
"Late_Capone",279.836900256797,"f","timeid:var","GCD87","",2019
"Late_Pionier",276.950930458447,"f","timeid:var","GCD87","",2019
"Capone",2191.40683523332,"a","var","GLA50","",2019
"Pionier",2189.14118867502,"a","var","GLA50","",2019
"Apertus",2161.37528901056,"b","var","GLA50","",2019
"Patras",2151.14745599006,"b","var","GLA50","",2019
"Early_Capone",2244.34640405677,"a","timeid:var","GLA50","",2019
"Early_Pionier",2236.92914114182,"b","timeid:var","GLA50","",2019
"Early_Apertus",2212.13385983088,"c","timeid:var","GLA50","",2019
"Early_Patras",2201.75558495478,"d","timeid:var","GLA50","",2019
"Late_Pionier",2141.35323620822,"e","timeid:var","GLA50","",2019
"Late_Capone",2138.46726640987,"e","timeid:var","GLA50","",2019
"Late_Apertus",2110.61671819024,"f","timeid:var","GLA50","",2019
"Late_Patras",2100.53932702534,"g","timeid:var","GLA50","",2019
"Pionier",2951.4544788162,"a","var","LAD61","",2019
"Capone",2777.63311106653,"ab","var","LAD61","",2019
"Apertus",2666.63506760018,"ab","var","LAD61","",2019
"Patras",2587.01588855549,"b","var","LAD61","",2019
"Patras",182.664042756183,"a","var","S","",2019
"Apertus",132.008647256419,"ab","var","S","",2019
"Pionier",78.5748283251528,"b","var","S","",2019
"Capone",75.5704830854036,"b","var","S","",2019
"Potenzial",58.5216666666667,"a","var","Acc_Percipitation","09
13",2020
"Torrild",56.3004166666667,"ab","var","Acc_Percipitation","09
13",2020
"Patras",54.6495833333333,"ab","var","Acc_Percipitation","09
13",2020
"Apertus",52.9704166666667,"ab","var","Acc_Percipitation","09
13",2020
"Pionier",52.3008333333333,"ab","var","Acc_Percipitation","09
13",2020
"Alves",51.39375,"b","var","Acc_Percipitation","09
13",2020
"Esket",50.16,"b","var","Acc_Percipitation","09
13",2020
"Capone",50.0395833333333,"b","var","Acc_Percipitation","09
13",2020
"Early_Alves",59.4575,"a","timeid:var","Acc_Percipitation","09
13",2020
"Early_Apertus",59.3075,"a","timeid:var","Acc_Percipitation","09
13",2020
"Early_Torrild",59.3025,"a","timeid:var","Acc_Percipitation","09
13",2020
"Early_Esket",59.2458333333333,"a","timeid:var","Acc_Percipitation","09
13",2020
"Early_Patras",59.2016666666667,"a","timeid:var","Acc_Percipitation","09
13",2020
"Early_Pionier",59.1991666666667,"a","timeid:var","Acc_Percipitation","09
13",2020
"Early_Capone",59.1425,"a","timeid:var","Acc_Percipitation","09
13",2020
"Early_Potenzial",59.0958333333333,"a","timeid:var","Acc_Percipitation","09
13",2020
"Late_Potenzial",57.9475,"a","timeid:var","Acc_Percipitation","09
13",2020
"Late_Torrild",53.2983333333333,"ab","timeid:var","Acc_Percipitation","09
13",2020
"Late_Patras",50.0975,"abc","timeid:var","Acc_Percipitation","09
13",2020
"Late_Apertus",46.6333333333333,"bc","timeid:var","Acc_Percipitation","09
13",2020
"Late_Pionier",45.4025,"bc","timeid:var","Acc_Percipitation","09
13",2020
"Late_Alves",43.33,"bc","timeid:var","Acc_Percipitation","09
13",2020
"Late_Esket",41.0741666666667,"c","timeid:var","Acc_Percipitation","09
13",2020
"Late_Capone",40.9366666666667,"c","timeid:var","Acc_Percipitation","09
13",2020
"176_Combined_Patras",63.985,"a","nitrogen:appl:var","Acc_Percipitation","09
13",2020
"176_Combined_Potenzial",62.5366666666667,"a","nitrogen:appl:var","Acc_Percipitation","09
13",2020
"220_Split_Potenzial",62.2333333333333,"a","nitrogen:appl:var","Acc_Percipitation","09
13",2020
"176_Combined_Apertus",59.3816666666667,"a","nitrogen:appl:var","Acc_Percipitation","09
13",2020
"220_Combined_Potenzial",59.2616666666667,"a","nitrogen:appl:var","Acc_Percipitation","09
13",2020
"176_Split_Torrild",57.9283333333333,"a","nitrogen:appl:var","Acc_Percipitation","09
13",2020
"220_Combined_Torrild",57.9283333333333,"a","nitrogen:appl:var","Acc_Percipitation","09
13",2020
"176_Combined_Pionier",54.8933333333333,"a","nitrogen:appl:var","Acc_Percipitation","09
13",2020
"220_Split_Patras",54.87,"a","nitrogen:appl:var","Acc_Percipitation","09
13",2020
"176_Combined_Torrild",54.7783333333333,"a","nitrogen:appl:var","Acc_Percipitation","09
13",2020
"220_Combined_Alves",54.5666666666667,"a","nitrogen:appl:var","Acc_Percipitation","09
13",2020
"220_Combined_Pionier",54.5666666666667,"a","nitrogen:appl:var","Acc_Percipitation","09
13",2020
"220_Split_Torrild",54.5666666666667,"a","nitrogen:appl:var","Acc_Percipitation","09
13",2020
"220_Combined_Apertus",52.27,"a","nitrogen:appl:var","Acc_Percipitation","09
13",2020
"176_Combined_Esket",50.5666666666667,"a","nitrogen:appl:var","Acc_Percipitation","09
13",2020
"176_Split_Alves",50.475,"a","nitrogen:appl:var","Acc_Percipitation","09
13",2020
"176_Combined_Capone",50.2683333333333,"a","nitrogen:appl:var","Acc_Percipitation","09
13",2020
"176_Combined_Alves",50.2666666666667,"a","nitrogen:appl:var","Acc_Percipitation","09
13",2020
"220_Split_Alves",50.2666666666667,"a","nitrogen:appl:var","Acc_Percipitation","09
13",2020
"176_Split_Apertus",50.175,"a","nitrogen:appl:var","Acc_Percipitation","09
13",2020
"176_Split_Capone",50.055,"a","nitrogen:appl:var","Acc_Percipitation","09
13",2020
"176_Split_Esket",50.055,"a","nitrogen:appl:var","Acc_Percipitation","09
13",2020
"176_Split_Potenzial",50.055,"a","nitrogen:appl:var","Acc_Percipitation","09
13",2020
"220_Combined_Esket",50.055,"a","nitrogen:appl:var","Acc_Percipitation","09
13",2020
"220_Split_Apertus",50.055,"a","nitrogen:appl:var","Acc_Percipitation","09
13",2020
"176_Split_Patras",49.9633333333333,"a","nitrogen:appl:var","Acc_Percipitation","09
13",2020
"220_Combined_Capone",49.9633333333333,"a","nitrogen:appl:var","Acc_Percipitation","09
13",2020
"220_Split_Esket",49.9633333333333,"a","nitrogen:appl:var","Acc_Percipitation","09
13",2020
"176_Split_Pionier",49.8716666666667,"a","nitrogen:appl:var","Acc_Percipitation","09
13",2020
"220_Split_Capone",49.8716666666667,"a","nitrogen:appl:var","Acc_Percipitation","09
13",2020
"220_Split_Pionier",49.8716666666667,"a","nitrogen:appl:var","Acc_Percipitation","09
13",2020
"220_Combined_Patras",49.78,"a","nitrogen:appl:var","Acc_Percipitation","09
13",2020
"176_Combined_Late_Patras",68.5566666666667,"a","nitrogen:appl:timeid:var","Acc_Percipitation","09
13",2020
"176_Combined_Late_Potenzial",65.66,"a","nitrogen:appl:timeid:var","Acc_Percipitation","09
13",2020
"220_Split_Late_Potenzial",65.4766666666667,"a","nitrogen:appl:timeid:var","Acc_Percipitation","09
13",2020
"176_Combined_Early_Esket",60.0133333333333,"a","nitrogen:appl:timeid:var","Acc_Percipitation","09
13",2020
"176_Split_Early_Alves",60.0133333333333,"a","nitrogen:appl:timeid:var","Acc_Percipitation","09
13",2020
"176_Combined_Early_Pionier",59.8266666666667,"a","nitrogen:appl:timeid:var","Acc_Percipitation","09
13",2020
"176_Combined_Early_Capone",59.6,"a","nitrogen:appl:timeid:var","Acc_Percipitation","09
13",2020
"220_Combined_Late_Potenzial",59.5333333333333,"a","nitrogen:appl:timeid:var","Acc_Percipitation","09
13",2020
"176_Combined_Early_Alves",59.4133333333333,"a","nitrogen:appl:timeid:var","Acc_Percipitation","09
13",2020
"176_Combined_Early_Apertus",59.4133333333333,"a","nitrogen:appl:timeid:var","Acc_Percipitation","09
13",2020
"176_Combined_Early_Patras",59.4133333333333,"a","nitrogen:appl:timeid:var","Acc_Percipitation","09
13",2020
"176_Combined_Early_Potenzial",59.4133333333333,"a","nitrogen:appl:timeid:var","Acc_Percipitation","09
13",2020
"176_Combined_Early_Torrild",59.4133333333333,"a","nitrogen:appl:timeid:var","Acc_Percipitation","09
13",2020
"176_Split_Early_Apertus",59.4133333333333,"a","nitrogen:appl:timeid:var","Acc_Percipitation","09
13",2020
"220_Combined_Early_Apertus",59.4133333333333,"a","nitrogen:appl:timeid:var","Acc_Percipitation","09
13",2020
"220_Split_Early_Alves",59.4133333333333,"a","nitrogen:appl:timeid:var","Acc_Percipitation","09
13",2020
"220_Split_Early_Patras",59.4133333333333,"a","nitrogen:appl:timeid:var","Acc_Percipitation","09
13",2020
"176_Split_Early_Torrild",59.4033333333333,"a","nitrogen:appl:timeid:var","Acc_Percipitation","09
13",2020
"220_Combined_Early_Torrild",59.4033333333333,"a","nitrogen:appl:timeid:var","Acc_Percipitation","09
13",2020
"176_Combined_Late_Apertus",59.35,"a","nitrogen:appl:timeid:var","Acc_Percipitation","09
13",2020
"176_Split_Early_Capone",58.99,"a","nitrogen:appl:timeid:var","Acc_Percipitation","09
13",2020
"176_Split_Early_Esket",58.99,"a","nitrogen:appl:timeid:var","Acc_Percipitation","09
13",2020
"176_Split_Early_Patras",58.99,"a","nitrogen:appl:timeid:var","Acc_Percipitation","09
13",2020
"176_Split_Early_Pionier",58.99,"a","nitrogen:appl:timeid:var","Acc_Percipitation","09
13",2020
"176_Split_Early_Potenzial",58.99,"a","nitrogen:appl:timeid:var","Acc_Percipitation","09
13",2020
"220_Combined_Early_Alves",58.99,"a","nitrogen:appl:timeid:var","Acc_Percipitation","09
13",2020
"220_Combined_Early_Capone",58.99,"a","nitrogen:appl:timeid:var","Acc_Percipitation","09
13",2020
"220_Combined_Early_Esket",58.99,"a","nitrogen:appl:timeid:var","Acc_Percipitation","09
13",2020
"220_Combined_Early_Patras",58.99,"a","nitrogen:appl:timeid:var","Acc_Percipitation","09
13",2020
"220_Combined_Early_Pionier",58.99,"a","nitrogen:appl:timeid:var","Acc_Percipitation","09
13",2020
"220_Combined_Early_Potenzial",58.99,"a","nitrogen:appl:timeid:var","Acc_Percipitation","09
13",2020
"220_Split_Early_Apertus",58.99,"a","nitrogen:appl:timeid:var","Acc_Percipitation","09
13",2020
"220_Split_Early_Capone",58.99,"a","nitrogen:appl:timeid:var","Acc_Percipitation","09
13",2020
"220_Split_Early_Esket",58.99,"a","nitrogen:appl:timeid:var","Acc_Percipitation","09
13",2020
"220_Split_Early_Pionier",58.99,"a","nitrogen:appl:timeid:var","Acc_Percipitation","09
13",2020
"220_Split_Early_Potenzial",58.99,"a","nitrogen:appl:timeid:var","Acc_Percipitation","09
13",2020
"220_Split_Early_Torrild",58.99,"a","nitrogen:appl:timeid:var","Acc_Percipitation","09
13",2020
"176_Split_Late_Torrild",56.4533333333333,"a","nitrogen:appl:timeid:var","Acc_Percipitation","09
13",2020
"220_Combined_Late_Torrild",56.4533333333333,"a","nitrogen:appl:timeid:var","Acc_Percipitation","09
13",2020
"220_Split_Late_Patras",50.3266666666667,"a","nitrogen:appl:timeid:var","Acc_Percipitation","09
13",2020
"176_Combined_Late_Torrild",50.1433333333333,"a","nitrogen:appl:timeid:var","Acc_Percipitation","09
13",2020
"220_Combined_Late_Alves",50.1433333333333,"a","nitrogen:appl:timeid:var","Acc_Percipitation","09
13",2020
"220_Combined_Late_Pionier",50.1433333333333,"a","nitrogen:appl:timeid:var","Acc_Percipitation","09
13",2020
"220_Split_Late_Torrild",50.1433333333333,"a","nitrogen:appl:timeid:var","Acc_Percipitation","09
13",2020
"176_Combined_Late_Pionier",49.96,"a","nitrogen:appl:timeid:var","Acc_Percipitation","09
13",2020
"220_Combined_Late_Apertus",45.1266666666667,"a","nitrogen:appl:timeid:var","Acc_Percipitation","09
13",2020
"176_Combined_Late_Alves",41.12,"a","nitrogen:appl:timeid:var","Acc_Percipitation","09
13",2020
"176_Combined_Late_Esket",41.12,"a","nitrogen:appl:timeid:var","Acc_Percipitation","09
13",2020
"176_Split_Late_Capone",41.12,"a","nitrogen:appl:timeid:var","Acc_Percipitation","09
13",2020
"176_Split_Late_Esket",41.12,"a","nitrogen:appl:timeid:var","Acc_Percipitation","09
13",2020
"176_Split_Late_Potenzial",41.12,"a","nitrogen:appl:timeid:var","Acc_Percipitation","09
13",2020
"220_Combined_Late_Esket",41.12,"a","nitrogen:appl:timeid:var","Acc_Percipitation","09
13",2020
"220_Split_Late_Alves",41.12,"a","nitrogen:appl:timeid:var","Acc_Percipitation","09
13",2020
"220_Split_Late_Apertus",41.12,"a","nitrogen:appl:timeid:var","Acc_Percipitation","09
13",2020
"176_Combined_Late_Capone",40.9366666666667,"a","nitrogen:appl:timeid:var","Acc_Percipitation","09
13",2020
"176_Split_Late_Alves",40.9366666666667,"a","nitrogen:appl:timeid:var","Acc_Percipitation","09
13",2020
"176_Split_Late_Apertus",40.9366666666667,"a","nitrogen:appl:timeid:var","Acc_Percipitation","09
13",2020
"176_Split_Late_Patras",40.9366666666667,"a","nitrogen:appl:timeid:var","Acc_Percipitation","09
13",2020
"220_Combined_Late_Capone",40.9366666666667,"a","nitrogen:appl:timeid:var","Acc_Percipitation","09
13",2020
"220_Split_Late_Esket",40.9366666666667,"a","nitrogen:appl:timeid:var","Acc_Percipitation","09
13",2020
"176_Split_Late_Pionier",40.7533333333333,"a","nitrogen:appl:timeid:var","Acc_Percipitation","09
13",2020
"220_Split_Late_Capone",40.7533333333333,"a","nitrogen:appl:timeid:var","Acc_Percipitation","09
13",2020
"220_Split_Late_Pionier",40.7533333333333,"a","nitrogen:appl:timeid:var","Acc_Percipitation","09
13",2020
"220_Combined_Late_Patras",40.57,"a","nitrogen:appl:timeid:var","Acc_Percipitation","09
13",2020
"Potenzial",87.3795833333333,"a","var","Acc_Percipitation","13",2020
"Torrild",85.18125,"ab","var","Acc_Percipitation","13",2020
"Patras",83.5991666666667,"ab","var","Acc_Percipitation","13",2020
"Apertus",81.8741666666667,"ab","var","Acc_Percipitation","13",2020
"Pionier",81.29625,"ab","var","Acc_Percipitation","13",2020
"Alves",80.1983333333333,"b","var","Acc_Percipitation","13",2020
"Esket",78.9416666666667,"b","var","Acc_Percipitation","13",2020
"Capone",78.89,"b","var","Acc_Percipitation","13",2020
"Late_Potenzial",95.9433333333333,"a","timeid:var","Acc_Percipitation","13",2020
"Late_Torrild",91.34,"ab","timeid:var","Acc_Percipitation","13",2020
"Late_Patras",88.2766666666667,"abc","timeid:var","Acc_Percipitation","13",2020
"Late_Apertus",84.7208333333333,"abc","timeid:var","Acc_Percipitation","13",2020
"Late_Pionier",83.6733333333333,"bc","timeid:var","Acc_Percipitation","13",2020
"Late_Alves",81.3716666666667,"bc","timeid:var","Acc_Percipitation","13",2020
"Late_Capone",79.07,"c","timeid:var","Acc_Percipitation","13",2020
"Late_Esket",79.07,"c","timeid:var","Acc_Percipitation","13",2020
"Early_Apertus",79.0275,"c","timeid:var","Acc_Percipitation","13",2020
"Early_Alves",79.025,"c","timeid:var","Acc_Percipitation","13",2020
"Early_Torrild",79.0225,"c","timeid:var","Acc_Percipitation","13",2020
"Early_Patras",78.9216666666667,"c","timeid:var","Acc_Percipitation","13",2020
"Early_Pionier",78.9191666666667,"c","timeid:var","Acc_Percipitation","13",2020
"Early_Potenzial",78.8158333333333,"c","timeid:var","Acc_Percipitation","13",2020
"Early_Esket",78.8133333333333,"c","timeid:var","Acc_Percipitation","13",2020
"Early_Capone",78.71,"c","timeid:var","Acc_Percipitation","13",2020
"176_Combined_Patras",92.9116666666667,"a","nitrogen:appl:var","Acc_Percipitation","13",2020
"176_Combined_Potenzial",91.3716666666667,"a","nitrogen:appl:var","Acc_Percipitation","13",2020
"220_Split_Potenzial",91.16,"a","nitrogen:appl:var","Acc_Percipitation","13",2020
"176_Combined_Apertus",88.3083333333333,"a","nitrogen:appl:var","Acc_Percipitation","13",2020
"220_Combined_Potenzial",88.0966666666667,"a","nitrogen:appl:var","Acc_Percipitation","13",2020
"176_Split_Torrild",86.7633333333333,"a","nitrogen:appl:var","Acc_Percipitation","13",2020
"220_Combined_Torrild",86.7633333333333,"a","nitrogen:appl:var","Acc_Percipitation","13",2020
"176_Combined_Pionier",83.9116666666667,"a","nitrogen:appl:var","Acc_Percipitation","13",2020
"176_Combined_Torrild",83.705,"a","nitrogen:appl:var","Acc_Percipitation","13",2020
"220_Split_Patras",83.705,"a","nitrogen:appl:var","Acc_Percipitation","13",2020
"220_Combined_Alves",83.4933333333333,"a","nitrogen:appl:var","Acc_Percipitation","13",2020
"220_Combined_Pionier",83.4933333333333,"a","nitrogen:appl:var","Acc_Percipitation","13",2020
"220_Split_Torrild",83.4933333333333,"a","nitrogen:appl:var","Acc_Percipitation","13",2020
"220_Combined_Apertus",81.1966666666667,"a","nitrogen:appl:var","Acc_Percipitation","13",2020
"176_Combined_Alves",79.1016666666667,"a","nitrogen:appl:var","Acc_Percipitation","13",2020
"176_Split_Apertus",79.1016666666667,"a","nitrogen:appl:var","Acc_Percipitation","13",2020
"220_Split_Alves",79.1016666666667,"a","nitrogen:appl:var","Acc_Percipitation","13",2020
"176_Combined_Esket",79.0966666666667,"a","nitrogen:appl:var","Acc_Percipitation","13",2020
"176_Split_Alves",79.0966666666667,"a","nitrogen:appl:var","Acc_Percipitation","13",2020
"176_Combined_Capone",78.89,"a","nitrogen:appl:var","Acc_Percipitation","13",2020
"176_Split_Capone",78.89,"a","nitrogen:appl:var","Acc_Percipitation","13",2020
"176_Split_Esket",78.89,"a","nitrogen:appl:var","Acc_Percipitation","13",2020
"176_Split_Patras",78.89,"a","nitrogen:appl:var","Acc_Percipitation","13",2020
"176_Split_Pionier",78.89,"a","nitrogen:appl:var","Acc_Percipitation","13",2020
"176_Split_Potenzial",78.89,"a","nitrogen:appl:var","Acc_Percipitation","13",2020
"220_Combined_Capone",78.89,"a","nitrogen:appl:var","Acc_Percipitation","13",2020
"220_Combined_Esket",78.89,"a","nitrogen:appl:var","Acc_Percipitation","13",2020
"220_Combined_Patras",78.89,"a","nitrogen:appl:var","Acc_Percipitation","13",2020
"220_Split_Apertus",78.89,"a","nitrogen:appl:var","Acc_Percipitation","13",2020
"220_Split_Capone",78.89,"a","nitrogen:appl:var","Acc_Percipitation","13",2020
"220_Split_Esket",78.89,"a","nitrogen:appl:var","Acc_Percipitation","13",2020
"220_Split_Pionier",78.89,"a","nitrogen:appl:var","Acc_Percipitation","13",2020
"220_Combined_Patras",101.543333333333,"a","nitrogen:appl:var","Acc_Percipitation","13
23",2020
"220_Combined_Capone",98.235,"a","nitrogen:appl:var","Acc_Percipitation","13
23",2020
"176_Combined_Capone",97.5783333333333,"a","nitrogen:appl:var","Acc_Percipitation","13
23",2020
"176_Combined_Alves",97.3666666666667,"a","nitrogen:appl:var","Acc_Percipitation","13
23",2020
"220_Combined_Esket",96.9216666666667,"a","nitrogen:appl:var","Acc_Percipitation","13
23",2020
"220_Split_Esket",96.9216666666667,"a","nitrogen:appl:var","Acc_Percipitation","13
23",2020
"176_Split_Alves",96.715,"a","nitrogen:appl:var","Acc_Percipitation","13
23",2020
"220_Combined_Alves",96.2833333333333,"a","nitrogen:appl:var","Acc_Percipitation","13
23",2020
"176_Split_Esket",96.265,"a","nitrogen:appl:var","Acc_Percipitation","13
23",2020
"176_Split_Patras",96.265,"a","nitrogen:appl:var","Acc_Percipitation","13
23",2020
"176_Split_Pionier",96.265,"a","nitrogen:appl:var","Acc_Percipitation","13
23",2020
"176_Split_Potenzial",96.265,"a","nitrogen:appl:var","Acc_Percipitation","13
23",2020
"176_Combined_Esket",96.0583333333333,"a","nitrogen:appl:var","Acc_Percipitation","13
23",2020
"220_Combined_Apertus",95.2716666666667,"a","nitrogen:appl:var","Acc_Percipitation","13
23",2020
"176_Split_Apertus",94.3183333333333,"a","nitrogen:appl:var","Acc_Percipitation","13
23",2020
"220_Combined_Pionier",92.3183333333333,"a","nitrogen:appl:var","Acc_Percipitation","13
23",2020
"220_Split_Torrild",92.3183333333333,"a","nitrogen:appl:var","Acc_Percipitation","13
23",2020
"176_Combined_Torrild",92.1066666666667,"a","nitrogen:appl:var","Acc_Percipitation","13
23",2020
"220_Split_Pionier",92.0583333333333,"a","nitrogen:appl:var","Acc_Percipitation","13
23",2020
"176_Combined_Pionier",91.9,"a","nitrogen:appl:var","Acc_Percipitation","13
23",2020
"220_Split_Alves",90.5333333333333,"a","nitrogen:appl:var","Acc_Percipitation","13
23",2020
"220_Combined_Torrild",89.0483333333333,"a","nitrogen:appl:var","Acc_Percipitation","13
23",2020
"176_Split_Torrild",88.3916666666667,"a","nitrogen:appl:var","Acc_Percipitation","13
23",2020
"220_Combined_Potenzial",88.3716666666667,"a","nitrogen:appl:var","Acc_Percipitation","13
23",2020
"176_Combined_Apertus",87.5033333333333,"a","nitrogen:appl:var","Acc_Percipitation","13
23",2020
"220_Split_Capone",87.195,"a","nitrogen:appl:var","Acc_Percipitation","13
23",2020
"176_Combined_Potenzial",85.0966666666667,"a","nitrogen:appl:var","Acc_Percipitation","13
23",2020
"176_Combined_Patras",83.5566666666667,"a","nitrogen:appl:var","Acc_Percipitation","13
23",2020
"176_Split_Capone",82.9066666666667,"a","nitrogen:appl:var","Acc_Percipitation","13
23",2020
"220_Split_Patras",81.0666666666667,"a","nitrogen:appl:var","Acc_Percipitation","13
23",2020
"220_Split_Potenzial",79.7883333333333,"a","nitrogen:appl:var","Acc_Percipitation","13
23",2020
"220_Split_Apertus",78.6266666666667,"a","nitrogen:appl:var","Acc_Percipitation","13
23",2020
"Esket",47.3608333333333,"a","var","Acc_Percipitation","31
61",2020
"Apertus",47.00125,"a","var","Acc_Percipitation","31
61",2020
"Capone",46.63125,"a","var","Acc_Percipitation","31
61",2020
"Pionier",46.375,"a","var","Acc_Percipitation","31
61",2020
"Alves",39.7533333333333,"b","var","Acc_Percipitation","31
61",2020
"Potenzial",39.7245833333333,"b","var","Acc_Percipitation","31
61",2020
"Torrild",39.0408333333333,"b","var","Acc_Percipitation","31
61",2020
"Patras",36.8125,"b","var","Acc_Percipitation","31
61",2020
"Early_Pionier",48.3833333333333,"a","timeid:var","Acc_Percipitation","31
61",2020
"Late_Esket",48.2016666666667,"a","timeid:var","Acc_Percipitation","31
61",2020
"Late_Alves",47.9941666666667,"a","timeid:var","Acc_Percipitation","31
61",2020
"Late_Apertus",47.4316666666667,"a","timeid:var","Acc_Percipitation","31
61",2020
"Late_Capone",46.7033333333333,"a","timeid:var","Acc_Percipitation","31
61",2020
"Late_Torrild",46.575,"a","timeid:var","Acc_Percipitation","31
61",2020
"Early_Apertus",46.5708333333333,"a","timeid:var","Acc_Percipitation","31
61",2020
"Early_Capone",46.5591666666667,"a","timeid:var","Acc_Percipitation","31
61",2020
"Early_Esket",46.52,"a","timeid:var","Acc_Percipitation","31
61",2020
"Late_Potenzial",46.2691666666667,"a","timeid:var","Acc_Percipitation","31
61",2020
"Late_Pionier",44.3666666666667,"a","timeid:var","Acc_Percipitation","31
61",2020
"Late_Patras",42.0891666666667,"ab","timeid:var","Acc_Percipitation","31
61",2020
"Early_Potenzial",33.18,"bc","timeid:var","Acc_Percipitation","31
61",2020
"Early_Patras",31.5358333333333,"c","timeid:var","Acc_Percipitation","31
61",2020
"Early_Alves",31.5125,"c","timeid:var","Acc_Percipitation","31
61",2020
"Early_Torrild",31.5066666666667,"c","timeid:var","Acc_Percipitation","31
61",2020
"Pionier",235.055,"a","var","Acc_Percipitation","41",2020
"Apertus",235.05,"ab","var","Acc_Percipitation","41",2020
"Patras",235.045,"bc","var","Acc_Percipitation","41",2020
"Esket",235.04375,"bc","var","Acc_Percipitation","41",2020
"Potenzial",235.04375,"bc","var","Acc_Percipitation","41",2020
"Capone",235.0425,"c","var","Acc_Percipitation","41",2020
"Torrild",235.03875,"cd","var","Acc_Percipitation","41",2020
"Alves",235.03375,"d","var","Acc_Percipitation","41",2020
"Early_Pionier",244.91,"a","timeid:var","Acc_Percipitation","41",2020
"Early_Apertus",244.9,"ab","timeid:var","Acc_Percipitation","41",2020
"Early_Torrild",244.8925,"ab","timeid:var","Acc_Percipitation","41",2020
"Early_Alves",244.89,"b","timeid:var","Acc_Percipitation","41",2020
"Early_Capone",244.89,"b","timeid:var","Acc_Percipitation","41",2020
"Early_Esket",244.89,"b","timeid:var","Acc_Percipitation","41",2020
"Early_Patras",244.89,"b","timeid:var","Acc_Percipitation","41",2020
"Early_Potenzial",244.89,"b","timeid:var","Acc_Percipitation","41",2020
"Late_Apertus",225.2,"c","timeid:var","Acc_Percipitation","41",2020
"Late_Patras",225.2,"c","timeid:var","Acc_Percipitation","41",2020
"Late_Pionier",225.2,"c","timeid:var","Acc_Percipitation","41",2020
"Late_Esket",225.1975,"c","timeid:var","Acc_Percipitation","41",2020
"Late_Potenzial",225.1975,"c","timeid:var","Acc_Percipitation","41",2020
"Late_Capone",225.195,"cd","timeid:var","Acc_Percipitation","41",2020
"Late_Torrild",225.185,"cd","timeid:var","Acc_Percipitation","41",2020
"Late_Alves",225.1775,"d","timeid:var","Acc_Percipitation","41",2020
"Late_Pionier",0.133333333333354,"a","timeid:var","Acc_Percipitation","41
51",2020
"Late_Apertus",0.106666666666683,"ab","timeid:var","Acc_Percipitation","41
51",2020
"Late_Capone",0.0850000000000127,"ab","timeid:var","Acc_Percipitation","41
51",2020
"Late_Esket",0.0558333333333418,"ab","timeid:var","Acc_Percipitation","41
51",2020
"Late_Potenzial",0.0425000000000063,"ab","timeid:var","Acc_Percipitation","41
51",2020
"Late_Alves",0.0358333333333362,"ab","timeid:var","Acc_Percipitation","41
51",2020
"Early_Alves",0.0300000000000011,"ab","timeid:var","Acc_Percipitation","41
51",2020
"Early_Capone",0.0300000000000011,"ab","timeid:var","Acc_Percipitation","41
51",2020
"Early_Esket",0.0300000000000011,"ab","timeid:var","Acc_Percipitation","41
51",2020
"Early_Patras",0.0300000000000011,"ab","timeid:var","Acc_Percipitation","41
51",2020
"Early_Potenzial",0.0300000000000011,"ab","timeid:var","Acc_Percipitation","41
51",2020
"Late_Torrild",0.028333333333336,"ab","timeid:var","Acc_Percipitation","41
51",2020
"Early_Torrild",0.027500000000001,"ab","timeid:var","Acc_Percipitation","41
51",2020
"Early_Apertus",0.0200000000000007,"b","timeid:var","Acc_Percipitation","41
51",2020
"Early_Pionier",0.0100000000000004,"b","timeid:var","Acc_Percipitation","41
51",2020
"Late_Patras",0,"b","timeid:var","Acc_Percipitation","41
51",2020
"Pionier",235.126666666667,"a","var","Acc_Percipitation","51",2020
"Apertus",235.113333333333,"ab","var","Acc_Percipitation","51",2020
"Capone",235.1,"ab","var","Acc_Percipitation","51",2020
"Esket",235.086666666667,"ab","var","Acc_Percipitation","51",2020
"Potenzial",235.08,"ab","var","Acc_Percipitation","51",2020
"Alves",235.066666666667,"ab","var","Acc_Percipitation","51",2020
"Torrild",235.066666666667,"ab","var","Acc_Percipitation","51",2020
"Patras",235.06,"b","var","Acc_Percipitation","51",2020
"Early_Alves",244.92,"a","timeid:var","Acc_Percipitation","51",2020
"Early_Apertus",244.92,"a","timeid:var","Acc_Percipitation","51",2020
"Early_Capone",244.92,"a","timeid:var","Acc_Percipitation","51",2020
"Early_Esket",244.92,"a","timeid:var","Acc_Percipitation","51",2020
"Early_Patras",244.92,"a","timeid:var","Acc_Percipitation","51",2020
"Early_Pionier",244.92,"a","timeid:var","Acc_Percipitation","51",2020
"Early_Potenzial",244.92,"a","timeid:var","Acc_Percipitation","51",2020
"Early_Torrild",244.92,"a","timeid:var","Acc_Percipitation","51",2020
"Late_Pionier",225.333333333333,"b","timeid:var","Acc_Percipitation","51",2020
"Late_Apertus",225.306666666667,"bc","timeid:var","Acc_Percipitation","51",2020
"Late_Capone",225.28,"bc","timeid:var","Acc_Percipitation","51",2020
"Late_Esket",225.253333333333,"bc","timeid:var","Acc_Percipitation","51",2020
"Late_Potenzial",225.24,"bc","timeid:var","Acc_Percipitation","51",2020
"Late_Alves",225.213333333333,"c","timeid:var","Acc_Percipitation","51",2020
"Late_Torrild",225.213333333333,"c","timeid:var","Acc_Percipitation","51",2020
"Late_Patras",225.2,"c","timeid:var","Acc_Percipitation","51",2020
"Pionier",19.6995833333333,"a","var","Acc_Percipitation","51
61",2020
"Capone",19.54375,"a","var","Acc_Percipitation","51
61",2020
"Apertus",19.4854166666667,"a","var","Acc_Percipitation","51
61",2020
"Esket",19.4445833333333,"a","var","Acc_Percipitation","51
61",2020
"Potenzial",12.75875,"b","var","Acc_Percipitation","51
61",2020
"Alves",11.8483333333333,"b","var","Acc_Percipitation","51
61",2020
"Patras",11.04375,"b","var","Acc_Percipitation","51
61",2020
"Torrild",11.0370833333333,"b","var","Acc_Percipitation","51
61",2020
"Late_Capone",20.54,"a","timeid:var","Acc_Percipitation","51
61",2020
"Late_Apertus",20.4233333333333,"a","timeid:var","Acc_Percipitation","51
61",2020
"Early_Pionier",20.395,"a","timeid:var","Acc_Percipitation","51
61",2020
"Late_Esket",20.3866666666667,"a","timeid:var","Acc_Percipitation","51
61",2020
"Late_Potenzial",20.355,"a","timeid:var","Acc_Percipitation","51
61",2020
"Late_Alves",20.2016666666667,"a","timeid:var","Acc_Percipitation","51
61",2020
"Late_Pionier",19.0041666666667,"a","timeid:var","Acc_Percipitation","51
61",2020
"Late_Patras",18.5925,"a","timeid:var","Acc_Percipitation","51
61",2020
"Late_Torrild",18.5791666666667,"a","timeid:var","Acc_Percipitation","51
61",2020
"Early_Apertus",18.5475,"a","timeid:var","Acc_Percipitation","51
61",2020
"Early_Capone",18.5475,"a","timeid:var","Acc_Percipitation","51
61",2020
"Early_Esket",18.5025,"a","timeid:var","Acc_Percipitation","51
61",2020
"Early_Potenzial",5.16250000000002,"b","timeid:var","Acc_Percipitation","51
61",2020
"Early_Alves",3.49500000000002,"b","timeid:var","Acc_Percipitation","51
61",2020
"Early_Patras",3.49500000000002,"b","timeid:var","Acc_Percipitation","51
61",2020
"Early_Torrild",3.49500000000002,"b","timeid:var","Acc_Percipitation","51
61",2020
"Pionier",254.82625,"a","var","Acc_Percipitation","61",2020
"Capone",254.64375,"a","var","Acc_Percipitation","61",2020
"Apertus",254.59875,"a","var","Acc_Percipitation","61",2020
"Esket",254.53125,"a","var","Acc_Percipitation","61",2020
"Potenzial",247.83875,"b","var","Acc_Percipitation","61",2020
"Alves",246.915,"b","var","Acc_Percipitation","61",2020
"Patras",246.10375,"b","var","Acc_Percipitation","61",2020
"Torrild",246.10375,"b","var","Acc_Percipitation","61",2020
"Early_Pionier",265.315,"a","timeid:var","Acc_Percipitation","61",2020
"Early_Apertus",263.4675,"a","timeid:var","Acc_Percipitation","61",2020
"Early_Capone",263.4675,"a","timeid:var","Acc_Percipitation","61",2020
"Early_Esket",263.4225,"a","timeid:var","Acc_Percipitation","61",2020
"Early_Potenzial",250.0825,"b","timeid:var","Acc_Percipitation","61",2020
"Early_Alves",248.415,"b","timeid:var","Acc_Percipitation","61",2020
"Early_Patras",248.415,"b","timeid:var","Acc_Percipitation","61",2020
"Early_Torrild",248.415,"b","timeid:var","Acc_Percipitation","61",2020
"Late_Capone",245.82,"b","timeid:var","Acc_Percipitation","61",2020
"Late_Apertus",245.73,"b","timeid:var","Acc_Percipitation","61",2020
"Late_Esket",245.64,"b","timeid:var","Acc_Percipitation","61",2020
"Late_Potenzial",245.595,"b","timeid:var","Acc_Percipitation","61",2020
"Late_Alves",245.415,"b","timeid:var","Acc_Percipitation","61",2020
"Late_Pionier",244.3375,"b","timeid:var","Acc_Percipitation","61",2020
"Late_Patras",243.7925,"b","timeid:var","Acc_Percipitation","61",2020
"Late_Torrild",243.7925,"b","timeid:var","Acc_Percipitation","61",2020
"Torrild",26.12625,"a","var","Acc_Percipitation","61
71",2020
"Patras",25.7229166666667,"a","var","Acc_Percipitation","61
71",2020
"Alves",25.7183333333333,"a","var","Acc_Percipitation","61
71",2020
"Potenzial",25.0020833333333,"a","var","Acc_Percipitation","61
71",2020
"Esket",18.7129166666667,"b","var","Acc_Percipitation","61
71",2020
"Pionier",18.6254166666667,"b","var","Acc_Percipitation","61
71",2020
"Apertus",17.83875,"b","var","Acc_Percipitation","61
71",2020
"Capone",17.1858333333333,"b","var","Acc_Percipitation","61
71",2020
"Early_Torrild",33.675,"a","timeid:var","Acc_Percipitation","61
71",2020
"Early_Alves",33.2716666666667,"a","timeid:var","Acc_Percipitation","61
71",2020
"Early_Patras",32.465,"a","timeid:var","Acc_Percipitation","61
71",2020
"Early_Potenzial",32.0133333333333,"a","timeid:var","Acc_Percipitation","61
71",2020
"Early_Esket",19.4858333333333,"b","timeid:var","Acc_Percipitation","61
71",2020
"Late_Pionier",19.2658333333333,"b","timeid:var","Acc_Percipitation","61
71",2020
"Early_Apertus",19.0316666666667,"b","timeid:var","Acc_Percipitation","61
71",2020
"Late_Patras",18.9808333333333,"b","timeid:var","Acc_Percipitation","61
71",2020
"Late_Torrild",18.5775,"b","timeid:var","Acc_Percipitation","61
71",2020
"Late_Alves",18.165,"b","timeid:var","Acc_Percipitation","61
71",2020
"Late_Potenzial",17.9908333333333,"b","timeid:var","Acc_Percipitation","61
71",2020
"Early_Pionier",17.985,"b","timeid:var","Acc_Percipitation","61
71",2020
"Late_Esket",17.94,"b","timeid:var","Acc_Percipitation","61
71",2020
"Early_Capone",17.8158333333333,"b","timeid:var","Acc_Percipitation","61
71",2020
"Late_Apertus",16.6458333333333,"b","timeid:var","Acc_Percipitation","61
71",2020
"Late_Capone",16.5558333333333,"b","timeid:var","Acc_Percipitation","61
71",2020
"Patras",64.6225,"a","var","Acc_Percipitation","61
87",2020
"Torrild",64.3370833333333,"a","var","Acc_Percipitation","61
87",2020
"Alves",63.38125,"ab","var","Acc_Percipitation","61
87",2020
"Potenzial",62.8158333333333,"abc","var","Acc_Percipitation","61
87",2020
"Capone",57.4225,"bc","var","Acc_Percipitation","61
87",2020
"Pionier",57.0929166666667,"bc","var","Acc_Percipitation","61
87",2020
"Esket",56.8058333333333,"c","var","Acc_Percipitation","61
87",2020
"Apertus",56.6379166666667,"c","var","Acc_Percipitation","61
87",2020
"Early_Torrild",71.8141666666667,"a","timeid:var","Acc_Percipitation","61
87",2020
"Early_Patras",71.8116666666667,"a","timeid:var","Acc_Percipitation","61
87",2020
"Early_Alves",71.525,"a","timeid:var","Acc_Percipitation","61
87",2020
"Early_Potenzial",70.2875,"a","timeid:var","Acc_Percipitation","61
87",2020
"Early_Capone",58.7025000000001,"b","timeid:var","Acc_Percipitation","61
87",2020
"Late_Pionier",58.4091666666667,"b","timeid:var","Acc_Percipitation","61
87",2020
"Late_Patras",57.4333333333333,"b","timeid:var","Acc_Percipitation","61
87",2020
"Early_Apertus",57.1991666666667,"b","timeid:var","Acc_Percipitation","61
87",2020
"Late_Torrild",56.86,"b","timeid:var","Acc_Percipitation","61
87",2020
"Late_Esket",56.8075,"b","timeid:var","Acc_Percipitation","61
87",2020
"Early_Esket",56.8041666666667,"b","timeid:var","Acc_Percipitation","61
87",2020
"Late_Capone",56.1425,"b","timeid:var","Acc_Percipitation","61
87",2020
"Late_Apertus",56.0766666666667,"b","timeid:var","Acc_Percipitation","61
87",2020
"Early_Pionier",55.7766666666667,"b","timeid:var","Acc_Percipitation","61
87",2020
"Late_Potenzial",55.3441666666667,"b","timeid:var","Acc_Percipitation","61
87",2020
"Late_Alves",55.2375,"b","timeid:var","Acc_Percipitation","61
87",2020
"Capone",312.06625,"a","var","Acc_Percipitation","87",2020
"Pionier",311.919166666667,"ab","var","Acc_Percipitation","87",2020
"Esket",311.337083333333,"ab","var","Acc_Percipitation","87",2020
"Apertus",311.236666666667,"ab","var","Acc_Percipitation","87",2020
"Patras",310.72625,"ab","var","Acc_Percipitation","87",2020
"Potenzial",310.654583333333,"ab","var","Acc_Percipitation","87",2020
"Torrild",310.440833333333,"ab","var","Acc_Percipitation","87",2020
"Alves",310.29625,"b","var","Acc_Percipitation","87",2020
"Potenzial",141.70908,"a","var","Acc_Radiation","09
13",2020
"Torrild",139.01523,"ab","var","Acc_Radiation","09
13",2020
"Patras",136.22577,"abc","var","Acc_Radiation","09
13",2020
"Apertus",134.434695,"abc","var","Acc_Radiation","09
13",2020
"Alves",132.75909,"abc","var","Acc_Radiation","09
13",2020
"Pionier",131.093325,"abc","var","Acc_Radiation","09
13",2020
"Esket",128.16291,"bc","var","Acc_Radiation","09
13",2020
"Capone",125.688015,"c","var","Acc_Radiation","09
13",2020
"176_Combined_Patras",156.23004,"a","nitrogen:appl:var","Acc_Radiation","09
13",2020
"176_Combined_Potenzial",152.33214,"a","nitrogen:appl:var","Acc_Radiation","09
13",2020
"176_Combined_Apertus",147.07818,"a","nitrogen:appl:var","Acc_Radiation","09
13",2020
"220_Split_Potenzial",145.88058,"a","nitrogen:appl:var","Acc_Radiation","09
13",2020
"220_Combined_Potenzial",143.46366,"a","nitrogen:appl:var","Acc_Radiation","09
13",2020
"176_Combined_Pionier",142.73712,"a","nitrogen:appl:var","Acc_Radiation","09
13",2020
"176_Split_Torrild",141.45006,"a","nitrogen:appl:var","Acc_Radiation","09
13",2020
"220_Combined_Torrild",141.45006,"a","nitrogen:appl:var","Acc_Radiation","09
13",2020
"220_Split_Patras",140.51544,"a","nitrogen:appl:var","Acc_Radiation","09
13",2020
"176_Combined_Torrild",139.68222,"a","nitrogen:appl:var","Acc_Radiation","09
13",2020
"220_Combined_Apertus",135.5556,"a","nitrogen:appl:var","Acc_Radiation","09
13",2020
"220_Combined_Alves",134.06388,"a","nitrogen:appl:var","Acc_Radiation","09
13",2020
"220_Combined_Pionier",133.47858,"a","nitrogen:appl:var","Acc_Radiation","09
13",2020
"220_Split_Torrild",133.47858,"a","nitrogen:appl:var","Acc_Radiation","09
13",2020
"176_Combined_Esket",132.73734,"a","nitrogen:appl:var","Acc_Radiation","09
13",2020
"220_Split_Alves",132.53418,"a","nitrogen:appl:var","Acc_Radiation","09
13",2020
"176_Split_Alves",132.48942,"a","nitrogen:appl:var","Acc_Radiation","09
13",2020
"176_Combined_Alves",131.94888,"a","nitrogen:appl:var","Acc_Radiation","09
13",2020
"176_Split_Apertus",129.94506,"a","nitrogen:appl:var","Acc_Radiation","09
13",2020
"176_Combined_Capone",127.4307,"a","nitrogen:appl:var","Acc_Radiation","09
13",2020
"176_Split_Esket",126.91584,"a","nitrogen:appl:var","Acc_Radiation","09
13",2020
"220_Combined_Esket",126.91584,"a","nitrogen:appl:var","Acc_Radiation","09
13",2020
"220_Split_Esket",126.08262,"a","nitrogen:appl:var","Acc_Radiation","09
13",2020
"176_Split_Capone",125.74524,"a","nitrogen:appl:var","Acc_Radiation","09
13",2020
"176_Split_Potenzial",125.15994,"a","nitrogen:appl:var","Acc_Radiation","09
13",2020
"220_Split_Apertus",125.15994,"a","nitrogen:appl:var","Acc_Radiation","09
13",2020
"220_Combined_Capone",124.91202,"a","nitrogen:appl:var","Acc_Radiation","09
13",2020
"220_Split_Capone",124.6641,"a","nitrogen:appl:var","Acc_Radiation","09
13",2020
"176_Split_Patras",124.32672,"a","nitrogen:appl:var","Acc_Radiation","09
13",2020
"176_Split_Pionier",124.0788,"a","nitrogen:appl:var","Acc_Radiation","09
13",2020
"220_Split_Pionier",124.0788,"a","nitrogen:appl:var","Acc_Radiation","09
13",2020
"220_Combined_Patras",123.83088,"a","nitrogen:appl:var","Acc_Radiation","09
13",2020
"220_Late_Potenzial",157.61436,"a","nitrogen:timeid:var","Acc_Radiation","09
13",2020
"176_Late_Patras",144.96444,"ab","nitrogen:timeid:var","Acc_Radiation","09
13",2020
"176_Early_Alves",144.34032,"ab","nitrogen:timeid:var","Acc_Radiation","09
13",2020
"176_Late_Potenzial",141.31446,"abc","nitrogen:timeid:var","Acc_Radiation","09
13",2020
"176_Early_Pionier",140.65104,"abc","nitrogen:timeid:var","Acc_Radiation","09
13",2020
"176_Early_Torrild",140.65104,"abc","nitrogen:timeid:var","Acc_Radiation","09
13",2020
"176_Early_Apertus",140.62536,"abc","nitrogen:timeid:var","Acc_Radiation","09
13",2020
"176_Late_Torrild",140.48124,"abc","nitrogen:timeid:var","Acc_Radiation","09
13",2020
"220_Late_Torrild",140.48124,"abc","nitrogen:timeid:var","Acc_Radiation","09
13",2020
"176_Early_Esket",138.72198,"abcd","nitrogen:timeid:var","Acc_Radiation","09
13",2020
"220_Early_Alves",137.93352,"abcd","nitrogen:timeid:var","Acc_Radiation","09
13",2020
"220_Early_Patras",137.34822,"abcd","nitrogen:timeid:var","Acc_Radiation","09
13",2020
"176_Late_Apertus",136.39788,"abcd","nitrogen:timeid:var","Acc_Radiation","09
13",2020
"176_Early_Potenzial",136.17762,"abcd","nitrogen:timeid:var","Acc_Radiation","09
13",2020
"176_Early_Patras",135.59232,"bcd","nitrogen:timeid:var","Acc_Radiation","09
13",2020
"220_Early_Apertus",135.59232,"bcd","nitrogen:timeid:var","Acc_Radiation","09
13",2020
"220_Early_Torrild",134.4474,"bcd","nitrogen:timeid:var","Acc_Radiation","09
13",2020
"176_Early_Capone",133.07796,"bcd","nitrogen:timeid:var","Acc_Radiation","09
13",2020
"220_Early_Esket",132.90048,"bcd","nitrogen:timeid:var","Acc_Radiation","09
13",2020
"220_Early_Potenzial",131.72988,"bcd","nitrogen:timeid:var","Acc_Radiation","09
13",2020
"220_Early_Capone",131.14458,"bcd","nitrogen:timeid:var","Acc_Radiation","09
13",2020
"220_Early_Pionier",130.55928,"bcd","nitrogen:timeid:var","Acc_Radiation","09
13",2020
"220_Late_Alves",128.66454,"bcd","nitrogen:timeid:var","Acc_Radiation","09
13",2020
"220_Late_Patras",126.9981,"bcd","nitrogen:timeid:var","Acc_Radiation","09
13",2020
"220_Late_Pionier",126.9981,"bcd","nitrogen:timeid:var","Acc_Radiation","09
13",2020
"176_Late_Pionier",126.16488,"bcd","nitrogen:timeid:var","Acc_Radiation","09
13",2020
"220_Late_Apertus",125.12322,"bcd","nitrogen:timeid:var","Acc_Radiation","09
13",2020
"176_Late_Esket",120.9312,"cd","nitrogen:timeid:var","Acc_Radiation","09
13",2020
"176_Late_Alves",120.09798,"cd","nitrogen:timeid:var","Acc_Radiation","09
13",2020
"176_Late_Capone",120.09798,"cd","nitrogen:timeid:var","Acc_Radiation","09
13",2020
"220_Late_Esket",120.09798,"cd","nitrogen:timeid:var","Acc_Radiation","09
13",2020
"220_Late_Capone",118.43154,"d","nitrogen:timeid:var","Acc_Radiation","09
13",2020
"Potenzial",230.403135,"a","var","Acc_Radiation","13",2020
"Torrild",228.063915,"a","var","Acc_Radiation","13",2020
"Patras",225.89937,"ab","var","Acc_Radiation","13",2020
"Apertus",224.276985,"abc","var","Acc_Radiation","13",2020
"Pionier",221.183535,"abc","var","Acc_Radiation","13",2020
"Alves",220.44648,"abc","var","Acc_Radiation","13",2020
"Esket",215.49567,"bc","var","Acc_Radiation","13",2020
"Capone",214.52364,"c","var","Acc_Radiation","13",2020
"176_Combined_Patras",245.84166,"a","nitrogen:appl:var","Acc_Radiation","13",2020
"176_Combined_Potenzial",240.52524,"a","nitrogen:appl:var","Acc_Radiation","13",2020
"176_Combined_Apertus",237.2751,"a","nitrogen:appl:var","Acc_Radiation","13",2020
"220_Split_Potenzial",234.9069,"a","nitrogen:appl:var","Acc_Radiation","13",2020
"176_Combined_Pionier",232.59666,"a","nitrogen:appl:var","Acc_Radiation","13",2020
"220_Combined_Potenzial",231.65676,"a","nitrogen:appl:var","Acc_Radiation","13",2020
"176_Split_Torrild",230.22846,"a","nitrogen:appl:var","Acc_Radiation","13",2020
"220_Combined_Torrild",230.22846,"a","nitrogen:appl:var","Acc_Radiation","13",2020
"176_Combined_Torrild",228.70854,"a","nitrogen:appl:var","Acc_Radiation","13",2020
"220_Split_Patras",228.70854,"a","nitrogen:appl:var","Acc_Radiation","13",2020
"220_Combined_Apertus",225.16722,"a","nitrogen:appl:var","Acc_Radiation","13",2020
"220_Combined_Alves",223.0902,"a","nitrogen:appl:var","Acc_Radiation","13",2020
"220_Combined_Pionier",223.0902,"a","nitrogen:appl:var","Acc_Radiation","13",2020
"220_Split_Torrild",223.0902,"a","nitrogen:appl:var","Acc_Radiation","13",2020
"176_Combined_Alves",220.14198,"a","nitrogen:appl:var","Acc_Radiation","13",2020
"176_Split_Apertus",220.14198,"a","nitrogen:appl:var","Acc_Radiation","13",2020
"220_Split_Alves",220.14198,"a","nitrogen:appl:var","Acc_Radiation","13",2020
"176_Combined_Esket",218.41176,"a","nitrogen:appl:var","Acc_Radiation","13",2020
"176_Split_Alves",218.41176,"a","nitrogen:appl:var","Acc_Radiation","13",2020
"176_Combined_Capone",214.52364,"a","nitrogen:appl:var","Acc_Radiation","13",2020
"176_Split_Capone",214.52364,"a","nitrogen:appl:var","Acc_Radiation","13",2020
"176_Split_Esket",214.52364,"a","nitrogen:appl:var","Acc_Radiation","13",2020
"176_Split_Patras",214.52364,"a","nitrogen:appl:var","Acc_Radiation","13",2020
"176_Split_Pionier",214.52364,"a","nitrogen:appl:var","Acc_Radiation","13",2020
"176_Split_Potenzial",214.52364,"a","nitrogen:appl:var","Acc_Radiation","13",2020
"220_Combined_Capone",214.52364,"a","nitrogen:appl:var","Acc_Radiation","13",2020
"220_Combined_Esket",214.52364,"a","nitrogen:appl:var","Acc_Radiation","13",2020
"220_Combined_Patras",214.52364,"a","nitrogen:appl:var","Acc_Radiation","13",2020
"220_Split_Apertus",214.52364,"a","nitrogen:appl:var","Acc_Radiation","13",2020
"220_Split_Capone",214.52364,"a","nitrogen:appl:var","Acc_Radiation","13",2020
"220_Split_Esket",214.52364,"a","nitrogen:appl:var","Acc_Radiation","13",2020
"220_Split_Pionier",214.52364,"a","nitrogen:appl:var","Acc_Radiation","13",2020
"176_Early_Apertus",243.10296,"a","nitrogen:timeid:var","Acc_Radiation","13",2020
"176_Early_Alves",241.37274,"a","nitrogen:timeid:var","Acc_Radiation","13",2020
"176_Early_Pionier",241.37274,"a","nitrogen:timeid:var","Acc_Radiation","13",2020
"176_Early_Torrild",241.37274,"a","nitrogen:timeid:var","Acc_Radiation","13",2020
"176_Early_Patras",237.48462,"ab","nitrogen:timeid:var","Acc_Radiation","13",2020
"176_Early_Potenzial",237.48462,"ab","nitrogen:timeid:var","Acc_Radiation","13",2020
"220_Early_Alves",237.48462,"ab","nitrogen:timeid:var","Acc_Radiation","13",2020
"220_Early_Apertus",237.48462,"ab","nitrogen:timeid:var","Acc_Radiation","13",2020
"220_Early_Patras",237.48462,"ab","nitrogen:timeid:var","Acc_Radiation","13",2020
"176_Early_Esket",235.7544,"ab","nitrogen:timeid:var","Acc_Radiation","13",2020
"220_Early_Torrild",235.7544,"ab","nitrogen:timeid:var","Acc_Radiation","13",2020
"220_Late_Potenzial",234.69738,"abc","nitrogen:timeid:var","Acc_Radiation","13",2020
"176_Early_Capone",231.86628,"abc","nitrogen:timeid:var","Acc_Radiation","13",2020
"220_Early_Capone",231.86628,"abc","nitrogen:timeid:var","Acc_Radiation","13",2020
"220_Early_Esket",231.86628,"abc","nitrogen:timeid:var","Acc_Radiation","13",2020
"220_Early_Pionier",231.86628,"abc","nitrogen:timeid:var","Acc_Radiation","13",2020
"220_Early_Potenzial",231.86628,"abc","nitrogen:timeid:var","Acc_Radiation","13",2020
"176_Late_Patras",222.88068,"abcd","nitrogen:timeid:var","Acc_Radiation","13",2020
"176_Late_Potenzial",217.56426,"bcde","nitrogen:timeid:var","Acc_Radiation","13",2020
"176_Late_Torrild",217.56426,"bcde","nitrogen:timeid:var","Acc_Radiation","13",2020
"220_Late_Torrild",217.56426,"bcde","nitrogen:timeid:var","Acc_Radiation","13",2020
"176_Late_Apertus",214.31412,"cde","nitrogen:timeid:var","Acc_Radiation","13",2020
"176_Late_Pionier",205.74756,"de","nitrogen:timeid:var","Acc_Radiation","13",2020
"220_Late_Alves",205.74756,"de","nitrogen:timeid:var","Acc_Radiation","13",2020
"220_Late_Patras",205.74756,"de","nitrogen:timeid:var","Acc_Radiation","13",2020
"220_Late_Pionier",205.74756,"de","nitrogen:timeid:var","Acc_Radiation","13",2020
"220_Late_Apertus",202.20624,"de","nitrogen:timeid:var","Acc_Radiation","13",2020
"176_Late_Alves",197.181,"e","nitrogen:timeid:var","Acc_Radiation","13",2020
"176_Late_Capone",197.181,"e","nitrogen:timeid:var","Acc_Radiation","13",2020
"176_Late_Esket",197.181,"e","nitrogen:timeid:var","Acc_Radiation","13",2020
"220_Late_Capone",197.181,"e","nitrogen:timeid:var","Acc_Radiation","13",2020
"220_Late_Esket",197.181,"e","nitrogen:timeid:var","Acc_Radiation","13",2020
"Pionier",632.31408,"a","var","Acc_Radiation","23
31",2020
"Apertus",605.91492,"ab","var","Acc_Radiation","23
31",2020
"Patras",587.97702,"ab","var","Acc_Radiation","23
31",2020
"Potenzial",572.78841,"ab","var","Acc_Radiation","23
31",2020
"Capone",562.85781,"ab","var","Acc_Radiation","23
31",2020
"Esket",562.32042,"ab","var","Acc_Radiation","23
31",2020
"Torrild",543.71754,"b","var","Acc_Radiation","23
31",2020
"Alves",533.31855,"b","var","Acc_Radiation","23
31",2020
"Combined_Pionier",674.78313,"a","appl:var","Acc_Radiation","23
31",2020
"Combined_Apertus",640.77621,"ab","appl:var","Acc_Radiation","23
31",2020
"Combined_Patras",624.47115,"abc","appl:var","Acc_Radiation","23
31",2020
"Combined_Potenzial",614.72097,"abc","appl:var","Acc_Radiation","23
31",2020
"Split_Pionier",589.84503,"abc","appl:var","Acc_Radiation","23
31",2020
"Combined_Capone",588.62802,"abc","appl:var","Acc_Radiation","23
31",2020
"Combined_Esket",573.52752,"abc","appl:var","Acc_Radiation","23
31",2020
"Split_Apertus",571.05363,"abc","appl:var","Acc_Radiation","23
31",2020
"Split_Torrild",559.17816,"abc","appl:var","Acc_Radiation","23
31",2020
"Split_Alves",556.9488,"abc","appl:var","Acc_Radiation","23
31",2020
"Split_Patras",551.48289,"bc","appl:var","Acc_Radiation","23
31",2020
"Split_Esket",551.11332,"bc","appl:var","Acc_Radiation","23
31",2020
"Split_Capone",537.0876,"bc","appl:var","Acc_Radiation","23
31",2020
"Split_Potenzial",530.85585,"bc","appl:var","Acc_Radiation","23
31",2020
"Combined_Torrild",528.25692,"bc","appl:var","Acc_Radiation","23
31",2020
"Combined_Alves",509.6883,"c","appl:var","Acc_Radiation","23
31",2020
"Early_Pionier",642.85743,"a","timeid:var","Acc_Radiation","23
31",2020
"Early_Capone",639.99045,"a","timeid:var","Acc_Radiation","23
31",2020
"Early_Torrild",632.19366,"a","timeid:var","Acc_Radiation","23
31",2020
"Early_Potenzial",623.67978,"ab","timeid:var","Acc_Radiation","23
31",2020
"Late_Pionier",621.77073,"ab","timeid:var","Acc_Radiation","23
31",2020
"Early_Esket",621.08085,"ab","timeid:var","Acc_Radiation","23
31",2020
"Early_Alves",619.90272,"ab","timeid:var","Acc_Radiation","23
31",2020
"Early_Apertus",617.76483,"ab","timeid:var","Acc_Radiation","23
31",2020
"Early_Patras",614.43681,"ab","timeid:var","Acc_Radiation","23
31",2020
"Late_Apertus",594.06501,"abc","timeid:var","Acc_Radiation","23
31",2020
"Late_Patras",561.51723,"abcd","timeid:var","Acc_Radiation","23
31",2020
"Late_Potenzial",521.89704,"abcd","timeid:var","Acc_Radiation","23
31",2020
"Late_Esket",503.55999,"bcd","timeid:var","Acc_Radiation","23
31",2020
"Late_Capone",485.72517,"cd","timeid:var","Acc_Radiation","23
31",2020
"Late_Torrild",455.24142,"d","timeid:var","Acc_Radiation","23
31",2020
"Late_Alves",446.73438,"d","timeid:var","Acc_Radiation","23
31",2020
"Pionier",1065.957675,"a","var","Acc_Radiation","31",2020
"Apertus",1030.887825,"ab","var","Acc_Radiation","31",2020
"Patras",1028.081475,"abc","var","Acc_Radiation","31",2020
"Potenzial",1018.175595,"abcd","var","Acc_Radiation","31",2020
"Capone",1016.55732,"abcd","var","Acc_Radiation","31",2020
"Esket",985.51989,"bcd","var","Acc_Radiation","31",2020
"Torrild",972.788805,"cd","var","Acc_Radiation","31",2020
"Alves",968.850675,"d","var","Acc_Radiation","31",2020
"Combined_Pionier",1109.72619,"a","appl:var","Acc_Radiation","31",2020
"Combined_Apertus",1087.46286,"ab","appl:var","Acc_Radiation","31",2020
"Combined_Patras",1086.67845,"ab","appl:var","Acc_Radiation","31",2020
"Combined_Potenzial",1073.15121,"ab","appl:var","Acc_Radiation","31",2020
"Combined_Capone",1058.80185,"ab","appl:var","Acc_Radiation","31",2020
"Split_Pionier",1022.18916,"ab","appl:var","Acc_Radiation","31",2020
"Combined_Esket",996.72699,"ab","appl:var","Acc_Radiation","31",2020
"Split_Torrild",982.37763,"ab","appl:var","Acc_Radiation","31",2020
"Split_Alves",977.54934,"ab","appl:var","Acc_Radiation","31",2020
"Split_Apertus",974.31279,"ab","appl:var","Acc_Radiation","31",2020
"Split_Capone",974.31279,"ab","appl:var","Acc_Radiation","31",2020
"Split_Esket",974.31279,"ab","appl:var","Acc_Radiation","31",2020
"Split_Patras",969.4845,"ab","appl:var","Acc_Radiation","31",2020
"Combined_Torrild",963.19998,"b","appl:var","Acc_Radiation","31",2020
"Split_Potenzial",963.19998,"b","appl:var","Acc_Radiation","31",2020
"Combined_Alves",960.15201,"b","appl:var","Acc_Radiation","31",2020
"Late_Pionier",1109.41173,"a","timeid:var","Acc_Radiation","31",2020
"Late_Apertus",1069.56249,"ab","timeid:var","Acc_Radiation","31",2020
"Late_Patras",1060.90182,"ab","timeid:var","Acc_Radiation","31",2020
"Late_Potenzial",1033.02522,"abc","timeid:var","Acc_Radiation","31",2020
"Early_Pionier",1022.50362,"abc","timeid:var","Acc_Radiation","31",2020
"Late_Capone",1018.67586,"abc","timeid:var","Acc_Radiation","31",2020
"Early_Capone",1014.43878,"abc","timeid:var","Acc_Radiation","31",2020
"Early_Torrild",1014.43878,"abc","timeid:var","Acc_Radiation","31",2020
"Early_Alves",1003.32597,"abc","timeid:var","Acc_Radiation","31",2020
"Early_Esket",1003.32597,"abc","timeid:var","Acc_Radiation","31",2020
"Early_Potenzial",1003.32597,"abc","timeid:var","Acc_Radiation","31",2020
"Early_Patras",995.26113,"bc","timeid:var","Acc_Radiation","31",2020
"Early_Apertus",992.21316,"bc","timeid:var","Acc_Radiation","31",2020
"Late_Esket",967.71381,"bc","timeid:var","Acc_Radiation","31",2020
"Late_Alves",934.37538,"c","timeid:var","Acc_Radiation","31",2020
"Late_Torrild",931.13883,"c","timeid:var","Acc_Radiation","31",2020
"Early_Apertus",835.06152,"a","timeid:var","Acc_Radiation","31
41",2020
"Early_Pionier",830.22846,"a","timeid:var","Acc_Radiation","31
41",2020
"Early_Patras",806.55615,"ab","timeid:var","Acc_Radiation","31
41",2020
"Late_Torrild",806.38695,"ab","timeid:var","Acc_Radiation","31
41",2020
"Late_Esket",801.63372,"ab","timeid:var","Acc_Radiation","31
41",2020
"Early_Alves",798.49131,"ab","timeid:var","Acc_Radiation","31
41",2020
"Early_Esket",798.49131,"ab","timeid:var","Acc_Radiation","31
41",2020
"Early_Potenzial",798.49131,"ab","timeid:var","Acc_Radiation","31
41",2020
"Early_Torrild",793.74285,"ab","timeid:var","Acc_Radiation","31
41",2020
"Early_Capone",787.3785,"ab","timeid:var","Acc_Radiation","31
41",2020
"Late_Alves",784.05735,"ab","timeid:var","Acc_Radiation","31
41",2020
"Late_Capone",744.30732,"ab","timeid:var","Acc_Radiation","31
41",2020
"Late_Potenzial",743.66559,"ab","timeid:var","Acc_Radiation","31
41",2020
"Late_Patras",714.81006,"ab","timeid:var","Acc_Radiation","31
41",2020
"Late_Apertus",706.14939,"ab","timeid:var","Acc_Radiation","31
41",2020
"Late_Pionier",683.43447,"b","timeid:var","Acc_Radiation","31
41",2020
"Esket",1093.4478,"a","var","Acc_Radiation","31
61",2020
"Capone",1070.91342,"ab","var","Acc_Radiation","31
61",2020
"Alves",1067.210835,"ab","var","Acc_Radiation","31
61",2020
"Torrild",1061.150745,"ab","var","Acc_Radiation","31
61",2020
"Apertus",1053.181695,"ab","var","Acc_Radiation","31
61",2020
"Pionier",1042.64856,"bc","var","Acc_Radiation","31
61",2020
"Potenzial",1028.510925,"bc","var","Acc_Radiation","31
61",2020
"Patras",1005.858075,"c","var","Acc_Radiation","31
61",2020
"Early_Apertus",1127.36832,"a","timeid:var","Acc_Radiation","31
61",2020
"Early_Pionier",1118.32788,"a","timeid:var","Acc_Radiation","31
61",2020
"Early_Esket",1112.85429,"a","timeid:var","Acc_Radiation","31
61",2020
"Early_Capone",1105.1427,"ab","timeid:var","Acc_Radiation","31
61",2020
"Late_Alves",1090.37364,"ab","timeid:var","Acc_Radiation","31
61",2020
"Late_Torrild",1089.36627,"ab","timeid:var","Acc_Radiation","31
61",2020
"Late_Esket",1074.04131,"abc","timeid:var","Acc_Radiation","31
61",2020
"Early_Patras",1052.11287,"abcd","timeid:var","Acc_Radiation","31
61",2020
"Early_Potenzial",1051.69317,"abcd","timeid:var","Acc_Radiation","31
61",2020
"Early_Alves",1044.04803,"abcd","timeid:var","Acc_Radiation","31
61",2020
"Late_Capone",1036.68414,"abcd","timeid:var","Acc_Radiation","31
61",2020
"Early_Torrild",1032.93522,"abcd","timeid:var","Acc_Radiation","31
61",2020
"Late_Potenzial",1005.32868,"bcd","timeid:var","Acc_Radiation","31
61",2020
"Late_Apertus",978.99507,"cd","timeid:var","Acc_Radiation","31
61",2020
"Late_Pionier",966.96924,"d","timeid:var","Acc_Radiation","31
61",2020
"Late_Patras",959.60328,"d","timeid:var","Acc_Radiation","31
61",2020
"Pionier",1822.78914,"a","var","Acc_Radiation","41",2020
"Apertus",1801.49328,"ab","var","Acc_Radiation","41",2020
"Potenzial",1789.254045,"bc","var","Acc_Radiation","41",2020
"Patras",1788.76458,"bc","var","Acc_Radiation","41",2020
"Esket",1785.582405,"bc","var","Acc_Radiation","41",2020
"Capone",1782.40023,"bc","var","Acc_Radiation","41",2020
"Torrild",1772.853705,"cd","var","Acc_Radiation","41",2020
"Alves",1760.125005,"d","var","Acc_Radiation","41",2020
"Early_Pionier",1852.73208,"a","timeid:var","Acc_Radiation","41",2020
"Early_Apertus",1827.27468,"ab","timeid:var","Acc_Radiation","41",2020
"Early_Torrild",1808.18163,"abc","timeid:var","Acc_Radiation","41",2020
"Early_Alves",1801.81728,"bc","timeid:var","Acc_Radiation","41",2020
"Early_Capone",1801.81728,"bc","timeid:var","Acc_Radiation","41",2020
"Early_Esket",1801.81728,"bc","timeid:var","Acc_Radiation","41",2020
"Early_Patras",1801.81728,"bc","timeid:var","Acc_Radiation","41",2020
"Early_Potenzial",1801.81728,"bc","timeid:var","Acc_Radiation","41",2020
"Late_Pionier",1792.8462,"bc","timeid:var","Acc_Radiation","41",2020
"Late_Potenzial",1776.69081,"cd","timeid:var","Acc_Radiation","41",2020
"Late_Apertus",1775.71188,"cd","timeid:var","Acc_Radiation","41",2020
"Late_Patras",1775.71188,"cd","timeid:var","Acc_Radiation","41",2020
"Late_Esket",1769.34753,"cd","timeid:var","Acc_Radiation","41",2020
"Late_Capone",1762.98318,"cde","timeid:var","Acc_Radiation","41",2020
"Late_Torrild",1737.52578,"de","timeid:var","Acc_Radiation","41",2020
"Late_Alves",1718.43273,"e","timeid:var","Acc_Radiation","41",2020
"Combined_Early_Pionier",1878.18948,"a","appl:timeid:var","Acc_Radiation","41",2020
"Combined_Early_Apertus",1852.73208,"ab","appl:timeid:var","Acc_Radiation","41",2020
"Split_Early_Pionier",1827.27468,"abc","appl:timeid:var","Acc_Radiation","41",2020
"Split_Early_Torrild",1814.54598,"bcd","appl:timeid:var","Acc_Radiation","41",2020
"Combined_Early_Alves",1801.81728,"bcde","appl:timeid:var","Acc_Radiation","41",2020
"Combined_Early_Capone",1801.81728,"bcde","appl:timeid:var","Acc_Radiation","41",2020
"Combined_Early_Esket",1801.81728,"bcde","appl:timeid:var","Acc_Radiation","41",2020
"Combined_Early_Patras",1801.81728,"bcde","appl:timeid:var","Acc_Radiation","41",2020
"Combined_Early_Potenzial",1801.81728,"bcde","appl:timeid:var","Acc_Radiation","41",2020
"Combined_Early_Torrild",1801.81728,"bcde","appl:timeid:var","Acc_Radiation","41",2020
"Split_Early_Alves",1801.81728,"bcde","appl:timeid:var","Acc_Radiation","41",2020
"Split_Early_Apertus",1801.81728,"bcde","appl:timeid:var","Acc_Radiation","41",2020
"Split_Early_Capone",1801.81728,"bcde","appl:timeid:var","Acc_Radiation","41",2020
"Split_Early_Esket",1801.81728,"bcde","appl:timeid:var","Acc_Radiation","41",2020
"Split_Early_Patras",1801.81728,"bcde","appl:timeid:var","Acc_Radiation","41",2020
"Split_Early_Potenzial",1801.81728,"bcde","appl:timeid:var","Acc_Radiation","41",2020
"Combined_Late_Pionier",1800.18948,"bcde","appl:timeid:var","Acc_Radiation","41",2020
"Combined_Late_Potenzial",1790.39844,"cde","appl:timeid:var","Acc_Radiation","41",2020
"Split_Late_Pionier",1785.50292,"cde","appl:timeid:var","Acc_Radiation","41",2020
"Combined_Late_Apertus",1775.71188,"cdef","appl:timeid:var","Acc_Radiation","41",2020
"Combined_Late_Patras",1775.71188,"cdef","appl:timeid:var","Acc_Radiation","41",2020
"Split_Late_Apertus",1775.71188,"cdef","appl:timeid:var","Acc_Radiation","41",2020
"Split_Late_Esket",1775.71188,"cdef","appl:timeid:var","Acc_Radiation","41",2020
"Split_Late_Patras",1775.71188,"cdef","appl:timeid:var","Acc_Radiation","41",2020
"Combined_Late_Capone",1762.98318,"defg","appl:timeid:var","Acc_Radiation","41",2020
"Combined_Late_Esket",1762.98318,"defg","appl:timeid:var","Acc_Radiation","41",2020
"Split_Late_Capone",1762.98318,"defg","appl:timeid:var","Acc_Radiation","41",2020
"Split_Late_Potenzial",1762.98318,"defg","appl:timeid:var","Acc_Radiation","41",2020
"Combined_Late_Torrild",1750.25448,"efg","appl:timeid:var","Acc_Radiation","41",2020
"Combined_Late_Alves",1724.79708,"fg","appl:timeid:var","Acc_Radiation","41",2020
"Split_Late_Torrild",1724.79708,"fg","appl:timeid:var","Acc_Radiation","41",2020
"Split_Late_Alves",1712.06838,"g","appl:timeid:var","Acc_Radiation","41",2020
"Apertus",111.36264,"a","var","Acc_Radiation","41
51",2020
"Capone",109.549005,"ab","var","Acc_Radiation","41
51",2020
"Pionier",104.19981,"ab","var","Acc_Radiation","41
51",2020
"Esket",103.41798,"ab","var","Acc_Radiation","41
51",2020
"Alves",90.456885,"ab","var","Acc_Radiation","41
51",2020
"Torrild",86.464605,"ab","var","Acc_Radiation","41
51",2020
"Potenzial",84.197295,"ab","var","Acc_Radiation","41
51",2020
"Patras",77.8580399999999,"b","var","Acc_Radiation","41
51",2020
"Pionier",1926.98895,"a","var","Acc_Radiation","51",2020
"Apertus",1912.85592,"ab","var","Acc_Radiation","51",2020
"Capone",1891.949235,"bc","var","Acc_Radiation","51",2020
"Esket",1889.000385,"bc","var","Acc_Radiation","51",2020
"Potenzial",1873.45134,"cd","var","Acc_Radiation","51",2020
"Patras",1866.62262,"cd","var","Acc_Radiation","51",2020
"Torrild",1859.31831,"cd","var","Acc_Radiation","51",2020
"Alves",1850.58189,"d","var","Acc_Radiation","51",2020
"Pionier",2108.606235,"a","var","Acc_Radiation","61",2020
"Capone",2087.47074,"a","var","Acc_Radiation","61",2020
"Apertus",2084.06952,"a","var","Acc_Radiation","61",2020
"Esket",2078.96769,"ab","var","Acc_Radiation","61",2020
"Potenzial",2046.68652,"bc","var","Acc_Radiation","61",2020
"Alves",2036.06151,"c","var","Acc_Radiation","61",2020
"Patras",2033.93955,"c","var","Acc_Radiation","61",2020
"Torrild",2033.93955,"c","var","Acc_Radiation","61",2020
"Potenzial",227.704275,"a","var","Acc_Radiation","61
71",2020
"Alves",224.17779,"a","var","Acc_Radiation","61
71",2020
"Torrild",221.68986,"a","var","Acc_Radiation","61
71",2020
"Patras",217.07997,"a","var","Acc_Radiation","61
71",2020
"Esket",200.032995,"ab","var","Acc_Radiation","61
71",2020
"Apertus",185.711385,"ab","var","Acc_Radiation","61
71",2020
"Pionier",184.545945,"ab","var","Acc_Radiation","61
71",2020
"Capone",169.472055,"b","var","Acc_Radiation","61
71",2020
"Pionier",2579.288715,"a","var","Acc_Radiation","77",2020
"Capone",2578.847505,"ab","var","Acc_Radiation","77",2020
"Potenzial",2572.426005,"abc","var","Acc_Radiation","77",2020
"Esket",2565.122085,"abc","var","Acc_Radiation","77",2020
"Torrild",2558.95176,"abc","var","Acc_Radiation","77",2020
"Alves",2557.12578,"abc","var","Acc_Radiation","77",2020
"Patras",2548.68285,"bc","var","Acc_Radiation","77",2020
"Apertus",2547.99588,"c","var","Acc_Radiation","77",2020
"Capone",315.459495,"a","var","Acc_Radiation","77
87",2020
"Apertus",310.86864,"a","var","Acc_Radiation","77
87",2020
"Pionier",300.059715,"ab","var","Acc_Radiation","77
87",2020
"Esket",264.193665,"ab","var","Acc_Radiation","77
87",2020
"Patras",262.482255,"ab","var","Acc_Radiation","77
87",2020
"Torrild",243.370245,"ab","var","Acc_Radiation","77
87",2020
"Potenzial",239.346555,"ab","var","Acc_Radiation","77
87",2020
"Alves",226.806495,"b","var","Acc_Radiation","77
87",2020
"220_Combined_Late_Apertus",377.1696,"a","nitrogen:appl:timeid:var","Acc_Radiation","77
87",2020
"220_Split_Late_Capone",371.63052,"ab","nitrogen:appl:timeid:var","Acc_Radiation","77
87",2020
"176_Split_Late_Pionier",364.434,"abc","nitrogen:appl:timeid:var","Acc_Radiation","77
87",2020
"220_Split_Early_Apertus",348.51084,"abcd","nitrogen:appl:timeid:var","Acc_Radiation","77
87",2020
"220_Combined_Late_Capone",342.41484,"abcde","nitrogen:appl:timeid:var","Acc_Radiation","77
87",2020
"176_Split_Late_Esket",336.98856,"abcdef","nitrogen:appl:timeid:var","Acc_Radiation","77
87",2020
"220_Split_Late_Patras",336.88656,"abcdef","nitrogen:appl:timeid:var","Acc_Radiation","77
87",2020
"176_Split_Late_Capone",335.11632,"abcdef","nitrogen:appl:timeid:var","Acc_Radiation","77
87",2020
"220_Split_Late_Pionier",335.11632,"abcdef","nitrogen:appl:timeid:var","Acc_Radiation","77
87",2020
"220_Combined_Early_Apertus",331.05804,"abcdef","nitrogen:appl:timeid:var","Acc_Radiation","77
87",2020
"220_Combined_Early_Capone",329.67924,"abcdef","nitrogen:appl:timeid:var","Acc_Radiation","77
87",2020
"176_Combined_Late_Apertus",324.04896,"abcdefg","nitrogen:appl:timeid:var","Acc_Radiation","77
87",2020
"220_Combined_Late_Pionier",314.9694,"abcdefgh","nitrogen:appl:timeid:var","Acc_Radiation","77
87",2020
"176_Split_Early_Capone",309.44112,"abcdefgh","nitrogen:appl:timeid:var","Acc_Radiation","77
87",2020
"220_Split_Early_Pionier",307.67088,"abcdefgh","nitrogen:appl:timeid:var","Acc_Radiation","77
87",2020
"220_Split_Late_Esket",307.67088,"abcdefgh","nitrogen:appl:timeid:var","Acc_Radiation","77
87",2020
"176_Split_Late_Apertus",306.45756,"abcdefgh","nitrogen:appl:timeid:var","Acc_Radiation","77
87",2020
"220_Combined_Late_Potenzial",303.6126,"abcdefgh","nitrogen:appl:timeid:var","Acc_Radiation","77
87",2020
"220_Split_Late_Torrild",303.6126,"abcdefgh","nitrogen:appl:timeid:var","Acc_Radiation","77
87",2020
"220_Combined_Early_Pionier",302.1318,"abcdefgh","nitrogen:appl:timeid:var","Acc_Radiation","77
87",2020
"220_Split_Late_Apertus",294.83328,"abcdefgh","nitrogen:appl:timeid:var","Acc_Radiation","77
87",2020
"176_Split_Late_Alves",291.84972,"abcdefgh","nitrogen:appl:timeid:var","Acc_Radiation","77
87",2020
"176_Combined_Late_Patras",290.775,"abcdefgh","nitrogen:appl:timeid:var","Acc_Radiation","77
87",2020
"176_Combined_Late_Capone",287.52396,"abcdefgh","nitrogen:appl:timeid:var","Acc_Radiation","77
87",2020
"176_Combined_Late_Pionier",287.52396,"abcdefgh","nitrogen:appl:timeid:var","Acc_Radiation","77
87",2020
"220_Split_Early_Capone",287.52396,"abcdefgh","nitrogen:appl:timeid:var","Acc_Radiation","77
87",2020
"220_Combined_Late_Patras",276.16716,"abcdefgh","nitrogen:appl:timeid:var","Acc_Radiation","77
87",2020
"220_Combined_Early_Torrild",276.02856,"abcdefgh","nitrogen:appl:timeid:var","Acc_Radiation","77
87",2020
"176_Combined_Late_Esket",264.40428,"abcdefgh","nitrogen:appl:timeid:var","Acc_Radiation","77
87",2020
"176_Split_Early_Apertus",263.19096,"abcdefgh","nitrogen:appl:timeid:var","Acc_Radiation","77
87",2020
"176_Combined_Late_Potenzial",261.55932,"abcdefgh","nitrogen:appl:timeid:var","Acc_Radiation","77
87",2020
"176_Combined_Early_Capone",260.346,"abcdefgh","nitrogen:appl:timeid:var","Acc_Radiation","77
87",2020
"220_Combined_Early_Esket",260.346,"abcdefgh","nitrogen:appl:timeid:var","Acc_Radiation","77
87",2020
"220_Combined_Early_Patras",260.346,"abcdefgh","nitrogen:appl:timeid:var","Acc_Radiation","77
87",2020
"220_Split_Early_Torrild",260.346,"abcdefgh","nitrogen:appl:timeid:var","Acc_Radiation","77
87",2020
"176_Split_Early_Esket",253.44276,"abcdefgh","nitrogen:appl:timeid:var","Acc_Radiation","77
87",2020
"220_Split_Early_Patras",248.58312,"abcdefgh","nitrogen:appl:timeid:var","Acc_Radiation","77
87",2020
"176_Split_Early_Pionier",245.73816,"abcdefgh","nitrogen:appl:timeid:var","Acc_Radiation","77
87",2020
"220_Combined_Late_Alves",245.73816,"abcdefgh","nitrogen:appl:timeid:var","Acc_Radiation","77
87",2020
"220_Combined_Late_Torrild",245.73816,"abcdefgh","nitrogen:appl:timeid:var","Acc_Radiation","77
87",2020
"176_Combined_Early_Pionier",242.8932,"abcdefgh","nitrogen:appl:timeid:var","Acc_Radiation","77
87",2020
"220_Split_Early_Potenzial",242.8932,"abcdefgh","nitrogen:appl:timeid:var","Acc_Radiation","77
87",2020
"176_Split_Early_Patras",241.87404,"bcdefgh","nitrogen:appl:timeid:var","Acc_Radiation","77
87",2020
"176_Combined_Early_Apertus",241.67988,"bcdefgh","nitrogen:appl:timeid:var","Acc_Radiation","77
87",2020
"220_Combined_Late_Esket",241.4124,"bcdefgh","nitrogen:appl:timeid:var","Acc_Radiation","77
87",2020
"176_Split_Early_Potenzial",233.97528,"cdefgh","nitrogen:appl:timeid:var","Acc_Radiation","77
87",2020
"220_Split_Early_Esket",233.97528,"cdefgh","nitrogen:appl:timeid:var","Acc_Radiation","77
87",2020
"176_Split_Late_Potenzial",231.13032,"cdefgh","nitrogen:appl:timeid:var","Acc_Radiation","77
87",2020
"176_Combined_Early_Potenzial",229.917,"cdefgh","nitrogen:appl:timeid:var","Acc_Radiation","77
87",2020
"176_Combined_Early_Torrild",229.917,"cdefgh","nitrogen:appl:timeid:var","Acc_Radiation","77
87",2020
"176_Combined_Late_Alves",229.917,"cdefgh","nitrogen:appl:timeid:var","Acc_Radiation","77
87",2020
"176_Split_Late_Patras",227.07204,"defgh","nitrogen:appl:timeid:var","Acc_Radiation","77
87",2020
"220_Combined_Early_Potenzial",219.36744,"defgh","nitrogen:appl:timeid:var","Acc_Radiation","77
87",2020
"176_Combined_Early_Patras",218.15412,"defgh","nitrogen:appl:timeid:var","Acc_Radiation","77
87",2020
"176_Split_Early_Alves",218.15412,"defgh","nitrogen:appl:timeid:var","Acc_Radiation","77
87",2020
"220_Combined_Early_Alves",218.15412,"defgh","nitrogen:appl:timeid:var","Acc_Radiation","77
87",2020
"220_Split_Early_Alves",218.15412,"defgh","nitrogen:appl:timeid:var","Acc_Radiation","77
87",2020
"176_Combined_Early_Esket",215.30916,"defgh","nitrogen:appl:timeid:var","Acc_Radiation","77
87",2020
"176_Combined_Late_Torrild",215.30916,"defgh","nitrogen:appl:timeid:var","Acc_Radiation","77
87",2020
"176_Split_Late_Torrild",212.4642,"efgh","nitrogen:appl:timeid:var","Acc_Radiation","77
87",2020
"176_Combined_Early_Alves",203.54628,"fgh","nitrogen:appl:timeid:var","Acc_Radiation","77
87",2020
"176_Split_Early_Torrild",203.54628,"fgh","nitrogen:appl:timeid:var","Acc_Radiation","77
87",2020
"220_Split_Late_Potenzial",192.31728,"gh","nitrogen:appl:timeid:var","Acc_Radiation","77
87",2020
"220_Split_Late_Alves",188.93844,"h","nitrogen:appl:timeid:var","Acc_Radiation","77
87",2020
"Capone",2894.307,"a","var","Acc_Radiation","87",2020
"Pionier",2879.34843,"ab","var","Acc_Radiation","87",2020
"Apertus",2858.86452,"abc","var","Acc_Radiation","87",2020
"Esket",2829.31575,"abcd","var","Acc_Radiation","87",2020
"Potenzial",2811.77256,"bcd","var","Acc_Radiation","87",2020
"Patras",2811.165105,"cd","var","Acc_Radiation","87",2020
"Torrild",2802.322005,"cd","var","Acc_Radiation","87",2020
"Alves",2783.932275,"d","var","Acc_Radiation","87",2020
"220_Capone",2922.8667,"a","nitrogen:var","Acc_Radiation","87",2020
"220_Pionier",2898.60516,"ab","nitrogen:var","Acc_Radiation","87",2020
"220_Apertus",2893.19274,"abc","nitrogen:var","Acc_Radiation","87",2020
"176_Capone",2865.7473,"abcd","nitrogen:var","Acc_Radiation","87",2020
"176_Pionier",2860.0917,"abcd","nitrogen:var","Acc_Radiation","87",2020
"220_Esket",2832.14355,"bcde","nitrogen:var","Acc_Radiation","87",2020
"220_Patras",2832.14355,"bcde","nitrogen:var","Acc_Radiation","87",2020
"220_Torrild",2826.73113,"cde","nitrogen:var","Acc_Radiation","87",2020
"176_Esket",2826.48795,"cde","nitrogen:var","Acc_Radiation","87",2020
"176_Apertus",2824.5363,"de","nitrogen:var","Acc_Radiation","87",2020
"220_Potenzial",2818.14396,"de","nitrogen:var","Acc_Radiation","87",2020
"176_Potenzial",2805.40116,"de","nitrogen:var","Acc_Radiation","87",2020
"176_Alves",2791.16658,"e","nitrogen:var","Acc_Radiation","87",2020
"176_Patras",2790.18666,"e","nitrogen:var","Acc_Radiation","87",2020
"176_Torrild",2777.91288,"e","nitrogen:var","Acc_Radiation","87",2020
"220_Alves",2776.69797,"e","nitrogen:var","Acc_Radiation","87",2020
"Potenzial",63.7293547721682,"a","var","Acc_TQ","13",2020
"Torrild",63.3531789206173,"ab","var","Acc_TQ","13",2020
"Patras",63.1039257722385,"ab","var","Acc_TQ","13",2020
"Apertus",62.9486655970462,"ab","var","Acc_TQ","13",2020
"Alves",62.1814064606341,"ab","var","Acc_TQ","13",2020
"Pionier",62.1408305946571,"ab","var","Acc_TQ","13",2020
"Esket",60.9986076499368,"b","var","Acc_TQ","13",2020
"Capone",60.8194798827978,"b","var","Acc_TQ","13",2020
"Pionier",220.753659481708,"a","var","Acc_TQ","31",2020
"Apertus",217.46264435029,"ab","var","Acc_TQ","31",2020
"Patras",217.094337764319,"abc","var","Acc_TQ","31",2020
"Potenzial",216.319065782726,"abcd","var","Acc_TQ","31",2020
"Capone",216.270557292513,"abcd","var","Acc_TQ","31",2020
"Esket",213.439792458559,"bcd","var","Acc_TQ","31",2020
"Torrild",212.297335988095,"cd","var","Acc_TQ","31",2020
"Alves",211.798870488182,"d","var","Acc_TQ","31",2020
"Combined_Pionier",224.726880786126,"a","appl:var","Acc_TQ","31",2020
"Combined_Patras",222.628099462384,"ab","appl:var","Acc_TQ","31",2020
"Combined_Apertus",222.541229019824,"ab","appl:var","Acc_TQ","31",2020
"Combined_Potenzial",221.348019864946,"ab","appl:var","Acc_TQ","31",2020
"Combined_Capone",220.157054904269,"ab","appl:var","Acc_TQ","31",2020
"Split_Pionier",216.78043817729,"ab","appl:var","Acc_TQ","31",2020
"Combined_Esket",214.495525236362,"ab","appl:var","Acc_TQ","31",2020
"Split_Torrild",213.304560275685,"ab","appl:var","Acc_TQ","31",2020
"Split_Alves",212.481076661182,"ab","appl:var","Acc_TQ","31",2020
"Split_Apertus",212.384059680757,"ab","appl:var","Acc_TQ","31",2020
"Split_Capone",212.384059680757,"ab","appl:var","Acc_TQ","31",2020
"Split_Esket",212.384059680757,"ab","appl:var","Acc_TQ","31",2020
"Split_Patras",211.560576066254,"b","appl:var","Acc_TQ","31",2020
"Combined_Torrild",211.290111700505,"b","appl:var","Acc_TQ","31",2020
"Split_Potenzial",211.290111700505,"b","appl:var","Acc_TQ","31",2020
"Combined_Alves",211.116664315182,"b","appl:var","Acc_TQ","31",2020
"Early_Pionier",221.563040169525,"a","timeid:var","Acc_TQ","31",2020
"Early_Capone",220.642539574597,"a","timeid:var","Acc_TQ","31",2020
"Early_Torrild",220.642539574597,"a","timeid:var","Acc_TQ","31",2020
"Late_Pionier",219.944278793891,"a","timeid:var","Acc_TQ","31",2020
"Early_Alves",219.548591594345,"a","timeid:var","Acc_TQ","31",2020
"Early_Esket",219.548591594345,"a","timeid:var","Acc_TQ","31",2020
"Early_Potenzial",219.548591594345,"a","timeid:var","Acc_TQ","31",2020
"Early_Patras",218.628090999418,"a","timeid:var","Acc_TQ","31",2020
"Early_Apertus",218.454643614094,"a","timeid:var","Acc_TQ","31",2020
"Late_Apertus",216.470645086487,"ab","timeid:var","Acc_TQ","31",2020
"Late_Patras",215.560584529221,"ab","timeid:var","Acc_TQ","31",2020
"Late_Potenzial",213.089539971106,"abc","timeid:var","Acc_TQ","31",2020
"Late_Capone",211.898575010429,"abc","timeid:var","Acc_TQ","31",2020
"Late_Esket",207.330993322773,"bc","timeid:var","Acc_TQ","31",2020
"Late_Alves",204.049149382019,"c","timeid:var","Acc_TQ","31",2020
"Late_Torrild",203.952132401593,"c","timeid:var","Acc_TQ","31",2020
"Torrild",70.255815097225,"a","var","Acc_TQ","31
41",2020
"Esket",69.9949579246645,"a","var","Acc_TQ","31
41",2020
"Alves",69.8726812992341,"a","var","Acc_TQ","31
41",2020
"Potenzial",67.3711030352805,"a","var","Acc_TQ","31
41",2020
"Apertus",67.0741051553127,"a","var","Acc_TQ","31
41",2020
"Capone",66.9437932662349,"a","var","Acc_TQ","31
41",2020
"Patras",66.5608124433803,"a","var","Acc_TQ","31
41",2020
"Pionier",65.2606656696249,"a","var","Acc_TQ","31
41",2020
"Early_Apertus",73.6713351697933,"a","timeid:var","Acc_TQ","31
41",2020
"Early_Pionier",72.32613721017,"ab","timeid:var","Acc_TQ","31
41",2020
"Early_Patras",71.7346891886625,"ab","timeid:var","Acc_TQ","31
41",2020
"Early_Alves",70.8141885937346,"ab","timeid:var","Acc_TQ","31
41",2020
"Early_Esket",70.8141885937346,"ab","timeid:var","Acc_TQ","31
41",2020
"Early_Potenzial",70.8141885937346,"ab","timeid:var","Acc_TQ","31
41",2020
"Late_Torrild",70.350589932015,"ab","timeid:var","Acc_TQ","31
41",2020
"Early_Torrild",70.1610402624351,"ab","timeid:var","Acc_TQ","31
41",2020
"Early_Capone",69.7202406134832,"abc","timeid:var","Acc_TQ","31
41",2020
"Late_Esket",69.1757272555943,"abc","timeid:var","Acc_TQ","31
41",2020
"Late_Alves",68.9311740047337,"abc","timeid:var","Acc_TQ","31
41",2020
"Late_Capone",64.1673459189866,"abc","timeid:var","Acc_TQ","31
41",2020
"Late_Potenzial",63.9280174768265,"abc","timeid:var","Acc_TQ","31
41",2020
"Late_Patras",61.3869356980982,"bc","timeid:var","Acc_TQ","31
41",2020
"Late_Apertus",60.4768751408322,"bc","timeid:var","Acc_TQ","31
41",2020
"Late_Pionier",58.1951941290798,"c","timeid:var","Acc_TQ","31
41",2020
"Esket",89.6946613204022,"a","var","Acc_TQ","31
61",2020
"Alves",88.17535651789,"ab","var","Acc_TQ","31
61",2020
"Torrild",87.4909807483726,"abc","var","Acc_TQ","31
61",2020
"Capone",87.3949801816082,"abc","var","Acc_TQ","31
61",2020
"Apertus",85.9904596457667,"abcd","var","Acc_TQ","31
61",2020
"Potenzial",84.3721551881108,"bcd","var","Acc_TQ","31
61",2020
"Pionier",84.1395381948308,"cd","var","Acc_TQ","31
61",2020
"Patras",82.6939789721483,"d","var","Acc_TQ","31
61",2020
"Early_Apertus",93.3152440741945,"a","timeid:var","Acc_TQ","31
61",2020
"Early_Esket",92.0088626158793,"ab","timeid:var","Acc_TQ","31
61",2020
"Early_Pionier",91.6408354482925,"ab","timeid:var","Acc_TQ","31
61",2020
"Early_Capone",91.1273481136918,"ab","timeid:var","Acc_TQ","31
61",2020
"Late_Alves",89.60013657536,"abc","timeid:var","Acc_TQ","31
61",2020
"Late_Torrild",89.3253330165764,"abc","timeid:var","Acc_TQ","31
61",2020
"Early_Patras",87.671077055348,"abcd","timeid:var","Acc_TQ","31
61",2020
"Late_Esket",87.3804600249252,"abcd","timeid:var","Acc_TQ","31
61",2020
"Early_Potenzial",87.3348304776933,"abcd","timeid:var","Acc_TQ","31
61",2020
"Early_Alves",86.7505764604201,"abcde","timeid:var","Acc_TQ","31
61",2020
"Early_Torrild",85.6566284801687,"abcdef","timeid:var","Acc_TQ","31
61",2020
"Late_Capone",83.6626122495246,"bcdef","timeid:var","Acc_TQ","31
61",2020
"Late_Potenzial",81.4094798985282,"cdef","timeid:var","Acc_TQ","31
61",2020
"Late_Apertus",78.6656752173388,"def","timeid:var","Acc_TQ","31
61",2020
"Late_Patras",77.7168808889486,"ef","timeid:var","Acc_TQ","31
61",2020
"Late_Pionier",76.6382409413692,"f","timeid:var","Acc_TQ","31
61",2020
"Pionier",286.014325151333,"a","var","Acc_TQ","41",2020
"Apertus",284.536749505603,"ab","var","Acc_TQ","41",2020
"Potenzial",283.690168818006,"bc","var","Acc_TQ","41",2020
"Patras",283.6551502077,"bc","var","Acc_TQ","41",2020
"Esket",283.434750383224,"bc","var","Acc_TQ","41",2020
"Capone",283.214350558748,"bc","var","Acc_TQ","41",2020
"Torrild",282.55315108532,"cd","var","Acc_TQ","41",2020
"Alves",281.671551787416,"d","var","Acc_TQ","41",2020
"Early_Pionier",293.889177379695,"a","timeid:var","Acc_TQ","41",2020
"Early_Apertus",292.125978783887,"ab","timeid:var","Acc_TQ","41",2020
"Early_Torrild",290.803579837032,"ab","timeid:var","Acc_TQ","41",2020
"Early_Alves",290.36278018808,"b","timeid:var","Acc_TQ","41",2020
"Early_Capone",290.36278018808,"b","timeid:var","Acc_TQ","41",2020
"Early_Esket",290.36278018808,"b","timeid:var","Acc_TQ","41",2020
"Early_Patras",290.36278018808,"b","timeid:var","Acc_TQ","41",2020
"Early_Potenzial",290.36278018808,"b","timeid:var","Acc_TQ","41",2020
"Late_Pionier",278.139472922971,"c","timeid:var","Acc_TQ","41",2020
"Late_Potenzial",277.017557447932,"cd","timeid:var","Acc_TQ","41",2020
"Late_Apertus",276.947520227319,"cd","timeid:var","Acc_TQ","41",2020
"Late_Patras",276.947520227319,"cd","timeid:var","Acc_TQ","41",2020
"Late_Esket",276.506720578367,"cd","timeid:var","Acc_TQ","41",2020
"Late_Capone",276.065920929415,"cde","timeid:var","Acc_TQ","41",2020
"Late_Torrild",274.302722333608,"de","timeid:var","Acc_TQ","41",2020
"Late_Alves",272.980323386753,"e","timeid:var","Acc_TQ","41",2020
"Combined_Early_Pionier",295.652375975502,"a","appl:timeid:var","Acc_TQ","41",2020
"Combined_Early_Apertus",293.889177379695,"ab","appl:timeid:var","Acc_TQ","41",2020
"Split_Early_Pionier",292.125978783887,"ab","appl:timeid:var","Acc_TQ","41",2020
"Split_Early_Torrild",291.244379485984,"b","appl:timeid:var","Acc_TQ","41",2020
"Combined_Early_Alves",290.36278018808,"b","appl:timeid:var","Acc_TQ","41",2020
"Combined_Early_Capone",290.36278018808,"b","appl:timeid:var","Acc_TQ","41",2020
"Combined_Early_Esket",290.36278018808,"b","appl:timeid:var","Acc_TQ","41",2020
"Combined_Early_Patras",290.36278018808,"b","appl:timeid:var","Acc_TQ","41",2020
"Combined_Early_Potenzial",290.36278018808,"b","appl:timeid:var","Acc_TQ","41",2020
"Combined_Early_Torrild",290.36278018808,"b","appl:timeid:var","Acc_TQ","41",2020
"Split_Early_Alves",290.36278018808,"b","appl:timeid:var","Acc_TQ","41",2020
"Split_Early_Apertus",290.36278018808,"b","appl:timeid:var","Acc_TQ","41",2020
"Split_Early_Capone",290.36278018808,"b","appl:timeid:var","Acc_TQ","41",2020
"Split_Early_Esket",290.36278018808,"b","appl:timeid:var","Acc_TQ","41",2020
"Split_Early_Patras",290.36278018808,"b","appl:timeid:var","Acc_TQ","41",2020
"Split_Early_Potenzial",290.36278018808,"b","appl:timeid:var","Acc_TQ","41",2020
"Combined_Late_Pionier",278.650309792537,"c","appl:timeid:var","Acc_TQ","41",2020
"Combined_Late_Potenzial",277.969193966449,"c","appl:timeid:var","Acc_TQ","41",2020
"Split_Late_Pionier",277.628636053406,"c","appl:timeid:var","Acc_TQ","41",2020
"Combined_Late_Apertus",276.947520227319,"cd","appl:timeid:var","Acc_TQ","41",2020
"Combined_Late_Patras",276.947520227319,"cd","appl:timeid:var","Acc_TQ","41",2020
"Split_Late_Apertus",276.947520227319,"cd","appl:timeid:var","Acc_TQ","41",2020
"Split_Late_Esket",276.947520227319,"cd","appl:timeid:var","Acc_TQ","41",2020
"Split_Late_Patras",276.947520227319,"cd","appl:timeid:var","Acc_TQ","41",2020
"Combined_Late_Capone",276.065920929415,"cde","appl:timeid:var","Acc_TQ","41",2020
"Combined_Late_Esket",276.065920929415,"cde","appl:timeid:var","Acc_TQ","41",2020
"Split_Late_Capone",276.065920929415,"cde","appl:timeid:var","Acc_TQ","41",2020
"Split_Late_Potenzial",276.065920929415,"cde","appl:timeid:var","Acc_TQ","41",2020
"Combined_Late_Torrild",275.184321631512,"cde","appl:timeid:var","Acc_TQ","41",2020
"Combined_Late_Alves",273.421123035704,"de","appl:timeid:var","Acc_TQ","41",2020
"Split_Late_Torrild",273.421123035704,"de","appl:timeid:var","Acc_TQ","41",2020
"Split_Late_Alves",272.539523737801,"e","appl:timeid:var","Acc_TQ","41",2020
"Apertus",7.30075764746464,"a","var","Acc_TQ","41
51",2020
"Capone",7.28205836485536,"a","var","Acc_TQ","41
51",2020
"Esket",6.95147377410182,"ab","var","Acc_TQ","41
51",2020
"Pionier",6.69673489508393,"ab","var","Acc_TQ","41
51",2020
"Alves",6.2138339228715,"ab","var","Acc_TQ","41
51",2020
"Torrild",5.92532379551754,"ab","var","Acc_TQ","41
51",2020
"Potenzial",5.66185895618033,"ab","var","Acc_TQ","41
51",2020
"Patras",5.36059966622975,"b","var","Acc_TQ","41
51",2020
"Pionier",292.711060046417,"a","var","Acc_TQ","51",2020
"Apertus",291.837507153068,"ab","var","Acc_TQ","51",2020
"Capone",290.496408923603,"bc","var","Acc_TQ","51",2020
"Esket",290.386224157325,"bc","var","Acc_TQ","51",2020
"Potenzial",289.352027774187,"cd","var","Acc_TQ","51",2020
"Patras",289.015749873929,"cd","var","Acc_TQ","51",2020
"Torrild",288.478474880837,"d","var","Acc_TQ","51",2020
"Alves",287.885385710288,"d","var","Acc_TQ","51",2020
"Pionier",304.893197676539,"a","var","Acc_TQ","61",2020
"Capone",303.665537474121,"a","var","Acc_TQ","61",2020
"Apertus",303.453103996057,"a","var","Acc_TQ","61",2020
"Esket",303.134453778961,"ab","var","Acc_TQ","61",2020
"Potenzial",300.691220970836,"bc","var","Acc_TQ","61",2020
"Alves",299.974227006072,"c","var","Acc_TQ","61",2020
"Patras",299.788316736467,"c","var","Acc_TQ","61",2020
"Torrild",299.788316736467,"c","var","Acc_TQ","61",2020
"Potenzial",13.1435642301028,"a","var","Acc_TQ","61
71",2020
"Alves",13.1248284449075,"a","var","Acc_TQ","61
71",2020
"Torrild",13.0749809283744,"a","var","Acc_TQ","61
71",2020
"Patras",12.8392231422365,"a","var","Acc_TQ","61
71",2020
"Esket",10.9360892081158,"ab","var","Acc_TQ","61
71",2020
"Apertus",10.1459234187444,"b","var","Acc_TQ","61
71",2020
"Pionier",9.91307506049795,"b","var","Acc_TQ","61
71",2020
"Capone",9.27092783302833,"b","var","Acc_TQ","61
71",2020
"Pionier",329.82182787631,"a","var","Acc_TQ","77",2020
"Capone",329.815985025889,"ab","var","Acc_TQ","77",2020
"Potenzial",329.40382193507,"abc","var","Acc_TQ","77",2020
"Esket",328.979973143409,"abc","var","Acc_TQ","77",2020
"Torrild",328.612026875916,"abc","var","Acc_TQ","77",2020
"Alves",328.506064678001,"abc","var","Acc_TQ","77",2020
"Patras",328.028627595435,"bc","var","Acc_TQ","77",2020
"Apertus",327.976253688424,"c","var","Acc_TQ","77",2020
"Capone",18.9269338112847,"a","var","Acc_TQ","77
87",2020
"Apertus",18.7887708383253,"a","var","Acc_TQ","77
87",2020
"Pionier",18.079851587984,"ab","var","Acc_TQ","77
87",2020
"Esket",16.1088461442578,"ab","var","Acc_TQ","77
87",2020
"Patras",16.0439972499848,"ab","var","Acc_TQ","77
87",2020
"Torrild",14.9994887868419,"ab","var","Acc_TQ","77
87",2020
"Potenzial",14.727715743952,"ab","var","Acc_TQ","77
87",2020
"Alves",14.0366172155836,"b","var","Acc_TQ","77
87",2020
"220_Combined_Late_Apertus",22.5548885784843,"a","nitrogen:appl:timeid:var","Acc_TQ","77
87",2020
"220_Split_Late_Capone",22.1544111885074,"ab","nitrogen:appl:timeid:var","Acc_TQ","77
87",2020
"176_Split_Late_Pionier",21.7217209280707,"abc","nitrogen:appl:timeid:var","Acc_TQ","77
87",2020
"220_Split_Early_Apertus",20.968257447724,"abcd","nitrogen:appl:timeid:var","Acc_TQ","77
87",2020
"220_Combined_Late_Capone",20.4590160218627,"abcde","nitrogen:appl:timeid:var","Acc_TQ","77
87",2020
"220_Split_Late_Patras",20.2008881229547,"abcde","nitrogen:appl:timeid:var","Acc_TQ","77
87",2020
"176_Split_Late_Esket",20.1208719086447,"abcdef","nitrogen:appl:timeid:var","Acc_TQ","77
87",2020
"176_Split_Late_Capone",20.106341975736,"abcdef","nitrogen:appl:timeid:var","Acc_TQ","77
87",2020
"220_Split_Late_Pionier",20.106341975736,"abcdef","nitrogen:appl:timeid:var","Acc_TQ","77
87",2020
"220_Combined_Early_Apertus",19.9903555966797,"abcdef","nitrogen:appl:timeid:var","Acc_TQ","77
87",2020
"220_Combined_Early_Capone",19.6258483714497,"abcdef","nitrogen:appl:timeid:var","Acc_TQ","77
87",2020
"176_Combined_Late_Apertus",19.447736686851,"abcdefg","nitrogen:appl:timeid:var","Acc_TQ","77
87",2020
"220_Combined_Late_Pionier",18.8581670024367,"abcdefgh","nitrogen:appl:timeid:var","Acc_TQ","77
87",2020
"176_Split_Early_Capone",18.6000391035297,"abcdefgh","nitrogen:appl:timeid:var","Acc_TQ","77
87",2020
"176_Split_Late_Apertus",18.5197108449747,"abcdefgh","nitrogen:appl:timeid:var","Acc_TQ","77
87",2020
"220_Split_Early_Pionier",18.505492956311,"abcdefgh","nitrogen:appl:timeid:var","Acc_TQ","77
87",2020
"220_Split_Late_Esket",18.50549295631,"abcdefgh","nitrogen:appl:timeid:var","Acc_TQ","77
87",2020
"220_Combined_Late_Potenzial",18.389506577253,"abcdefgh","nitrogen:appl:timeid:var","Acc_TQ","77
87",2020
"220_Split_Late_Torrild",18.389506577253,"abcdefgh","nitrogen:appl:timeid:var","Acc_TQ","77
87",2020
"220_Combined_Early_Pionier",18.1050155663337,"abcdefgh","nitrogen:appl:timeid:var","Acc_TQ","77
87",2020
"220_Split_Late_Apertus",17.7523415202063,"abcdefgh","nitrogen:appl:timeid:var","Acc_TQ","77
87",2020
"176_Split_Late_Alves",17.6720132616523,"abcdefgh","nitrogen:appl:timeid:var","Acc_TQ","77
87",2020
"176_Combined_Late_Patras",17.6363551411493,"abcdefgh","nitrogen:appl:timeid:var","Acc_TQ","77
87",2020
"220_Split_Early_Capone",17.2573179830113,"abcdefgh","nitrogen:appl:timeid:var","Acc_TQ","77
87",2020
"176_Combined_Late_Capone",17.2573179830107,"abcdefgh","nitrogen:appl:timeid:var","Acc_TQ","77
87",2020
"176_Combined_Late_Pionier",17.2573179830107,"abcdefgh","nitrogen:appl:timeid:var","Acc_TQ","77
87",2020
"220_Combined_Early_Torrild",16.8385335669957,"abcdefgh","nitrogen:appl:timeid:var","Acc_TQ","77
87",2020
"220_Combined_Late_Patras",16.788657557827,"abcdefgh","nitrogen:appl:timeid:var","Acc_TQ","77
87",2020
"176_Split_Early_Apertus",16.085382130892,"abcdefgh","nitrogen:appl:timeid:var","Acc_TQ","77
87",2020
"176_Combined_Late_Esket",16.0711642422263,"abcdefgh","nitrogen:appl:timeid:var","Acc_TQ","77
87",2020
"176_Combined_Early_Capone",15.95517786317,"abcdefgh","nitrogen:appl:timeid:var","Acc_TQ","77
87",2020
"220_Combined_Early_Esket",15.95517786317,"abcdefgh","nitrogen:appl:timeid:var","Acc_TQ","77
87",2020
"220_Combined_Early_Patras",15.95517786317,"abcdefgh","nitrogen:appl:timeid:var","Acc_TQ","77
87",2020
"220_Split_Early_Torrild",15.95517786317,"abcdefgh","nitrogen:appl:timeid:var","Acc_TQ","77
87",2020
"176_Combined_Late_Potenzial",15.9409599745047,"abcdefgh","nitrogen:appl:timeid:var","Acc_TQ","77
87",2020
"176_Split_Early_Esket",15.7089872163907,"abcdefgh","nitrogen:appl:timeid:var","Acc_TQ","77
87",2020
"220_Split_Early_Patras",15.2376845475697,"abcdefgh","nitrogen:appl:timeid:var","Acc_TQ","77
87",2020
"176_Split_Early_Pionier",15.1074802798477,"abcdefgh","nitrogen:appl:timeid:var","Acc_TQ","77
87",2020
"220_Combined_Late_Alves",15.107480279847,"abcdefgh","nitrogen:appl:timeid:var","Acc_TQ","77
87",2020
"220_Combined_Late_Torrild",15.107480279847,"abcdefgh","nitrogen:appl:timeid:var","Acc_TQ","77
87",2020
"176_Combined_Early_Apertus",14.9914939007903,"bcdefgh","nitrogen:appl:timeid:var","Acc_TQ","77
87",2020
"176_Combined_Early_Pionier",14.9772760121257,"bcdefgh","nitrogen:appl:timeid:var","Acc_TQ","77
87",2020
"220_Split_Early_Potenzial",14.9772760121257,"bcdefgh","nitrogen:appl:timeid:var","Acc_TQ","77
87",2020
"176_Split_Early_Patras",14.83291118015,"bcdefgh","nitrogen:appl:timeid:var","Acc_TQ","77
87",2020
"220_Combined_Late_Esket",14.6927850012054,"cdefgh","nitrogen:appl:timeid:var","Acc_TQ","77
87",2020
"176_Split_Early_Potenzial",14.3899869642473,"cdefgh","nitrogen:appl:timeid:var","Acc_TQ","77
87",2020
"220_Split_Early_Esket",14.3899869642473,"cdefgh","nitrogen:appl:timeid:var","Acc_TQ","77
87",2020
"176_Combined_Early_Potenzial",14.27400058519,"cdefgh","nitrogen:appl:timeid:var","Acc_TQ","77
87",2020
"176_Combined_Early_Torrild",14.27400058519,"cdefgh","nitrogen:appl:timeid:var","Acc_TQ","77
87",2020
"176_Combined_Late_Alves",14.2740005851893,"cdefgh","nitrogen:appl:timeid:var","Acc_TQ","77
87",2020
"176_Split_Late_Potenzial",14.2597826965247,"defgh","nitrogen:appl:timeid:var","Acc_TQ","77
87",2020
"176_Split_Late_Patras",14.1437963174677,"defgh","nitrogen:appl:timeid:var","Acc_TQ","77
87",2020
"176_Combined_Early_Patras",13.5565072695897,"defgh","nitrogen:appl:timeid:var","Acc_TQ","77
87",2020
"176_Split_Early_Alves",13.5565072695897,"defgh","nitrogen:appl:timeid:var","Acc_TQ","77
87",2020
"220_Combined_Early_Alves",13.5565072695897,"defgh","nitrogen:appl:timeid:var","Acc_TQ","77
87",2020
"220_Split_Early_Alves",13.5565072695897,"defgh","nitrogen:appl:timeid:var","Acc_TQ","77
87",2020
"220_Combined_Early_Potenzial",13.542289380925,"defgh","nitrogen:appl:timeid:var","Acc_TQ","77
87",2020
"176_Combined_Early_Esket",13.4263030018677,"efgh","nitrogen:appl:timeid:var","Acc_TQ","77
87",2020
"176_Combined_Late_Torrild",13.426303001867,"efgh","nitrogen:appl:timeid:var","Acc_TQ","77
87",2020
"176_Split_Late_Torrild",13.2960987341453,"efgh","nitrogen:appl:timeid:var","Acc_TQ","77
87",2020
"176_Combined_Early_Alves",12.7088096862673,"fgh","nitrogen:appl:timeid:var","Acc_TQ","77
87",2020
"176_Split_Early_Torrild",12.7088096862673,"fgh","nitrogen:appl:timeid:var","Acc_TQ","77
87",2020
"220_Split_Late_Potenzial",12.047923760846,"gh","nitrogen:appl:timeid:var","Acc_TQ","77
87",2020
"220_Split_Late_Alves",11.861112102944,"h","nitrogen:appl:timeid:var","Acc_TQ","77
87",2020
"Capone",348.742918837174,"a","var","Acc_TQ","87",2020
"Pionier",347.901679464294,"ab","var","Acc_TQ","87",2020
"Apertus",346.76502452675,"abc","var","Acc_TQ","87",2020
"Esket",345.088819287667,"abcd","var","Acc_TQ","87",2020
"Potenzial",344.131537679022,"bcd","var","Acc_TQ","87",2020
"Patras",344.07262484542,"cd","var","Acc_TQ","87",2020
"Torrild",343.611515662758,"cd","var","Acc_TQ","87",2020
"Alves",342.542681893584,"d","var","Acc_TQ","87",2020
"220_Capone",350.370123427915,"a","nitrogen:var","Acc_TQ","87",2020
"220_Pionier",348.977566321093,"a","nitrogen:var","Acc_TQ","87",2020
"220_Apertus",348.716563265859,"ab","nitrogen:var","Acc_TQ","87",2020
"176_Capone",347.115714246433,"abc","nitrogen:var","Acc_TQ","87",2020
"176_Pionier",346.825792607496,"abc","nitrogen:var","Acc_TQ","87",2020
"220_Esket",345.233780107135,"bcd","nitrogen:var","Acc_TQ","87",2020
"220_Patras",345.233780107135,"bcd","nitrogen:var","Acc_TQ","87",2020
"220_Torrild",344.972777051902,"cd","nitrogen:var","Acc_TQ","87",2020
"176_Esket",344.943858468198,"cd","nitrogen:var","Acc_TQ","87",2020
"176_Apertus",344.81348578764,"cd","nitrogen:var","Acc_TQ","87",2020
"220_Potenzial",344.511017135351,"cd","nitrogen:var","Acc_TQ","87",2020
"176_Potenzial",343.752058222694,"cd","nitrogen:var","Acc_TQ","87",2020
"176_Alves",342.95293518076,"d","nitrogen:var","Acc_TQ","87",2020
"176_Patras",342.911469583704,"d","nitrogen:var","Acc_TQ","87",2020
"176_Torrild",342.250254273614,"d","nitrogen:var","Acc_TQ","87",2020
"220_Alves",342.132428606409,"d","nitrogen:var","Acc_TQ","87",2020
"Potenzial",316.0328125,"a","var","Acc_Temperature","09
13",2020
"Torrild",312.137847222222,"ab","var","Acc_Temperature","09
13",2020
"Patras",305.619618055556,"abc","var","Acc_Temperature","09
13",2020
"Apertus",302.978819444445,"abc","var","Acc_Temperature","09
13",2020
"Alves",300.7546875,"abc","var","Acc_Temperature","09
13",2020
"Pionier",297.054166666667,"abc","var","Acc_Temperature","09
13",2020
"Esket",293.652083333333,"bc","var","Acc_Temperature","09
13",2020
"Capone",288.419791666667,"c","var","Acc_Temperature","09
13",2020
"176_Combined_Patras",338.304166666667,"a","nitrogen:appl:var","Acc_Temperature","09
13",2020
"176_Combined_Potenzial",333.693055555555,"ab","nitrogen:appl:var","Acc_Temperature","09
13",2020
"176_Combined_Apertus",323.599305555556,"ab","nitrogen:appl:var","Acc_Temperature","09
13",2020
"220_Split_Potenzial",321.986805555556,"ab","nitrogen:appl:var","Acc_Temperature","09
13",2020
"220_Combined_Potenzial",318.930555555555,"ab","nitrogen:appl:var","Acc_Temperature","09
13",2020
"176_Split_Torrild",317.776388888889,"ab","nitrogen:appl:var","Acc_Temperature","09
13",2020
"220_Combined_Torrild",317.776388888889,"ab","nitrogen:appl:var","Acc_Temperature","09
13",2020
"176_Combined_Pionier",316.597916666667,"ab","nitrogen:appl:var","Acc_Temperature","09
13",2020
"220_Split_Patras",314.111805555556,"ab","nitrogen:appl:var","Acc_Temperature","09
13",2020
"176_Combined_Torrild",311.442361111111,"ab","nitrogen:appl:var","Acc_Temperature","09
13",2020
"220_Combined_Apertus",302.906944444444,"ab","nitrogen:appl:var","Acc_Temperature","09
13",2020
"220_Combined_Alves",302.405555555556,"ab","nitrogen:appl:var","Acc_Temperature","09
13",2020
"220_Combined_Pionier",301.55625,"ab","nitrogen:appl:var","Acc_Temperature","09
13",2020
"220_Split_Torrild",301.55625,"ab","nitrogen:appl:var","Acc_Temperature","09
13",2020
"220_Split_Alves",301.105555555555,"ab","nitrogen:appl:var","Acc_Temperature","09
13",2020
"176_Combined_Esket",301.071527777778,"ab","nitrogen:appl:var","Acc_Temperature","09
13",2020
"176_Combined_Alves",300.25625,"ab","nitrogen:appl:var","Acc_Temperature","09
13",2020
"176_Split_Alves",299.251388888889,"ab","nitrogen:appl:var","Acc_Temperature","09
13",2020
"176_Split_Apertus",295.888194444445,"ab","nitrogen:appl:var","Acc_Temperature","09
13",2020
"176_Split_Esket",292.06875,"ab","nitrogen:appl:var","Acc_Temperature","09
13",2020
"220_Combined_Esket",292.06875,"ab","nitrogen:appl:var","Acc_Temperature","09
13",2020
"176_Split_Capone",290.370138888889,"ab","nitrogen:appl:var","Acc_Temperature","09
13",2020
"176_Combined_Capone",289.727777777778,"ab","nitrogen:appl:var","Acc_Temperature","09
13",2020
"176_Split_Potenzial",289.520833333333,"ab","nitrogen:appl:var","Acc_Temperature","09
13",2020
"220_Split_Apertus",289.520833333333,"ab","nitrogen:appl:var","Acc_Temperature","09
13",2020
"220_Split_Esket",289.399305555556,"ab","nitrogen:appl:var","Acc_Temperature","09
13",2020
"220_Combined_Capone",287.700694444445,"ab","nitrogen:appl:var","Acc_Temperature","09
13",2020
"176_Split_Patras",286.851388888889,"b","nitrogen:appl:var","Acc_Temperature","09
13",2020
"220_Split_Capone",285.880555555556,"b","nitrogen:appl:var","Acc_Temperature","09
13",2020
"176_Split_Pionier",285.03125,"b","nitrogen:appl:var","Acc_Temperature","09
13",2020
"220_Split_Pionier",285.03125,"b","nitrogen:appl:var","Acc_Temperature","09
13",2020
"220_Combined_Patras",283.211111111112,"b","nitrogen:appl:var","Acc_Temperature","09
13",2020
"176_Early_Alves",341.414583333333,"a","nitrogen:timeid:var","Acc_Temperature","09
13",2020
"176_Early_Pionier",337.688888888889,"a","nitrogen:timeid:var","Acc_Temperature","09
13",2020
"176_Early_Torrild",337.688888888889,"a","nitrogen:timeid:var","Acc_Temperature","09
13",2020
"176_Early_Apertus",336.352777777778,"a","nitrogen:timeid:var","Acc_Temperature","09
13",2020
"176_Early_Esket",332.377777777778,"a","nitrogen:timeid:var","Acc_Temperature","09
13",2020
"220_Early_Alves",331.5625,"a","nitrogen:timeid:var","Acc_Temperature","09
13",2020
"220_Early_Patras",330.713194444445,"a","nitrogen:timeid:var","Acc_Temperature","09
13",2020
"176_Early_Potenzial",329.014583333333,"a","nitrogen:timeid:var","Acc_Temperature","09
13",2020
"176_Early_Patras",328.165277777778,"a","nitrogen:timeid:var","Acc_Temperature","09
13",2020
"220_Early_Apertus",328.165277777778,"a","nitrogen:timeid:var","Acc_Temperature","09
13",2020
"220_Early_Torrild",327.802777777778,"a","nitrogen:timeid:var","Acc_Temperature","09
13",2020
"220_Early_Esket",323.375,"a","nitrogen:timeid:var","Acc_Temperature","09
13",2020
"176_Early_Capone",322.004861111111,"ab","nitrogen:timeid:var","Acc_Temperature","09
13",2020
"220_Early_Potenzial",321.676388888889,"ab","nitrogen:timeid:var","Acc_Temperature","09
13",2020
"220_Early_Capone",320.827083333333,"ab","nitrogen:timeid:var","Acc_Temperature","09
13",2020
"220_Early_Pionier",319.977777777778,"abc","nitrogen:timeid:var","Acc_Temperature","09
13",2020
"220_Late_Potenzial",319.240972222222,"abc","nitrogen:timeid:var","Acc_Temperature","09
13",2020
"176_Late_Patras",296.990277777778,"bcd","nitrogen:timeid:var","Acc_Temperature","09
13",2020
"176_Late_Potenzial",294.199305555555,"cd","nitrogen:timeid:var","Acc_Temperature","09
13",2020
"176_Late_Torrild",291.529861111111,"de","nitrogen:timeid:var","Acc_Temperature","09
13",2020
"220_Late_Torrild",291.529861111111,"de","nitrogen:timeid:var","Acc_Temperature","09
13",2020
"176_Late_Apertus",283.134722222222,"def","nitrogen:timeid:var","Acc_Temperature","09
13",2020
"220_Late_Alves",271.948611111111,"defg","nitrogen:timeid:var","Acc_Temperature","09
13",2020
"220_Late_Patras",266.609722222223,"efg","nitrogen:timeid:var","Acc_Temperature","09
13",2020
"220_Late_Pionier",266.609722222223,"efg","nitrogen:timeid:var","Acc_Temperature","09
13",2020
"220_Late_Apertus",264.2625,"fg","nitrogen:timeid:var","Acc_Temperature","09
13",2020
"176_Late_Pionier",263.940277777778,"fg","nitrogen:timeid:var","Acc_Temperature","09
13",2020
"176_Late_Esket",260.7625,"fg","nitrogen:timeid:var","Acc_Temperature","09
13",2020
"176_Late_Alves",258.093055555556,"fg","nitrogen:timeid:var","Acc_Temperature","09
13",2020
"176_Late_Capone",258.093055555556,"fg","nitrogen:timeid:var","Acc_Temperature","09
13",2020
"220_Late_Esket",258.093055555556,"fg","nitrogen:timeid:var","Acc_Temperature","09
13",2020
"220_Late_Capone",252.754166666667,"g","nitrogen:timeid:var","Acc_Temperature","09
13",2020
"Potenzial",488.038715277778,"a","var","Acc_Temperature","13",2020
"Torrild",485.0234375,"a","var","Acc_Temperature","13",2020
"Patras",480.507291666667,"ab","var","Acc_Temperature","13",2020
"Apertus",477.381076388889,"ab","var","Acc_Temperature","13",2020
"Pionier",473.2765625,"ab","var","Acc_Temperature","13",2020
"Alves",472.071875,"ab","var","Acc_Temperature","13",2020
"Esket",464.089583333334,"b","var","Acc_Temperature","13",2020
"Capone",462.133333333333,"b","var","Acc_Temperature","13",2020
"176_Combined_Patras",512.736805555556,"a","nitrogen:appl:var","Acc_Temperature","13",2020
"176_Combined_Potenzial",504.606944444444,"a","nitrogen:appl:var","Acc_Temperature","13",2020
"176_Combined_Apertus",498.88125,"a","nitrogen:appl:var","Acc_Temperature","13",2020
"220_Split_Potenzial",495.570138888889,"a","nitrogen:appl:var","Acc_Temperature","13",2020
"176_Combined_Pionier",492.850694444445,"a","nitrogen:appl:var","Acc_Temperature","13",2020
"220_Combined_Potenzial",489.844444444444,"a","nitrogen:appl:var","Acc_Temperature","13",2020
"176_Split_Torrild",489.539583333333,"a","nitrogen:appl:var","Acc_Temperature","13",2020
"220_Combined_Torrild",489.539583333333,"a","nitrogen:appl:var","Acc_Temperature","13",2020
"176_Combined_Torrild",485.025694444445,"a","nitrogen:appl:var","Acc_Temperature","13",2020
"220_Split_Patras",485.025694444445,"a","nitrogen:appl:var","Acc_Temperature","13",2020
"220_Combined_Apertus",477.339583333333,"a","nitrogen:appl:var","Acc_Temperature","13",2020
"220_Combined_Alves",475.988888888889,"a","nitrogen:appl:var","Acc_Temperature","13",2020
"220_Combined_Pionier",475.988888888889,"a","nitrogen:appl:var","Acc_Temperature","13",2020
"220_Split_Torrild",475.988888888889,"a","nitrogen:appl:var","Acc_Temperature","13",2020
"176_Combined_Alves",471.170138888889,"a","nitrogen:appl:var","Acc_Temperature","13",2020
"176_Split_Apertus",471.170138888889,"a","nitrogen:appl:var","Acc_Temperature","13",2020
"220_Split_Alves",471.170138888889,"a","nitrogen:appl:var","Acc_Temperature","13",2020
"176_Combined_Esket",469.958333333333,"a","nitrogen:appl:var","Acc_Temperature","13",2020
"176_Split_Alves",469.958333333333,"a","nitrogen:appl:var","Acc_Temperature","13",2020
"176_Combined_Capone",462.133333333333,"a","nitrogen:appl:var","Acc_Temperature","13",2020
"176_Split_Capone",462.133333333333,"a","nitrogen:appl:var","Acc_Temperature","13",2020
"176_Split_Esket",462.133333333333,"a","nitrogen:appl:var","Acc_Temperature","13",2020
"176_Split_Patras",462.133333333333,"a","nitrogen:appl:var","Acc_Temperature","13",2020
"176_Split_Pionier",462.133333333333,"a","nitrogen:appl:var","Acc_Temperature","13",2020
"176_Split_Potenzial",462.133333333333,"a","nitrogen:appl:var","Acc_Temperature","13",2020
"220_Combined_Capone",462.133333333333,"a","nitrogen:appl:var","Acc_Temperature","13",2020
"220_Combined_Esket",462.133333333333,"a","nitrogen:appl:var","Acc_Temperature","13",2020
"220_Combined_Patras",462.133333333333,"a","nitrogen:appl:var","Acc_Temperature","13",2020
"220_Split_Apertus",462.133333333333,"a","nitrogen:appl:var","Acc_Temperature","13",2020
"220_Split_Capone",462.133333333333,"a","nitrogen:appl:var","Acc_Temperature","13",2020
"220_Split_Esket",462.133333333333,"a","nitrogen:appl:var","Acc_Temperature","13",2020
"220_Split_Pionier",462.133333333333,"a","nitrogen:appl:var","Acc_Temperature","13",2020
"220_Late_Potenzial",505.402083333333,"a","nitrogen:timeid:var","Acc_Temperature","13",2020
"176_Early_Apertus",498.086111111111,"a","nitrogen:timeid:var","Acc_Temperature","13",2020
"176_Early_Alves",496.874305555556,"a","nitrogen:timeid:var","Acc_Temperature","13",2020
"176_Early_Pionier",496.874305555556,"a","nitrogen:timeid:var","Acc_Temperature","13",2020
"176_Early_Torrild",496.874305555556,"a","nitrogen:timeid:var","Acc_Temperature","13",2020
"176_Early_Patras",489.049305555556,"ab","nitrogen:timeid:var","Acc_Temperature","13",2020
"176_Early_Potenzial",489.049305555556,"ab","nitrogen:timeid:var","Acc_Temperature","13",2020
"220_Early_Alves",489.049305555556,"ab","nitrogen:timeid:var","Acc_Temperature","13",2020
"220_Early_Apertus",489.049305555556,"ab","nitrogen:timeid:var","Acc_Temperature","13",2020
"220_Early_Patras",489.049305555556,"ab","nitrogen:timeid:var","Acc_Temperature","13",2020
"176_Early_Esket",487.8375,"ab","nitrogen:timeid:var","Acc_Temperature","13",2020
"220_Early_Torrild",487.8375,"ab","nitrogen:timeid:var","Acc_Temperature","13",2020
"176_Late_Patras",485.820833333334,"ab","nitrogen:timeid:var","Acc_Temperature","13",2020
"176_Early_Capone",480.0125,"abc","nitrogen:timeid:var","Acc_Temperature","13",2020
"220_Early_Capone",480.0125,"abc","nitrogen:timeid:var","Acc_Temperature","13",2020
"220_Early_Esket",480.0125,"abc","nitrogen:timeid:var","Acc_Temperature","13",2020
"220_Early_Pionier",480.0125,"abc","nitrogen:timeid:var","Acc_Temperature","13",2020
"220_Early_Potenzial",480.0125,"abc","nitrogen:timeid:var","Acc_Temperature","13",2020
"176_Late_Potenzial",477.690972222222,"abcd","nitrogen:timeid:var","Acc_Temperature","13",2020
"176_Late_Torrild",477.690972222222,"abcd","nitrogen:timeid:var","Acc_Temperature","13",2020
"220_Late_Torrild",477.690972222222,"abcd","nitrogen:timeid:var","Acc_Temperature","13",2020
"176_Late_Apertus",471.965277777778,"abcd","nitrogen:timeid:var","Acc_Temperature","13",2020
"176_Late_Pionier",458.109722222223,"bcd","nitrogen:timeid:var","Acc_Temperature","13",2020
"220_Late_Alves",458.109722222223,"bcd","nitrogen:timeid:var","Acc_Temperature","13",2020
"220_Late_Patras",458.109722222223,"bcd","nitrogen:timeid:var","Acc_Temperature","13",2020
"220_Late_Pionier",458.109722222223,"bcd","nitrogen:timeid:var","Acc_Temperature","13",2020
"220_Late_Apertus",450.423611111111,"cd","nitrogen:timeid:var","Acc_Temperature","13",2020
"176_Late_Alves",444.254166666667,"d","nitrogen:timeid:var","Acc_Temperature","13",2020
"176_Late_Capone",444.254166666667,"d","nitrogen:timeid:var","Acc_Temperature","13",2020
"176_Late_Esket",444.254166666667,"d","nitrogen:timeid:var","Acc_Temperature","13",2020
"220_Late_Capone",444.254166666667,"d","nitrogen:timeid:var","Acc_Temperature","13",2020
"220_Late_Esket",444.254166666667,"d","nitrogen:timeid:var","Acc_Temperature","13",2020
"Pionier",333.054340277779,"a","var","Acc_Temperature","23
31",2020
"Apertus",323.142187500002,"ab","var","Acc_Temperature","23
31",2020
"Patras",313.583159722224,"abc","var","Acc_Temperature","23
31",2020
"Capone",304.879340277779,"abc","var","Acc_Temperature","23
31",2020
"Potenzial",303.964062500002,"abc","var","Acc_Temperature","23
31",2020
"Esket",293.129166666668,"abc","var","Acc_Temperature","23
31",2020
"Torrild",284.167534722223,"bc","var","Acc_Temperature","23
31",2020
"Alves",281.332812500001,"c","var","Acc_Temperature","23
31",2020
"Early_Capone",363.613194444447,"a","timeid:var","Acc_Temperature","23
31",2020
"Early_Pionier",359.605208333336,"ab","timeid:var","Acc_Temperature","23
31",2020
"Early_Apertus",353.277083333337,"ab","timeid:var","Acc_Temperature","23
31",2020
"Early_Torrild",351.71840277778,"ab","timeid:var","Acc_Temperature","23
31",2020
"Early_Potenzial",350.515277777781,"ab","timeid:var","Acc_Temperature","23
31",2020
"Early_Patras",347.863194444447,"abc","timeid:var","Acc_Temperature","23
31",2020
"Early_Alves",347.820138888892,"abc","timeid:var","Acc_Temperature","23
31",2020
"Early_Esket",346.550347222225,"abc","timeid:var","Acc_Temperature","23
31",2020
"Late_Pionier",306.503472222223,"abcd","timeid:var","Acc_Temperature","23
31",2020
"Late_Apertus",293.007291666667,"bcd","timeid:var","Acc_Temperature","23
31",2020
"Late_Patras",279.303125000001,"cde","timeid:var","Acc_Temperature","23
31",2020
"Late_Potenzial",257.412847222223,"de","timeid:var","Acc_Temperature","23
31",2020
"Late_Capone",246.145486111111,"de","timeid:var","Acc_Temperature","23
31",2020
"Late_Esket",239.707986111111,"de","timeid:var","Acc_Temperature","23
31",2020
"Late_Torrild",216.616666666667,"e","timeid:var","Acc_Temperature","23
31",2020
"Late_Alves",214.845486111111,"e","timeid:var","Acc_Temperature","23
31",2020
"Pionier",1061.340625,"a","var","Acc_Temperature","31",2020
"Patras",1043.57413194445,"ab","var","Acc_Temperature","31",2020
"Apertus",1042.62291666667,"ab","var","Acc_Temperature","31",2020
"Potenzial",1036.92951388889,"abc","var","Acc_Temperature","31",2020
"Capone",1035.47552083333,"abc","var","Acc_Temperature","31",2020
"Esket",1018.71875,"bc","var","Acc_Temperature","31",2020
"Torrild",1012.09670138889,"c","var","Acc_Temperature","31",2020
"Alves",1010.96666666667,"c","var","Acc_Temperature","31",2020
"Combined_Pionier",1084.71944444445,"a","appl:var","Acc_Temperature","31",2020
"Combined_Patras",1075.44236111111,"ab","appl:var","Acc_Temperature","31",2020
"Combined_Apertus",1072.52604166667,"ab","appl:var","Acc_Temperature","31",2020
"Combined_Potenzial",1066.30729166667,"ab","appl:var","Acc_Temperature","31",2020
"Combined_Capone",1058.23125,"ab","appl:var","Acc_Temperature","31",2020
"Split_Pionier",1037.96180555556,"ab","appl:var","Acc_Temperature","31",2020
"Combined_Esket",1024.71770833333,"ab","appl:var","Acc_Temperature","31",2020
"Split_Torrild",1016.64166666667,"ab","appl:var","Acc_Temperature","31",2020
"Split_Alves",1015.62777777778,"ab","appl:var","Acc_Temperature","31",2020
"Split_Apertus",1012.71979166667,"ab","appl:var","Acc_Temperature","31",2020
"Split_Esket",1012.71979166667,"ab","appl:var","Acc_Temperature","31",2020
"Split_Capone",1012.71979166667,"ab","appl:var","Acc_Temperature","31",2020
"Split_Patras",1011.70590277778,"ab","appl:var","Acc_Temperature","31",2020
"Combined_Torrild",1007.55173611111,"b","appl:var","Acc_Temperature","31",2020
"Split_Potenzial",1007.55173611111,"b","appl:var","Acc_Temperature","31",2020
"Combined_Alves",1006.30555555556,"b","appl:var","Acc_Temperature","31",2020
"Early_Pionier",1092.34027777778,"a","timeid:var","Acc_Temperature","31",2020
"Early_Capone",1088.41840277778,"ab","timeid:var","Acc_Temperature","31",2020
"Early_Torrild",1088.41840277778,"ab","timeid:var","Acc_Temperature","31",2020
"Early_Alves",1083.25034722222,"ab","timeid:var","Acc_Temperature","31",2020
"Early_Esket",1083.25034722222,"ab","timeid:var","Acc_Temperature","31",2020
"Early_Potenzial",1083.25034722222,"ab","timeid:var","Acc_Temperature","31",2020
"Early_Patras",1079.32847222222,"ab","timeid:var","Acc_Temperature","31",2020
"Early_Apertus",1078.08229166667,"ab","timeid:var","Acc_Temperature","31",2020
"Late_Pionier",1030.34097222222,"bc","timeid:var","Acc_Temperature","31",2020
"Late_Patras",1007.81979166667,"cd","timeid:var","Acc_Temperature","31",2020
"Late_Apertus",1007.16354166667,"cd","timeid:var","Acc_Temperature","31",2020
"Late_Potenzial",990.608680555556,"cde","timeid:var","Acc_Temperature","31",2020
"Late_Capone",982.532638888889,"cde","timeid:var","Acc_Temperature","31",2020
"Late_Esket",954.187152777778,"de","timeid:var","Acc_Temperature","31",2020
"Late_Alves",938.682986111111,"e","timeid:var","Acc_Temperature","31",2020
"Late_Torrild",935.775,"e","timeid:var","Acc_Temperature","31",2020
"Early_Pionier",501.84722222222,"a","timeid:var","Acc_Temperature","31
41",2020
"Early_Apertus",501.59270833333,"a","timeid:var","Acc_Temperature","31
41",2020
"Late_Torrild",489.42291666667,"ab","timeid:var","Acc_Temperature","31
41",2020
"Late_Esket",489.151388888892,"ab","timeid:var","Acc_Temperature","31
41",2020
"Early_Patras",485.834027777775,"ab","timeid:var","Acc_Temperature","31
41",2020
"Early_Alves",481.912152777775,"ab","timeid:var","Acc_Temperature","31
41",2020
"Early_Esket",481.912152777775,"ab","timeid:var","Acc_Temperature","31
41",2020
"Early_Potenzial",481.912152777775,"ab","timeid:var","Acc_Temperature","31
41",2020
"Early_Torrild",480.37222222222,"ab","timeid:var","Acc_Temperature","31
41",2020
"Early_Capone",476.74409722222,"ab","timeid:var","Acc_Temperature","31
41",2020
"Late_Alves",475.630555555559,"ab","timeid:var","Acc_Temperature","31
41",2020
"Late_Capone",457.177777777781,"ab","timeid:var","Acc_Temperature","31
41",2020
"Late_Potenzial",456.323611111114,"ab","timeid:var","Acc_Temperature","31
41",2020
"Late_Apertus",439.803125000003,"ab","timeid:var","Acc_Temperature","31
41",2020
"Late_Patras",439.146875000003,"ab","timeid:var","Acc_Temperature","31
41",2020
"Late_Pionier",425.011111111114,"b","timeid:var","Acc_Temperature","31
41",2020
"Esket",679.802256944442,"a","var","Acc_Temperature","31
61",2020
"Capone",669.725173611108,"ab","var","Acc_Temperature","31
61",2020
"Pionier",661.217187499996,"abc","var","Acc_Temperature","31
61",2020
"Apertus",659.905902777775,"abc","var","Acc_Temperature","31
61",2020
"Alves",655.910590277776,"abc","var","Acc_Temperature","31
61",2020
"Torrild",653.342708333332,"bc","var","Acc_Temperature","31
61",2020
"Potenzial",638.065277777776,"cd","var","Acc_Temperature","31
61",2020
"Patras",621.865277777776,"d","var","Acc_Temperature","31
61",2020
"Early_Pionier",695.16493055555,"a","timeid:var","Acc_Temperature","31
61",2020
"Early_Apertus",693.187847222216,"ab","timeid:var","Acc_Temperature","31
61",2020
"Early_Esket",685.347916666661,"abc","timeid:var","Acc_Temperature","31
61",2020
"Early_Capone",682.851736111106,"abc","timeid:var","Acc_Temperature","31
61",2020
"Late_Torrild",676.433680555556,"abc","timeid:var","Acc_Temperature","31
61",2020
"Late_Alves",676.401388888889,"abc","timeid:var","Acc_Temperature","31
61",2020
"Late_Esket",674.256597222222,"abc","timeid:var","Acc_Temperature","31
61",2020
"Late_Capone",656.598611111111,"abcd","timeid:var","Acc_Temperature","31
61",2020
"Early_Potenzial",640.967361111107,"abcd","timeid:var","Acc_Temperature","31
61",2020
"Early_Patras",639.341666666663,"abcd","timeid:var","Acc_Temperature","31
61",2020
"Early_Alves",635.419791666663,"abcd","timeid:var","Acc_Temperature","31
61",2020
"Late_Potenzial",635.163194444444,"abcd","timeid:var","Acc_Temperature","31
61",2020
"Early_Torrild",630.251736111108,"bcd","timeid:var","Acc_Temperature","31
61",2020
"Late_Pionier",627.269444444443,"cd","timeid:var","Acc_Temperature","31
61",2020
"Late_Apertus",626.623958333333,"cd","timeid:var","Acc_Temperature","31
61",2020
"Late_Patras",604.388888888888,"d","timeid:var","Acc_Temperature","31
61",2020
"Pionier",1524.76979166667,"a","var","Acc_Temperature","41",2020
"Apertus",1513.32083333334,"ab","var","Acc_Temperature","41",2020
"Patras",1506.06458333334,"bc","var","Acc_Temperature","41",2020
"Potenzial",1506.04739583334,"bc","var","Acc_Temperature","41",2020
"Esket",1504.25052083334,"bc","var","Acc_Temperature","41",2020
"Capone",1502.43645833333,"bc","var","Acc_Temperature","41",2020
"Torrild",1496.99427083333,"cd","var","Acc_Temperature","41",2020
"Alves",1489.73802083333,"d","var","Acc_Temperature","41",2020
"Early_Pionier",1594.1875,"a","timeid:var","Acc_Temperature","41",2020
"Early_Apertus",1579.675,"ab","timeid:var","Acc_Temperature","41",2020
"Early_Torrild",1568.790625,"ab","timeid:var","Acc_Temperature","41",2020
"Early_Alves",1565.1625,"b","timeid:var","Acc_Temperature","41",2020
"Early_Capone",1565.1625,"b","timeid:var","Acc_Temperature","41",2020
"Early_Esket",1565.1625,"b","timeid:var","Acc_Temperature","41",2020
"Early_Patras",1565.1625,"b","timeid:var","Acc_Temperature","41",2020
"Early_Potenzial",1565.1625,"b","timeid:var","Acc_Temperature","41",2020
"Late_Pionier",1455.35208333334,"c","timeid:var","Acc_Temperature","41",2020
"Late_Apertus",1446.96666666667,"cd","timeid:var","Acc_Temperature","41",2020
"Late_Patras",1446.96666666667,"cd","timeid:var","Acc_Temperature","41",2020
"Late_Potenzial",1446.93229166667,"cd","timeid:var","Acc_Temperature","41",2020
"Late_Esket",1443.33854166667,"cd","timeid:var","Acc_Temperature","41",2020
"Late_Capone",1439.71041666667,"cde","timeid:var","Acc_Temperature","41",2020
"Late_Torrild",1425.19791666667,"de","timeid:var","Acc_Temperature","41",2020
"Late_Alves",1414.31354166667,"e","timeid:var","Acc_Temperature","41",2020
"Combined_Early_Pionier",1608.7,"a","appl:timeid:var","Acc_Temperature","41",2020
"Combined_Early_Apertus",1594.1875,"ab","appl:timeid:var","Acc_Temperature","41",2020
"Split_Early_Pionier",1579.675,"ab","appl:timeid:var","Acc_Temperature","41",2020
"Split_Early_Torrild",1572.41875,"b","appl:timeid:var","Acc_Temperature","41",2020
"Combined_Early_Alves",1565.1625,"b","appl:timeid:var","Acc_Temperature","41",2020
"Combined_Early_Capone",1565.1625,"b","appl:timeid:var","Acc_Temperature","41",2020
"Combined_Early_Esket",1565.1625,"b","appl:timeid:var","Acc_Temperature","41",2020
"Combined_Early_Patras",1565.1625,"b","appl:timeid:var","Acc_Temperature","41",2020
"Combined_Early_Potenzial",1565.1625,"b","appl:timeid:var","Acc_Temperature","41",2020
"Combined_Early_Torrild",1565.1625,"b","appl:timeid:var","Acc_Temperature","41",2020
"Split_Early_Alves",1565.1625,"b","appl:timeid:var","Acc_Temperature","41",2020
"Split_Early_Apertus",1565.1625,"b","appl:timeid:var","Acc_Temperature","41",2020
"Split_Early_Capone",1565.1625,"b","appl:timeid:var","Acc_Temperature","41",2020
"Split_Early_Esket",1565.1625,"b","appl:timeid:var","Acc_Temperature","41",2020
"Split_Early_Patras",1565.1625,"b","appl:timeid:var","Acc_Temperature","41",2020
"Split_Early_Potenzial",1565.1625,"b","appl:timeid:var","Acc_Temperature","41",2020
"Combined_Late_Pionier",1458.94583333334,"c","appl:timeid:var","Acc_Temperature","41",2020
"Combined_Late_Potenzial",1454.15416666667,"c","appl:timeid:var","Acc_Temperature","41",2020
"Split_Late_Pionier",1451.75833333334,"c","appl:timeid:var","Acc_Temperature","41",2020
"Combined_Late_Apertus",1446.96666666667,"cd","appl:timeid:var","Acc_Temperature","41",2020
"Combined_Late_Patras",1446.96666666667,"cd","appl:timeid:var","Acc_Temperature","41",2020
"Split_Late_Apertus",1446.96666666667,"cd","appl:timeid:var","Acc_Temperature","41",2020
"Split_Late_Esket",1446.96666666667,"cd","appl:timeid:var","Acc_Temperature","41",2020
"Split_Late_Patras",1446.96666666667,"cd","appl:timeid:var","Acc_Temperature","41",2020
"Combined_Late_Capone",1439.71041666667,"cde","appl:timeid:var","Acc_Temperature","41",2020
"Combined_Late_Esket",1439.71041666667,"cde","appl:timeid:var","Acc_Temperature","41",2020
"Split_Late_Capone",1439.71041666667,"cde","appl:timeid:var","Acc_Temperature","41",2020
"Split_Late_Potenzial",1439.71041666667,"cde","appl:timeid:var","Acc_Temperature","41",2020
"Combined_Late_Torrild",1432.45416666667,"cde","appl:timeid:var","Acc_Temperature","41",2020
"Combined_Late_Alves",1417.94166666667,"de","appl:timeid:var","Acc_Temperature","41",2020
"Split_Late_Torrild",1417.94166666667,"de","appl:timeid:var","Acc_Temperature","41",2020
"Split_Late_Alves",1410.68541666667,"e","appl:timeid:var","Acc_Temperature","41",2020
"Apertus",66.905555555555,"a","var","Acc_Temperature","41
51",2020
"Pionier",64.9611111111117,"ab","var","Acc_Temperature","41
51",2020
"Capone",64.6581597222209,"ab","var","Acc_Temperature","41
51",2020
"Esket",60.0621527777759,"ab","var","Acc_Temperature","41
51",2020
"Alves",51.2664930555551,"ab","var","Acc_Temperature","41
51",2020
"Potenzial",49.9862847222201,"ab","var","Acc_Temperature","41
51",2020
"Torrild",49.5348958333322,"ab","var","Acc_Temperature","41
51",2020
"Patras",44.9312499999967,"b","var","Acc_Temperature","41
51",2020
"Pionier",1589.73090277778,"a","var","Acc_Temperature","51",2020
"Apertus",1580.22638888889,"ab","var","Acc_Temperature","51",2020
"Capone",1567.09461805556,"abc","var","Acc_Temperature","51",2020
"Esket",1564.31267361111,"bc","var","Acc_Temperature","51",2020
"Potenzial",1556.03368055556,"cd","var","Acc_Temperature","51",2020
"Patras",1550.99583333333,"cd","var","Acc_Temperature","51",2020
"Torrild",1546.52916666667,"cd","var","Acc_Temperature","51",2020
"Alves",1541.00451388889,"d","var","Acc_Temperature","51",2020
"Pionier",1722.5578125,"a","var","Acc_Temperature","61",2020
"Capone",1705.20069444444,"a","var","Acc_Temperature","61",2020
"Apertus",1702.52881944444,"a","var","Acc_Temperature","61",2020
"Esket",1698.52100694444,"ab","var","Acc_Temperature","61",2020
"Potenzial",1674.99479166667,"bc","var","Acc_Temperature","61",2020
"Alves",1666.87725694444,"c","var","Acc_Temperature","61",2020
"Patras",1665.43940972222,"c","var","Acc_Temperature","61",2020
"Torrild",1665.43940972222,"c","var","Acc_Temperature","61",2020
"Potenzial",221.067708333334,"a","var","Acc_Temperature","61
71",2020
"Alves",218.810243055556,"a","var","Acc_Temperature","61
71",2020
"Torrild",215.491840277778,"a","var","Acc_Temperature","61
71",2020
"Patras",210.735590277778,"ab","var","Acc_Temperature","61
71",2020
"Esket",202.297743055557,"ab","var","Acc_Temperature","61
71",2020
"Apertus",188.777430555557,"ab","var","Acc_Temperature","61
71",2020
"Pionier",188.635937500003,"ab","var","Acc_Temperature","61
71",2020
"Capone",174.972743055557,"b","var","Acc_Temperature","61
71",2020
"Pionier",2164.15260416666,"a","var","Acc_Temperature","77",2020
"Capone",2163.33072916667,"a","var","Acc_Temperature","77",2020
"Potenzial",2156.29114583333,"ab","var","Acc_Temperature","77",2020
"Esket",2147.6078125,"ab","var","Acc_Temperature","77",2020
"Torrild",2140.42083333333,"ab","var","Acc_Temperature","77",2020
"Alves",2138.25,"ab","var","Acc_Temperature","77",2020
"Patras",2128.60659722222,"ab","var","Acc_Temperature","77",2020
"Apertus",2127.39583333333,"b","var","Acc_Temperature","77",2020
"Apertus",316.054340277778,"a","var","Acc_Temperature","77
87",2020
"Capone",313.97934027778,"a","var","Acc_Temperature","77
87",2020
"Pionier",299.67621527778,"ab","var","Acc_Temperature","77
87",2020
"Patras",270.968229166666,"ab","var","Acc_Temperature","77
87",2020
"Esket",269.92013888889,"ab","var","Acc_Temperature","77
87",2020
"Torrild",249.624826388889,"ab","var","Acc_Temperature","77
87",2020
"Potenzial",243.561979166667,"ab","var","Acc_Temperature","77
87",2020
"Alves",234.604513888888,"b","var","Acc_Temperature","77
87",2020
"220_Combined_Late_Apertus",370.879166666667,"a","nitrogen:appl:timeid:var","Acc_Temperature","77
87",2020
"176_Split_Late_Pionier",367.002777777777,"ab","nitrogen:appl:timeid:var","Acc_Temperature","77
87",2020
"220_Split_Late_Capone",365.483333333333,"ab","nitrogen:appl:timeid:var","Acc_Temperature","77
87",2020
"220_Split_Early_Apertus",352.379166666667,"abc","nitrogen:appl:timeid:var","Acc_Temperature","77
87",2020
"176_Split_Late_Esket",343.988888888887,"abcd","nitrogen:appl:timeid:var","Acc_Temperature","77
87",2020
"220_Split_Late_Patras",342.218055555553,"abcde","nitrogen:appl:timeid:var","Acc_Temperature","77
87",2020
"176_Combined_Late_Apertus",336.57083333333,"abcdef","nitrogen:appl:timeid:var","Acc_Temperature","77
87",2020
"220_Combined_Late_Capone",330.75,"abcdef","nitrogen:appl:timeid:var","Acc_Temperature","77
87",2020
"176_Split_Late_Capone",330.49861111111,"abcdef","nitrogen:appl:timeid:var","Acc_Temperature","77
87",2020
"220_Split_Late_Pionier",330.49861111111,"abcdef","nitrogen:appl:timeid:var","Acc_Temperature","77
87",2020
"220_Combined_Early_Apertus",328.461111111113,"abcdef","nitrogen:appl:timeid:var","Acc_Temperature","77
87",2020
"220_Combined_Early_Capone",326.873611111113,"abcdef","nitrogen:appl:timeid:var","Acc_Temperature","77
87",2020
"176_Split_Early_Capone",319.204166666673,"abcdefg","nitrogen:appl:timeid:var","Acc_Temperature","77
87",2020
"176_Split_Late_Apertus",311.99861111111,"abcdefg","nitrogen:appl:timeid:var","Acc_Temperature","77
87",2020
"220_Combined_Late_Pionier",307.73611111111,"abcdefg","nitrogen:appl:timeid:var","Acc_Temperature","77
87",2020
"220_Split_Early_Pionier",307.484722222227,"abcdefg","nitrogen:appl:timeid:var","Acc_Temperature","77
87",2020
"220_Split_Late_Esket",307.48472222222,"abcdefg","nitrogen:appl:timeid:var","Acc_Temperature","77
87",2020
"220_Combined_Late_Potenzial",305.44722222222,"abcdefg","nitrogen:appl:timeid:var","Acc_Temperature","77
87",2020
"220_Split_Late_Torrild",305.44722222222,"abcdefg","nitrogen:appl:timeid:var","Acc_Temperature","77
87",2020
"220_Combined_Early_Pionier",302.088888888893,"abcdefg","nitrogen:appl:timeid:var","Acc_Temperature","77
87",2020
"220_Split_Late_Apertus",301.837499999997,"abcdefg","nitrogen:appl:timeid:var","Acc_Temperature","77
87",2020
"176_Combined_Late_Patras",299.799999999997,"abcdefg","nitrogen:appl:timeid:var","Acc_Temperature","77
87",2020
"176_Split_Late_Alves",294.631944444443,"abcdefg","nitrogen:appl:timeid:var","Acc_Temperature","77
87",2020
"220_Split_Early_Capone",284.722222222227,"abcdefg","nitrogen:appl:timeid:var","Acc_Temperature","77
87",2020
"176_Combined_Late_Capone",284.72222222222,"abcdefg","nitrogen:appl:timeid:var","Acc_Temperature","77
87",2020
"176_Combined_Late_Pionier",284.72222222222,"abcdefg","nitrogen:appl:timeid:var","Acc_Temperature","77
87",2020
"220_Combined_Late_Patras",282.43333333333,"abcdefg","nitrogen:appl:timeid:var","Acc_Temperature","77
87",2020
"220_Combined_Early_Torrild",281.779166666667,"abcdefg","nitrogen:appl:timeid:var","Acc_Temperature","77
87",2020
"176_Split_Early_Apertus",276.131944444447,"abcdefg","nitrogen:appl:timeid:var","Acc_Temperature","77
87",2020
"176_Combined_Late_Esket",271.618055555553,"abcdefg","nitrogen:appl:timeid:var","Acc_Temperature","77
87",2020
"176_Combined_Early_Capone",269.58055555556,"abcdefg","nitrogen:appl:timeid:var","Acc_Temperature","77
87",2020
"220_Combined_Early_Esket",269.58055555556,"abcdefg","nitrogen:appl:timeid:var","Acc_Temperature","77
87",2020
"220_Combined_Early_Patras",269.58055555556,"abcdefg","nitrogen:appl:timeid:var","Acc_Temperature","77
87",2020
"220_Split_Early_Torrild",269.58055555556,"abcdefg","nitrogen:appl:timeid:var","Acc_Temperature","77
87",2020
"176_Combined_Late_Potenzial",265.066666666663,"abcdefg","nitrogen:appl:timeid:var","Acc_Temperature","77
87",2020
"176_Split_Early_Esket",260.991666666673,"abcdefg","nitrogen:appl:timeid:var","Acc_Temperature","77
87",2020
"220_Split_Early_Patras",258.76527777778,"abcdefg","nitrogen:appl:timeid:var","Acc_Temperature","77
87",2020
"176_Split_Early_Patras",253.593055555553,"abcdefg","nitrogen:appl:timeid:var","Acc_Temperature","77
87",2020
"176_Split_Early_Pionier",252.213888888893,"abcdefg","nitrogen:appl:timeid:var","Acc_Temperature","77
87",2020
"220_Combined_Late_Alves",252.213888888887,"abcdefg","nitrogen:appl:timeid:var","Acc_Temperature","77
87",2020
"220_Combined_Late_Torrild",252.213888888887,"abcdefg","nitrogen:appl:timeid:var","Acc_Temperature","77
87",2020
"176_Combined_Early_Apertus",250.176388888893,"abcdefg","nitrogen:appl:timeid:var","Acc_Temperature","77
87",2020
"176_Combined_Early_Pionier",245.662500000007,"abcdefg","nitrogen:appl:timeid:var","Acc_Temperature","77
87",2020
"220_Split_Early_Potenzial",245.662500000007,"abcdefg","nitrogen:appl:timeid:var","Acc_Temperature","77
87",2020
"220_Combined_Late_Esket",242.304166666663,"bcdefg","nitrogen:appl:timeid:var","Acc_Temperature","77
87",2020
"176_Split_Early_Potenzial",241.398611111113,"bcdefg","nitrogen:appl:timeid:var","Acc_Temperature","77
87",2020
"220_Split_Early_Esket",241.398611111113,"bcdefg","nitrogen:appl:timeid:var","Acc_Temperature","77
87",2020
"176_Combined_Early_Potenzial",239.361111111113,"bcdefg","nitrogen:appl:timeid:var","Acc_Temperature","77
87",2020
"176_Combined_Early_Torrild",239.361111111113,"bcdefg","nitrogen:appl:timeid:var","Acc_Temperature","77
87",2020
"176_Combined_Late_Alves",239.36111111111,"bcdefg","nitrogen:appl:timeid:var","Acc_Temperature","77
87",2020
"176_Split_Late_Potenzial",234.84722222222,"cdefg","nitrogen:appl:timeid:var","Acc_Temperature","77
87",2020
"176_Split_Late_Patras",232.80972222222,"cdefg","nitrogen:appl:timeid:var","Acc_Temperature","77
87",2020
"176_Combined_Early_Patras",228.545833333333,"cdefg","nitrogen:appl:timeid:var","Acc_Temperature","77
87",2020
"176_Split_Early_Alves",228.545833333333,"cdefg","nitrogen:appl:timeid:var","Acc_Temperature","77
87",2020
"220_Combined_Early_Alves",228.545833333333,"cdefg","nitrogen:appl:timeid:var","Acc_Temperature","77
87",2020
"220_Split_Early_Alves",228.545833333333,"cdefg","nitrogen:appl:timeid:var","Acc_Temperature","77
87",2020
"220_Combined_Early_Potenzial",224.031944444447,"defg","nitrogen:appl:timeid:var","Acc_Temperature","77
87",2020
"176_Combined_Early_Esket",221.994444444447,"defg","nitrogen:appl:timeid:var","Acc_Temperature","77
87",2020
"176_Combined_Late_Torrild",221.994444444443,"defg","nitrogen:appl:timeid:var","Acc_Temperature","77
87",2020
"176_Split_Late_Torrild",215.443055555553,"efg","nitrogen:appl:timeid:var","Acc_Temperature","77
87",2020
"176_Combined_Early_Alves",211.179166666667,"fg","nitrogen:appl:timeid:var","Acc_Temperature","77
87",2020
"176_Split_Early_Torrild",211.179166666667,"fg","nitrogen:appl:timeid:var","Acc_Temperature","77
87",2020
"220_Split_Late_Alves",193.8125,"g","nitrogen:appl:timeid:var","Acc_Temperature","77
87",2020
"220_Split_Late_Potenzial",192.680555555553,"g","nitrogen:appl:timeid:var","Acc_Temperature","77
87",2020
"Capone",2477.31006944444,"a","var","Acc_Temperature","87",2020
"Pionier",2463.82881944444,"ab","var","Acc_Temperature","87",2020
"Apertus",2443.45017361111,"abc","var","Acc_Temperature","87",2020
"Esket",2417.52795138889,"abcd","var","Acc_Temperature","87",2020
"Potenzial",2399.853125,"bcd","var","Acc_Temperature","87",2020
"Patras",2399.57482638889,"bcd","var","Acc_Temperature","87",2020
"Torrild",2390.04565972222,"cd","var","Acc_Temperature","87",2020
"Alves",2372.85451388889,"d","var","Acc_Temperature","87",2020
"Potenzial",59.875,"a","var","Das","09
13",2020
"Torrild",59.25,"a","var","Das","09
13",2020
"Patras",58.375,"ab","var","Das","09
13",2020
"Apertus",58.0416666666667,"ab","var","Das","09
13",2020
"Alves",57.625,"ab","var","Das","09
13",2020
"Pionier",56.9583333333333,"ab","var","Das","09
13",2020
"Esket",56.2916666666667,"ab","var","Das","09
13",2020
"Capone",55.5,"b","var","Das","09
13",2020
"176_Combined_Patras",63.6666666666667,"a","nitrogen:appl:var","Das","09
13",2020
"176_Combined_Potenzial",63,"a","nitrogen:appl:var","Das","09
13",2020
"176_Combined_Apertus",61.3333333333333,"a","nitrogen:appl:var","Das","09
13",2020
"220_Split_Potenzial",60.8333333333333,"a","nitrogen:appl:var","Das","09
13",2020
"176_Combined_Pionier",60.3333333333333,"a","nitrogen:appl:var","Das","09
13",2020
"220_Combined_Potenzial",60.1666666666667,"a","nitrogen:appl:var","Das","09
13",2020
"176_Split_Torrild",60,"a","nitrogen:appl:var","Das","09
13",2020
"220_Combined_Torrild",60,"a","nitrogen:appl:var","Das","09
13",2020
"220_Split_Patras",59.8333333333333,"a","nitrogen:appl:var","Das","09
13",2020
"176_Combined_Torrild",59.5,"a","nitrogen:appl:var","Das","09
13",2020
"220_Combined_Apertus",58.3333333333333,"a","nitrogen:appl:var","Das","09
13",2020
"220_Split_Alves",57.8333333333333,"a","nitrogen:appl:var","Das","09
13",2020
"176_Combined_Alves",57.6666666666667,"a","nitrogen:appl:var","Das","09
13",2020
"220_Combined_Alves",57.6666666666667,"a","nitrogen:appl:var","Das","09
13",2020
"176_Combined_Esket",57.5,"a","nitrogen:appl:var","Das","09
13",2020
"220_Combined_Pionier",57.5,"a","nitrogen:appl:var","Das","09
13",2020
"220_Split_Torrild",57.5,"a","nitrogen:appl:var","Das","09
13",2020
"176_Split_Alves",57.3333333333333,"a","nitrogen:appl:var","Das","09
13",2020
"176_Split_Apertus",57,"a","nitrogen:appl:var","Das","09
13",2020
"176_Split_Esket",56,"a","nitrogen:appl:var","Das","09
13",2020
"220_Combined_Esket",56,"a","nitrogen:appl:var","Das","09
13",2020
"176_Combined_Capone",55.8333333333333,"a","nitrogen:appl:var","Das","09
13",2020
"176_Split_Capone",55.6666666666667,"a","nitrogen:appl:var","Das","09
13",2020
"220_Split_Esket",55.6666666666667,"a","nitrogen:appl:var","Das","09
13",2020
"176_Split_Potenzial",55.5,"a","nitrogen:appl:var","Das","09
13",2020
"220_Split_Apertus",55.5,"a","nitrogen:appl:var","Das","09
13",2020
"220_Combined_Capone",55.3333333333333,"a","nitrogen:appl:var","Das","09
13",2020
"176_Split_Patras",55.1666666666667,"a","nitrogen:appl:var","Das","09
13",2020
"220_Split_Capone",55.1666666666667,"a","nitrogen:appl:var","Das","09
13",2020
"176_Split_Pionier",55,"a","nitrogen:appl:var","Das","09
13",2020
"220_Split_Pionier",55,"a","nitrogen:appl:var","Das","09
13",2020
"220_Combined_Patras",54.8333333333333,"a","nitrogen:appl:var","Das","09
13",2020
"176_Early_Alves",66.3333333333333,"a","nitrogen:timeid:var","Das","09
13",2020
"176_Early_Apertus",65.6666666666667,"a","nitrogen:timeid:var","Das","09
13",2020
"176_Early_Pionier",65.5,"a","nitrogen:timeid:var","Das","09
13",2020
"176_Early_Torrild",65.5,"a","nitrogen:timeid:var","Das","09
13",2020
"220_Early_Alves",64.6666666666667,"a","nitrogen:timeid:var","Das","09
13",2020
"176_Early_Esket",64.5,"a","nitrogen:timeid:var","Das","09
13",2020
"220_Early_Patras",64.5,"a","nitrogen:timeid:var","Das","09
13",2020
"176_Early_Potenzial",64.1666666666667,"a","nitrogen:timeid:var","Das","09
13",2020
"176_Early_Patras",64,"a","nitrogen:timeid:var","Das","09
13",2020
"220_Early_Apertus",64,"a","nitrogen:timeid:var","Das","09
13",2020
"220_Early_Torrild",63.5,"ab","nitrogen:timeid:var","Das","09
13",2020
"220_Early_Esket",63,"ab","nitrogen:timeid:var","Das","09
13",2020
"176_Early_Capone",62.8333333333333,"ab","nitrogen:timeid:var","Das","09
13",2020
"220_Early_Potenzial",62.6666666666667,"ab","nitrogen:timeid:var","Das","09
13",2020
"220_Early_Capone",62.5,"ab","nitrogen:timeid:var","Das","09
13",2020
"220_Early_Pionier",62.3333333333333,"ab","nitrogen:timeid:var","Das","09
13",2020
"220_Late_Potenzial",58.3333333333333,"bc","nitrogen:timeid:var","Das","09
13",2020
"176_Late_Patras",54.8333333333333,"cd","nitrogen:timeid:var","Das","09
13",2020
"176_Late_Potenzial",54.3333333333333,"cde","nitrogen:timeid:var","Das","09
13",2020
"176_Late_Torrild",54,"cdef","nitrogen:timeid:var","Das","09
13",2020
"220_Late_Torrild",54,"cdef","nitrogen:timeid:var","Das","09
13",2020
"176_Late_Apertus",52.6666666666667,"defg","nitrogen:timeid:var","Das","09
13",2020
"220_Late_Alves",50.8333333333333,"defg","nitrogen:timeid:var","Das","09
13",2020
"220_Late_Patras",50.1666666666667,"defg","nitrogen:timeid:var","Das","09
13",2020
"220_Late_Pionier",50.1666666666667,"defg","nitrogen:timeid:var","Das","09
13",2020
"176_Late_Pionier",49.8333333333333,"defg","nitrogen:timeid:var","Das","09
13",2020
"220_Late_Apertus",49.8333333333333,"defg","nitrogen:timeid:var","Das","09
13",2020
"176_Late_Esket",49,"efg","nitrogen:timeid:var","Das","09
13",2020
"176_Late_Alves",48.6666666666667,"fg","nitrogen:timeid:var","Das","09
13",2020
"176_Late_Capone",48.6666666666667,"fg","nitrogen:timeid:var","Das","09
13",2020
"220_Late_Esket",48.6666666666667,"fg","nitrogen:timeid:var","Das","09
13",2020
"220_Late_Capone",48,"g","nitrogen:timeid:var","Das","09
13",2020
"Torrild",40.8333333333333,"a","var","Das","31
41",2020
"Esket",40.75,"a","var","Das","31
41",2020
"Alves",40.5,"a","var","Das","31
41",2020
"Apertus",39.2916666666667,"a","var","Das","31
41",2020
"Potenzial",39.2916666666667,"a","var","Das","31
41",2020
"Capone",39.125,"a","var","Das","31
41",2020
"Patras",38.75,"a","var","Das","31
41",2020
"Pionier",38.375,"a","var","Das","31
41",2020
"Early_Apertus",42.4166666666667,"a","timeid:var","Das","31
41",2020
"Early_Pionier",42,"a","timeid:var","Das","31
41",2020
"Early_Patras",41.3333333333333,"a","timeid:var","Das","31
41",2020
"Late_Torrild",41,"ab","timeid:var","Das","31
41",2020
"Early_Alves",40.9166666666667,"ab","timeid:var","Das","31
41",2020
"Early_Esket",40.9166666666667,"ab","timeid:var","Das","31
41",2020
"Early_Potenzial",40.9166666666667,"ab","timeid:var","Das","31
41",2020
"Early_Torrild",40.6666666666667,"ab","timeid:var","Das","31
41",2020
"Late_Esket",40.5833333333333,"ab","timeid:var","Das","31
41",2020
"Early_Capone",40.4166666666667,"ab","timeid:var","Das","31
41",2020
"Late_Alves",40.0833333333333,"ab","timeid:var","Das","31
41",2020
"Late_Capone",37.8333333333333,"ab","timeid:var","Das","31
41",2020
"Late_Potenzial",37.6666666666667,"ab","timeid:var","Das","31
41",2020
"Late_Apertus",36.1666666666667,"ab","timeid:var","Das","31
41",2020
"Late_Patras",36.1666666666667,"ab","timeid:var","Das","31
41",2020
"Late_Pionier",34.75,"b","timeid:var","Das","31
41",2020
"Esket",53.6666666666667,"a","var","Das","31
61",2020
"Capone",52.5833333333333,"ab","var","Das","31
61",2020
"Alves",52.125,"abc","var","Das","31
61",2020
"Apertus",51.8333333333333,"abc","var","Das","31
61",2020
"Torrild",51.8333333333333,"abc","var","Das","31
61",2020
"Pionier",51.2916666666667,"bc","var","Das","31
61",2020
"Potenzial",50.3333333333333,"cd","var","Das","31
61",2020
"Patras",49.125,"d","var","Das","31
61",2020
"Early_Apertus",55.1666666666667,"a","timeid:var","Das","31
61",2020
"Early_Pionier",54.8333333333333,"a","timeid:var","Das","31
61",2020
"Early_Esket",54.5,"a","timeid:var","Das","31
61",2020
"Early_Capone",54.1666666666667,"ab","timeid:var","Das","31
61",2020
"Late_Alves",53.5,"ab","timeid:var","Das","31
61",2020
"Late_Torrild",53.4166666666667,"abc","timeid:var","Das","31
61",2020
"Late_Esket",52.8333333333333,"abc","timeid:var","Das","31
61",2020
"Early_Patras",51.1666666666667,"abcd","timeid:var","Das","31
61",2020
"Early_Potenzial",51.1666666666667,"abcd","timeid:var","Das","31
61",2020
"Late_Capone",51,"abcd","timeid:var","Das","31
61",2020
"Early_Alves",50.75,"abcd","timeid:var","Das","31
61",2020
"Early_Torrild",50.25,"abcd","timeid:var","Das","31
61",2020
"Late_Potenzial",49.5,"bcd","timeid:var","Das","31
61",2020
"Late_Apertus",48.5,"cd","timeid:var","Das","31
61",2020
"Late_Pionier",47.75,"d","timeid:var","Das","31
61",2020
"Late_Patras",47.0833333333333,"d","timeid:var","Das","31
61",2020
"Apertus",4.33333333333333,"a","var","Das","41
51",2020
"Capone",4.25,"ab","var","Das","41
51",2020
"Pionier",4.125,"ab","var","Das","41
51",2020
"Esket",4,"ab","var","Das","41
51",2020
"Alves",3.5,"ab","var","Das","41
51",2020
"Torrild",3.375,"ab","var","Das","41
51",2020
"Potenzial",3.33333333333333,"ab","var","Das","41
51",2020
"Patras",3.08333333333333,"b","var","Das","41
51",2020
"Alves",12.5,"a","var","Das","61
71",2020
"Potenzial",12.5,"a","var","Das","61
71",2020
"Torrild",12.375,"ab","var","Das","61
71",2020
"Patras",12.125,"abc","var","Das","61
71",2020
"Esket",11,"abcd","var","Das","61
71",2020
"Apertus",10.25,"bcd","var","Das","61
71",2020
"Pionier",10.125,"cd","var","Das","61
71",2020
"Capone",9.5,"d","var","Das","61
71",2020
"Apertus",18.9166666666667,"a","var","Das","77
87",2020
"Capone",18.7083333333333,"a","var","Das","77
87",2020
"Pionier",17.9166666666667,"ab","var","Das","77
87",2020
"Patras",16.375,"ab","var","Das","77
87",2020
"Esket",16.2916666666667,"ab","var","Das","77
87",2020
"Torrild",15.2083333333333,"ab","var","Das","77
87",2020
"Potenzial",14.8333333333333,"ab","var","Das","77
87",2020
"Alves",14.3333333333333,"b","var","Das","77
87",2020
"220_Combined_Late_Apertus",22,"a","nitrogen:appl:timeid:var","Das","77
87",2020
"176_Split_Late_Pionier",21.6666666666667,"ab","nitrogen:appl:timeid:var","Das","77
87",2020
"220_Split_Late_Capone",21.6666666666667,"ab","nitrogen:appl:timeid:var","Das","77
87",2020
"220_Split_Early_Apertus",21,"abc","nitrogen:appl:timeid:var","Das","77
87",2020
"176_Split_Late_Esket",20.3333333333333,"abcd","nitrogen:appl:timeid:var","Das","77
87",2020
"220_Split_Late_Patras",20.3333333333333,"abcd","nitrogen:appl:timeid:var","Das","77
87",2020
"176_Combined_Late_Apertus",20,"abcde","nitrogen:appl:timeid:var","Das","77
87",2020
"176_Split_Late_Capone",19.6666666666667,"abcdef","nitrogen:appl:timeid:var","Das","77
87",2020
"220_Combined_Early_Apertus",19.6666666666667,"abcdef","nitrogen:appl:timeid:var","Das","77
87",2020
"220_Combined_Late_Capone",19.6666666666667,"abcdef","nitrogen:appl:timeid:var","Das","77
87",2020
"220_Split_Late_Pionier",19.6666666666667,"abcdef","nitrogen:appl:timeid:var","Das","77
87",2020
"220_Combined_Early_Capone",19.3333333333333,"abcdef","nitrogen:appl:timeid:var","Das","77
87",2020
"176_Split_Early_Capone",19,"abcdef","nitrogen:appl:timeid:var","Das","77
87",2020
"176_Split_Late_Apertus",18.6666666666667,"abcdefg","nitrogen:appl:timeid:var","Das","77
87",2020
"220_Combined_Late_Pionier",18.3333333333333,"abcdefg","nitrogen:appl:timeid:var","Das","77
87",2020
"220_Combined_Late_Potenzial",18.3333333333333,"abcdefg","nitrogen:appl:timeid:var","Das","77
87",2020
"220_Split_Early_Pionier",18.3333333333333,"abcdefg","nitrogen:appl:timeid:var","Das","77
87",2020
"220_Split_Late_Esket",18.3333333333333,"abcdefg","nitrogen:appl:timeid:var","Das","77
87",2020
"220_Split_Late_Torrild",18.3333333333333,"abcdefg","nitrogen:appl:timeid:var","Das","77
87",2020
"176_Combined_Late_Patras",18,"abcdefg","nitrogen:appl:timeid:var","Das","77
87",2020
"220_Combined_Early_Pionier",18,"abcdefg","nitrogen:appl:timeid:var","Das","77
87",2020
"220_Split_Late_Apertus",18,"abcdefg","nitrogen:appl:timeid:var","Das","77
87",2020
"176_Split_Late_Alves",17.6666666666667,"abcdefg","nitrogen:appl:timeid:var","Das","77
87",2020
"176_Combined_Late_Capone",17,"abcdefg","nitrogen:appl:timeid:var","Das","77
87",2020
"176_Combined_Late_Pionier",17,"abcdefg","nitrogen:appl:timeid:var","Das","77
87",2020
"220_Combined_Early_Torrild",17,"abcdefg","nitrogen:appl:timeid:var","Das","77
87",2020
"220_Combined_Late_Patras",17,"abcdefg","nitrogen:appl:timeid:var","Das","77
87",2020
"220_Split_Early_Capone",17,"abcdefg","nitrogen:appl:timeid:var","Das","77
87",2020
"176_Split_Early_Apertus",16.6666666666667,"abcdefg","nitrogen:appl:timeid:var","Das","77
87",2020
"176_Combined_Early_Capone",16.3333333333333,"abcdefg","nitrogen:appl:timeid:var","Das","77
87",2020
"176_Combined_Late_Esket",16.3333333333333,"abcdefg","nitrogen:appl:timeid:var","Das","77
87",2020
"220_Combined_Early_Esket",16.3333333333333,"abcdefg","nitrogen:appl:timeid:var","Das","77
87",2020
"220_Combined_Early_Patras",16.3333333333333,"abcdefg","nitrogen:appl:timeid:var","Das","77
87",2020
"220_Split_Early_Torrild",16.3333333333333,"abcdefg","nitrogen:appl:timeid:var","Das","77
87",2020
"176_Combined_Late_Potenzial",16,"abcdefg","nitrogen:appl:timeid:var","Das","77
87",2020
"176_Split_Early_Esket",16,"abcdefg","nitrogen:appl:timeid:var","Das","77
87",2020
"220_Split_Early_Patras",15.6666666666667,"abcdefg","nitrogen:appl:timeid:var","Das","77
87",2020
"176_Combined_Early_Apertus",15.3333333333333,"abcdefg","nitrogen:appl:timeid:var","Das","77
87",2020
"176_Split_Early_Patras",15.3333333333333,"abcdefg","nitrogen:appl:timeid:var","Das","77
87",2020
"176_Split_Early_Pionier",15.3333333333333,"abcdefg","nitrogen:appl:timeid:var","Das","77
87",2020
"220_Combined_Late_Alves",15.3333333333333,"abcdefg","nitrogen:appl:timeid:var","Das","77
87",2020
"220_Combined_Late_Torrild",15.3333333333333,"abcdefg","nitrogen:appl:timeid:var","Das","77
87",2020
"176_Combined_Early_Pionier",15,"bcdefg","nitrogen:appl:timeid:var","Das","77
87",2020
"220_Split_Early_Potenzial",15,"bcdefg","nitrogen:appl:timeid:var","Das","77
87",2020
"176_Combined_Early_Potenzial",14.6666666666667,"cdefg","nitrogen:appl:timeid:var","Das","77
87",2020
"176_Combined_Early_Torrild",14.6666666666667,"cdefg","nitrogen:appl:timeid:var","Das","77
87",2020
"176_Combined_Late_Alves",14.6666666666667,"cdefg","nitrogen:appl:timeid:var","Das","77
87",2020
"176_Split_Early_Potenzial",14.6666666666667,"cdefg","nitrogen:appl:timeid:var","Das","77
87",2020
"220_Combined_Late_Esket",14.6666666666667,"cdefg","nitrogen:appl:timeid:var","Das","77
87",2020
"220_Split_Early_Esket",14.6666666666667,"cdefg","nitrogen:appl:timeid:var","Das","77
87",2020
"176_Split_Late_Patras",14.3333333333333,"cdefg","nitrogen:appl:timeid:var","Das","77
87",2020
"176_Split_Late_Potenzial",14.3333333333333,"cdefg","nitrogen:appl:timeid:var","Das","77
87",2020
"176_Combined_Early_Patras",14,"defg","nitrogen:appl:timeid:var","Das","77
87",2020
"176_Split_Early_Alves",14,"defg","nitrogen:appl:timeid:var","Das","77
87",2020
"220_Combined_Early_Alves",14,"defg","nitrogen:appl:timeid:var","Das","77
87",2020
"220_Split_Early_Alves",14,"defg","nitrogen:appl:timeid:var","Das","77
87",2020
"176_Combined_Early_Esket",13.6666666666667,"defg","nitrogen:appl:timeid:var","Das","77
87",2020
"176_Combined_Late_Torrild",13.6666666666667,"defg","nitrogen:appl:timeid:var","Das","77
87",2020
"220_Combined_Early_Potenzial",13.6666666666667,"defg","nitrogen:appl:timeid:var","Das","77
87",2020
"176_Split_Late_Torrild",13.3333333333333,"efg","nitrogen:appl:timeid:var","Das","77
87",2020
"176_Combined_Early_Alves",13,"fg","nitrogen:appl:timeid:var","Das","77
87",2020
"176_Split_Early_Torrild",13,"fg","nitrogen:appl:timeid:var","Das","77
87",2020
"220_Split_Late_Alves",12,"g","nitrogen:appl:timeid:var","Das","77
87",2020
"220_Split_Late_Potenzial",12,"g","nitrogen:appl:timeid:var","Das","77
87",2020
"Capone",635.877307006978,"a","var","GCD61","",2020
"Potenzial",623.280637078671,"ab","var","GCD61","",2020
"Pionier",620.841827464732,"ab","var","GCD61","",2020
"Torrild",603.517722121064,"bc","var","GCD61","",2020
"Apertus",593.538564137326,"bc","var","GCD61","",2020
"Esket",583.965516875198,"cd","var","GCD61","",2020
"Patras",581.174625944194,"cd","var","GCD61","",2020
"Alves",561.453952642591,"d","var","GCD61","",2020
"220_Capone",654.563668107625,"a","nitrogen:var","GCD61","",2020
"220_Potenzial",647.401318210096,"ab","nitrogen:var","GCD61","",2020
"220_Pionier",638.761188562508,"ab","nitrogen:var","GCD61","",2020
"220_Torrild",638.307538841111,"ab","nitrogen:var","GCD61","",2020
"220_Patras",623.507745600193,"abc","nitrogen:var","GCD61","",2020
"220_Esket",617.668291741865,"bc","nitrogen:var","GCD61","",2020
"176_Capone",617.190945906331,"bc","nitrogen:var","GCD61","",2020
"220_Apertus",615.689554815224,"bc","nitrogen:var","GCD61","",2020
"176_Pionier",602.922466366956,"cd","nitrogen:var","GCD61","",2020
"176_Potenzial",599.159955947247,"cde","nitrogen:var","GCD61","",2020
"220_Alves",597.974676053547,"cde","nitrogen:var","GCD61","",2020
"176_Apertus",571.387573459429,"def","nitrogen:var","GCD61","",2020
"176_Torrild",568.727905401018,"ef","nitrogen:var","GCD61","",2020
"176_Esket",550.262742008531,"fg","nitrogen:var","GCD61","",2020
"176_Patras",538.841506288195,"fg","nitrogen:var","GCD61","",2020
"176_Alves",524.933229231635,"g","nitrogen:var","GCD61","",2020
"176_Alves",180.81468743503,"a","nitrogen:var","GCD87","",2020
"176_Patras",177.655715934024,"ab","nitrogen:var","GCD87","",2020
"176_Esket",168.855313547025,"ab","nitrogen:var","GCD87","",2020
"220_Apertus",152.140306295887,"abc","nitrogen:var","GCD87","",2020
"176_Apertus",142.625273762793,"abc","nitrogen:var","GCD87","",2020
"220_Capone",141.96341522571,"abc","nitrogen:var","GCD87","",2020
"176_Torrild",140.910983487869,"abc","nitrogen:var","GCD87","",2020
"176_Capone",130.500720760337,"abc","nitrogen:var","GCD87","",2020
"176_Pionier",128.406353077491,"bcd","nitrogen:var","GCD87","",2020
"220_Patras",128.265865510917,"bcd","nitrogen:var","GCD87","",2020
"176_Potenzial",126.899419052752,"bcd","nitrogen:var","GCD87","",2020
"220_Pionier",112.45200588194,"cd","nitrogen:var","GCD87","",2020
"220_Alves",108.231921168673,"cd","nitrogen:var","GCD87","",2020
"220_Torrild",101.266072269999,"cd","nitrogen:var","GCD87","",2020
"220_Esket",101.227541591469,"cd","nitrogen:var","GCD87","",2020
"220_Potenzial",76.2559734565709,"d","nitrogen:var","GCD87","",2020
"Combined_Late_Apertus",164.916013045693,"a","appl:timeid:var","GCD87","",2020
"Combined_Early_Patras",164.293984691645,"a","appl:timeid:var","GCD87","",2020
"Split_Early_Alves",161.794608603515,"ab","appl:timeid:var","GCD87","",2020
"Split_Early_Patras",161.466499346862,"ab","appl:timeid:var","GCD87","",2020
"Split_Early_Capone",158.245146027299,"ab","appl:timeid:var","GCD87","",2020
"Split_Early_Apertus",154.838197837962,"ab","appl:timeid:var","GCD87","",2020
"Combined_Early_Alves",154.359081751398,"ab","appl:timeid:var","GCD87","",2020
"Split_Late_Esket",152.828220489013,"ab","appl:timeid:var","GCD87","",2020
"Split_Early_Esket",151.964877297902,"ab","appl:timeid:var","GCD87","",2020
"Combined_Early_Capone",150.326721486281,"ab","appl:timeid:var","GCD87","",2020
"Combined_Early_Apertus",148.780290686616,"ab","appl:timeid:var","GCD87","",2020
"Split_Late_Alves",147.775529384114,"ab","appl:timeid:var","GCD87","",2020
"Split_Late_Patras",147.485274842136,"ab","appl:timeid:var","GCD87","",2020
"Combined_Early_Torrild",147.014684157287,"ab","appl:timeid:var","GCD87","",2020
"Combined_Late_Patras",138.597404009239,"abc","appl:timeid:var","GCD87","",2020
"Split_Early_Potenzial",135.880026337299,"abc","appl:timeid:var","GCD87","",2020
"Split_Early_Torrild",135.440633184851,"abc","appl:timeid:var","GCD87","",2020
"Combined_Early_Pionier",133.780460802286,"abc","appl:timeid:var","GCD87","",2020
"Split_Early_Pionier",132.099769501949,"abc","appl:timeid:var","GCD87","",2020
"Combined_Early_Esket",123.188088098205,"abcd","appl:timeid:var","GCD87","",2020
"Split_Late_Apertus",120.99665854709,"abcd","appl:timeid:var","GCD87","",2020
"Combined_Late_Capone",118.259627810195,"abcd","appl:timeid:var","GCD87","",2020
"Split_Late_Capone",118.09677664832,"abcd","appl:timeid:var","GCD87","",2020
"Split_Late_Torrild",115.710353974579,"abcd","appl:timeid:var","GCD87","",2020
"Split_Late_Pionier",114.522515289728,"abcd","appl:timeid:var","GCD87","",2020
"Combined_Late_Alves",114.16399746838,"abcd","appl:timeid:var","GCD87","",2020
"Combined_Late_Esket",112.184524391868,"abcd","appl:timeid:var","GCD87","",2020
"Combined_Early_Potenzial",104.750109171131,"abcd","appl:timeid:var","GCD87","",2020
"Combined_Late_Potenzial",101.838024383418,"bcd","appl:timeid:var","GCD87","",2020
"Combined_Late_Pionier",101.313972324898,"bcd","appl:timeid:var","GCD87","",2020
"Combined_Late_Torrild",86.1884401990196,"cd","appl:timeid:var","GCD87","",2020
"Split_Late_Potenzial",63.8426251267969,"d","appl:timeid:var","GCD87","",2020
"Pionier",2343.39963996473,"a","var","GLA50","",2020
"Capone",2341.07800145142,"a","var","GLA50","",2020
"Potenzial",2298.27542874534,"b","var","GLA50","",2020
"Apertus",2296.06738358177,"bc","var","GLA50","",2020
"Esket",2282.48652381964,"bc","var","GLA50","",2020
"Torrild",2268.95713184329,"cd","var","GLA50","",2020
"Patras",2246.61403566642,"de","var","GLA50","",2020
"Alves",2228.33120958703,"e","var","GLA50","",2020
"220_Pionier",2368.66882745139,"a","nitrogen:var","GLA50","",2020
"220_Capone",2361.20220977429,"a","nitrogen:var","GLA50","",2020
"220_Potenzial",2329.17770709898,"b","nitrogen:var","GLA50","",2020
"220_Apertus",2322.32809648189,"bc","nitrogen:var","GLA50","",2020
"176_Capone",2320.95379312855,"bc","nitrogen:var","GLA50","",2020
"220_Esket",2318.75926396409,"bc","nitrogen:var","GLA50","",2020
"176_Pionier",2318.13045247807,"bc","nitrogen:var","GLA50","",2020
"220_Torrild",2312.06830273,"bc","nitrogen:var","GLA50","",2020
"220_Patras",2291.72094004464,"cd","nitrogen:var","GLA50","",2020
"176_Apertus",2269.80667068165,"de","nitrogen:var","GLA50","",2020
"176_Potenzial",2267.37315039169,"de","nitrogen:var","GLA50","",2020
"220_Alves",2257.96842605354,"e","nitrogen:var","GLA50","",2020
"176_Esket",2246.2137836752,"ef","nitrogen:var","GLA50","",2020
"176_Torrild",2225.84596095657,"fg","nitrogen:var","GLA50","",2020
"176_Patras",2201.5071312882,"g","nitrogen:var","GLA50","",2020
"176_Alves",2198.69399312052,"g","nitrogen:var","GLA50","",2020
"Pionier",3239.34511326713,"a","var","LAD61","",2020
"Capone",2983.9531427832,"ab","var","LAD61","",2020
"Potenzial",2945.47383536038,"ab","var","LAD61","",2020
"Torrild",2893.25520940895,"ab","var","LAD61","",2020
"Patras",2641.22249103745,"bc","var","LAD61","",2020
"Esket",2635.08452733745,"bc","var","LAD61","",2020
"Apertus",2523.76487719001,"c","var","LAD61","",2020
"Alves",2463.73089928276,"c","var","LAD61","",2020
"Pionier",5.29208333333333,"a","var","LAImax61","",2020
"Potenzial",4.89291666666667,"ab","var","LAImax61","",2020
"Torrild",4.88833333333333,"ab","var","LAImax61","",2020
"Capone",4.75916666666667,"bc","var","LAImax61","",2020
"Esket",4.61958333333333,"bc","var","LAImax61","",2020
"Patras",4.59291666666667,"bc","var","LAImax61","",2020
"Alves",4.5025,"bc","var","LAImax61","",2020
"Apertus",4.36166666666667,"c","var","LAImax61","",2020
"Pionier",1630.02395833333,"a","var","LAImaxTT61","",2020
"Capone",1614.72881944444,"ab","var","LAImaxTT61","",2020
"Apertus",1599.00121527778,"ab","var","LAImaxTT61","",2020
"Potenzial",1578.83420138889,"ab","var","LAImaxTT61","",2020
"Esket",1578.74722222222,"ab","var","LAImaxTT61","",2020
"Torrild",1574.20555555556,"ab","var","LAImaxTT61","",2020
"Patras",1563.10659722222,"b","var","LAImaxTT61","",2020
"Alves",1556.51770833333,"b","var","LAImaxTT61","",2020
"220_Split_Pionier",1649.39236111111,"a","nitrogen:appl:var","LAImaxTT61","",2020
"220_Combined_Capone",1643.21805555556,"ab","nitrogen:appl:var","LAImaxTT61","",2020
"176_Combined_Pionier",1629.83125,"ab","nitrogen:appl:var","LAImaxTT61","",2020
"220_Split_Capone",1629.20555555556,"ab","nitrogen:appl:var","LAImaxTT61","",2020
"176_Split_Apertus",1626.43125,"ab","nitrogen:appl:var","LAImaxTT61","",2020
"176_Split_Capone",1624.00486111111,"ab","nitrogen:appl:var","LAImaxTT61","",2020
"220_Combined_Pionier",1621.64930555555,"ab","nitrogen:appl:var","LAImaxTT61","",2020
"220_Split_Esket",1621.64930555555,"ab","nitrogen:appl:var","LAImaxTT61","",2020
"176_Split_Pionier",1619.22291666667,"ab","nitrogen:appl:var","LAImaxTT61","",2020
"220_Split_Torrild",1610.34027777778,"ab","nitrogen:appl:var","LAImaxTT61","",2020
"220_Combined_Apertus",1607.98472222222,"ab","nitrogen:appl:var","LAImaxTT61","",2020
"220_Combined_Potenzial",1607.98472222222,"ab","nitrogen:appl:var","LAImaxTT61","",2020
"220_Split_Apertus",1593.97222222222,"ab","nitrogen:appl:var","LAImaxTT61","",2020
"176_Combined_Esket",1591.54583333333,"ab","nitrogen:appl:var","LAImaxTT61","",2020
"220_Split_Alves",1589.11944444444,"ab","nitrogen:appl:var","LAImaxTT61","",2020
"176_Split_Patras",1588.8375,"ab","nitrogen:appl:var","LAImaxTT61","",2020
"220_Split_Potenzial",1586.76388888889,"ab","nitrogen:appl:var","LAImaxTT61","",2020
"220_Combined_Patras",1572.75138888889,"ab","nitrogen:appl:var","LAImaxTT61","",2020
"220_Combined_Torrild",1572.75138888889,"ab","nitrogen:appl:var","LAImaxTT61","",2020
"176_Combined_Potenzial",1570.04305555555,"ab","nitrogen:appl:var","LAImaxTT61","",2020
"176_Combined_Apertus",1567.61666666667,"ab","nitrogen:appl:var","LAImaxTT61","",2020
"176_Split_Esket",1567.61666666667,"ab","nitrogen:appl:var","LAImaxTT61","",2020
"176_Split_Torrild",1567.61666666667,"ab","nitrogen:appl:var","LAImaxTT61","",2020
"176_Combined_Capone",1562.48680555556,"ab","nitrogen:appl:var","LAImaxTT61","",2020
"220_Split_Patras",1551.53055555556,"ab","nitrogen:appl:var","LAImaxTT61","",2020
"220_Combined_Alves",1551.24861111111,"ab","nitrogen:appl:var","LAImaxTT61","",2020
"176_Split_Potenzial",1550.54513888889,"ab","nitrogen:appl:var","LAImaxTT61","",2020
"176_Combined_Alves",1548.82222222222,"ab","nitrogen:appl:var","LAImaxTT61","",2020
"176_Combined_Torrild",1546.11388888889,"ab","nitrogen:appl:var","LAImaxTT61","",2020
"176_Combined_Patras",1539.30694444444,"b","nitrogen:appl:var","LAImaxTT61","",2020
"176_Split_Alves",1536.88055555556,"b","nitrogen:appl:var","LAImaxTT61","",2020
"220_Combined_Esket",1534.17708333333,"b","nitrogen:appl:var","LAImaxTT61","",2020
"176_Early_Esket",1691.20694444444,"a","nitrogen:timeid:var","LAImaxTT61","",2020
"220_Early_Capone",1674.83888888889,"ab","nitrogen:timeid:var","LAImaxTT61","",2020
"176_Early_Apertus",1672.4125,"ab","nitrogen:timeid:var","LAImaxTT61","",2020
"176_Early_Pionier",1664.57430555555,"abc","nitrogen:timeid:var","LAImaxTT61","",2020
"220_Early_Apertus",1653.61805555555,"abcd","nitrogen:timeid:var","LAImaxTT61","",2020
"220_Early_Potenzial",1653.61805555555,"abcd","nitrogen:timeid:var","LAImaxTT61","",2020
"220_Early_Torrild",1651.19166666667,"abcd","nitrogen:timeid:var","LAImaxTT61","",2020
"176_Early_Capone",1650.90972222222,"abcd","nitrogen:timeid:var","LAImaxTT61","",2020
"220_Early_Pionier",1646.12777777778,"abcde","nitrogen:timeid:var","LAImaxTT61","",2020
"220_Early_Patras",1632.39722222222,"abcde","nitrogen:timeid:var","LAImaxTT61","",2020
"220_Early_Alves",1629.68888888889,"abcde","nitrogen:timeid:var","LAImaxTT61","",2020
"176_Early_Torrild",1626.98055555555,"abcdef","nitrogen:timeid:var","LAImaxTT61","",2020
"220_Late_Pionier",1624.91388888889,"abcdefg","nitrogen:timeid:var","LAImaxTT61","",2020
"176_Early_Potenzial",1598.95277777778,"abcdefgh","nitrogen:timeid:var","LAImaxTT61","",2020
"220_Late_Capone",1597.58472222222,"abcdefgh","nitrogen:timeid:var","LAImaxTT61","",2020
"176_Early_Alves",1596.24444444444,"abcdefgh","nitrogen:timeid:var","LAImaxTT61","",2020
"176_Early_Patras",1596.24444444444,"abcdefgh","nitrogen:timeid:var","LAImaxTT61","",2020
"176_Late_Pionier",1584.47986111111,"abcdefgh","nitrogen:timeid:var","LAImaxTT61","",2020
"220_Early_Esket",1580.15833333333,"abcdefgh","nitrogen:timeid:var","LAImaxTT61","",2020
"220_Late_Esket",1575.66805555556,"abcdefgh","nitrogen:timeid:var","LAImaxTT61","",2020
"220_Late_Apertus",1548.33888888889,"bcdefgh","nitrogen:timeid:var","LAImaxTT61","",2020
"220_Late_Potenzial",1541.13055555556,"bcdefgh","nitrogen:timeid:var","LAImaxTT61","",2020
"176_Late_Capone",1535.58194444445,"cdefgh","nitrogen:timeid:var","LAImaxTT61","",2020
"176_Late_Patras",1531.9,"cdefgh","nitrogen:timeid:var","LAImaxTT61","",2020
"220_Late_Torrild",1531.9,"cdefgh","nitrogen:timeid:var","LAImaxTT61","",2020
"176_Late_Apertus",1521.63541666667,"defgh","nitrogen:timeid:var","LAImaxTT61","",2020
"176_Late_Potenzial",1521.63541666667,"defgh","nitrogen:timeid:var","LAImaxTT61","",2020
"220_Late_Alves",1510.67916666667,"efgh","nitrogen:timeid:var","LAImaxTT61","",2020
"220_Late_Patras",1491.88472222222,"fgh","nitrogen:timeid:var","LAImaxTT61","",2020
"176_Late_Alves",1489.45833333334,"gh","nitrogen:timeid:var","LAImaxTT61","",2020
"176_Late_Torrild",1486.75,"h","nitrogen:timeid:var","LAImaxTT61","",2020
"176_Late_Esket",1467.95555555556,"h","nitrogen:timeid:var","LAImaxTT61","",2020
"Pionier",33.072252720158,"a","var","S","",2020
"Capone",30.7433950655282,"ab","var","S","",2020
"Torrild",27.911919374811,"bc","var","S","",2020
"Potenzial",26.0390658965218,"bcd","var","S","",2020
"Esket",25.4539971248056,"cd","var","S","",2020
"Patras",22.9650801019768,"d","var","S","",2020
"Apertus",22.6549504562347,"d","var","S","",2020
"Alves",21.974671105024,"d","var","S","",2020
"176_Pionier",35.2335695412171,"a","nitrogen:var","S","",2020
"176_Capone",31.3710346932803,"ab","nitrogen:var","S","",2020
"220_Pionier",30.910935899099,"abc","nitrogen:var","S","",2020
"220_Capone",30.1157554377761,"abc","nitrogen:var","S","",2020
"220_Torrild",29.1839842170303,"abcd","nitrogen:var","S","",2020
"176_Potenzial",26.6822888114408,"bcde","nitrogen:var","S","",2020
"176_Torrild",26.6398545325917,"bcde","nitrogen:var","S","",2020
"220_Esket",25.8725454489134,"bcde","nitrogen:var","S","",2020
"220_Patras",25.4595988407508,"bcde","nitrogen:var","S","",2020
"220_Potenzial",25.3958429816029,"bcde","nitrogen:var","S","",2020
"176_Esket",25.0354488006979,"bcde","nitrogen:var","S","",2020
"220_Alves",24.0983725139727,"bcde","nitrogen:var","S","",2020
"176_Apertus",23.485408572179,"cde","nitrogen:var","S","",2020
"220_Apertus",21.8244923402904,"de","nitrogen:var","S","",2020
"176_Patras",20.4705613632027,"e","nitrogen:var","S","",2020
"176_Alves",19.8509696960753,"e","nitrogen:var","S","",2020
"Late_Pionier",37.4442343956174,"a","timeid:var","S","",2020
"Late_Capone",34.3350423921038,"ab","timeid:var","S","",2020
"Late_Torrild",29.3005734689832,"bc","timeid:var","S","",2020
"Early_Pionier",28.7002710446986,"bcd","timeid:var","S","",2020
"Late_Potenzial",28.1532612680439,"bcde","timeid:var","S","",2020
"Early_Capone",27.1517477389526,"cde","timeid:var","S","",2020
"Early_Torrild",26.5232652806388,"cde","timeid:var","S","",2020
"Early_Esket",26.1960752451788,"cde","timeid:var","S","",2020
"Late_Esket",24.7119190044324,"cde","timeid:var","S","",2020
"Early_Potenzial",23.9248705249998,"cde","timeid:var","S","",2020
"Late_Patras",23.5991430876337,"cde","timeid:var","S","",2020
"Late_Apertus",23.3693563469128,"cde","timeid:var","S","",2020
"Early_Patras",22.3310171163198,"de","timeid:var","S","",2020
"Early_Alves",21.9969411544295,"e","timeid:var","S","",2020
"Late_Alves",21.9524010556185,"e","timeid:var","S","",2020
"Early_Apertus",21.9405445655566,"e","timeid:var","S","",2020
"176_Late_Pionier",38.4253095265189,"a","nitrogen:timeid:var","S","",2020
"220_Late_Pionier",36.463159264716,"ab","nitrogen:timeid:var","S","",2020
"220_Late_Capone",35.5459856201442,"abc","nitrogen:timeid:var","S","",2020
"176_Late_Capone",33.1240991640634,"abcd","nitrogen:timeid:var","S","",2020
"176_Early_Pionier",32.0418295559152,"bcd","nitrogen:timeid:var","S","",2020
"176_Late_Potenzial",30.7795819893116,"cde","nitrogen:timeid:var","S","",2020
"176_Early_Capone",29.6179702224973,"def","nitrogen:timeid:var","S","",2020
"176_Late_Torrild",29.6068764700639,"defg","nitrogen:timeid:var","S","",2020
"220_Early_Torrild",29.373697966158,"defg","nitrogen:timeid:var","S","",2020
"220_Late_Torrild",28.9942704679025,"defgh","nitrogen:timeid:var","S","",2020
"220_Early_Esket",27.8501705977284,"defghi","nitrogen:timeid:var","S","",2020
"220_Late_Patras",26.0792365203829,"efghij","nitrogen:timeid:var","S","",2020
"220_Early_Alves",25.6451167282442,"efghij","nitrogen:timeid:var","S","",2020
"176_Late_Esket",25.5289177087664,"efghij","nitrogen:timeid:var","S","",2020
"220_Late_Potenzial",25.5269405467763,"efghij","nitrogen:timeid:var","S","",2020
"220_Early_Pionier",25.358712533482,"fghij","nitrogen:timeid:var","S","",2020
"220_Early_Potenzial",25.2647454164294,"fghij","nitrogen:timeid:var","S","",2020
"220_Early_Patras",24.8399611611186,"fghijk","nitrogen:timeid:var","S","",2020
"220_Early_Capone",24.685525255408,"fghijk","nitrogen:timeid:var","S","",2020
"176_Early_Esket",24.5419798926293,"fghijk","nitrogen:timeid:var","S","",2020
"176_Late_Apertus",24.2326226715831,"ghijk","nitrogen:timeid:var","S","",2020
"220_Late_Esket",23.8949203000983,"hijk","nitrogen:timeid:var","S","",2020
"176_Early_Torrild",23.6728325951196,"hijkl","nitrogen:timeid:var","S","",2020
"176_Early_Apertus",22.7381944727749,"ijkl","nitrogen:timeid:var","S","",2020
"176_Early_Potenzial",22.58499563357,"ijkl","nitrogen:timeid:var","S","",2020
"220_Late_Alves",22.5516282997011,"ijkl","nitrogen:timeid:var","S","",2020
"220_Late_Apertus",22.5060900222425,"ijkl","nitrogen:timeid:var","S","",2020
"176_Late_Alves",21.353173811536,"jkl","nitrogen:timeid:var","S","",2020
"220_Early_Apertus",21.1428946583383,"jkl","nitrogen:timeid:var","S","",2020
"176_Late_Patras",21.1190496548846,"jkl","nitrogen:timeid:var","S","",2020
"176_Early_Patras",19.8220730715209,"kl","nitrogen:timeid:var","S","",2020
"176_Early_Alves",18.3487655806147,"l","nitrogen:timeid:var","S","",2020
"Pionier",1722.5578125,"a","var","TT61","",2020
"Capone",1705.20069444444,"a","var","TT61","",2020
"Apertus",1702.52881944444,"a","var","TT61","",2020
"Esket",1698.52100694444,"ab","var","TT61","",2020
"Potenzial",1674.99479166667,"bc","var","TT61","",2020
"Alves",1666.87725694444,"c","var","TT61","",2020
"Patras",1665.43940972222,"c","var","TT61","",2020
"Torrild",1665.43940972222,"c","var","TT61","",2020
"Patras",177.445,"a","var","Acc_Percipitation","23",2021
"Apertus",174.062916666667,"ab","var","Acc_Percipitation","23",2021
"Torrild",173.300416666667,"ab","var","Acc_Percipitation","23",2021
"Capone",172.651666666667,"ab","var","Acc_Percipitation","23",2021
"Pionier",172.367083333333,"ab","var","Acc_Percipitation","23",2021
"Potenzial",172.2475,"ab","var","Acc_Percipitation","23",2021
"Alves",172.227083333333,"ab","var","Acc_Percipitation","23",2021
"Esket",167.32125,"b","var","Acc_Percipitation","23",2021
"Apertus",41.8925,"a","var","Acc_Percipitation","23
31",2021
"Pionier",35.3516666666667,"ab","var","Acc_Percipitation","23
31",2021
"Esket",29.9383333333333,"bc","var","Acc_Percipitation","23
31",2021
"Capone",29.6016666666667,"bc","var","Acc_Percipitation","23
31",2021
"Potenzial",28.34125,"bc","var","Acc_Percipitation","23
31",2021
"Alves",25.985,"bc","var","Acc_Percipitation","23
31",2021
"Torrild",21.0245833333333,"c","var","Acc_Percipitation","23
31",2021
"Patras",20.4495833333333,"c","var","Acc_Percipitation","23
31",2021
"Apertus",215.955416666667,"a","var","Acc_Percipitation","31",2021
"Pionier",207.71875,"ab","var","Acc_Percipitation","31",2021
"Capone",202.253333333333,"bc","var","Acc_Percipitation","31",2021
"Potenzial",200.58875,"bc","var","Acc_Percipitation","31",2021
"Alves",198.212083333333,"bc","var","Acc_Percipitation","31",2021
"Patras",197.894583333333,"bc","var","Acc_Percipitation","31",2021
"Esket",197.259583333333,"bc","var","Acc_Percipitation","31",2021
"Torrild",194.325,"c","var","Acc_Percipitation","31",2021
"Torrild",55.9066666666667,"a","var","Acc_Percipitation","31
41",2021
"Esket",52.9720833333333,"ab","var","Acc_Percipitation","31
41",2021
"Alves",52.0195833333333,"ab","var","Acc_Percipitation","31
41",2021
"Patras",51.9908333333333,"ab","var","Acc_Percipitation","31
41",2021
"Potenzial",49.4120833333333,"ab","var","Acc_Percipitation","31
41",2021
"Capone",48.09375,"ab","var","Acc_Percipitation","31
41",2021
"Pionier",43.3208333333333,"bc","var","Acc_Percipitation","31
41",2021
"Apertus",36.35375,"c","var","Acc_Percipitation","31
41",2021
"176_Combined_Early_Torrild",58.62,"a","nitrogen:appl:timeid:var","Acc_Percipitation","31
41",2021
"176_Split_Early_Patras",58.62,"a","nitrogen:appl:timeid:var","Acc_Percipitation","31
41",2021
"176_Split_Early_Torrild",58.62,"a","nitrogen:appl:timeid:var","Acc_Percipitation","31
41",2021
"220_Combined_Early_Esket",58.62,"a","nitrogen:appl:timeid:var","Acc_Percipitation","31
41",2021
"220_Combined_Early_Torrild",58.62,"a","nitrogen:appl:timeid:var","Acc_Percipitation","31
41",2021
"220_Split_Early_Torrild",58.62,"a","nitrogen:appl:timeid:var","Acc_Percipitation","31
41",2021
"220_Split_Early_Apertus",56.31,"a","nitrogen:appl:timeid:var","Acc_Percipitation","31
41",2021
"176_Split_Early_Alves",56.08,"a","nitrogen:appl:timeid:var","Acc_Percipitation","31
41",2021
"176_Split_Early_Esket",56.08,"a","nitrogen:appl:timeid:var","Acc_Percipitation","31
41",2021
"220_Split_Early_Alves",56.08,"a","nitrogen:appl:timeid:var","Acc_Percipitation","31
41",2021
"220_Split_Early_Esket",56.08,"a","nitrogen:appl:timeid:var","Acc_Percipitation","31
41",2021
"220_Split_Early_Potenzial",56.08,"a","nitrogen:appl:timeid:var","Acc_Percipitation","31
41",2021
"176_Split_Early_Capone",55.3866666666667,"a","nitrogen:appl:timeid:var","Acc_Percipitation","31
41",2021
"176_Split_Late_Torrild",55.3866666666667,"a","nitrogen:appl:timeid:var","Acc_Percipitation","31
41",2021
"220_Split_Early_Pionier",54.4633333333333,"a","nitrogen:appl:timeid:var","Acc_Percipitation","31
41",2021
"176_Combined_Early_Alves",53.54,"a","nitrogen:appl:timeid:var","Acc_Percipitation","31
41",2021
"176_Combined_Early_Esket",53.54,"a","nitrogen:appl:timeid:var","Acc_Percipitation","31
41",2021
"176_Combined_Early_Patras",53.54,"a","nitrogen:appl:timeid:var","Acc_Percipitation","31
41",2021
"176_Combined_Early_Potenzial",53.54,"a","nitrogen:appl:timeid:var","Acc_Percipitation","31
41",2021
"176_Combined_Late_Torrild",53.54,"a","nitrogen:appl:timeid:var","Acc_Percipitation","31
41",2021
"176_Split_Early_Potenzial",53.54,"a","nitrogen:appl:timeid:var","Acc_Percipitation","31
41",2021
"220_Combined_Early_Patras",53.54,"a","nitrogen:appl:timeid:var","Acc_Percipitation","31
41",2021
"220_Split_Early_Capone",53.54,"a","nitrogen:appl:timeid:var","Acc_Percipitation","31
41",2021
"220_Split_Early_Patras",53.54,"a","nitrogen:appl:timeid:var","Acc_Percipitation","31
41",2021
"176_Combined_Late_Esket",52.8466666666667,"a","nitrogen:appl:timeid:var","Acc_Percipitation","31
41",2021
"220_Combined_Late_Torrild",52.8466666666667,"a","nitrogen:appl:timeid:var","Acc_Percipitation","31
41",2021
"176_Combined_Late_Alves",51.9233333333333,"a","nitrogen:appl:timeid:var","Acc_Percipitation","31
41",2021
"176_Combined_Late_Capone",51.9233333333333,"a","nitrogen:appl:timeid:var","Acc_Percipitation","31
41",2021
"176_Combined_Late_Patras",51.9233333333333,"a","nitrogen:appl:timeid:var","Acc_Percipitation","31
41",2021
"176_Split_Late_Alves",51.9233333333333,"a","nitrogen:appl:timeid:var","Acc_Percipitation","31
41",2021
"176_Split_Late_Esket",51.9233333333333,"a","nitrogen:appl:timeid:var","Acc_Percipitation","31
41",2021
"220_Split_Late_Alves",51.9233333333333,"a","nitrogen:appl:timeid:var","Acc_Percipitation","31
41",2021
"220_Split_Late_Capone",51.9233333333333,"a","nitrogen:appl:timeid:var","Acc_Percipitation","31
41",2021
"220_Split_Late_Esket",51.9233333333333,"a","nitrogen:appl:timeid:var","Acc_Percipitation","31
41",2021
"220_Split_Late_Potenzial",51.9233333333333,"a","nitrogen:appl:timeid:var","Acc_Percipitation","31
41",2021
"176_Combined_Early_Pionier",51,"a","nitrogen:appl:timeid:var","Acc_Percipitation","31
41",2021
"176_Split_Early_Pionier",51,"a","nitrogen:appl:timeid:var","Acc_Percipitation","31
41",2021
"176_Split_Late_Potenzial",51,"a","nitrogen:appl:timeid:var","Acc_Percipitation","31
41",2021
"220_Combined_Early_Alves",51,"a","nitrogen:appl:timeid:var","Acc_Percipitation","31
41",2021
"220_Combined_Early_Capone",51,"a","nitrogen:appl:timeid:var","Acc_Percipitation","31
41",2021
"220_Combined_Early_Pionier",51,"a","nitrogen:appl:timeid:var","Acc_Percipitation","31
41",2021
"220_Combined_Early_Potenzial",51,"a","nitrogen:appl:timeid:var","Acc_Percipitation","31
41",2021
"220_Combined_Late_Patras",51,"a","nitrogen:appl:timeid:var","Acc_Percipitation","31
41",2021
"220_Split_Late_Patras",51,"a","nitrogen:appl:timeid:var","Acc_Percipitation","31
41",2021
"220_Split_Late_Torrild",51,"a","nitrogen:appl:timeid:var","Acc_Percipitation","31
41",2021
"176_Split_Late_Capone",43.6866666666667,"a","nitrogen:appl:timeid:var","Acc_Percipitation","31
41",2021
"220_Combined_Late_Alves",43.6866666666667,"a","nitrogen:appl:timeid:var","Acc_Percipitation","31
41",2021
"176_Split_Late_Patras",42.7633333333333,"a","nitrogen:appl:timeid:var","Acc_Percipitation","31
41",2021
"220_Combined_Late_Capone",42.7633333333333,"a","nitrogen:appl:timeid:var","Acc_Percipitation","31
41",2021
"220_Combined_Late_Esket",42.7633333333333,"a","nitrogen:appl:timeid:var","Acc_Percipitation","31
41",2021
"220_Combined_Late_Potenzial",42.7633333333333,"a","nitrogen:appl:timeid:var","Acc_Percipitation","31
41",2021
"176_Split_Late_Apertus",37.2966666666667,"a","nitrogen:appl:timeid:var","Acc_Percipitation","31
41",2021
"176_Split_Late_Pionier",37.2966666666667,"a","nitrogen:appl:timeid:var","Acc_Percipitation","31
41",2021
"220_Combined_Late_Apertus",37.2966666666667,"a","nitrogen:appl:timeid:var","Acc_Percipitation","31
41",2021
"176_Combined_Late_Pionier",36.3733333333333,"a","nitrogen:appl:timeid:var","Acc_Percipitation","31
41",2021
"176_Split_Early_Apertus",36.3733333333333,"a","nitrogen:appl:timeid:var","Acc_Percipitation","31
41",2021
"220_Combined_Early_Apertus",36.3733333333333,"a","nitrogen:appl:timeid:var","Acc_Percipitation","31
41",2021
"220_Split_Late_Pionier",36.3733333333333,"a","nitrogen:appl:timeid:var","Acc_Percipitation","31
41",2021
"176_Combined_Late_Potenzial",35.45,"a","nitrogen:appl:timeid:var","Acc_Percipitation","31
41",2021
"176_Combined_Early_Capone",34.5266666666667,"a","nitrogen:appl:timeid:var","Acc_Percipitation","31
41",2021
"176_Combined_Early_Apertus",29.06,"a","nitrogen:appl:timeid:var","Acc_Percipitation","31
41",2021
"176_Combined_Late_Apertus",29.06,"a","nitrogen:appl:timeid:var","Acc_Percipitation","31
41",2021
"220_Combined_Late_Pionier",29.06,"a","nitrogen:appl:timeid:var","Acc_Percipitation","31
41",2021
"220_Split_Late_Apertus",29.06,"a","nitrogen:appl:timeid:var","Acc_Percipitation","31
41",2021
"Torrild",66.87875,"a","var","Acc_Percipitation","31
61",2021
"Esket",63.9529166666667,"ab","var","Acc_Percipitation","31
61",2021
"Patras",63.3054166666667,"ab","var","Acc_Percipitation","31
61",2021
"Alves",62.9941666666667,"ab","var","Acc_Percipitation","31
61",2021
"Potenzial",60.61,"ab","var","Acc_Percipitation","31
61",2021
"Capone",58.9854166666667,"ab","var","Acc_Percipitation","31
61",2021
"Pionier",53.50625,"bc","var","Acc_Percipitation","31
61",2021
"Apertus",45.2720833333333,"c","var","Acc_Percipitation","31
61",2021
"Apertus",252.309166666667,"a","var","Acc_Percipitation","41",2021
"Pionier",251.039583333333,"b","var","Acc_Percipitation","41",2021
"Capone",250.347083333333,"bc","var","Acc_Percipitation","41",2021
"Alves",250.231666666667,"bc","var","Acc_Percipitation","41",2021
"Esket",250.231666666667,"bc","var","Acc_Percipitation","41",2021
"Torrild",250.231666666667,"bc","var","Acc_Percipitation","41",2021
"Potenzial",250.000833333333,"c","var","Acc_Percipitation","41",2021
"Patras",249.885416666667,"c","var","Acc_Percipitation","41",2021
"Early_Apertus",263.698333333333,"a","timeid:var","Acc_Percipitation","41",2021
"Early_Capone",261.851666666667,"b","timeid:var","Acc_Percipitation","41",2021
"Early_Pionier",261.620833333333,"b","timeid:var","Acc_Percipitation","41",2021
"Early_Alves",261.39,"b","timeid:var","Acc_Percipitation","41",2021
"Early_Esket",261.39,"b","timeid:var","Acc_Percipitation","41",2021
"Early_Patras",261.39,"b","timeid:var","Acc_Percipitation","41",2021
"Early_Potenzial",261.39,"b","timeid:var","Acc_Percipitation","41",2021
"Early_Torrild",261.39,"b","timeid:var","Acc_Percipitation","41",2021
"Late_Apertus",240.92,"c","timeid:var","Acc_Percipitation","41",2021
"Late_Pionier",240.458333333333,"c","timeid:var","Acc_Percipitation","41",2021
"Late_Alves",239.073333333333,"d","timeid:var","Acc_Percipitation","41",2021
"Late_Esket",239.073333333333,"d","timeid:var","Acc_Percipitation","41",2021
"Late_Torrild",239.073333333333,"d","timeid:var","Acc_Percipitation","41",2021
"Late_Capone",238.8425,"d","timeid:var","Acc_Percipitation","41",2021
"Late_Potenzial",238.611666666667,"d","timeid:var","Acc_Percipitation","41",2021
"Late_Patras",238.380833333333,"d","timeid:var","Acc_Percipitation","41",2021
"Potenzial",9.67250000000001,"a","var","Acc_Percipitation","41
51",2021
"Alves",9.51500000000001,"a","var","Acc_Percipitation","41
51",2021
"Esket",9.51500000000001,"a","var","Acc_Percipitation","41
51",2021
"Patras",9.45958333333334,"a","var","Acc_Percipitation","41
51",2021
"Torrild",9.44166666666668,"a","var","Acc_Percipitation","41
51",2021
"Capone",9.36625,"a","var","Acc_Percipitation","41
51",2021
"Pionier",8.68041666666668,"ab","var","Acc_Percipitation","41
51",2021
"Apertus",7.47083333333332,"b","var","Acc_Percipitation","41
51",2021
"Early_Alves",9.94333333333334,"a","timeid:var","Acc_Percipitation","41
51",2021
"Early_Esket",9.94333333333334,"a","timeid:var","Acc_Percipitation","41
51",2021
"Early_Potenzial",9.86333333333335,"a","timeid:var","Acc_Percipitation","41
51",2021
"Early_Torrild",9.85000000000002,"a","timeid:var","Acc_Percipitation","41
51",2021
"Early_Pionier",9.65916666666668,"a","timeid:var","Acc_Percipitation","41
51",2021
"Late_Patras",9.65916666666666,"a","timeid:var","Acc_Percipitation","41
51",2021
"Late_Potenzial",9.48166666666667,"a","timeid:var","Acc_Percipitation","41
51",2021
"Early_Capone",9.45500000000001,"a","timeid:var","Acc_Percipitation","41
51",2021
"Late_Capone",9.2775,"a","timeid:var","Acc_Percipitation","41
51",2021
"Early_Patras",9.26000000000002,"a","timeid:var","Acc_Percipitation","41
51",2021
"Late_Alves",9.08666666666667,"a","timeid:var","Acc_Percipitation","41
51",2021
"Late_Esket",9.08666666666667,"a","timeid:var","Acc_Percipitation","41
51",2021
"Late_Torrild",9.03333333333333,"a","timeid:var","Acc_Percipitation","41
51",2021
"Late_Pionier",7.70166666666668,"b","timeid:var","Acc_Percipitation","41
51",2021
"Early_Apertus",7.70166666666662,"b","timeid:var","Acc_Percipitation","41
51",2021
"Late_Apertus",7.24000000000001,"b","timeid:var","Acc_Percipitation","41
51",2021
"Capone",261.23875,"a","var","Acc_Percipitation","61",2021
"Apertus",261.2275,"ab","var","Acc_Percipitation","61",2021
"Pionier",261.225,"bc","var","Acc_Percipitation","61",2021
"Esket",261.2125,"cd","var","Acc_Percipitation","61",2021
"Alves",261.20625,"de","var","Acc_Percipitation","61",2021
"Torrild",261.20375,"de","var","Acc_Percipitation","61",2021
"Patras",261.2,"de","var","Acc_Percipitation","61",2021
"Potenzial",261.19875,"e","var","Acc_Percipitation","61",2021
"Early_Capone",272.8575,"a","timeid:var","Acc_Percipitation","61",2021
"Early_Apertus",272.8475,"a","timeid:var","Acc_Percipitation","61",2021
"Early_Pionier",272.8375,"ab","timeid:var","Acc_Percipitation","61",2021
"Early_Alves",272.82,"bc","timeid:var","Acc_Percipitation","61",2021
"Early_Esket",272.8175,"bc","timeid:var","Acc_Percipitation","61",2021
"Early_Potenzial",272.805,"c","timeid:var","Acc_Percipitation","61",2021
"Early_Torrild",272.805,"c","timeid:var","Acc_Percipitation","61",2021
"Early_Patras",272.8025,"c","timeid:var","Acc_Percipitation","61",2021
"Late_Capone",249.62,"d","timeid:var","Acc_Percipitation","61",2021
"Late_Pionier",249.6125,"de","timeid:var","Acc_Percipitation","61",2021
"Late_Apertus",249.6075,"de","timeid:var","Acc_Percipitation","61",2021
"Late_Esket",249.6075,"de","timeid:var","Acc_Percipitation","61",2021
"Late_Torrild",249.6025,"de","timeid:var","Acc_Percipitation","61",2021
"Late_Patras",249.5975,"e","timeid:var","Acc_Percipitation","61",2021
"Late_Alves",249.5925,"e","timeid:var","Acc_Percipitation","61",2021
"Late_Potenzial",249.5925,"e","timeid:var","Acc_Percipitation","61",2021
"Capone",109.100833333333,"a","var","Acc_Percipitation","61
87",2021
"Pionier",107.929166666667,"ab","var","Acc_Percipitation","61
87",2021
"Apertus",107.63125,"abc","var","Acc_Percipitation","61
87",2021
"Esket",106.159166666667,"bc","var","Acc_Percipitation","61
87",2021
"Potenzial",105.86625,"c","var","Acc_Percipitation","61
87",2021
"Patras",105.86,"c","var","Acc_Percipitation","61
87",2021
"Torrild",105.85375,"c","var","Acc_Percipitation","61
87",2021
"Alves",105.845,"c","var","Acc_Percipitation","61
87",2021
"220_Capone",110.576666666667,"a","nitrogen:var","Acc_Percipitation","61
87",2021
"220_Pionier",109.4175,"ab","nitrogen:var","Acc_Percipitation","61
87",2021
"220_Apertus",108.228333333333,"bc","nitrogen:var","Acc_Percipitation","61
87",2021
"176_Capone",107.625,"cd","nitrogen:var","Acc_Percipitation","61
87",2021
"176_Apertus",107.034166666667,"cde","nitrogen:var","Acc_Percipitation","61
87",2021
"220_Esket",106.463333333333,"de","nitrogen:var","Acc_Percipitation","61
87",2021
"176_Pionier",106.440833333333,"de","nitrogen:var","Acc_Percipitation","61
87",2021
"220_Potenzial",105.8675,"e","nitrogen:var","Acc_Percipitation","61
87",2021
"176_Potenzial",105.865,"e","nitrogen:var","Acc_Percipitation","61
87",2021
"176_Patras",105.86,"e","nitrogen:var","Acc_Percipitation","61
87",2021
"220_Patras",105.86,"e","nitrogen:var","Acc_Percipitation","61
87",2021
"176_Torrild",105.8575,"e","nitrogen:var","Acc_Percipitation","61
87",2021
"220_Alves",105.8575,"e","nitrogen:var","Acc_Percipitation","61
87",2021
"176_Esket",105.855,"e","nitrogen:var","Acc_Percipitation","61
87",2021
"220_Torrild",105.85,"e","nitrogen:var","Acc_Percipitation","61
87",2021
"176_Alves",105.8325,"e","nitrogen:var","Acc_Percipitation","61
87",2021
"220_Combined_Pionier",110.586666666667,"a","nitrogen:appl:var","Acc_Percipitation","61
87",2021
"220_Combined_Capone",110.576666666667,"a","nitrogen:appl:var","Acc_Percipitation","61
87",2021
"220_Split_Capone",110.576666666667,"a","nitrogen:appl:var","Acc_Percipitation","61
87",2021
"220_Split_Pionier",108.248333333333,"ab","nitrogen:appl:var","Acc_Percipitation","61
87",2021
"220_Split_Apertus",108.233333333333,"ab","nitrogen:appl:var","Acc_Percipitation","61
87",2021
"220_Combined_Apertus",108.223333333333,"ab","nitrogen:appl:var","Acc_Percipitation","61
87",2021
"176_Combined_Apertus",108.223333333333,"ab","nitrogen:appl:var","Acc_Percipitation","61
87",2021
"176_Split_Capone",108.213333333333,"ab","nitrogen:appl:var","Acc_Percipitation","61
87",2021
"220_Combined_Esket",107.061666666667,"b","nitrogen:appl:var","Acc_Percipitation","61
87",2021
"176_Combined_Capone",107.036666666667,"b","nitrogen:appl:var","Acc_Percipitation","61
87",2021
"176_Split_Pionier",107.036666666667,"b","nitrogen:appl:var","Acc_Percipitation","61
87",2021
"220_Split_Alves",105.87,"b","nitrogen:appl:var","Acc_Percipitation","61
87",2021
"220_Split_Potenzial",105.87,"b","nitrogen:appl:var","Acc_Percipitation","61
87",2021
"176_Combined_Esket",105.865,"b","nitrogen:appl:var","Acc_Percipitation","61
87",2021
"176_Combined_Patras",105.865,"b","nitrogen:appl:var","Acc_Percipitation","61
87",2021
"176_Combined_Potenzial",105.865,"b","nitrogen:appl:var","Acc_Percipitation","61
87",2021
"176_Split_Potenzial",105.865,"b","nitrogen:appl:var","Acc_Percipitation","61
87",2021
"220_Combined_Potenzial",105.865,"b","nitrogen:appl:var","Acc_Percipitation","61
87",2021
"220_Split_Esket",105.865,"b","nitrogen:appl:var","Acc_Percipitation","61
87",2021
"220_Split_Patras",105.865,"b","nitrogen:appl:var","Acc_Percipitation","61
87",2021
"176_Combined_Torrild",105.86,"b","nitrogen:appl:var","Acc_Percipitation","61
87",2021
"176_Split_Patras",105.855,"b","nitrogen:appl:var","Acc_Percipitation","61
87",2021
"176_Split_Torrild",105.855,"b","nitrogen:appl:var","Acc_Percipitation","61
87",2021
"220_Combined_Patras",105.855,"b","nitrogen:appl:var","Acc_Percipitation","61
87",2021
"220_Combined_Torrild",105.85,"b","nitrogen:appl:var","Acc_Percipitation","61
87",2021
"220_Split_Torrild",105.85,"b","nitrogen:appl:var","Acc_Percipitation","61
87",2021
"176_Combined_Alves",105.845,"b","nitrogen:appl:var","Acc_Percipitation","61
87",2021
"176_Combined_Pionier",105.845,"b","nitrogen:appl:var","Acc_Percipitation","61
87",2021
"176_Split_Apertus",105.845,"b","nitrogen:appl:var","Acc_Percipitation","61
87",2021
"176_Split_Esket",105.845,"b","nitrogen:appl:var","Acc_Percipitation","61
87",2021
"220_Combined_Alves",105.845,"b","nitrogen:appl:var","Acc_Percipitation","61
87",2021
"176_Split_Alves",105.82,"b","nitrogen:appl:var","Acc_Percipitation","61
87",2021
"220_Combined_Late_Capone",112.93,"a","nitrogen:appl:timeid:var","Acc_Percipitation","61
87",2021
"220_Split_Late_Apertus",110.596666666667,"ab","nitrogen:appl:timeid:var","Acc_Percipitation","61
87",2021
"220_Split_Late_Pionier",110.596666666667,"ab","nitrogen:appl:timeid:var","Acc_Percipitation","61
87",2021
"220_Combined_Early_Pionier",110.586666666667,"abc","nitrogen:appl:timeid:var","Acc_Percipitation","61
87",2021
"220_Combined_Late_Pionier",110.586666666667,"abc","nitrogen:appl:timeid:var","Acc_Percipitation","61
87",2021
"176_Combined_Late_Apertus",110.576666666667,"abc","nitrogen:appl:timeid:var","Acc_Percipitation","61
87",2021
"220_Split_Early_Capone",110.576666666667,"abc","nitrogen:appl:timeid:var","Acc_Percipitation","61
87",2021
"220_Split_Late_Capone",110.576666666667,"abc","nitrogen:appl:timeid:var","Acc_Percipitation","61
87",2021
"176_Split_Late_Capone",110.566666666667,"abc","nitrogen:appl:timeid:var","Acc_Percipitation","61
87",2021
"220_Combined_Late_Esket",108.253333333333,"abc","nitrogen:appl:timeid:var","Acc_Percipitation","61
87",2021
"220_Combined_Early_Apertus",108.223333333333,"abc","nitrogen:appl:timeid:var","Acc_Percipitation","61
87",2021
"220_Combined_Early_Capone",108.223333333333,"abc","nitrogen:appl:timeid:var","Acc_Percipitation","61
87",2021
"220_Combined_Late_Apertus",108.223333333333,"abc","nitrogen:appl:timeid:var","Acc_Percipitation","61
87",2021
"176_Combined_Late_Capone",108.213333333333,"abc","nitrogen:appl:timeid:var","Acc_Percipitation","61
87",2021
"176_Split_Late_Pionier",108.203333333333,"abc","nitrogen:appl:timeid:var","Acc_Percipitation","61
87",2021
"176_Combined_Early_Esket",105.9,"bc","nitrogen:appl:timeid:var","Acc_Percipitation","61
87",2021
"220_Split_Early_Pionier",105.9,"bc","nitrogen:appl:timeid:var","Acc_Percipitation","61
87",2021
"220_Split_Early_Alves",105.89,"bc","nitrogen:appl:timeid:var","Acc_Percipitation","61
87",2021
"176_Combined_Early_Patras",105.88,"bc","nitrogen:appl:timeid:var","Acc_Percipitation","61
87",2021
"176_Combined_Early_Potenzial",105.88,"bc","nitrogen:appl:timeid:var","Acc_Percipitation","61
87",2021
"220_Split_Early_Patras",105.88,"bc","nitrogen:appl:timeid:var","Acc_Percipitation","61
87",2021
"220_Split_Early_Potenzial",105.88,"bc","nitrogen:appl:timeid:var","Acc_Percipitation","61
87",2021
"176_Combined_Early_Apertus",105.87,"bc","nitrogen:appl:timeid:var","Acc_Percipitation","61
87",2021
"176_Combined_Early_Torrild",105.87,"bc","nitrogen:appl:timeid:var","Acc_Percipitation","61
87",2021
"176_Split_Early_Patras",105.87,"bc","nitrogen:appl:timeid:var","Acc_Percipitation","61
87",2021
"176_Split_Early_Pionier",105.87,"bc","nitrogen:appl:timeid:var","Acc_Percipitation","61
87",2021
"176_Split_Early_Potenzial",105.87,"bc","nitrogen:appl:timeid:var","Acc_Percipitation","61
87",2021
"176_Split_Early_Torrild",105.87,"bc","nitrogen:appl:timeid:var","Acc_Percipitation","61
87",2021
"220_Combined_Early_Esket",105.87,"bc","nitrogen:appl:timeid:var","Acc_Percipitation","61
87",2021
"220_Combined_Early_Patras",105.87,"bc","nitrogen:appl:timeid:var","Acc_Percipitation","61
87",2021
"220_Combined_Late_Potenzial",105.87,"bc","nitrogen:appl:timeid:var","Acc_Percipitation","61
87",2021
"220_Split_Early_Apertus",105.87,"bc","nitrogen:appl:timeid:var","Acc_Percipitation","61
87",2021
"220_Split_Early_Esket",105.87,"bc","nitrogen:appl:timeid:var","Acc_Percipitation","61
87",2021
"176_Combined_Early_Capone",105.86,"bc","nitrogen:appl:timeid:var","Acc_Percipitation","61
87",2021
"176_Split_Early_Capone",105.86,"bc","nitrogen:appl:timeid:var","Acc_Percipitation","61
87",2021
"176_Split_Late_Potenzial",105.86,"bc","nitrogen:appl:timeid:var","Acc_Percipitation","61
87",2021
"220_Combined_Early_Potenzial",105.86,"bc","nitrogen:appl:timeid:var","Acc_Percipitation","61
87",2021
"220_Combined_Late_Torrild",105.86,"bc","nitrogen:appl:timeid:var","Acc_Percipitation","61
87",2021
"220_Split_Late_Esket",105.86,"bc","nitrogen:appl:timeid:var","Acc_Percipitation","61
87",2021
"220_Split_Late_Potenzial",105.86,"bc","nitrogen:appl:timeid:var","Acc_Percipitation","61
87",2021
"176_Combined_Early_Alves",105.85,"bc","nitrogen:appl:timeid:var","Acc_Percipitation","61
87",2021
"176_Combined_Late_Patras",105.85,"bc","nitrogen:appl:timeid:var","Acc_Percipitation","61
87",2021
"176_Combined_Late_Pionier",105.85,"bc","nitrogen:appl:timeid:var","Acc_Percipitation","61
87",2021
"176_Combined_Late_Potenzial",105.85,"bc","nitrogen:appl:timeid:var","Acc_Percipitation","61
87",2021
"176_Combined_Late_Torrild",105.85,"bc","nitrogen:appl:timeid:var","Acc_Percipitation","61
87",2021
"176_Split_Early_Apertus",105.85,"bc","nitrogen:appl:timeid:var","Acc_Percipitation","61
87",2021
"176_Split_Early_Esket",105.85,"bc","nitrogen:appl:timeid:var","Acc_Percipitation","61
87",2021
"220_Combined_Early_Alves",105.85,"bc","nitrogen:appl:timeid:var","Acc_Percipitation","61
87",2021
"220_Split_Early_Torrild",105.85,"bc","nitrogen:appl:timeid:var","Acc_Percipitation","61
87",2021
"220_Split_Late_Alves",105.85,"bc","nitrogen:appl:timeid:var","Acc_Percipitation","61
87",2021
"220_Split_Late_Patras",105.85,"bc","nitrogen:appl:timeid:var","Acc_Percipitation","61
87",2021
"220_Split_Late_Torrild",105.85,"bc","nitrogen:appl:timeid:var","Acc_Percipitation","61
87",2021
"176_Combined_Early_Pionier",105.84,"bc","nitrogen:appl:timeid:var","Acc_Percipitation","61
87",2021
"176_Combined_Late_Alves",105.84,"bc","nitrogen:appl:timeid:var","Acc_Percipitation","61
87",2021
"176_Split_Late_Alves",105.84,"bc","nitrogen:appl:timeid:var","Acc_Percipitation","61
87",2021
"176_Split_Late_Apertus",105.84,"bc","nitrogen:appl:timeid:var","Acc_Percipitation","61
87",2021
"176_Split_Late_Esket",105.84,"bc","nitrogen:appl:timeid:var","Acc_Percipitation","61
87",2021
"176_Split_Late_Patras",105.84,"bc","nitrogen:appl:timeid:var","Acc_Percipitation","61
87",2021
"176_Split_Late_Torrild",105.84,"bc","nitrogen:appl:timeid:var","Acc_Percipitation","61
87",2021
"220_Combined_Early_Torrild",105.84,"bc","nitrogen:appl:timeid:var","Acc_Percipitation","61
87",2021
"220_Combined_Late_Alves",105.84,"bc","nitrogen:appl:timeid:var","Acc_Percipitation","61
87",2021
"220_Combined_Late_Patras",105.84,"bc","nitrogen:appl:timeid:var","Acc_Percipitation","61
87",2021
"176_Combined_Late_Esket",105.83,"bc","nitrogen:appl:timeid:var","Acc_Percipitation","61
87",2021
"176_Split_Early_Alves",105.8,"c","nitrogen:appl:timeid:var","Acc_Percipitation","61
87",2021
"Capone",71.5245833333333,"a","var","Acc_Percipitation","77
87",2021
"Pionier",70.3341666666667,"ab","var","Acc_Percipitation","77
87",2021
"Apertus",70.0404166666667,"abc","var","Acc_Percipitation","77
87",2021
"Esket",68.5533333333333,"bc","var","Acc_Percipitation","77
87",2021
"Patras",68.2466666666667,"c","var","Acc_Percipitation","77
87",2021
"Potenzial",68.2466666666667,"c","var","Acc_Percipitation","77
87",2021
"Torrild",68.2408333333333,"c","var","Acc_Percipitation","77
87",2021
"Alves",68.2345833333333,"c","var","Acc_Percipitation","77
87",2021
"220_Capone",72.9941666666667,"a","nitrogen:var","Acc_Percipitation","77
87",2021
"220_Pionier",71.82,"ab","nitrogen:var","Acc_Percipitation","77
87",2021
"220_Apertus",70.6358333333333,"bc","nitrogen:var","Acc_Percipitation","77
87",2021
"176_Capone",70.055,"cd","nitrogen:var","Acc_Percipitation","77
87",2021
"176_Apertus",69.445,"cde","nitrogen:var","Acc_Percipitation","77
87",2021
"220_Esket",68.8566666666667,"de","nitrogen:var","Acc_Percipitation","77
87",2021
"176_Pionier",68.8483333333333,"de","nitrogen:var","Acc_Percipitation","77
87",2021
"220_Patras",68.255,"e","nitrogen:var","Acc_Percipitation","77
87",2021
"220_Alves",68.2508333333333,"e","nitrogen:var","Acc_Percipitation","77
87",2021
"176_Esket",68.25,"e","nitrogen:var","Acc_Percipitation","77
87",2021
"220_Potenzial",68.25,"e","nitrogen:var","Acc_Percipitation","77
87",2021
"176_Potenzial",68.2433333333333,"e","nitrogen:var","Acc_Percipitation","77
87",2021
"176_Torrild",68.2433333333333,"e","nitrogen:var","Acc_Percipitation","77
87",2021
"176_Patras",68.2383333333333,"e","nitrogen:var","Acc_Percipitation","77
87",2021
"220_Torrild",68.2383333333333,"e","nitrogen:var","Acc_Percipitation","77
87",2021
"176_Alves",68.2183333333333,"e","nitrogen:var","Acc_Percipitation","77
87",2021
"220_Combined_Pionier",72.9966666666667,"a","nitrogen:appl:var","Acc_Percipitation","77
87",2021
"220_Split_Capone",72.9966666666667,"a","nitrogen:appl:var","Acc_Percipitation","77
87",2021
"220_Combined_Capone",72.9916666666667,"a","nitrogen:appl:var","Acc_Percipitation","77
87",2021
"176_Split_Capone",70.6466666666667,"ab","nitrogen:appl:var","Acc_Percipitation","77
87",2021
"220_Split_Pionier",70.6433333333333,"ab","nitrogen:appl:var","Acc_Percipitation","77
87",2021
"220_Split_Apertus",70.6383333333333,"ab","nitrogen:appl:var","Acc_Percipitation","77
87",2021
"220_Combined_Apertus",70.6333333333333,"ab","nitrogen:appl:var","Acc_Percipitation","77
87",2021
"176_Combined_Apertus",70.6283333333333,"ab","nitrogen:appl:var","Acc_Percipitation","77
87",2021
"176_Combined_Capone",69.4633333333333,"b","nitrogen:appl:var","Acc_Percipitation","77
87",2021
"220_Combined_Esket",69.4516666666667,"b","nitrogen:appl:var","Acc_Percipitation","77
87",2021
"176_Split_Pionier",69.4416666666667,"b","nitrogen:appl:var","Acc_Percipitation","77
87",2021
"220_Split_Patras",68.275,"b","nitrogen:appl:var","Acc_Percipitation","77
87",2021
"176_Split_Apertus",68.2616666666667,"b","nitrogen:appl:var","Acc_Percipitation","77
87",2021
"220_Split_Alves",68.2616666666667,"b","nitrogen:appl:var","Acc_Percipitation","77
87",2021
"220_Split_Esket",68.2616666666667,"b","nitrogen:appl:var","Acc_Percipitation","77
87",2021
"176_Combined_Esket",68.255,"b","nitrogen:appl:var","Acc_Percipitation","77
87",2021
"176_Combined_Pionier",68.255,"b","nitrogen:appl:var","Acc_Percipitation","77
87",2021
"220_Split_Potenzial",68.255,"b","nitrogen:appl:var","Acc_Percipitation","77
87",2021
"176_Combined_Torrild",68.2466666666667,"b","nitrogen:appl:var","Acc_Percipitation","77
87",2021
"220_Split_Torrild",68.2466666666667,"b","nitrogen:appl:var","Acc_Percipitation","77
87",2021
"176_Split_Esket",68.245,"b","nitrogen:appl:var","Acc_Percipitation","77
87",2021
"176_Split_Potenzial",68.245,"b","nitrogen:appl:var","Acc_Percipitation","77
87",2021
"220_Combined_Potenzial",68.245,"b","nitrogen:appl:var","Acc_Percipitation","77
87",2021
"176_Combined_Potenzial",68.2416666666667,"b","nitrogen:appl:var","Acc_Percipitation","77
87",2021
"176_Combined_Patras",68.24,"b","nitrogen:appl:var","Acc_Percipitation","77
87",2021
"176_Split_Torrild",68.24,"b","nitrogen:appl:var","Acc_Percipitation","77
87",2021
"220_Combined_Alves",68.24,"b","nitrogen:appl:var","Acc_Percipitation","77
87",2021
"176_Split_Patras",68.2366666666667,"b","nitrogen:appl:var","Acc_Percipitation","77
87",2021
"220_Combined_Patras",68.235,"b","nitrogen:appl:var","Acc_Percipitation","77
87",2021
"176_Combined_Alves",68.23,"b","nitrogen:appl:var","Acc_Percipitation","77
87",2021
"220_Combined_Torrild",68.23,"b","nitrogen:appl:var","Acc_Percipitation","77
87",2021
"176_Split_Alves",68.2066666666667,"b","nitrogen:appl:var","Acc_Percipitation","77
87",2021
"220_Combined_Late_Capone",75.35,"a","nitrogen:appl:timeid:var","Acc_Percipitation","77
87",2021
"176_Split_Late_Capone",73,"ab","nitrogen:appl:timeid:var","Acc_Percipitation","77
87",2021
"220_Combined_Early_Pionier",72.9966666666667,"ab","nitrogen:appl:timeid:var","Acc_Percipitation","77
87",2021
"220_Combined_Late_Pionier",72.9966666666667,"ab","nitrogen:appl:timeid:var","Acc_Percipitation","77
87",2021
"220_Split_Early_Capone",72.9966666666667,"ab","nitrogen:appl:timeid:var","Acc_Percipitation","77
87",2021
"220_Split_Late_Apertus",72.9966666666667,"ab","nitrogen:appl:timeid:var","Acc_Percipitation","77
87",2021
"220_Split_Late_Capone",72.9966666666667,"ab","nitrogen:appl:timeid:var","Acc_Percipitation","77
87",2021
"220_Split_Late_Pionier",72.9966666666667,"ab","nitrogen:appl:timeid:var","Acc_Percipitation","77
87",2021
"176_Combined_Late_Apertus",72.9866666666667,"ab","nitrogen:appl:timeid:var","Acc_Percipitation","77
87",2021
"220_Combined_Late_Esket",70.6433333333333,"abc","nitrogen:appl:timeid:var","Acc_Percipitation","77
87",2021
"176_Combined_Late_Capone",70.6333333333333,"abc","nitrogen:appl:timeid:var","Acc_Percipitation","77
87",2021
"220_Combined_Early_Apertus",70.6333333333333,"abc","nitrogen:appl:timeid:var","Acc_Percipitation","77
87",2021
"220_Combined_Early_Capone",70.6333333333333,"abc","nitrogen:appl:timeid:var","Acc_Percipitation","77
87",2021
"220_Combined_Late_Apertus",70.6333333333333,"abc","nitrogen:appl:timeid:var","Acc_Percipitation","77
87",2021
"176_Split_Late_Pionier",70.6233333333333,"abc","nitrogen:appl:timeid:var","Acc_Percipitation","77
87",2021
"176_Combined_Early_Capone",68.2933333333333,"bc","nitrogen:appl:timeid:var","Acc_Percipitation","77
87",2021
"176_Split_Early_Capone",68.2933333333333,"bc","nitrogen:appl:timeid:var","Acc_Percipitation","77
87",2021
"220_Split_Early_Pionier",68.29,"bc","nitrogen:appl:timeid:var","Acc_Percipitation","77
87",2021
"220_Split_Early_Alves",68.2833333333333,"bc","nitrogen:appl:timeid:var","Acc_Percipitation","77
87",2021
"220_Split_Early_Apertus",68.28,"bc","nitrogen:appl:timeid:var","Acc_Percipitation","77
87",2021
"220_Split_Early_Patras",68.2766666666667,"bc","nitrogen:appl:timeid:var","Acc_Percipitation","77
87",2021
"220_Split_Late_Esket",68.2733333333333,"bc","nitrogen:appl:timeid:var","Acc_Percipitation","77
87",2021
"220_Split_Late_Patras",68.2733333333333,"bc","nitrogen:appl:timeid:var","Acc_Percipitation","77
87",2021
"176_Combined_Early_Apertus",68.27,"bc","nitrogen:appl:timeid:var","Acc_Percipitation","77
87",2021
"176_Combined_Late_Pionier",68.27,"bc","nitrogen:appl:timeid:var","Acc_Percipitation","77
87",2021
"176_Split_Late_Apertus",68.2633333333333,"bc","nitrogen:appl:timeid:var","Acc_Percipitation","77
87",2021
"176_Combined_Early_Esket",68.26,"bc","nitrogen:appl:timeid:var","Acc_Percipitation","77
87",2021
"176_Split_Early_Apertus",68.26,"bc","nitrogen:appl:timeid:var","Acc_Percipitation","77
87",2021
"176_Split_Early_Pionier",68.26,"bc","nitrogen:appl:timeid:var","Acc_Percipitation","77
87",2021
"176_Split_Late_Esket",68.26,"bc","nitrogen:appl:timeid:var","Acc_Percipitation","77
87",2021
"176_Split_Late_Potenzial",68.26,"bc","nitrogen:appl:timeid:var","Acc_Percipitation","77
87",2021
"220_Combined_Early_Esket",68.26,"bc","nitrogen:appl:timeid:var","Acc_Percipitation","77
87",2021
"220_Combined_Late_Potenzial",68.26,"bc","nitrogen:appl:timeid:var","Acc_Percipitation","77
87",2021
"220_Combined_Late_Torrild",68.26,"bc","nitrogen:appl:timeid:var","Acc_Percipitation","77
87",2021
"220_Split_Late_Potenzial",68.26,"bc","nitrogen:appl:timeid:var","Acc_Percipitation","77
87",2021
"176_Combined_Early_Potenzial",68.2533333333333,"bc","nitrogen:appl:timeid:var","Acc_Percipitation","77
87",2021
"176_Combined_Late_Esket",68.25,"bc","nitrogen:appl:timeid:var","Acc_Percipitation","77
87",2021
"176_Combined_Late_Torrild",68.25,"bc","nitrogen:appl:timeid:var","Acc_Percipitation","77
87",2021
"176_Split_Late_Torrild",68.25,"bc","nitrogen:appl:timeid:var","Acc_Percipitation","77
87",2021
"220_Split_Early_Esket",68.25,"bc","nitrogen:appl:timeid:var","Acc_Percipitation","77
87",2021
"220_Split_Early_Potenzial",68.25,"bc","nitrogen:appl:timeid:var","Acc_Percipitation","77
87",2021
"220_Split_Late_Torrild",68.25,"bc","nitrogen:appl:timeid:var","Acc_Percipitation","77
87",2021
"176_Combined_Early_Torrild",68.2433333333333,"bc","nitrogen:appl:timeid:var","Acc_Percipitation","77
87",2021
"176_Split_Early_Patras",68.2433333333333,"bc","nitrogen:appl:timeid:var","Acc_Percipitation","77
87",2021
"220_Split_Early_Torrild",68.2433333333333,"bc","nitrogen:appl:timeid:var","Acc_Percipitation","77
87",2021
"176_Combined_Early_Patras",68.24,"bc","nitrogen:appl:timeid:var","Acc_Percipitation","77
87",2021
"176_Combined_Early_Pionier",68.24,"bc","nitrogen:appl:timeid:var","Acc_Percipitation","77
87",2021
"176_Combined_Late_Patras",68.24,"bc","nitrogen:appl:timeid:var","Acc_Percipitation","77
87",2021
"220_Combined_Early_Alves",68.24,"bc","nitrogen:appl:timeid:var","Acc_Percipitation","77
87",2021
"220_Combined_Late_Alves",68.24,"bc","nitrogen:appl:timeid:var","Acc_Percipitation","77
87",2021
"220_Combined_Late_Patras",68.24,"bc","nitrogen:appl:timeid:var","Acc_Percipitation","77
87",2021
"220_Split_Late_Alves",68.24,"bc","nitrogen:appl:timeid:var","Acc_Percipitation","77
87",2021
"176_Combined_Early_Alves",68.23,"bc","nitrogen:appl:timeid:var","Acc_Percipitation","77
87",2021
"176_Combined_Late_Alves",68.23,"bc","nitrogen:appl:timeid:var","Acc_Percipitation","77
87",2021
"176_Combined_Late_Potenzial",68.23,"bc","nitrogen:appl:timeid:var","Acc_Percipitation","77
87",2021
"176_Split_Early_Esket",68.23,"bc","nitrogen:appl:timeid:var","Acc_Percipitation","77
87",2021
"176_Split_Early_Potenzial",68.23,"bc","nitrogen:appl:timeid:var","Acc_Percipitation","77
87",2021
"176_Split_Early_Torrild",68.23,"bc","nitrogen:appl:timeid:var","Acc_Percipitation","77
87",2021
"176_Split_Late_Alves",68.23,"bc","nitrogen:appl:timeid:var","Acc_Percipitation","77
87",2021
"176_Split_Late_Patras",68.23,"bc","nitrogen:appl:timeid:var","Acc_Percipitation","77
87",2021
"220_Combined_Early_Patras",68.23,"bc","nitrogen:appl:timeid:var","Acc_Percipitation","77
87",2021
"220_Combined_Early_Potenzial",68.23,"bc","nitrogen:appl:timeid:var","Acc_Percipitation","77
87",2021
"220_Combined_Early_Torrild",68.2,"c","nitrogen:appl:timeid:var","Acc_Percipitation","77
87",2021
"176_Split_Early_Alves",68.1833333333333,"c","nitrogen:appl:timeid:var","Acc_Percipitation","77
87",2021
"Capone",370.339583333333,"a","var","Acc_Percipitation","87",2021
"Pionier",369.154166666667,"ab","var","Acc_Percipitation","87",2021
"Apertus",368.85875,"abc","var","Acc_Percipitation","87",2021
"Esket",367.371666666667,"bc","var","Acc_Percipitation","87",2021
"Potenzial",367.065,"c","var","Acc_Percipitation","87",2021
"Patras",367.06,"c","var","Acc_Percipitation","87",2021
"Torrild",367.0575,"c","var","Acc_Percipitation","87",2021
"Alves",367.05125,"c","var","Acc_Percipitation","87",2021
"220_Capone",371.814166666667,"a","nitrogen:var","Acc_Percipitation","87",2021
"220_Pionier",370.64,"ab","nitrogen:var","Acc_Percipitation","87",2021
"220_Apertus",369.455833333333,"bc","nitrogen:var","Acc_Percipitation","87",2021
"176_Capone",368.865,"cd","nitrogen:var","Acc_Percipitation","87",2021
"176_Apertus",368.261666666667,"cde","nitrogen:var","Acc_Percipitation","87",2021
"220_Esket",367.673333333333,"de","nitrogen:var","Acc_Percipitation","87",2021
"176_Pionier",367.668333333333,"de","nitrogen:var","Acc_Percipitation","87",2021
"176_Esket",367.07,"e","nitrogen:var","Acc_Percipitation","87",2021
"220_Potenzial",367.07,"e","nitrogen:var","Acc_Percipitation","87",2021
"220_Alves",367.0675,"e","nitrogen:var","Acc_Percipitation","87",2021
"220_Patras",367.065,"e","nitrogen:var","Acc_Percipitation","87",2021
"176_Potenzial",367.06,"e","nitrogen:var","Acc_Percipitation","87",2021
"176_Torrild",367.06,"e","nitrogen:var","Acc_Percipitation","87",2021
"176_Patras",367.055,"e","nitrogen:var","Acc_Percipitation","87",2021
"220_Torrild",367.055,"e","nitrogen:var","Acc_Percipitation","87",2021
"176_Alves",367.035,"e","nitrogen:var","Acc_Percipitation","87",2021
"220_Combined_Pionier",371.816666666667,"a","nitrogen:appl:var","Acc_Percipitation","87",2021
"220_Split_Capone",371.816666666667,"a","nitrogen:appl:var","Acc_Percipitation","87",2021
"220_Combined_Capone",371.811666666667,"a","nitrogen:appl:var","Acc_Percipitation","87",2021
"220_Split_Pionier",369.463333333333,"ab","nitrogen:appl:var","Acc_Percipitation","87",2021
"220_Split_Apertus",369.458333333333,"ab","nitrogen:appl:var","Acc_Percipitation","87",2021
"176_Split_Capone",369.453333333333,"ab","nitrogen:appl:var","Acc_Percipitation","87",2021
"220_Combined_Apertus",369.453333333333,"ab","nitrogen:appl:var","Acc_Percipitation","87",2021
"176_Combined_Apertus",369.448333333333,"ab","nitrogen:appl:var","Acc_Percipitation","87",2021
"176_Combined_Capone",368.276666666667,"b","nitrogen:appl:var","Acc_Percipitation","87",2021
"220_Combined_Esket",368.271666666667,"b","nitrogen:appl:var","Acc_Percipitation","87",2021
"176_Split_Pionier",368.261666666667,"b","nitrogen:appl:var","Acc_Percipitation","87",2021
"176_Combined_Esket",367.075,"b","nitrogen:appl:var","Acc_Percipitation","87",2021
"176_Combined_Pionier",367.075,"b","nitrogen:appl:var","Acc_Percipitation","87",2021
"176_Split_Apertus",367.075,"b","nitrogen:appl:var","Acc_Percipitation","87",2021
"220_Split_Alves",367.075,"b","nitrogen:appl:var","Acc_Percipitation","87",2021
"220_Split_Esket",367.075,"b","nitrogen:appl:var","Acc_Percipitation","87",2021
"220_Split_Patras",367.075,"b","nitrogen:appl:var","Acc_Percipitation","87",2021
"220_Split_Potenzial",367.075,"b","nitrogen:appl:var","Acc_Percipitation","87",2021
"176_Split_Esket",367.065,"b","nitrogen:appl:var","Acc_Percipitation","87",2021
"176_Split_Potenzial",367.065,"b","nitrogen:appl:var","Acc_Percipitation","87",2021
"220_Combined_Potenzial",367.065,"b","nitrogen:appl:var","Acc_Percipitation","87",2021
"176_Combined_Patras",367.06,"b","nitrogen:appl:var","Acc_Percipitation","87",2021
"176_Combined_Torrild",367.06,"b","nitrogen:appl:var","Acc_Percipitation","87",2021
"176_Split_Torrild",367.06,"b","nitrogen:appl:var","Acc_Percipitation","87",2021
"220_Combined_Alves",367.06,"b","nitrogen:appl:var","Acc_Percipitation","87",2021
"220_Split_Torrild",367.06,"b","nitrogen:appl:var","Acc_Percipitation","87",2021
"176_Combined_Potenzial",367.055,"b","nitrogen:appl:var","Acc_Percipitation","87",2021
"220_Combined_Patras",367.055,"b","nitrogen:appl:var","Acc_Percipitation","87",2021
"176_Combined_Alves",367.05,"b","nitrogen:appl:var","Acc_Percipitation","87",2021
"176_Split_Patras",367.05,"b","nitrogen:appl:var","Acc_Percipitation","87",2021
"220_Combined_Torrild",367.05,"b","nitrogen:appl:var","Acc_Percipitation","87",2021
"176_Split_Alves",367.02,"b","nitrogen:appl:var","Acc_Percipitation","87",2021
"220_Combined_Early_Pionier",383.436666666667,"a","nitrogen:appl:timeid:var","Acc_Percipitation","87",2021
"220_Split_Early_Capone",383.436666666667,"a","nitrogen:appl:timeid:var","Acc_Percipitation","87",2021
"220_Combined_Early_Apertus",381.073333333333,"ab","nitrogen:appl:timeid:var","Acc_Percipitation","87",2021
"220_Combined_Early_Capone",381.073333333333,"ab","nitrogen:appl:timeid:var","Acc_Percipitation","87",2021
"220_Split_Early_Pionier",378.73,"ab","nitrogen:appl:timeid:var","Acc_Percipitation","87",2021
"176_Combined_Early_Capone",378.72,"ab","nitrogen:appl:timeid:var","Acc_Percipitation","87",2021
"176_Split_Early_Capone",378.72,"ab","nitrogen:appl:timeid:var","Acc_Percipitation","87",2021
"220_Split_Early_Apertus",378.72,"ab","nitrogen:appl:timeid:var","Acc_Percipitation","87",2021
"220_Split_Early_Alves",378.71,"ab","nitrogen:appl:timeid:var","Acc_Percipitation","87",2021
"176_Combined_Early_Apertus",378.71,"ab","nitrogen:appl:timeid:var","Acc_Percipitation","87",2021
"176_Combined_Early_Esket",378.7,"ab","nitrogen:appl:timeid:var","Acc_Percipitation","87",2021
"176_Split_Early_Apertus",378.7,"ab","nitrogen:appl:timeid:var","Acc_Percipitation","87",2021
"176_Split_Early_Pionier",378.7,"ab","nitrogen:appl:timeid:var","Acc_Percipitation","87",2021
"220_Combined_Early_Esket",378.7,"ab","nitrogen:appl:timeid:var","Acc_Percipitation","87",2021
"220_Split_Early_Esket",378.69,"ab","nitrogen:appl:timeid:var","Acc_Percipitation","87",2021
"220_Split_Early_Patras",378.69,"ab","nitrogen:appl:timeid:var","Acc_Percipitation","87",2021
"220_Split_Early_Potenzial",378.69,"ab","nitrogen:appl:timeid:var","Acc_Percipitation","87",2021
"176_Combined_Early_Patras",378.68,"ab","nitrogen:appl:timeid:var","Acc_Percipitation","87",2021
"176_Combined_Early_Pionier",378.68,"ab","nitrogen:appl:timeid:var","Acc_Percipitation","87",2021
"176_Combined_Early_Potenzial",378.68,"ab","nitrogen:appl:timeid:var","Acc_Percipitation","87",2021
"220_Combined_Early_Alves",378.68,"ab","nitrogen:appl:timeid:var","Acc_Percipitation","87",2021
"176_Combined_Early_Alves",378.67,"ab","nitrogen:appl:timeid:var","Acc_Percipitation","87",2021
"176_Combined_Early_Torrild",378.67,"ab","nitrogen:appl:timeid:var","Acc_Percipitation","87",2021
"176_Split_Early_Esket",378.67,"ab","nitrogen:appl:timeid:var","Acc_Percipitation","87",2021
"176_Split_Early_Patras",378.67,"ab","nitrogen:appl:timeid:var","Acc_Percipitation","87",2021
"176_Split_Early_Potenzial",378.67,"ab","nitrogen:appl:timeid:var","Acc_Percipitation","87",2021
"176_Split_Early_Torrild",378.67,"ab","nitrogen:appl:timeid:var","Acc_Percipitation","87",2021
"220_Combined_Early_Patras",378.67,"ab","nitrogen:appl:timeid:var","Acc_Percipitation","87",2021
"220_Combined_Early_Potenzial",378.67,"ab","nitrogen:appl:timeid:var","Acc_Percipitation","87",2021
"220_Split_Early_Torrild",378.67,"ab","nitrogen:appl:timeid:var","Acc_Percipitation","87",2021
"220_Combined_Early_Torrild",378.64,"b","nitrogen:appl:timeid:var","Acc_Percipitation","87",2021
"176_Split_Early_Alves",378.61,"b","nitrogen:appl:timeid:var","Acc_Percipitation","87",2021
"220_Combined_Late_Capone",362.55,"c","nitrogen:appl:timeid:var","Acc_Percipitation","87",2021
"220_Combined_Late_Pionier",360.196666666667,"cd","nitrogen:appl:timeid:var","Acc_Percipitation","87",2021
"220_Split_Late_Apertus",360.196666666667,"cd","nitrogen:appl:timeid:var","Acc_Percipitation","87",2021
"220_Split_Late_Capone",360.196666666667,"cd","nitrogen:appl:timeid:var","Acc_Percipitation","87",2021
"220_Split_Late_Pionier",360.196666666667,"cd","nitrogen:appl:timeid:var","Acc_Percipitation","87",2021
"176_Combined_Late_Apertus",360.186666666667,"cd","nitrogen:appl:timeid:var","Acc_Percipitation","87",2021
"176_Split_Late_Capone",360.186666666667,"cd","nitrogen:appl:timeid:var","Acc_Percipitation","87",2021
"220_Combined_Late_Esket",357.843333333333,"cd","nitrogen:appl:timeid:var","Acc_Percipitation","87",2021
"176_Combined_Late_Capone",357.833333333333,"cd","nitrogen:appl:timeid:var","Acc_Percipitation","87",2021
"220_Combined_Late_Apertus",357.833333333333,"cd","nitrogen:appl:timeid:var","Acc_Percipitation","87",2021
"176_Split_Late_Pionier",357.823333333333,"cd","nitrogen:appl:timeid:var","Acc_Percipitation","87",2021
"176_Combined_Late_Pionier",355.47,"d","nitrogen:appl:timeid:var","Acc_Percipitation","87",2021
"176_Split_Late_Esket",355.46,"d","nitrogen:appl:timeid:var","Acc_Percipitation","87",2021
"176_Split_Late_Potenzial",355.46,"d","nitrogen:appl:timeid:var","Acc_Percipitation","87",2021
"220_Combined_Late_Potenzial",355.46,"d","nitrogen:appl:timeid:var","Acc_Percipitation","87",2021
"220_Combined_Late_Torrild",355.46,"d","nitrogen:appl:timeid:var","Acc_Percipitation","87",2021
"220_Split_Late_Esket",355.46,"d","nitrogen:appl:timeid:var","Acc_Percipitation","87",2021
"220_Split_Late_Patras",355.46,"d","nitrogen:appl:timeid:var","Acc_Percipitation","87",2021
"220_Split_Late_Potenzial",355.46,"d","nitrogen:appl:timeid:var","Acc_Percipitation","87",2021
"176_Combined_Late_Esket",355.45,"d","nitrogen:appl:timeid:var","Acc_Percipitation","87",2021
"176_Combined_Late_Torrild",355.45,"d","nitrogen:appl:timeid:var","Acc_Percipitation","87",2021
"176_Split_Late_Apertus",355.45,"d","nitrogen:appl:timeid:var","Acc_Percipitation","87",2021
"176_Split_Late_Torrild",355.45,"d","nitrogen:appl:timeid:var","Acc_Percipitation","87",2021
"220_Split_Late_Torrild",355.45,"d","nitrogen:appl:timeid:var","Acc_Percipitation","87",2021
"176_Combined_Late_Patras",355.44,"d","nitrogen:appl:timeid:var","Acc_Percipitation","87",2021
"220_Combined_Late_Alves",355.44,"d","nitrogen:appl:timeid:var","Acc_Percipitation","87",2021
"220_Combined_Late_Patras",355.44,"d","nitrogen:appl:timeid:var","Acc_Percipitation","87",2021
"220_Split_Late_Alves",355.44,"d","nitrogen:appl:timeid:var","Acc_Percipitation","87",2021
"176_Combined_Late_Alves",355.43,"d","nitrogen:appl:timeid:var","Acc_Percipitation","87",2021
"176_Combined_Late_Potenzial",355.43,"d","nitrogen:appl:timeid:var","Acc_Percipitation","87",2021
"176_Split_Late_Alves",355.43,"d","nitrogen:appl:timeid:var","Acc_Percipitation","87",2021
"176_Split_Late_Patras",355.43,"d","nitrogen:appl:timeid:var","Acc_Percipitation","87",2021
"Patras",453.207165,"a","var","Acc_Radiation","13
23",2021
"Torrild",420.14004,"ab","var","Acc_Radiation","13
23",2021
"Apertus",392.491995,"bc","var","Acc_Radiation","13
23",2021
"Capone",388.004685,"bc","var","Acc_Radiation","13
23",2021
"Alves",386.765985,"bc","var","Acc_Radiation","13
23",2021
"Potenzial",386.637045,"bc","var","Acc_Radiation","13
23",2021
"Pionier",382.38219,"bc","var","Acc_Radiation","13
23",2021
"Esket",341.339025,"c","var","Acc_Radiation","13
23",2021
"Patras",740.13972,"a","var","Acc_Radiation","23",2021
"Torrild",706.33473,"ab","var","Acc_Radiation","23",2021
"Apertus",677.94882,"bc","var","Acc_Radiation","23",2021
"Capone",676.41297,"bc","var","Acc_Radiation","23",2021
"Potenzial",673.5696,"bc","var","Acc_Radiation","23",2021
"Alves",672.22281,"bc","var","Acc_Radiation","23",2021
"Pionier",668.57688,"bc","var","Acc_Radiation","23",2021
"Esket",627.6864,"c","var","Acc_Radiation","23",2021
"Apertus",580.99461,"a","var","Acc_Radiation","23
31",2021
"Pionier",541.88511,"ab","var","Acc_Radiation","23
31",2021
"Esket",501.21894,"b","var","Acc_Radiation","23
31",2021
"Capone",499.02309,"b","var","Acc_Radiation","23
31",2021
"Potenzial",486.35622,"b","var","Acc_Radiation","23
31",2021
"Alves",470.85762,"bc","var","Acc_Radiation","23
31",2021
"Patras",398.21568,"cd","var","Acc_Radiation","23
31",2021
"Torrild",388.16025,"d","var","Acc_Radiation","23
31",2021
"Apertus",1258.94343,"a","var","Acc_Radiation","31",2021
"Pionier",1210.46199,"ab","var","Acc_Radiation","31",2021
"Capone",1175.43606,"bc","var","Acc_Radiation","31",2021
"Potenzial",1159.92582,"bc","var","Acc_Radiation","31",2021
"Alves",1143.08043,"bc","var","Acc_Radiation","31",2021
"Patras",1138.3554,"bc","var","Acc_Radiation","31",2021
"Esket",1128.90534,"c","var","Acc_Radiation","31",2021
"Torrild",1094.49498,"c","var","Acc_Radiation","31",2021
"Torrild",545.659635,"a","var","Acc_Radiation","31
41",2021
"Esket",515.37537,"ab","var","Acc_Radiation","31
41",2021
"Capone",499.5249,"ab","var","Acc_Radiation","31
41",2021
"Alves",492.94809,"ab","var","Acc_Radiation","31
41",2021
"Pionier",487.662765,"ab","var","Acc_Radiation","31
41",2021
"Potenzial",484.885815,"ab","var","Acc_Radiation","31
41",2021
"Patras",459.271605,"b","var","Acc_Radiation","31
41",2021
"Apertus",458.95476,"b","var","Acc_Radiation","31
41",2021
"220_Split_Early_Apertus",598.6482,"a","nitrogen:appl:timeid:var","Acc_Radiation","31
41",2021
"176_Split_Early_Capone",584.26752,"ab","nitrogen:appl:timeid:var","Acc_Radiation","31
41",2021
"220_Split_Early_Pionier",569.88684,"abc","nitrogen:appl:timeid:var","Acc_Radiation","31
41",2021
"176_Split_Early_Patras",565.08912,"abc","nitrogen:appl:timeid:var","Acc_Radiation","31
41",2021
"176_Split_Early_Torrild",565.08912,"abc","nitrogen:appl:timeid:var","Acc_Radiation","31
41",2021
"220_Split_Early_Torrild",565.08912,"abc","nitrogen:appl:timeid:var","Acc_Radiation","31
41",2021
"176_Combined_Late_Torrild",555.50616,"abc","nitrogen:appl:timeid:var","Acc_Radiation","31
41",2021
"220_Split_Early_Capone",555.50616,"abc","nitrogen:appl:timeid:var","Acc_Radiation","31
41",2021
"176_Split_Late_Torrild",551.25876,"abc","nitrogen:appl:timeid:var","Acc_Radiation","31
41",2021
"176_Combined_Late_Esket",546.46728,"abc","nitrogen:appl:timeid:var","Acc_Radiation","31
41",2021
"220_Combined_Late_Torrild",546.46728,"abc","nitrogen:appl:timeid:var","Acc_Radiation","31
41",2021
"176_Combined_Late_Alves",532.0866,"abc","nitrogen:appl:timeid:var","Acc_Radiation","31
41",2021
"176_Combined_Late_Capone",532.0866,"abc","nitrogen:appl:timeid:var","Acc_Radiation","31
41",2021
"176_Split_Late_Esket",532.0866,"abc","nitrogen:appl:timeid:var","Acc_Radiation","31
41",2021
"220_Split_Late_Capone",532.0866,"abc","nitrogen:appl:timeid:var","Acc_Radiation","31
41",2021
"220_Split_Late_Esket",532.0866,"abc","nitrogen:appl:timeid:var","Acc_Radiation","31
41",2021
"176_Combined_Early_Torrild",532.08036,"abc","nitrogen:appl:timeid:var","Acc_Radiation","31
41",2021
"220_Combined_Early_Esket",532.08036,"abc","nitrogen:appl:timeid:var","Acc_Radiation","31
41",2021
"220_Combined_Early_Torrild",532.08036,"abc","nitrogen:appl:timeid:var","Acc_Radiation","31
41",2021
"176_Split_Early_Alves",527.28888,"abc","nitrogen:appl:timeid:var","Acc_Radiation","31
41",2021
"176_Split_Early_Esket",527.28888,"abc","nitrogen:appl:timeid:var","Acc_Radiation","31
41",2021
"220_Split_Early_Esket",527.28888,"abc","nitrogen:appl:timeid:var","Acc_Radiation","31
41",2021
"220_Split_Early_Potenzial",527.28888,"abc","nitrogen:appl:timeid:var","Acc_Radiation","31
41",2021
"176_Combined_Early_Potenzial",522.4974,"abc","nitrogen:appl:timeid:var","Acc_Radiation","31
41",2021
"176_Combined_Early_Pionier",517.70592,"abc","nitrogen:appl:timeid:var","Acc_Radiation","31
41",2021
"176_Split_Early_Pionier",517.70592,"abc","nitrogen:appl:timeid:var","Acc_Radiation","31
41",2021
"176_Split_Late_Potenzial",517.70592,"abc","nitrogen:appl:timeid:var","Acc_Radiation","31
41",2021
"220_Combined_Early_Pionier",517.70592,"abc","nitrogen:appl:timeid:var","Acc_Radiation","31
41",2021
"220_Split_Late_Torrild",517.70592,"abc","nitrogen:appl:timeid:var","Acc_Radiation","31
41",2021
"176_Split_Late_Alves",499.07784,"abc","nitrogen:appl:timeid:var","Acc_Radiation","31
41",2021
"220_Split_Late_Alves",499.07784,"abc","nitrogen:appl:timeid:var","Acc_Radiation","31
41",2021
"220_Split_Late_Potenzial",499.07784,"abc","nitrogen:appl:timeid:var","Acc_Radiation","31
41",2021
"220_Split_Early_Alves",494.28012,"abc","nitrogen:appl:timeid:var","Acc_Radiation","31
41",2021
"176_Combined_Early_Alves",489.48864,"abc","nitrogen:appl:timeid:var","Acc_Radiation","31
41",2021
"176_Combined_Early_Esket",489.48864,"abc","nitrogen:appl:timeid:var","Acc_Radiation","31
41",2021
"176_Split_Early_Potenzial",489.48864,"abc","nitrogen:appl:timeid:var","Acc_Radiation","31
41",2021
"176_Split_Late_Capone",483.60516,"abc","nitrogen:appl:timeid:var","Acc_Radiation","31
41",2021
"220_Combined_Late_Alves",483.60516,"abc","nitrogen:appl:timeid:var","Acc_Radiation","31
41",2021
"220_Combined_Late_Capone",469.22448,"abc","nitrogen:appl:timeid:var","Acc_Radiation","31
41",2021
"220_Combined_Late_Potenzial",469.22448,"abc","nitrogen:appl:timeid:var","Acc_Radiation","31
41",2021
"176_Combined_Late_Patras",466.06908,"abc","nitrogen:appl:timeid:var","Acc_Radiation","31
41",2021
"176_Split_Late_Apertus",463.88508,"abc","nitrogen:appl:timeid:var","Acc_Radiation","31
41",2021
"176_Split_Late_Pionier",463.88508,"abc","nitrogen:appl:timeid:var","Acc_Radiation","31
41",2021
"220_Combined_Late_Apertus",463.88508,"abc","nitrogen:appl:timeid:var","Acc_Radiation","31
41",2021
"176_Combined_Early_Patras",456.47988,"abc","nitrogen:appl:timeid:var","Acc_Radiation","31
41",2021
"220_Combined_Early_Patras",456.47988,"abc","nitrogen:appl:timeid:var","Acc_Radiation","31
41",2021
"220_Split_Early_Patras",456.47988,"abc","nitrogen:appl:timeid:var","Acc_Radiation","31
41",2021
"220_Combined_Early_Capone",451.6884,"abc","nitrogen:appl:timeid:var","Acc_Radiation","31
41",2021
"220_Combined_Early_Potenzial",451.6884,"abc","nitrogen:appl:timeid:var","Acc_Radiation","31
41",2021
"220_Combined_Late_Patras",451.6884,"abc","nitrogen:appl:timeid:var","Acc_Radiation","31
41",2021
"176_Combined_Late_Pionier",449.5044,"abc","nitrogen:appl:timeid:var","Acc_Radiation","31
41",2021
"176_Split_Early_Apertus",449.5044,"abc","nitrogen:appl:timeid:var","Acc_Radiation","31
41",2021
"220_Combined_Early_Apertus",449.5044,"abc","nitrogen:appl:timeid:var","Acc_Radiation","31
41",2021
"220_Split_Late_Pionier",449.5044,"abc","nitrogen:appl:timeid:var","Acc_Radiation","31
41",2021
"220_Combined_Late_Esket",436.21572,"abc","nitrogen:appl:timeid:var","Acc_Radiation","31
41",2021
"220_Combined_Early_Alves",418.67964,"abc","nitrogen:appl:timeid:var","Acc_Radiation","31
41",2021
"220_Split_Late_Patras",418.67964,"abc","nitrogen:appl:timeid:var","Acc_Radiation","31
41",2021
"176_Combined_Early_Apertus",415.40364,"abc","nitrogen:appl:timeid:var","Acc_Radiation","31
41",2021
"176_Combined_Late_Apertus",415.40364,"abc","nitrogen:appl:timeid:var","Acc_Radiation","31
41",2021
"220_Combined_Late_Pionier",415.40364,"abc","nitrogen:appl:timeid:var","Acc_Radiation","31
41",2021
"220_Split_Late_Apertus",415.40364,"abc","nitrogen:appl:timeid:var","Acc_Radiation","31
41",2021
"176_Split_Late_Patras",403.20696,"bc","nitrogen:appl:timeid:var","Acc_Radiation","31
41",2021
"176_Combined_Late_Potenzial",402.11496,"bc","nitrogen:appl:timeid:var","Acc_Radiation","31
41",2021
"176_Combined_Early_Capone",387.73428,"c","nitrogen:appl:timeid:var","Acc_Radiation","31
41",2021
"Torrild",792.44373,"a","var","Acc_Radiation","31
61",2021
"Capone",770.65935,"a","var","Acc_Radiation","31
61",2021
"Esket",770.565645,"a","var","Acc_Radiation","31
61",2021
"Alves",744.05358,"ab","var","Acc_Radiation","31
61",2021
"Patras",741.51966,"ab","var","Acc_Radiation","31
61",2021
"Potenzial",717.030465,"ab","var","Acc_Radiation","31
61",2021
"Pionier",709.73337,"ab","var","Acc_Radiation","31
61",2021
"Apertus",665.96103,"b","var","Acc_Radiation","31
61",2021
"220_Combined_Early_Esket",844.69608,"a","nitrogen:appl:timeid:var","Acc_Radiation","31
61",2021
"220_Split_Early_Torrild",834.88728,"a","nitrogen:appl:timeid:var","Acc_Radiation","31
61",2021
"176_Split_Early_Capone",825.6048,"ab","nitrogen:appl:timeid:var","Acc_Radiation","31
61",2021
"220_Split_Early_Capone",825.6048,"ab","nitrogen:appl:timeid:var","Acc_Radiation","31
61",2021
"176_Split_Late_Torrild",806.7684,"abc","nitrogen:appl:timeid:var","Acc_Radiation","31
61",2021
"220_Split_Early_Apertus",806.7684,"abc","nitrogen:appl:timeid:var","Acc_Radiation","31
61",2021
"176_Combined_Early_Torrild",801.72828,"abc","nitrogen:appl:timeid:var","Acc_Radiation","31
61",2021
"176_Split_Early_Patras",801.72828,"abc","nitrogen:appl:timeid:var","Acc_Radiation","31
61",2021
"176_Split_Early_Torrild",801.72828,"abc","nitrogen:appl:timeid:var","Acc_Radiation","31
61",2021
"220_Combined_Early_Torrild",801.72828,"abc","nitrogen:appl:timeid:var","Acc_Radiation","31
61",2021
"176_Split_Early_Esket",792.57324,"abc","nitrogen:appl:timeid:var","Acc_Radiation","31
61",2021
"220_Split_Early_Alves",792.57324,"abc","nitrogen:appl:timeid:var","Acc_Radiation","31
61",2021
"220_Split_Early_Esket",792.57324,"abc","nitrogen:appl:timeid:var","Acc_Radiation","31
61",2021
"176_Combined_Late_Torrild",787.932,"abc","nitrogen:appl:timeid:var","Acc_Radiation","31
61",2021
"176_Combined_Late_Capone",787.80456,"abc","nitrogen:appl:timeid:var","Acc_Radiation","31
61",2021
"176_Combined_Late_Esket",787.80456,"abc","nitrogen:appl:timeid:var","Acc_Radiation","31
61",2021
"176_Split_Late_Esket",787.80456,"abc","nitrogen:appl:timeid:var","Acc_Radiation","31
61",2021
"220_Split_Late_Capone",787.80456,"abc","nitrogen:appl:timeid:var","Acc_Radiation","31
61",2021
"176_Split_Early_Alves",778.25064,"abc","nitrogen:appl:timeid:var","Acc_Radiation","31
61",2021
"220_Split_Early_Potenzial",778.25064,"abc","nitrogen:appl:timeid:var","Acc_Radiation","31
61",2021
"220_Split_Early_Pionier",769.0956,"abc","nitrogen:appl:timeid:var","Acc_Radiation","31
61",2021
"220_Combined_Early_Capone",768.96816,"abc","nitrogen:appl:timeid:var","Acc_Radiation","31
61",2021
"220_Combined_Early_Pionier",768.96816,"abc","nitrogen:appl:timeid:var","Acc_Radiation","31
61",2021
"220_Split_Late_Patras",768.96816,"abc","nitrogen:appl:timeid:var","Acc_Radiation","31
61",2021
"176_Combined_Early_Alves",754.773,"abc","nitrogen:appl:timeid:var","Acc_Radiation","31
61",2021
"220_Combined_Late_Torrild",754.64556,"abc","nitrogen:appl:timeid:var","Acc_Radiation","31
61",2021
"176_Combined_Early_Pionier",750.13176,"abc","nitrogen:appl:timeid:var","Acc_Radiation","31
61",2021
"176_Split_Late_Potenzial",750.13176,"abc","nitrogen:appl:timeid:var","Acc_Radiation","31
61",2021
"220_Combined_Late_Patras",750.13176,"abc","nitrogen:appl:timeid:var","Acc_Radiation","31
61",2021
"220_Split_Late_Esket",750.13176,"abc","nitrogen:appl:timeid:var","Acc_Radiation","31
61",2021
"220_Split_Late_Potenzial",750.13176,"abc","nitrogen:appl:timeid:var","Acc_Radiation","31
61",2021
"220_Split_Late_Torrild",750.13176,"abc","nitrogen:appl:timeid:var","Acc_Radiation","31
61",2021
"220_Split_Early_Patras",740.4504,"abc","nitrogen:appl:timeid:var","Acc_Radiation","31
61",2021
"176_Split_Late_Capone",739.32312,"abc","nitrogen:appl:timeid:var","Acc_Radiation","31
61",2021
"220_Combined_Late_Capone",739.32312,"abc","nitrogen:appl:timeid:var","Acc_Radiation","31
61",2021
"176_Combined_Late_Patras",735.80916,"abc","nitrogen:appl:timeid:var","Acc_Radiation","31
61",2021
"176_Combined_Late_Alves",731.29536,"abc","nitrogen:appl:timeid:var","Acc_Radiation","31
61",2021
"176_Split_Early_Pionier",731.29536,"abc","nitrogen:appl:timeid:var","Acc_Radiation","31
61",2021
"176_Split_Late_Alves",731.29536,"abc","nitrogen:appl:timeid:var","Acc_Radiation","31
61",2021
"220_Combined_Early_Alves",731.29536,"abc","nitrogen:appl:timeid:var","Acc_Radiation","31
61",2021
"220_Split_Late_Alves",731.29536,"abc","nitrogen:appl:timeid:var","Acc_Radiation","31
61",2021
"176_Combined_Early_Esket",726.1278,"abc","nitrogen:appl:timeid:var","Acc_Radiation","31
61",2021
"176_Combined_Early_Patras",726.1278,"abc","nitrogen:appl:timeid:var","Acc_Radiation","31
61",2021
"176_Combined_Early_Potenzial",726.1278,"abc","nitrogen:appl:timeid:var","Acc_Radiation","31
61",2021
"176_Split_Early_Potenzial",726.1278,"abc","nitrogen:appl:timeid:var","Acc_Radiation","31
61",2021
"220_Combined_Early_Patras",726.1278,"abc","nitrogen:appl:timeid:var","Acc_Radiation","31
61",2021
"220_Combined_Early_Potenzial",702.65016,"abc","nitrogen:appl:timeid:var","Acc_Radiation","31
61",2021
"220_Combined_Late_Alves",701.65032,"abc","nitrogen:appl:timeid:var","Acc_Radiation","31
61",2021
"176_Combined_Early_Capone",690.84168,"abc","nitrogen:appl:timeid:var","Acc_Radiation","31
61",2021
"176_Combined_Late_Pionier",690.84168,"abc","nitrogen:appl:timeid:var","Acc_Radiation","31
61",2021
"176_Split_Late_Pionier",690.84168,"abc","nitrogen:appl:timeid:var","Acc_Radiation","31
61",2021
"176_Split_Late_Patras",682.81392,"abc","nitrogen:appl:timeid:var","Acc_Radiation","31
61",2021
"220_Combined_Late_Esket",682.81392,"abc","nitrogen:appl:timeid:var","Acc_Radiation","31
61",2021
"220_Combined_Late_Potenzial",682.81392,"abc","nitrogen:appl:timeid:var","Acc_Radiation","31
61",2021
"176_Split_Early_Apertus",672.00528,"abc","nitrogen:appl:timeid:var","Acc_Radiation","31
61",2021
"176_Split_Late_Apertus",672.00528,"abc","nitrogen:appl:timeid:var","Acc_Radiation","31
61",2021
"220_Combined_Early_Apertus",672.00528,"abc","nitrogen:appl:timeid:var","Acc_Radiation","31
61",2021
"220_Combined_Late_Apertus",672.00528,"abc","nitrogen:appl:timeid:var","Acc_Radiation","31
61",2021
"220_Split_Late_Pionier",653.16888,"abc","nitrogen:appl:timeid:var","Acc_Radiation","31
61",2021
"176_Combined_Late_Apertus",623.52384,"bc","nitrogen:appl:timeid:var","Acc_Radiation","31
61",2021
"220_Combined_Late_Pionier",623.52384,"bc","nitrogen:appl:timeid:var","Acc_Radiation","31
61",2021
"176_Combined_Late_Potenzial",620.00988,"bc","nitrogen:appl:timeid:var","Acc_Radiation","31
61",2021
"176_Combined_Early_Apertus",604.68744,"c","nitrogen:appl:timeid:var","Acc_Radiation","31
61",2021
"220_Split_Late_Apertus",604.68744,"c","nitrogen:appl:timeid:var","Acc_Radiation","31
61",2021
"Apertus",1717.89819,"a","var","Acc_Radiation","41",2021
"Pionier",1698.124755,"ab","var","Acc_Radiation","41",2021
"Capone",1674.96096,"b","var","Acc_Radiation","41",2021
"Potenzial",1644.811635,"c","var","Acc_Radiation","41",2021
"Esket",1644.28071,"c","var","Acc_Radiation","41",2021
"Torrild",1640.154615,"c","var","Acc_Radiation","41",2021
"Alves",1636.02852,"c","var","Acc_Radiation","41",2021
"Patras",1597.627005,"d","var","Acc_Radiation","41",2021
"Early_Apertus",1744.12902,"a","timeid:var","Acc_Radiation","41",2021
"Early_Pionier",1711.77249,"ab","timeid:var","Acc_Radiation","41",2021
"Late_Apertus",1691.66736,"bc","timeid:var","Acc_Radiation","41",2021
"Early_Capone",1690.61109,"bc","timeid:var","Acc_Radiation","41",2021
"Late_Pionier",1684.47702,"bcd","timeid:var","Acc_Radiation","41",2021
"Late_Capone",1659.31083,"cde","timeid:var","Acc_Radiation","41",2021
"Late_Esket",1654.65381,"cdef","timeid:var","Acc_Radiation","41",2021
"Late_Torrild",1654.65381,"cdef","timeid:var","Acc_Radiation","41",2021
"Early_Potenzial",1650.41199,"def","timeid:var","Acc_Radiation","41",2021
"Late_Alves",1646.40162,"def","timeid:var","Acc_Radiation","41",2021
"Late_Potenzial",1639.21128,"ef","timeid:var","Acc_Radiation","41",2021
"Early_Esket",1633.90761,"ef","timeid:var","Acc_Radiation","41",2021
"Early_Alves",1625.65542,"ef","timeid:var","Acc_Radiation","41",2021
"Early_Torrild",1625.65542,"ef","timeid:var","Acc_Radiation","41",2021
"Early_Patras",1617.40323,"f","timeid:var","Acc_Radiation","41",2021
"Late_Patras",1577.85078,"g","timeid:var","Acc_Radiation","41",2021
"Patras",164.619795,"a","var","Acc_Radiation","41
51",2021
"Alves",148.05561,"ab","var","Acc_Radiation","41
51",2021
"Esket",139.80342,"ab","var","Acc_Radiation","41
51",2021
"Torrild",127.931865,"bc","var","Acc_Radiation","41
51",2021
"Potenzial",123.274845,"bc","var","Acc_Radiation","41
51",2021
"Capone",98.98872,"cd","var","Acc_Radiation","41
51",2021
"Pionier",77.511375,"d","var","Acc_Radiation","41
51",2021
"Apertus",74.6181900000001,"d","var","Acc_Radiation","41
51",2021
"Early_Alves",177.26916,"a","timeid:var","Acc_Radiation","41
51",2021
"Early_Patras",170.50059,"a","timeid:var","Acc_Radiation","41
51",2021
"Early_Esket",169.01697,"a","timeid:var","Acc_Radiation","41
51",2021
"Early_Torrild",165.57426,"a","timeid:var","Acc_Radiation","41
51",2021
"Late_Patras",158.739,"a","timeid:var","Acc_Radiation","41
51",2021
"Early_Potenzial",142.48839,"ab","timeid:var","Acc_Radiation","41
51",2021
"Late_Alves",118.84206,"bc","timeid:var","Acc_Radiation","41
51",2021
"Late_Esket",110.58987,"bcd","timeid:var","Acc_Radiation","41
51",2021
"Early_Capone",108.97209,"bcd","timeid:var","Acc_Radiation","41
51",2021
"Late_Potenzial",104.0613,"cde","timeid:var","Acc_Radiation","41
51",2021
"Late_Torrild",90.2894700000001,"cde","timeid:var","Acc_Radiation","41
51",2021
"Late_Capone",89.00535,"cde","timeid:var","Acc_Radiation","41
51",2021
"Early_Pionier",84.4692899999999,"cde","timeid:var","Acc_Radiation","41
51",2021
"Late_Apertus",80.3851200000001,"de","timeid:var","Acc_Radiation","41
51",2021
"Late_Pionier",70.5534600000001,"e","timeid:var","Acc_Radiation","41
51",2021
"Early_Apertus",68.8512600000001,"e","timeid:var","Acc_Radiation","41
51",2021
"Apertus",1792.51638,"a","var","Acc_Radiation","51",2021
"Alves",1784.08413,"ab","var","Acc_Radiation","51",2021
"Esket",1784.08413,"ab","var","Acc_Radiation","51",2021
"Pionier",1775.63613,"bc","var","Acc_Radiation","51",2021
"Capone",1773.94968,"bc","var","Acc_Radiation","51",2021
"Potenzial",1768.08648,"cd","var","Acc_Radiation","51",2021
"Torrild",1768.08648,"cd","var","Acc_Radiation","51",2021
"Patras",1762.2468,"d","var","Acc_Radiation","51",2021
"Early_Apertus",1812.98028,"a","timeid:var","Acc_Radiation","51",2021
"Early_Alves",1802.92458,"ab","timeid:var","Acc_Radiation","51",2021
"Early_Esket",1802.92458,"ab","timeid:var","Acc_Radiation","51",2021
"Early_Capone",1799.58318,"bc","timeid:var","Acc_Radiation","51",2021
"Early_Pionier",1796.24178,"bcd","timeid:var","Acc_Radiation","51",2021
"Early_Potenzial",1792.90038,"bcd","timeid:var","Acc_Radiation","51",2021
"Early_Torrild",1791.22968,"cd","timeid:var","Acc_Radiation","51",2021
"Early_Patras",1787.90382,"d","timeid:var","Acc_Radiation","51",2021
"Late_Apertus",1772.05248,"e","timeid:var","Acc_Radiation","51",2021
"Late_Alves",1765.24368,"ef","timeid:var","Acc_Radiation","51",2021
"Late_Esket",1765.24368,"ef","timeid:var","Acc_Radiation","51",2021
"Late_Pionier",1755.03048,"fg","timeid:var","Acc_Radiation","51",2021
"Late_Capone",1748.31618,"gh","timeid:var","Acc_Radiation","51",2021
"Late_Torrild",1744.94328,"ghi","timeid:var","Acc_Radiation","51",2021
"Late_Potenzial",1743.27258,"hi","timeid:var","Acc_Radiation","51",2021
"Late_Patras",1736.58978,"i","timeid:var","Acc_Radiation","51",2021
"Capone",172.14573,"a","var","Acc_Radiation","51
61",2021
"Pionier",144.55923,"b","var","Acc_Radiation","51
61",2021
"Apertus",132.38808,"bc","var","Acc_Radiation","51
61",2021
"Torrild",118.85223,"cd","var","Acc_Radiation","51
61",2021
"Patras",117.62826,"cd","var","Acc_Radiation","51
61",2021
"Esket",115.386855,"cd","var","Acc_Radiation","51
61",2021
"Potenzial",108.869805,"d","var","Acc_Radiation","51
61",2021
"Alves",103.04988,"d","var","Acc_Radiation","51
61",2021
"Early_Capone",173.98368,"a","timeid:var","Acc_Radiation","51
61",2021
"Late_Capone",170.30778,"a","timeid:var","Acc_Radiation","51
61",2021
"Late_Pionier",149.46618,"ab","timeid:var","Acc_Radiation","51
61",2021
"Late_Torrild",141.84543,"ab","timeid:var","Acc_Radiation","51
61",2021
"Early_Apertus",141.75018,"ab","timeid:var","Acc_Radiation","51
61",2021
"Late_Patras",140.78073,"ab","timeid:var","Acc_Radiation","51
61",2021
"Early_Pionier",139.65228,"abc","timeid:var","Acc_Radiation","51
61",2021
"Late_Esket",129.83478,"bcd","timeid:var","Acc_Radiation","51
61",2021
"Late_Potenzial",124.67973,"bcde","timeid:var","Acc_Radiation","51
61",2021
"Late_Apertus",123.02598,"bcde","timeid:var","Acc_Radiation","51
61",2021
"Early_Alves",104.51958,"cde","timeid:var","Acc_Radiation","51
61",2021
"Late_Alves",101.58018,"de","timeid:var","Acc_Radiation","51
61",2021
"Early_Esket",100.93893,"de","timeid:var","Acc_Radiation","51
61",2021
"Early_Torrild",95.8590300000002,"de","timeid:var","Acc_Radiation","51
61",2021
"Early_Patras",94.4757900000002,"de","timeid:var","Acc_Radiation","51
61",2021
"Early_Potenzial",93.0598800000001,"e","timeid:var","Acc_Radiation","51
61",2021
"Capone",1946.09541,"a","var","Acc_Radiation","61",2021
"Apertus",1924.90446,"ab","var","Acc_Radiation","61",2021
"Pionier",1920.19536,"bc","var","Acc_Radiation","61",2021
"Esket",1899.470985,"cd","var","Acc_Radiation","61",2021
"Alves",1887.13401,"de","var","Acc_Radiation","61",2021
"Torrild",1886.93871,"de","var","Acc_Radiation","61",2021
"Patras",1879.87506,"de","var","Acc_Radiation","61",2021
"Potenzial",1876.956285,"e","var","Acc_Radiation","61",2021
"Early_Capone",1973.56686,"a","timeid:var","Acc_Radiation","61",2021
"Early_Apertus",1954.73046,"ab","timeid:var","Acc_Radiation","61",2021
"Early_Pionier",1935.89406,"abc","timeid:var","Acc_Radiation","61",2021
"Late_Capone",1918.62396,"bcd","timeid:var","Acc_Radiation","61",2021
"Early_Alves",1907.44416,"cde","timeid:var","Acc_Radiation","61",2021
"Late_Pionier",1904.49666,"cdef","timeid:var","Acc_Radiation","61",2021
"Early_Esket",1903.86351,"cdef","timeid:var","Acc_Radiation","61",2021
"Late_Apertus",1895.07846,"def","timeid:var","Acc_Radiation","61",2021
"Late_Esket",1895.07846,"def","timeid:var","Acc_Radiation","61",2021
"Early_Torrild",1887.08871,"def","timeid:var","Acc_Radiation","61",2021
"Late_Torrild",1886.78871,"def","timeid:var","Acc_Radiation","61",2021
"Early_Potenzial",1885.96026,"def","timeid:var","Acc_Radiation","61",2021
"Early_Patras",1882.37961,"def","timeid:var","Acc_Radiation","61",2021
"Late_Patras",1877.37051,"ef","timeid:var","Acc_Radiation","61",2021
"Late_Potenzial",1867.95231,"f","timeid:var","Acc_Radiation","61",2021
"Late_Alves",1866.82386,"f","timeid:var","Acc_Radiation","61",2021
"Potenzial",196.39401,"a","var","Acc_Radiation","61
71",2021
"Patras",180.499125,"ab","var","Acc_Radiation","61
71",2021
"Esket",177.113625,"ab","var","Acc_Radiation","61
71",2021
"Torrild",170.24001,"ab","var","Acc_Radiation","61
71",2021
"Alves",168.953655,"ab","var","Acc_Radiation","61
71",2021
"Pionier",157.480305,"abc","var","Acc_Radiation","61
71",2021
"Apertus",140.905575,"bc","var","Acc_Radiation","61
71",2021
"Capone",116.48031,"c","var","Acc_Radiation","61
71",2021
"Combined_Potenzial",208.30986,"a","appl:var","Acc_Radiation","61
71",2021
"Combined_Esket",185.58387,"ab","appl:var","Acc_Radiation","61
71",2021
"Split_Patras",184.47816,"ab","appl:var","Acc_Radiation","61
71",2021
"Split_Potenzial",184.47816,"ab","appl:var","Acc_Radiation","61
71",2021
"Split_Alves",180.30528,"ab","appl:var","Acc_Radiation","61
71",2021
"Combined_Patras",176.52009,"ab","appl:var","Acc_Radiation","61
71",2021
"Combined_Torrild",176.17521,"ab","appl:var","Acc_Radiation","61
71",2021
"Split_Esket",168.64338,"abc","appl:var","Acc_Radiation","61
71",2021
"Split_Torrild",164.30481,"bc","appl:var","Acc_Radiation","61
71",2021
"Split_Pionier",163.66419,"bc","appl:var","Acc_Radiation","61
71",2021
"Combined_Alves",157.60203,"bcd","appl:var","Acc_Radiation","61
71",2021
"Combined_Apertus",151.719,"bcde","appl:var","Acc_Radiation","61
71",2021
"Combined_Pionier",151.29642,"bcde","appl:var","Acc_Radiation","61
71",2021
"Split_Apertus",130.09215,"cde","appl:var","Acc_Radiation","61
71",2021
"Combined_Capone",117.76323,"de","appl:var","Acc_Radiation","61
71",2021
"Split_Capone",115.19739,"e","appl:var","Acc_Radiation","61
71",2021
"Early_Potenzial",216.12498,"a","timeid:var","Acc_Radiation","61
71",2021
"Early_Patras",206.72952,"ab","timeid:var","Acc_Radiation","61
71",2021
"Early_Esket",202.5471,"ab","timeid:var","Acc_Radiation","61
71",2021
"Early_Torrild",193.44738,"ab","timeid:var","Acc_Radiation","61
71",2021
"Early_Alves",179.56056,"bc","timeid:var","Acc_Radiation","61
71",2021
"Early_Pionier",177.02403,"bcd","timeid:var","Acc_Radiation","61
71",2021
"Late_Potenzial",176.66304,"bcd","timeid:var","Acc_Radiation","61
71",2021
"Late_Alves",158.34675,"cde","timeid:var","Acc_Radiation","61
71",2021
"Late_Patras",154.26873,"cde","timeid:var","Acc_Radiation","61
71",2021
"Late_Esket",151.68015,"cdef","timeid:var","Acc_Radiation","61
71",2021
"Late_Torrild",147.03264,"cdef","timeid:var","Acc_Radiation","61
71",2021
"Early_Apertus",145.21152,"defg","timeid:var","Acc_Radiation","61
71",2021
"Late_Pionier",137.93658,"efg","timeid:var","Acc_Radiation","61
71",2021
"Late_Apertus",136.59963,"efg","timeid:var","Acc_Radiation","61
71",2021
"Early_Capone",119.90649,"fg","timeid:var","Acc_Radiation","61
71",2021
"Late_Capone",113.05413,"g","timeid:var","Acc_Radiation","61
71",2021
"Capone",719.09589,"a","var","Acc_Radiation","61
87",2021
"Pionier",718.60296,"a","var","Acc_Radiation","61
87",2021
"Apertus",705.98289,"ab","var","Acc_Radiation","61
87",2021
"Esket",689.126115,"ab","var","Acc_Radiation","61
87",2021
"Potenzial",688.09917,"ab","var","Acc_Radiation","61
87",2021
"Patras",677.53602,"ab","var","Acc_Radiation","61
87",2021
"Torrild",671.89569,"b","var","Acc_Radiation","61
87",2021
"Alves",668.33193,"b","var","Acc_Radiation","61
87",2021
"220_Pionier",766.51572,"a","nitrogen:var","Acc_Radiation","61
87",2021
"220_Capone",742.74675,"ab","nitrogen:var","Acc_Radiation","61
87",2021
"220_Apertus",729.79113,"b","nitrogen:var","Acc_Radiation","61
87",2021
"220_Esket",713.93583,"bc","nitrogen:var","Acc_Radiation","61
87",2021
"176_Capone",695.44503,"cd","nitrogen:var","Acc_Radiation","61
87",2021
"220_Potenzial",690.37257,"cd","nitrogen:var","Acc_Radiation","61
87",2021
"176_Potenzial",685.82577,"cde","nitrogen:var","Acc_Radiation","61
87",2021
"176_Apertus",682.17465,"cde","nitrogen:var","Acc_Radiation","61
87",2021
"176_Patras",679.43673,"de","nitrogen:var","Acc_Radiation","61
87",2021
"220_Alves",678.94677,"de","nitrogen:var","Acc_Radiation","61
87",2021
"220_Patras",675.63531,"de","nitrogen:var","Acc_Radiation","61
87",2021
"176_Torrild",675.33759,"de","nitrogen:var","Acc_Radiation","61
87",2021
"176_Pionier",670.6902,"de","nitrogen:var","Acc_Radiation","61
87",2021
"220_Torrild",668.45379,"de","nitrogen:var","Acc_Radiation","61
87",2021
"176_Esket",664.3164,"de","nitrogen:var","Acc_Radiation","61
87",2021
"176_Alves",657.71709,"e","nitrogen:var","Acc_Radiation","61
87",2021
"176_Pionier",2087.41746,"a","nitrogen:var","Acc_Radiation","71",2021
"176_Esket",2076.58461,"ab","nitrogen:var","Acc_Radiation","71",2021
"176_Potenzial",2076.58461,"ab","nitrogen:var","Acc_Radiation","71",2021
"220_Esket",2076.58461,"ab","nitrogen:var","Acc_Radiation","71",2021
"176_Apertus",2074.44135,"ab","nitrogen:var","Acc_Radiation","71",2021
"220_Potenzial",2070.11598,"abc","nitrogen:var","Acc_Radiation","71",2021
"176_Capone",2067.97272,"abc","nitrogen:var","Acc_Radiation","71",2021
"220_Pionier",2067.93387,"abc","nitrogen:var","Acc_Radiation","71",2021
"220_Torrild",2063.64735,"bc","nitrogen:var","Acc_Radiation","71",2021
"220_Patras",2061.46524,"bc","nitrogen:var","Acc_Radiation","71",2021
"176_Patras",2059.28313,"bc","nitrogen:var","Acc_Radiation","71",2021
"176_Alves",2057.17872,"bc","nitrogen:var","Acc_Radiation","71",2021
"220_Apertus",2057.17872,"bc","nitrogen:var","Acc_Radiation","71",2021
"220_Capone",2057.17872,"bc","nitrogen:var","Acc_Radiation","71",2021
"220_Alves",2054.99661,"bc","nitrogen:var","Acc_Radiation","71",2021
"176_Torrild",2050.71009,"c","nitrogen:var","Acc_Radiation","71",2021
"Capone",462.190695,"a","var","Acc_Radiation","77
87",2021
"Pionier",430.5324,"a","var","Acc_Radiation","77
87",2021
"Apertus",424.376535,"ab","var","Acc_Radiation","77
87",2021
"Esket",382.086285,"bc","var","Acc_Radiation","77
87",2021
"Potenzial",358.54464,"c","var","Acc_Radiation","77
87",2021
"Patras",356.16558,"c","var","Acc_Radiation","77
87",2021
"Torrild",354.07869,"c","var","Acc_Radiation","77
87",2021
"Alves",350.71023,"c","var","Acc_Radiation","77
87",2021
"220_Capone",478.22169,"a","nitrogen:var","Acc_Radiation","77
87",2021
"220_Pionier",473.73606,"a","nitrogen:var","Acc_Radiation","77
87",2021
"220_Apertus",446.42967,"a","nitrogen:var","Acc_Radiation","77
87",2021
"176_Capone",446.1597,"a","nitrogen:var","Acc_Radiation","77
87",2021
"176_Apertus",402.3234,"b","nitrogen:var","Acc_Radiation","77
87",2021
"220_Esket",402.24933,"b","nitrogen:var","Acc_Radiation","77
87",2021
"176_Pionier",387.32874,"bc","nitrogen:var","Acc_Radiation","77
87",2021
"220_Alves",367.26027,"bcd","nitrogen:var","Acc_Radiation","77
87",2021
"220_Patras",366.06483,"bcd","nitrogen:var","Acc_Radiation","77
87",2021
"220_Potenzial",364.43391,"bcd","nitrogen:var","Acc_Radiation","77
87",2021
"176_Esket",361.92324,"cd","nitrogen:var","Acc_Radiation","77
87",2021
"176_Torrild",355.16604,"cd","nitrogen:var","Acc_Radiation","77
87",2021
"220_Torrild",352.99134,"cd","nitrogen:var","Acc_Radiation","77
87",2021
"176_Potenzial",352.65537,"cd","nitrogen:var","Acc_Radiation","77
87",2021
"176_Patras",346.26633,"d","nitrogen:var","Acc_Radiation","77
87",2021
"176_Alves",334.16019,"d","nitrogen:var","Acc_Radiation","77
87",2021
"220_Combined_Pionier",483.92688,"a","nitrogen:appl:var","Acc_Radiation","77
87",2021
"220_Split_Capone",483.92688,"a","nitrogen:appl:var","Acc_Radiation","77
87",2021
"220_Combined_Capone",472.5165,"ab","nitrogen:appl:var","Acc_Radiation","77
87",2021
"220_Split_Pionier",463.54524,"ab","nitrogen:appl:var","Acc_Radiation","77
87",2021
"176_Split_Capone",454.76532,"ab","nitrogen:appl:var","Acc_Radiation","77
87",2021
"220_Split_Apertus",452.13486,"ab","nitrogen:appl:var","Acc_Radiation","77
87",2021
"220_Combined_Apertus",440.72448,"abc","nitrogen:appl:var","Acc_Radiation","77
87",2021
"176_Combined_Capone",437.55408,"abcd","nitrogen:appl:var","Acc_Radiation","77
87",2021
"176_Combined_Apertus",429.3141,"bcde","nitrogen:appl:var","Acc_Radiation","77
87",2021
"220_Combined_Esket",424.14462,"bcdef","nitrogen:appl:var","Acc_Radiation","77
87",2021
"176_Split_Pionier",401.32386,"cdefg","nitrogen:appl:var","Acc_Radiation","77
87",2021
"220_Split_Patras",389.37354,"defgh","nitrogen:appl:var","Acc_Radiation","77
87",2021
"220_Split_Alves",385.37538,"efgh","nitrogen:appl:var","Acc_Radiation","77
87",2021
"220_Split_Esket",380.35404,"fghi","nitrogen:appl:var","Acc_Radiation","77
87",2021
"176_Split_Apertus",375.3327,"ghi","nitrogen:appl:var","Acc_Radiation","77
87",2021
"176_Combined_Pionier",373.33362,"ghi","nitrogen:appl:var","Acc_Radiation","77
87",2021
"220_Split_Potenzial",373.33362,"ghi","nitrogen:appl:var","Acc_Radiation","77
87",2021
"176_Combined_Esket",368.31228,"ghi","nitrogen:appl:var","Acc_Radiation","77
87",2021
"176_Combined_Torrild",356.16558,"ghi","nitrogen:appl:var","Acc_Radiation","77
87",2021
"220_Split_Torrild",356.16558,"ghi","nitrogen:appl:var","Acc_Radiation","77
87",2021
"176_Split_Esket",355.5342,"ghi","nitrogen:appl:var","Acc_Radiation","77
87",2021
"176_Split_Potenzial",355.5342,"ghi","nitrogen:appl:var","Acc_Radiation","77
87",2021
"220_Combined_Potenzial",355.5342,"ghi","nitrogen:appl:var","Acc_Radiation","77
87",2021
"176_Split_Torrild",354.1665,"ghi","nitrogen:appl:var","Acc_Radiation","77
87",2021
"220_Combined_Torrild",349.8171,"hi","nitrogen:appl:var","Acc_Radiation","77
87",2021
"176_Combined_Potenzial",349.77654,"hi","nitrogen:appl:var","Acc_Radiation","77
87",2021
"176_Combined_Patras",349.14516,"hi","nitrogen:appl:var","Acc_Radiation","77
87",2021
"220_Combined_Alves",349.14516,"hi","nitrogen:appl:var","Acc_Radiation","77
87",2021
"176_Split_Patras",343.3875,"hi","nitrogen:appl:var","Acc_Radiation","77
87",2021
"220_Combined_Patras",342.75612,"hi","nitrogen:appl:var","Acc_Radiation","77
87",2021
"176_Combined_Alves",336.36708,"i","nitrogen:appl:var","Acc_Radiation","77
87",2021
"176_Split_Alves",331.9533,"i","nitrogen:appl:var","Acc_Radiation","77
87",2021
"Capone",2665.1913,"a","var","Acc_Radiation","87",2021
"Pionier",2638.79832,"a","var","Acc_Radiation","87",2021
"Apertus",2630.88735,"a","var","Acc_Radiation","87",2021
"Esket",2588.5971,"b","var","Acc_Radiation","87",2021
"Potenzial",2565.055455,"b","var","Acc_Radiation","87",2021
"Torrild",2558.8344,"b","var","Acc_Radiation","87",2021
"Patras",2557.41108,"b","var","Acc_Radiation","87",2021
"Alves",2555.46594,"b","var","Acc_Radiation","87",2021
"220_Capone",2686.48761,"a","nitrogen:var","Acc_Radiation","87",2021
"220_Pionier",2682.00198,"ab","nitrogen:var","Acc_Radiation","87",2021
"220_Apertus",2654.69559,"bc","nitrogen:var","Acc_Radiation","87",2021
"176_Capone",2643.89499,"c","nitrogen:var","Acc_Radiation","87",2021
"176_Apertus",2607.07911,"d","nitrogen:var","Acc_Radiation","87",2021
"220_Esket",2607.00504,"d","nitrogen:var","Acc_Radiation","87",2021
"176_Pionier",2595.59466,"de","nitrogen:var","Acc_Radiation","87",2021
"220_Potenzial",2572.69983,"ef","nitrogen:var","Acc_Radiation","87",2021
"220_Alves",2572.01598,"ef","nitrogen:var","Acc_Radiation","87",2021
"176_Esket",2570.18916,"efg","nitrogen:var","Acc_Radiation","87",2021
"220_Patras",2563.80012,"fg","nitrogen:var","Acc_Radiation","87",2021
"176_Torrild",2559.92175,"fg","nitrogen:var","Acc_Radiation","87",2021
"220_Torrild",2557.74705,"fg","nitrogen:var","Acc_Radiation","87",2021
"176_Potenzial",2557.41108,"fg","nitrogen:var","Acc_Radiation","87",2021
"176_Patras",2551.02204,"fg","nitrogen:var","Acc_Radiation","87",2021
"176_Alves",2538.9159,"g","nitrogen:var","Acc_Radiation","87",2021
"220_Combined_Pionier",2692.1928,"a","nitrogen:appl:var","Acc_Radiation","87",2021
"220_Split_Capone",2692.1928,"a","nitrogen:appl:var","Acc_Radiation","87",2021
"220_Combined_Capone",2680.78242,"a","nitrogen:appl:var","Acc_Radiation","87",2021
"220_Split_Pionier",2671.81116,"a","nitrogen:appl:var","Acc_Radiation","87",2021
"220_Split_Apertus",2660.40078,"ab","nitrogen:appl:var","Acc_Radiation","87",2021
"176_Split_Capone",2648.9904,"ab","nitrogen:appl:var","Acc_Radiation","87",2021
"220_Combined_Apertus",2648.9904,"ab","nitrogen:appl:var","Acc_Radiation","87",2021
"176_Combined_Capone",2638.79958,"abc","nitrogen:appl:var","Acc_Radiation","87",2021
"176_Combined_Apertus",2637.58002,"abcd","nitrogen:appl:var","Acc_Radiation","87",2021
"220_Combined_Esket",2632.41054,"abcd","nitrogen:appl:var","Acc_Radiation","87",2021
"176_Split_Pionier",2609.58978,"bcde","nitrogen:appl:var","Acc_Radiation","87",2021
"220_Split_Alves",2586.62088,"cdef","nitrogen:appl:var","Acc_Radiation","87",2021
"176_Combined_Pionier",2581.59954,"cdef","nitrogen:appl:var","Acc_Radiation","87",2021
"220_Split_Esket",2581.59954,"cdef","nitrogen:appl:var","Acc_Radiation","87",2021
"220_Split_Potenzial",2581.59954,"cdef","nitrogen:appl:var","Acc_Radiation","87",2021
"176_Combined_Esket",2576.5782,"def","nitrogen:appl:var","Acc_Radiation","87",2021
"176_Split_Apertus",2576.5782,"def","nitrogen:appl:var","Acc_Radiation","87",2021
"220_Split_Patras",2576.5782,"def","nitrogen:appl:var","Acc_Radiation","87",2021
"176_Split_Esket",2563.80012,"ef","nitrogen:appl:var","Acc_Radiation","87",2021
"176_Split_Potenzial",2563.80012,"ef","nitrogen:appl:var","Acc_Radiation","87",2021
"220_Combined_Potenzial",2563.80012,"ef","nitrogen:appl:var","Acc_Radiation","87",2021
"176_Split_Torrild",2562.43242,"ef","nitrogen:appl:var","Acc_Radiation","87",2021
"220_Combined_Torrild",2558.08302,"ef","nitrogen:appl:var","Acc_Radiation","87",2021
"176_Combined_Patras",2557.41108,"ef","nitrogen:appl:var","Acc_Radiation","87",2021
"176_Combined_Torrild",2557.41108,"ef","nitrogen:appl:var","Acc_Radiation","87",2021
"220_Combined_Alves",2557.41108,"ef","nitrogen:appl:var","Acc_Radiation","87",2021
"220_Split_Torrild",2557.41108,"ef","nitrogen:appl:var","Acc_Radiation","87",2021
"176_Combined_Potenzial",2551.02204,"ef","nitrogen:appl:var","Acc_Radiation","87",2021
"220_Combined_Patras",2551.02204,"ef","nitrogen:appl:var","Acc_Radiation","87",2021
"176_Combined_Alves",2544.633,"f","nitrogen:appl:var","Acc_Radiation","87",2021
"176_Split_Patras",2544.633,"f","nitrogen:appl:var","Acc_Radiation","87",2021
"176_Split_Alves",2533.1988,"f","nitrogen:appl:var","Acc_Radiation","87",2021
"220_Early_Pionier",2701.63716,"a","nitrogen:timeid:var","Acc_Radiation","87",2021
"220_Early_Capone",2700.4176,"a","nitrogen:timeid:var","Acc_Radiation","87",2021
"220_Late_Capone",2672.55762,"ab","nitrogen:timeid:var","Acc_Radiation","87",2021
"220_Early_Apertus",2668.62558,"ab","nitrogen:timeid:var","Acc_Radiation","87",2021
"220_Late_Pionier",2662.3668,"abc","nitrogen:timeid:var","Acc_Radiation","87",2021
"176_Early_Capone",2658.43476,"abc","nitrogen:timeid:var","Acc_Radiation","87",2021
"220_Late_Apertus",2640.7656,"bcd","nitrogen:timeid:var","Acc_Radiation","87",2021
"176_Late_Capone",2629.35522,"bcde","nitrogen:timeid:var","Acc_Radiation","87",2021
"176_Early_Apertus",2624.20362,"bcdef","nitrogen:timeid:var","Acc_Radiation","87",2021
"220_Early_Alves",2616.44688,"cdefg","nitrogen:timeid:var","Acc_Radiation","87",2021
"220_Early_Esket",2611.42554,"cdefgh","nitrogen:timeid:var","Acc_Radiation","87",2021
"220_Late_Esket",2602.58454,"defghi","nitrogen:timeid:var","Acc_Radiation","87",2021
"176_Early_Pionier",2600.01516,"defghi","nitrogen:timeid:var","Acc_Radiation","87",2021
"176_Early_Esket",2593.62612,"defghij","nitrogen:timeid:var","Acc_Radiation","87",2021
"176_Late_Pionier",2591.17416,"defghijk","nitrogen:timeid:var","Acc_Radiation","87",2021
"176_Late_Apertus",2589.9546,"defghijk","nitrogen:timeid:var","Acc_Radiation","87",2021
"220_Early_Patras",2587.23708,"efghijk","nitrogen:timeid:var","Acc_Radiation","87",2021
"220_Early_Potenzial",2587.23708,"efghijk","nitrogen:timeid:var","Acc_Radiation","87",2021
"176_Early_Patras",2580.84804,"efghijkl","nitrogen:timeid:var","Acc_Radiation","87",2021
"176_Early_Potenzial",2580.84804,"efghijkl","nitrogen:timeid:var","Acc_Radiation","87",2021
"176_Early_Torrild",2574.459,"fghijklm","nitrogen:timeid:var","Acc_Radiation","87",2021
"220_Early_Torrild",2568.7419,"ghijklmn","nitrogen:timeid:var","Acc_Radiation","87",2021
"176_Early_Alves",2563.0248,"hijklmno","nitrogen:timeid:var","Acc_Radiation","87",2021
"220_Late_Potenzial",2558.16258,"ijklmno","nitrogen:timeid:var","Acc_Radiation","87",2021
"176_Late_Esket",2546.7522,"jklmno","nitrogen:timeid:var","Acc_Radiation","87",2021
"220_Late_Torrild",2546.7522,"jklmno","nitrogen:timeid:var","Acc_Radiation","87",2021
"176_Late_Torrild",2545.3845,"jklmno","nitrogen:timeid:var","Acc_Radiation","87",2021
"220_Late_Patras",2540.36316,"klmno","nitrogen:timeid:var","Acc_Radiation","87",2021
"176_Late_Potenzial",2533.97412,"lmno","nitrogen:timeid:var","Acc_Radiation","87",2021
"220_Late_Alves",2527.58508,"mno","nitrogen:timeid:var","Acc_Radiation","87",2021
"176_Late_Patras",2521.19604,"no","nitrogen:timeid:var","Acc_Radiation","87",2021
"176_Late_Alves",2514.807,"o","nitrogen:timeid:var","Acc_Radiation","87",2021
"Patras",108.12268798801,"a","var","Acc_TQ","13
23",2021
"Torrild",102.31101630169,"a","var","Acc_TQ","13
23",2021
"Apertus",96.18004386842,"ab","var","Acc_TQ","13
23",2021
"Alves",95.6863347386958,"ab","var","Acc_TQ","13
23",2021
"Capone",95.5113570435396,"ab","var","Acc_TQ","13
23",2021
"Potenzial",94.3656901735572,"ab","var","Acc_TQ","13
23",2021
"Pionier",93.3773355745016,"ab","var","Acc_TQ","13
23",2021
"Esket",82.8363932522989,"b","var","Acc_TQ","13
23",2021
"Early_Torrild",112.161555046451,"a","timeid:var","Acc_TQ","13
23",2021
"Early_Patras",108.140654273708,"a","timeid:var","Acc_TQ","13
23",2021
"Late_Patras",108.104721702312,"a","timeid:var","Acc_TQ","13
23",2021
"Late_Apertus",103.502004309357,"a","timeid:var","Acc_TQ","13
23",2021
"Early_Alves",97.5741375585643,"ab","timeid:var","Acc_TQ","13
23",2021
"Early_Potenzial",97.2119757874607,"ab","timeid:var","Acc_TQ","13
23",2021
"Early_Capone",95.7972024571371,"ab","timeid:var","Acc_TQ","13
23",2021
"Late_Capone",95.2255116299421,"ab","timeid:var","Acc_TQ","13
23",2021
"Late_Pionier",94.9603269357183,"ab","timeid:var","Acc_TQ","13
23",2021
"Late_Esket",94.0637166130511,"ab","timeid:var","Acc_TQ","13
23",2021
"Late_Alves",93.7985319188273,"ab","timeid:var","Acc_TQ","13
23",2021
"Late_Torrild",92.4604775569292,"ab","timeid:var","Acc_TQ","13
23",2021
"Early_Pionier",91.7943442132849,"ab","timeid:var","Acc_TQ","13
23",2021
"Late_Potenzial",91.5194045596536,"ab","timeid:var","Acc_TQ","13
23",2021
"Early_Apertus",88.8580834274832,"ab","timeid:var","Acc_TQ","13
23",2021
"Early_Esket",71.6090698915468,"b","timeid:var","Acc_TQ","13
23",2021
"Patras",178.178883463483,"a","var","Acc_TQ","23",2021
"Torrild",172.174535815642,"a","var","Acc_TQ","23",2021
"Capone",165.952904442053,"ab","var","Acc_TQ","23",2021
"Apertus",165.850887420851,"ab","var","Acc_TQ","23",2021
"Alves",165.357178291127,"ab","var","Acc_TQ","23",2021
"Potenzial",164.42188564903,"ab","var","Acc_TQ","23",2021
"Pionier",163.240855088453,"ab","var","Acc_TQ","23",2021
"Esket",152.813002212053,"b","var","Acc_TQ","23",2021
"Late_Patras",198.044638539655,"a","timeid:var","Acc_TQ","23",2021
"Late_Apertus",193.4419211467,"a","timeid:var","Acc_TQ","23",2021
"Late_Capone",185.165428467285,"ab","timeid:var","Acc_TQ","23",2021
"Late_Pionier",184.900243773061,"ab","timeid:var","Acc_TQ","23",2021
"Late_Esket",184.003633450394,"ab","timeid:var","Acc_TQ","23",2021
"Late_Alves",183.73844875617,"ab","timeid:var","Acc_TQ","23",2021
"Late_Torrild",182.400394394272,"ab","timeid:var","Acc_TQ","23",2021
"Late_Potenzial",181.459321396996,"ab","timeid:var","Acc_TQ","23",2021
"Early_Torrild",161.948677237012,"bc","timeid:var","Acc_TQ","23",2021
"Early_Patras",158.31312838731,"bc","timeid:var","Acc_TQ","23",2021
"Early_Potenzial",147.384449901063,"cd","timeid:var","Acc_TQ","23",2021
"Early_Alves",146.975907826083,"cd","timeid:var","Acc_TQ","23",2021
"Early_Capone",146.740380416822,"cd","timeid:var","Acc_TQ","23",2021
"Early_Pionier",141.581466403845,"cd","timeid:var","Acc_TQ","23",2021
"Early_Apertus",138.259853695002,"cd","timeid:var","Acc_TQ","23",2021
"Early_Esket",121.622370973712,"d","timeid:var","Acc_TQ","23",2021
"Apertus",87.8621339775097,"a","var","Acc_TQ","23
31",2021
"Esket",87.45835126441,"a","var","Acc_TQ","23
31",2021
"Pionier",85.6675363437758,"a","var","Acc_TQ","23
31",2021
"Capone",79.405106405681,"a","var","Acc_TQ","23
31",2021
"Potenzial",79.2405727416145,"a","var","Acc_TQ","23
31",2021
"Alves",76.5566357523223,"ab","var","Acc_TQ","23
31",2021
"Torrild",64.2113177810826,"b","var","Acc_TQ","23
31",2021
"Patras",63.1874437243045,"b","var","Acc_TQ","23
31",2021
"Apertus",253.713021398361,"a","var","Acc_TQ","31",2021
"Pionier",248.908391432229,"ab","var","Acc_TQ","31",2021
"Capone",245.358010847734,"abc","var","Acc_TQ","31",2021
"Potenzial",243.662458390644,"bcd","var","Acc_TQ","31",2021
"Alves",241.913814043449,"bcd","var","Acc_TQ","31",2021
"Patras",241.366327187787,"bcd","var","Acc_TQ","31",2021
"Esket",240.271353476463,"cd","var","Acc_TQ","31",2021
"Torrild",236.385853596725,"d","var","Acc_TQ","31",2021
"Torrild",49.1868631228282,"a","var","Acc_TQ","31
41",2021
"Esket",45.5811630557472,"ab","var","Acc_TQ","31
41",2021
"Alves",43.3791028634462,"abc","var","Acc_TQ","31
41",2021
"Capone",42.5465237063288,"abc","var","Acc_TQ","31
41",2021
"Potenzial",42.2830192877235,"abc","var","Acc_TQ","31
41",2021
"Patras",41.4079332180973,"bc","var","Acc_TQ","31
41",2021
"Pionier",40.3960585593078,"bc","var","Acc_TQ","31
41",2021
"Apertus",36.619041258928,"c","var","Acc_TQ","31
41",2021
"176_Split_Early_Patras",52.8890552831593,"a","nitrogen:appl:timeid:var","Acc_TQ","31
41",2021
"176_Split_Early_Torrild",52.8890552831593,"a","nitrogen:appl:timeid:var","Acc_TQ","31
41",2021
"220_Split_Early_Torrild",52.8890552831593,"a","nitrogen:appl:timeid:var","Acc_TQ","31
41",2021
"220_Split_Early_Apertus",50.848126593092,"ab","nitrogen:appl:timeid:var","Acc_TQ","31
41",2021
"176_Combined_Early_Torrild",50.650656781899,"ab","nitrogen:appl:timeid:var","Acc_TQ","31
41",2021
"220_Combined_Early_Esket",50.650656781899,"ab","nitrogen:appl:timeid:var","Acc_TQ","31
41",2021
"220_Combined_Early_Torrild",50.650656781899,"ab","nitrogen:appl:timeid:var","Acc_TQ","31
41",2021
"176_Split_Early_Capone",50.1007719270907,"ab","nitrogen:appl:timeid:var","Acc_TQ","31
41",2021
"220_Split_Early_Pionier",49.3534172610893,"ab","nitrogen:appl:timeid:var","Acc_TQ","31
41",2021
"176_Combined_Late_Torrild",48.606062595089,"ab","nitrogen:appl:timeid:var","Acc_TQ","31
41",2021
"220_Split_Early_Capone",48.606062595088,"ab","nitrogen:appl:timeid:var","Acc_TQ","31
41",2021
"176_Split_Early_Alves",48.5091604378633,"ab","nitrogen:appl:timeid:var","Acc_TQ","31
41",2021
"176_Split_Early_Esket",48.5091604378633,"ab","nitrogen:appl:timeid:var","Acc_TQ","31
41",2021
"220_Split_Early_Esket",48.5091604378633,"ab","nitrogen:appl:timeid:var","Acc_TQ","31
41",2021
"220_Split_Early_Potenzial",48.5091604378633,"ab","nitrogen:appl:timeid:var","Acc_TQ","31
41",2021
"176_Split_Late_Torrild",47.8623734258313,"ab","nitrogen:appl:timeid:var","Acc_TQ","31
41",2021
"176_Combined_Early_Potenzial",46.3676640938277,"ab","nitrogen:appl:timeid:var","Acc_TQ","31
41",2021
"220_Split_Early_Alves",46.270761936603,"ab","nitrogen:appl:timeid:var","Acc_TQ","31
41",2021
"176_Combined_Late_Esket",45.7208770817957,"ab","nitrogen:appl:timeid:var","Acc_TQ","31
41",2021
"220_Combined_Late_Torrild",45.7208770817957,"ab","nitrogen:appl:timeid:var","Acc_TQ","31
41",2021
"176_Combined_Late_Alves",44.9735224157943,"ab","nitrogen:appl:timeid:var","Acc_TQ","31
41",2021
"176_Combined_Late_Capone",44.9735224157943,"ab","nitrogen:appl:timeid:var","Acc_TQ","31
41",2021
"176_Split_Late_Esket",44.9735224157943,"ab","nitrogen:appl:timeid:var","Acc_TQ","31
41",2021
"220_Split_Late_Capone",44.9735224157943,"ab","nitrogen:appl:timeid:var","Acc_TQ","31
41",2021
"220_Split_Late_Esket",44.9735224157943,"ab","nitrogen:appl:timeid:var","Acc_TQ","31
41",2021
"176_Split_Late_Potenzial",44.226167749793,"ab","nitrogen:appl:timeid:var","Acc_TQ","31
41",2021
"220_Split_Late_Torrild",44.226167749793,"ab","nitrogen:appl:timeid:var","Acc_TQ","31
41",2021
"176_Combined_Early_Pionier",44.226167749792,"ab","nitrogen:appl:timeid:var","Acc_TQ","31
41",2021
"176_Split_Early_Pionier",44.226167749792,"ab","nitrogen:appl:timeid:var","Acc_TQ","31
41",2021
"220_Combined_Early_Pionier",44.226167749792,"ab","nitrogen:appl:timeid:var","Acc_TQ","31
41",2021
"176_Combined_Early_Alves",44.1292655925673,"ab","nitrogen:appl:timeid:var","Acc_TQ","31
41",2021
"176_Combined_Early_Esket",44.1292655925673,"ab","nitrogen:appl:timeid:var","Acc_TQ","31
41",2021
"176_Split_Early_Potenzial",44.1292655925673,"ab","nitrogen:appl:timeid:var","Acc_TQ","31
41",2021
"176_Split_Late_Alves",42.735123914534,"ab","nitrogen:appl:timeid:var","Acc_TQ","31
41",2021
"220_Split_Late_Alves",42.735123914534,"ab","nitrogen:appl:timeid:var","Acc_TQ","31
41",2021
"220_Split_Late_Potenzial",42.735123914534,"ab","nitrogen:appl:timeid:var","Acc_TQ","31
41",2021
"176_Combined_Early_Patras",41.890867091307,"ab","nitrogen:appl:timeid:var","Acc_TQ","31
41",2021
"220_Combined_Early_Patras",41.890867091307,"ab","nitrogen:appl:timeid:var","Acc_TQ","31
41",2021
"220_Split_Early_Patras",41.890867091307,"ab","nitrogen:appl:timeid:var","Acc_TQ","31
41",2021
"176_Combined_Late_Patras",40.4967254132737,"ab","nitrogen:appl:timeid:var","Acc_TQ","31
41",2021
"176_Split_Late_Capone",40.1688924496623,"ab","nitrogen:appl:timeid:var","Acc_TQ","31
41",2021
"220_Combined_Late_Alves",40.1688924496623,"ab","nitrogen:appl:timeid:var","Acc_TQ","31
41",2021
"220_Combined_Late_Patras",39.7493707472723,"ab","nitrogen:appl:timeid:var","Acc_TQ","31
41",2021
"220_Combined_Early_Capone",39.7493707472713,"ab","nitrogen:appl:timeid:var","Acc_TQ","31
41",2021
"220_Combined_Early_Potenzial",39.7493707472713,"ab","nitrogen:appl:timeid:var","Acc_TQ","31
41",2021
"220_Combined_Late_Capone",39.421537783661,"ab","nitrogen:appl:timeid:var","Acc_TQ","31
41",2021
"220_Combined_Late_Potenzial",39.421537783661,"ab","nitrogen:appl:timeid:var","Acc_TQ","31
41",2021
"220_Split_Late_Patras",37.510972246012,"ab","nitrogen:appl:timeid:var","Acc_TQ","31
41",2021
"220_Combined_Early_Alves",37.510972246011,"ab","nitrogen:appl:timeid:var","Acc_TQ","31
41",2021
"220_Combined_Late_Esket",37.1831392824007,"ab","nitrogen:appl:timeid:var","Acc_TQ","31
41",2021
"176_Split_Late_Apertus",36.858971815533,"ab","nitrogen:appl:timeid:var","Acc_TQ","31
41",2021
"176_Split_Late_Pionier",36.858971815533,"ab","nitrogen:appl:timeid:var","Acc_TQ","31
41",2021
"220_Combined_Late_Apertus",36.858971815533,"ab","nitrogen:appl:timeid:var","Acc_TQ","31
41",2021
"176_Combined_Late_Pionier",36.1116171495317,"ab","nitrogen:appl:timeid:var","Acc_TQ","31
41",2021
"220_Split_Late_Pionier",36.1116171495317,"ab","nitrogen:appl:timeid:var","Acc_TQ","31
41",2021
"176_Split_Early_Apertus",36.1116171495313,"ab","nitrogen:appl:timeid:var","Acc_TQ","31
41",2021
"220_Combined_Early_Apertus",36.1116171495313,"ab","nitrogen:appl:timeid:var","Acc_TQ","31
41",2021
"176_Split_Late_Patras",34.9447407811403,"ab","nitrogen:appl:timeid:var","Acc_TQ","31
41",2021
"176_Combined_Late_Potenzial",33.12586398227,"ab","nitrogen:appl:timeid:var","Acc_TQ","31
41",2021
"176_Combined_Early_Capone",32.3785093162683,"b","nitrogen:appl:timeid:var","Acc_TQ","31
41",2021
"176_Combined_Early_Apertus",32.054341849401,"b","nitrogen:appl:timeid:var","Acc_TQ","31
41",2021
"176_Combined_Late_Apertus",32.054341849401,"b","nitrogen:appl:timeid:var","Acc_TQ","31
41",2021
"220_Combined_Late_Pionier",32.054341849401,"b","nitrogen:appl:timeid:var","Acc_TQ","31
41",2021
"220_Split_Late_Apertus",32.054341849401,"b","nitrogen:appl:timeid:var","Acc_TQ","31
41",2021
"Torrild",62.7983744810745,"a","var","Acc_TQ","31
61",2021
"Esket",59.564267347457,"ab","var","Acc_TQ","31
61",2021
"Patras",57.4036849194555,"ab","var","Acc_TQ","31
61",2021
"Alves",57.1864309459467,"ab","var","Acc_TQ","31
61",2021
"Capone",57.1520423520975,"ab","var","Acc_TQ","31
61",2021
"Potenzial",54.9244658428162,"abc","var","Acc_TQ","31
61",2021
"Pionier",52.0828698755621,"bc","var","Acc_TQ","31
61",2021
"Apertus",47.5543838898016,"c","var","Acc_TQ","31
61",2021
"220_Combined_Early_Esket",68.42341238546,"a","nitrogen:appl:timeid:var","Acc_TQ","31
61",2021
"220_Split_Early_Torrild",68.039090601525,"a","nitrogen:appl:timeid:var","Acc_TQ","31
61",2021
"176_Combined_Early_Torrild",66.190065827331,"ab","nitrogen:appl:timeid:var","Acc_TQ","31
61",2021
"176_Split_Early_Patras",66.190065827331,"ab","nitrogen:appl:timeid:var","Acc_TQ","31
61",2021
"176_Split_Early_Torrild",66.190065827331,"ab","nitrogen:appl:timeid:var","Acc_TQ","31
61",2021
"220_Combined_Early_Torrild",66.190065827331,"ab","nitrogen:appl:timeid:var","Acc_TQ","31
61",2021
"176_Split_Early_Esket",63.2990686874543,"abc","nitrogen:appl:timeid:var","Acc_TQ","31
61",2021
"220_Split_Early_Alves",63.2990686874543,"abc","nitrogen:appl:timeid:var","Acc_TQ","31
61",2021
"220_Split_Early_Esket",63.2990686874543,"abc","nitrogen:appl:timeid:var","Acc_TQ","31
61",2021
"176_Split_Early_Capone",62.977350459321,"abc","nitrogen:appl:timeid:var","Acc_TQ","31
61",2021
"220_Split_Early_Capone",62.977350459321,"abc","nitrogen:appl:timeid:var","Acc_TQ","31
61",2021
"176_Split_Early_Alves",62.5546198347447,"abc","nitrogen:appl:timeid:var","Acc_TQ","31
61",2021
"220_Split_Early_Potenzial",62.5546198347447,"abc","nitrogen:appl:timeid:var","Acc_TQ","31
61",2021
"176_Split_Late_Torrild",61.872774537837,"abc","nitrogen:appl:timeid:var","Acc_TQ","31
61",2021
"220_Split_Early_Apertus",61.8727745378367,"abc","nitrogen:appl:timeid:var","Acc_TQ","31
61",2021
"176_Combined_Late_Torrild",60.768198616353,"abc","nitrogen:appl:timeid:var","Acc_TQ","31
61",2021
"220_Split_Early_Pionier",59.663622694868,"abc","nitrogen:appl:timeid:var","Acc_TQ","31
61",2021
"176_Combined_Early_Alves",58.9191738421583,"abc","nitrogen:appl:timeid:var","Acc_TQ","31
61",2021
"176_Combined_Late_Capone",58.597455614025,"abc","nitrogen:appl:timeid:var","Acc_TQ","31
61",2021
"176_Combined_Late_Esket",58.597455614025,"abc","nitrogen:appl:timeid:var","Acc_TQ","31
61",2021
"176_Split_Late_Esket",58.597455614025,"abc","nitrogen:appl:timeid:var","Acc_TQ","31
61",2021
"220_Split_Late_Capone",58.597455614025,"abc","nitrogen:appl:timeid:var","Acc_TQ","31
61",2021
"220_Split_Early_Patras",58.1747249894487,"abc","nitrogen:appl:timeid:var","Acc_TQ","31
61",2021
"220_Split_Late_Patras",57.492879692541,"abc","nitrogen:appl:timeid:var","Acc_TQ","31
61",2021
"220_Combined_Early_Capone",57.4928796925407,"abc","nitrogen:appl:timeid:var","Acc_TQ","31
61",2021
"220_Combined_Early_Pionier",57.4928796925407,"abc","nitrogen:appl:timeid:var","Acc_TQ","31
61",2021
"176_Combined_Early_Esket",57.430276136739,"abc","nitrogen:appl:timeid:var","Acc_TQ","31
61",2021
"176_Combined_Early_Patras",57.430276136739,"abc","nitrogen:appl:timeid:var","Acc_TQ","31
61",2021
"176_Combined_Early_Potenzial",57.430276136739,"abc","nitrogen:appl:timeid:var","Acc_TQ","31
61",2021
"176_Split_Early_Potenzial",57.430276136739,"abc","nitrogen:appl:timeid:var","Acc_TQ","31
61",2021
"220_Combined_Early_Patras",57.430276136739,"abc","nitrogen:appl:timeid:var","Acc_TQ","31
61",2021
"220_Combined_Late_Torrild",56.7484308398313,"abc","nitrogen:appl:timeid:var","Acc_TQ","31
61",2021
"176_Split_Late_Potenzial",56.388303771057,"abc","nitrogen:appl:timeid:var","Acc_TQ","31
61",2021
"220_Combined_Late_Patras",56.388303771057,"abc","nitrogen:appl:timeid:var","Acc_TQ","31
61",2021
"220_Split_Late_Esket",56.388303771057,"abc","nitrogen:appl:timeid:var","Acc_TQ","31
61",2021
"220_Split_Late_Potenzial",56.388303771057,"abc","nitrogen:appl:timeid:var","Acc_TQ","31
61",2021
"220_Split_Late_Torrild",56.388303771057,"abc","nitrogen:appl:timeid:var","Acc_TQ","31
61",2021
"176_Combined_Early_Pionier",56.3883037710563,"abc","nitrogen:appl:timeid:var","Acc_TQ","31
61",2021
"176_Combined_Late_Patras",55.6438549183473,"abc","nitrogen:appl:timeid:var","Acc_TQ","31
61",2021
"176_Combined_Late_Alves",55.283727849573,"abc","nitrogen:appl:timeid:var","Acc_TQ","31
61",2021
"176_Split_Late_Alves",55.283727849573,"abc","nitrogen:appl:timeid:var","Acc_TQ","31
61",2021
"220_Split_Late_Alves",55.283727849573,"abc","nitrogen:appl:timeid:var","Acc_TQ","31
61",2021
"176_Split_Early_Pionier",55.283727849572,"abc","nitrogen:appl:timeid:var","Acc_TQ","31
61",2021
"220_Combined_Early_Alves",55.283727849572,"abc","nitrogen:appl:timeid:var","Acc_TQ","31
61",2021
"220_Combined_Early_Potenzial",53.7948301441527,"abc","nitrogen:appl:timeid:var","Acc_TQ","31
61",2021
"176_Split_Late_Capone",53.792825647893,"abc","nitrogen:appl:timeid:var","Acc_TQ","31
61",2021
"220_Combined_Late_Capone",53.792825647893,"abc","nitrogen:appl:timeid:var","Acc_TQ","31
61",2021
"220_Combined_Late_Alves",51.583673804925,"abc","nitrogen:appl:timeid:var","Acc_TQ","31
61",2021
"176_Split_Late_Patras",50.479097883441,"abc","nitrogen:appl:timeid:var","Acc_TQ","31
61",2021
"220_Combined_Late_Esket",50.479097883441,"abc","nitrogen:appl:timeid:var","Acc_TQ","31
61",2021
"220_Combined_Late_Potenzial",50.479097883441,"abc","nitrogen:appl:timeid:var","Acc_TQ","31
61",2021
"176_Combined_Early_Capone",48.9881956817617,"abc","nitrogen:appl:timeid:var","Acc_TQ","31
61",2021
"176_Combined_Late_Pionier",48.988195681761,"abc","nitrogen:appl:timeid:var","Acc_TQ","31
61",2021
"176_Split_Late_Pionier",48.988195681761,"abc","nitrogen:appl:timeid:var","Acc_TQ","31
61",2021
"176_Split_Early_Apertus",47.8836197602773,"abc","nitrogen:appl:timeid:var","Acc_TQ","31
61",2021
"220_Combined_Early_Apertus",47.8836197602773,"abc","nitrogen:appl:timeid:var","Acc_TQ","31
61",2021
"176_Split_Late_Apertus",47.883619760277,"abc","nitrogen:appl:timeid:var","Acc_TQ","31
61",2021
"220_Combined_Late_Apertus",47.883619760277,"abc","nitrogen:appl:timeid:var","Acc_TQ","31
61",2021
"220_Split_Late_Pionier",46.779043838793,"abc","nitrogen:appl:timeid:var","Acc_TQ","31
61",2021
"176_Combined_Late_Potenzial",44.9300190645993,"bc","nitrogen:appl:timeid:var","Acc_TQ","31
61",2021
"176_Combined_Late_Apertus",43.078989794145,"c","nitrogen:appl:timeid:var","Acc_TQ","31
61",2021
"220_Combined_Late_Pionier",43.078989794145,"c","nitrogen:appl:timeid:var","Acc_TQ","31
61",2021
"176_Combined_Early_Apertus",41.9744138726613,"c","nitrogen:appl:timeid:var","Acc_TQ","31
61",2021
"220_Split_Late_Apertus",41.974413872661,"c","nitrogen:appl:timeid:var","Acc_TQ","31
61",2021
"Apertus",290.332062657289,"a","var","Acc_TQ","41",2021
"Pionier",289.304449991537,"ab","var","Acc_TQ","41",2021
"Capone",287.904534554063,"b","var","Acc_TQ","41",2021
"Potenzial",285.945477678367,"c","var","Acc_TQ","41",2021
"Esket",285.85251653221,"c","var","Acc_TQ","41",2021
"Torrild",285.572716719553,"c","var","Acc_TQ","41",2021
"Alves",285.292916906895,"c","var","Acc_TQ","41",2021
"Patras",282.774260405884,"d","var","Acc_TQ","41",2021
"Early_Apertus",292.827549116955,"a","timeid:var","Acc_TQ","41",2021
"Early_Pionier",291.146001118452,"ab","timeid:var","Acc_TQ","41",2021
"Early_Capone",289.654040909007,"bc","timeid:var","Acc_TQ","41",2021
"Late_Apertus",287.836576197622,"cd","timeid:var","Acc_TQ","41",2021
"Late_Pionier",287.462898864621,"cde","timeid:var","Acc_TQ","41",2021
"Early_Potenzial",287.041965074746,"def","timeid:var","Acc_TQ","41",2021
"Late_Capone",286.155028199119,"def","timeid:var","Acc_TQ","41",2021
"Early_Esket",285.922765824116,"def","timeid:var","Acc_TQ","41",2021
"Late_Esket",285.782267240304,"def","timeid:var","Acc_TQ","41",2021
"Late_Torrild",285.782267240304,"def","timeid:var","Acc_TQ","41",2021
"Early_Alves",285.363166198801,"ef","timeid:var","Acc_TQ","41",2021
"Early_Torrild",285.363166198801,"ef","timeid:var","Acc_TQ","41",2021
"Late_Alves",285.222667614989,"ef","timeid:var","Acc_TQ","41",2021
"Late_Potenzial",284.848990281989,"f","timeid:var","Acc_TQ","41",2021
"Early_Patras",284.803566573486,"f","timeid:var","Acc_TQ","41",2021
"Late_Patras",280.744954238283,"g","timeid:var","Acc_TQ","41",2021
"Patras",9.72538275711883,"a","var","Acc_TQ","41
51",2021
"Alves",8.46850431643138,"ab","var","Acc_TQ","41
51",2021
"Esket",7.9089046911163,"ab","var","Acc_TQ","41
51",2021
"Torrild",7.26070912981979,"b","var","Acc_TQ","41
51",2021
"Potenzial",6.887948171005,"bc","var","Acc_TQ","41
51",2021
"Capone",5.28011573719775,"cd","var","Acc_TQ","41
51",2021
"Pionier",3.97712742253789,"d","var","Acc_TQ","41
51",2021
"Apertus",3.91399418010602,"d","var","Acc_TQ","41
51",2021
"Early_Alves",10.4577415596282,"a","timeid:var","Acc_TQ","41
51",2021
"Early_Patras",10.1463379569452,"ab","timeid:var","Acc_TQ","41
51",2021
"Early_Esket",9.89814193431317,"ab","timeid:var","Acc_TQ","41
51",2021
"Early_Torrild",9.74570906621883,"ab","timeid:var","Acc_TQ","41
51",2021
"Late_Patras",9.30442755729242,"ab","timeid:var","Acc_TQ","41
51",2021
"Early_Potenzial",8.1686291179035,"bc","timeid:var","Acc_TQ","41
51",2021
"Late_Alves",6.47926707323451,"cd","timeid:var","Acc_TQ","41
51",2021
"Early_Capone",5.96342899416217,"cd","timeid:var","Acc_TQ","41
51",2021
"Late_Esket",5.91966744791942,"cde","timeid:var","Acc_TQ","41
51",2021
"Late_Potenzial",5.6072672241065,"def","timeid:var","Acc_TQ","41
51",2021
"Late_Torrild",4.77570919342075,"def","timeid:var","Acc_TQ","41
51",2021
"Late_Capone",4.59680248023334,"def","timeid:var","Acc_TQ","41
51",2021
"Early_Pionier",4.26803092945741,"def","timeid:var","Acc_TQ","41
51",2021
"Late_Apertus",4.23389976259102,"def","timeid:var","Acc_TQ","41
51",2021
"Late_Pionier",3.68622391561836,"ef","timeid:var","Acc_TQ","41
51",2021
"Early_Apertus",3.59408859762103,"f","timeid:var","Acc_TQ","41
51",2021
"Apertus",294.246056837395,"a","var","Acc_TQ","51",2021
"Alves",293.761421223327,"ab","var","Acc_TQ","51",2021
"Esket",293.761421223327,"ab","var","Acc_TQ","51",2021
"Pionier",293.281577414075,"bc","var","Acc_TQ","51",2021
"Capone",293.184650291261,"bc","var","Acc_TQ","51",2021
"Potenzial",292.833425849372,"cd","var","Acc_TQ","51",2021
"Torrild",292.833425849372,"cd","var","Acc_TQ","51",2021
"Patras",292.499643163003,"d","var","Acc_TQ","51",2021
"Early_Apertus",296.421637714576,"a","timeid:var","Acc_TQ","51",2021
"Early_Alves",295.820907758429,"b","timeid:var","Acc_TQ","51",2021
"Early_Esket",295.820907758429,"b","timeid:var","Acc_TQ","51",2021
"Early_Capone",295.61746990317,"bc","timeid:var","Acc_TQ","51",2021
"Early_Pionier",295.41403204791,"bcd","timeid:var","Acc_TQ","51",2021
"Early_Potenzial",295.21059419265,"cd","timeid:var","Acc_TQ","51",2021
"Early_Torrild",295.10887526502,"cd","timeid:var","Acc_TQ","51",2021
"Early_Patras",294.949904530431,"d","timeid:var","Acc_TQ","51",2021
"Late_Apertus",292.070475960213,"e","timeid:var","Acc_TQ","51",2021
"Late_Alves",291.701934688224,"ef","timeid:var","Acc_TQ","51",2021
"Late_Esket",291.701934688224,"ef","timeid:var","Acc_TQ","51",2021
"Late_Pionier",291.14912278024,"fg","timeid:var","Acc_TQ","51",2021
"Late_Capone",290.751830679352,"gh","timeid:var","Acc_TQ","51",2021
"Late_Torrild",290.557976433725,"hi","timeid:var","Acc_TQ","51",2021
"Late_Potenzial",290.456257506095,"hi","timeid:var","Acc_TQ","51",2021
"Late_Patras",290.049381795575,"i","timeid:var","Acc_TQ","51",2021
"Capone",9.325402908571,"a","var","Acc_TQ","51
61",2021
"Pionier",7.70968389371641,"b","var","Acc_TQ","51
61",2021
"Apertus",7.02134845076763,"bc","var","Acc_TQ","51
61",2021
"Torrild",6.35080222842653,"cd","var","Acc_TQ","51
61",2021
"Patras",6.27036894423933,"cd","var","Acc_TQ","51
61",2021
"Esket",6.07419960059341,"cd","var","Acc_TQ","51
61",2021
"Potenzial",5.75349838408775,"d","var","Acc_TQ","51
61",2021
"Alves",5.33882376606912,"d","var","Acc_TQ","51
61",2021
"Early_Capone",9.43683643264434,"a","timeid:var","Acc_TQ","51
61",2021
"Late_Capone",9.21396938449765,"a","timeid:var","Acc_TQ","51
61",2021
"Late_Pionier",7.98824534249732,"ab","timeid:var","Acc_TQ","51
61",2021
"Late_Torrild",7.56484753472158,"ab","timeid:var","Acc_TQ","51
61",2021
"Early_Apertus",7.52809269975326,"abc","timeid:var","Acc_TQ","51
61",2021
"Late_Patras",7.5211542121296,"abc","timeid:var","Acc_TQ","51
61",2021
"Early_Pionier",7.43112244493551,"abc","timeid:var","Acc_TQ","51
61",2021
"Late_Esket",6.88314547377133,"bcd","timeid:var","Acc_TQ","51
61",2021
"Late_Potenzial",6.56199054086759,"bcd","timeid:var","Acc_TQ","51
61",2021
"Late_Apertus",6.514604201782,"bcd","timeid:var","Acc_TQ","51
61",2021
"Early_Alves",5.45136594059291,"cd","timeid:var","Acc_TQ","51
61",2021
"Early_Esket",5.26525372741549,"d","timeid:var","Acc_TQ","51
61",2021
"Late_Alves",5.22628159154534,"d","timeid:var","Acc_TQ","51
61",2021
"Early_Torrild",5.13675692213148,"d","timeid:var","Acc_TQ","51
61",2021
"Early_Patras",5.01958367634907,"d","timeid:var","Acc_TQ","51
61",2021
"Early_Potenzial",4.9450062273079,"d","timeid:var","Acc_TQ","51
61",2021
"Capone",302.510053199832,"a","var","Acc_TQ","61",2021
"Apertus",301.267405288162,"b","var","Acc_TQ","61",2021
"Pionier",300.991261307791,"bc","var","Acc_TQ","61",2021
"Esket",299.83562082392,"cd","var","Acc_TQ","61",2021
"Torrild",299.184228077799,"de","var","Acc_TQ","61",2021
"Alves",299.100244989396,"de","var","Acc_TQ","61",2021
"Patras",298.770012107243,"de","var","Acc_TQ","61",2021
"Potenzial",298.58692423346,"e","var","Acc_TQ","61",2021
"Early_Capone",305.054306335814,"a","timeid:var","Acc_TQ","61",2021
"Early_Apertus",303.94973041433,"ab","timeid:var","Acc_TQ","61",2021
"Early_Pionier",302.845154492845,"bc","timeid:var","Acc_TQ","61",2021
"Early_Alves",301.272273699022,"cd","timeid:var","Acc_TQ","61",2021
"Early_Esket",301.086161485845,"cd","timeid:var","Acc_TQ","61",2021
"Early_Torrild",300.245632187152,"de","timeid:var","Acc_TQ","61",2021
"Early_Potenzial",300.155600419958,"de","timeid:var","Acc_TQ","61",2021
"Early_Patras",299.96948820678,"de","timeid:var","Acc_TQ","61",2021
"Late_Capone",299.96580006385,"de","timeid:var","Acc_TQ","61",2021
"Late_Pionier",299.137368122737,"def","timeid:var","Acc_TQ","61",2021
"Late_Apertus",298.585080161995,"efg","timeid:var","Acc_TQ","61",2021
"Late_Esket",298.585080161995,"efg","timeid:var","Acc_TQ","61",2021
"Late_Torrild",298.122823968447,"efg","timeid:var","Acc_TQ","61",2021
"Late_Patras",297.570536007705,"fg","timeid:var","Acc_TQ","61",2021
"Late_Potenzial",297.018248046963,"fg","timeid:var","Acc_TQ","61",2021
"Late_Alves",296.928216279769,"g","timeid:var","Acc_TQ","61",2021
"Potenzial",9.58673587691133,"a","var","Acc_TQ","61
71",2021
"Patras",8.86607146551554,"ab","var","Acc_TQ","61
71",2021
"Esket",8.46849180178855,"ab","var","Acc_TQ","61
71",2021
"Alves",8.37241288042354,"ab","var","Acc_TQ","61
71",2021
"Torrild",8.33716945588771,"ab","var","Acc_TQ","61
71",2021
"Pionier",7.36159098178492,"abc","var","Acc_TQ","61
71",2021
"Apertus",6.60449336580062,"bc","var","Acc_TQ","61
71",2021
"Capone",5.231392938794,"c","var","Acc_TQ","61
71",2021
"Early_Potenzial",10.6516451527132,"a","timeid:var","Acc_TQ","61
71",2021
"Early_Patras",10.3001808282771,"ab","timeid:var","Acc_TQ","61
71",2021
"Early_Esket",9.90027626603058,"abc","timeid:var","Acc_TQ","61
71",2021
"Early_Torrild",9.69718544202833,"abc","timeid:var","Acc_TQ","61
71",2021
"Early_Alves",8.93144896083141,"bcd","timeid:var","Acc_TQ","61
71",2021
"Late_Potenzial",8.5218266011095,"cde","timeid:var","Acc_TQ","61
71",2021
"Early_Pionier",8.41795476596983,"cdef","timeid:var","Acc_TQ","61
71",2021
"Late_Alves",7.81337680001566,"defg","timeid:var","Acc_TQ","61
71",2021
"Late_Patras",7.431962102754,"defg","timeid:var","Acc_TQ","61
71",2021
"Late_Esket",7.03670733754651,"efg","timeid:var","Acc_TQ","61
71",2021
"Late_Torrild",6.97715346974709,"fg","timeid:var","Acc_TQ","61
71",2021
"Early_Apertus",6.77580230687199,"gh","timeid:var","Acc_TQ","61
71",2021
"Late_Apertus",6.43318442472925,"ghi","timeid:var","Acc_TQ","61
71",2021
"Late_Pionier",6.30522719760001,"ghi","timeid:var","Acc_TQ","61
71",2021
"Early_Capone",5.41032135471374,"hi","timeid:var","Acc_TQ","61
71",2021
"Late_Capone",5.05246452287426,"i","timeid:var","Acc_TQ","61
71",2021
"Pionier",36.5285484652059,"a","var","Acc_TQ","61
87",2021
"Capone",36.3867119555857,"a","var","Acc_TQ","61
87",2021
"Apertus",35.8220605104337,"ab","var","Acc_TQ","61
87",2021
"Esket",35.0242627511354,"ab","var","Acc_TQ","61
87",2021
"Potenzial",35.007782427698,"ab","var","Acc_TQ","61
87",2021
"Patras",34.4121444811385,"ab","var","Acc_TQ","61
87",2021
"Torrild",34.0858898479508,"b","var","Acc_TQ","61
87",2021
"Alves",34.0044645536912,"b","var","Acc_TQ","61
87",2021
"220_Pionier",39.0992656545775,"a","nitrogen:var","Acc_TQ","61
87",2021
"220_Capone",37.6109053182665,"ab","nitrogen:var","Acc_TQ","61
87",2021
"220_Apertus",37.1050313259547,"b","nitrogen:var","Acc_TQ","61
87",2021
"220_Esket",36.4375287822205,"bc","nitrogen:var","Acc_TQ","61
87",2021
"176_Capone",35.1625185929049,"cd","nitrogen:var","Acc_TQ","61
87",2021
"220_Potenzial",35.141164180709,"cd","nitrogen:var","Acc_TQ","61
87",2021
"176_Potenzial",34.874400674687,"cd","nitrogen:var","Acc_TQ","61
87",2021
"220_Alves",34.5633619532927,"cd","nitrogen:var","Acc_TQ","61
87",2021
"176_Apertus",34.5390896949126,"d","nitrogen:var","Acc_TQ","61
87",2021
"176_Patras",34.5365743813117,"d","nitrogen:var","Acc_TQ","61
87",2021
"220_Patras",34.2877145809654,"d","nitrogen:var","Acc_TQ","61
87",2021
"176_Torrild",34.2854480595713,"d","nitrogen:var","Acc_TQ","61
87",2021
"176_Pionier",33.9578312758343,"d","nitrogen:var","Acc_TQ","61
87",2021
"220_Torrild",33.8863316363302,"d","nitrogen:var","Acc_TQ","61
87",2021
"176_Esket",33.6109967200503,"d","nitrogen:var","Acc_TQ","61
87",2021
"176_Alves",33.4455671540898,"d","nitrogen:var","Acc_TQ","61
87",2021
"176_Pionier",308.759976311853,"a","nitrogen:var","Acc_TQ","71",2021
"176_Esket",308.304112625709,"ab","nitrogen:var","Acc_TQ","71",2021
"176_Potenzial",308.304112625709,"ab","nitrogen:var","Acc_TQ","71",2021
"220_Esket",308.304112625709,"ab","nitrogen:var","Acc_TQ","71",2021
"176_Apertus",308.222399774239,"ab","nitrogen:var","Acc_TQ","71",2021
"220_Potenzial",308.043207595035,"abc","nitrogen:var","Acc_TQ","71",2021
"176_Capone",307.961494743565,"abc","nitrogen:var","Acc_TQ","71",2021
"220_Pionier",307.9457282673,"abc","nitrogen:var","Acc_TQ","71",2021
"220_Torrild",307.782302564361,"bc","nitrogen:var","Acc_TQ","71",2021
"220_Patras",307.684823236626,"bc","nitrogen:var","Acc_TQ","71",2021
"176_Patras",307.58734390889,"bc","nitrogen:var","Acc_TQ","71",2021
"176_Alves",307.521397533687,"bc","nitrogen:var","Acc_TQ","71",2021
"220_Apertus",307.521397533687,"bc","nitrogen:var","Acc_TQ","71",2021
"220_Capone",307.521397533687,"bc","nitrogen:var","Acc_TQ","71",2021
"220_Alves",307.423918205952,"bc","nitrogen:var","Acc_TQ","71",2021
"176_Torrild",307.260492503013,"c","nitrogen:var","Acc_TQ","71",2021
"Capone",23.892416458087,"a","var","Acc_TQ","77
87",2021
"Pionier",22.2309676838701,"a","var","Acc_TQ","77
87",2021
"Apertus",21.8954548400678,"ab","var","Acc_TQ","77
87",2021
"Esket",19.6658726165272,"bc","var","Acc_TQ","77
87",2021
"Potenzial",18.40069570263,"c","var","Acc_TQ","77
87",2021
"Patras",18.2726390216491,"c","var","Acc_TQ","77
87",2021
"Torrild",18.1709380978204,"c","var","Acc_TQ","77
87",2021
"Alves",18.0055297151574,"c","var","Acc_TQ","77
87",2021
"220_Capone",24.6940444387859,"a","nitrogen:var","Acc_TQ","77
87",2021
"220_Pionier",24.5255408928707,"a","nitrogen:var","Acc_TQ","77
87",2021
"176_Capone",23.090788477388,"a","nitrogen:var","Acc_TQ","77
87",2021
"220_Apertus",23.0835945249901,"a","nitrogen:var","Acc_TQ","77
87",2021
"220_Esket",20.7627781470497,"b","nitrogen:var","Acc_TQ","77
87",2021
"176_Apertus",20.7073151551455,"b","nitrogen:var","Acc_TQ","77
87",2021
"176_Pionier",19.9363944748695,"bc","nitrogen:var","Acc_TQ","77
87",2021
"220_Alves",18.8886113181218,"bcd","nitrogen:var","Acc_TQ","77
87",2021
"220_Patras",18.8001275762219,"bcd","nitrogen:var","Acc_TQ","77
87",2021
"220_Potenzial",18.7184146448084,"bcd","nitrogen:var","Acc_TQ","77
87",2021
"176_Esket",18.5689670860047,"cd","nitrogen:var","Acc_TQ","77
87",2021
"176_Torrild",18.2324243192554,"cd","nitrogen:var","Acc_TQ","77
87",2021
"220_Torrild",18.1094518763854,"cd","nitrogen:var","Acc_TQ","77
87",2021
"176_Potenzial",18.0829767604516,"cd","nitrogen:var","Acc_TQ","77
87",2021
"176_Patras",17.7451504670763,"d","nitrogen:var","Acc_TQ","77
87",2021
"176_Alves",17.122448112193,"d","nitrogen:var","Acc_TQ","77
87",2021
"220_Combined_Pionier",25.0124051442773,"a","nitrogen:appl:var","Acc_TQ","77
87",2021
"220_Split_Capone",25.0124051442773,"a","nitrogen:appl:var","Acc_TQ","77
87",2021
"220_Combined_Capone",24.3756837332945,"ab","nitrogen:appl:var","Acc_TQ","77
87",2021
"220_Split_Pionier",24.038676641464,"ab","nitrogen:appl:var","Acc_TQ","77
87",2021
"176_Split_Capone",23.5238828642889,"ab","nitrogen:appl:var","Acc_TQ","77
87",2021
"220_Split_Apertus",23.4019552304813,"ab","nitrogen:appl:var","Acc_TQ","77
87",2021
"220_Combined_Apertus",22.7652338194989,"abc","nitrogen:appl:var","Acc_TQ","77
87",2021
"176_Combined_Capone",22.6576940904872,"abc","nitrogen:appl:var","Acc_TQ","77
87",2021
"176_Combined_Apertus",22.1285124085161,"bcd","nitrogen:appl:var","Acc_TQ","77
87",2021
"220_Combined_Esket",21.940543274717,"bcd","nitrogen:appl:var","Acc_TQ","77
87",2021
"176_Split_Pionier",20.6671004527516,"cde","nitrogen:appl:var","Acc_TQ","77
87",2021
"220_Split_Patras",20.044766946565,"def","nitrogen:appl:var","Acc_TQ","77
87",2021
"220_Split_Alves",19.8839081369895,"def","nitrogen:appl:var","Acc_TQ","77
87",2021
"220_Split_Esket",19.5850130193824,"defg","nitrogen:appl:var","Acc_TQ","77
87",2021
"176_Split_Apertus",19.2861179017749,"efg","nitrogen:appl:var","Acc_TQ","77
87",2021
"176_Combined_Pionier",19.2056884969874,"efg","nitrogen:appl:var","Acc_TQ","77
87",2021
"220_Split_Potenzial",19.2056884969872,"efg","nitrogen:appl:var","Acc_TQ","77
87",2021
"176_Combined_Esket",18.9067933793797,"efg","nitrogen:appl:var","Acc_TQ","77
87",2021
"176_Combined_Torrild",18.2726390216492,"efg","nitrogen:appl:var","Acc_TQ","77
87",2021
"220_Split_Torrild",18.2726390216492,"efg","nitrogen:appl:var","Acc_TQ","77
87",2021
"176_Split_Esket",18.2311407926295,"efg","nitrogen:appl:var","Acc_TQ","77
87",2021
"176_Split_Potenzial",18.2311407926295,"efg","nitrogen:appl:var","Acc_TQ","77
87",2021
"220_Combined_Potenzial",18.2311407926295,"efg","nitrogen:appl:var","Acc_TQ","77
87",2021
"176_Split_Torrild",18.1922096168615,"efg","nitrogen:appl:var","Acc_TQ","77
87",2021
"220_Combined_Torrild",17.9462647311215,"fg","nitrogen:appl:var","Acc_TQ","77
87",2021
"176_Combined_Potenzial",17.9348127282737,"fg","nitrogen:appl:var","Acc_TQ","77
87",2021
"176_Combined_Patras",17.893314499254,"fg","nitrogen:appl:var","Acc_TQ","77
87",2021
"220_Combined_Alves",17.893314499254,"fg","nitrogen:appl:var","Acc_TQ","77
87",2021
"176_Split_Patras",17.5969864348985,"fg","nitrogen:appl:var","Acc_TQ","77
87",2021
"220_Combined_Patras",17.5554882058788,"fg","nitrogen:appl:var","Acc_TQ","77
87",2021
"176_Combined_Alves",17.2176619125035,"g","nitrogen:appl:var","Acc_TQ","77
87",2021
"176_Split_Alves",17.0272343118825,"g","nitrogen:appl:var","Acc_TQ","77
87",2021
"Capone",338.896765155418,"a","var","Acc_TQ","87",2021
"Pionier",337.519809772997,"a","var","Acc_TQ","87",2021
"Apertus",337.089465798596,"ab","var","Acc_TQ","87",2021
"Esket",334.859883575055,"bc","var","Acc_TQ","87",2021
"Potenzial",333.594706661158,"c","var","Acc_TQ","87",2021
"Torrild",333.27011792575,"c","var","Acc_TQ","87",2021
"Patras",333.182156588381,"c","var","Acc_TQ","87",2021
"Alves",333.104709543087,"c","var","Acc_TQ","87",2021
"220_Capone",339.982886527913,"a","nitrogen:var","Acc_TQ","87",2021
"220_Pionier",339.814382981998,"a","nitrogen:var","Acc_TQ","87",2021
"220_Apertus",338.372436614117,"ab","nitrogen:var","Acc_TQ","87",2021
"176_Capone",337.810643782922,"b","nitrogen:var","Acc_TQ","87",2021
"220_Esket",335.861957974979,"c","nitrogen:var","Acc_TQ","87",2021
"176_Apertus",335.806494983075,"c","nitrogen:var","Acc_TQ","87",2021
"176_Pionier",335.225236563996,"cd","nitrogen:var","Acc_TQ","87",2021
"220_Potenzial",334.007256733935,"de","nitrogen:var","Acc_TQ","87",2021
"220_Alves",333.987791146051,"de","nitrogen:var","Acc_TQ","87",2021
"176_Esket",333.857809175132,"def","nitrogen:var","Acc_TQ","87",2021
"220_Patras",333.519982881756,"def","nitrogen:var","Acc_TQ","87",2021
"176_Torrild",333.331604147185,"ef","nitrogen:var","Acc_TQ","87",2021
"220_Torrild",333.208631704315,"ef","nitrogen:var","Acc_TQ","87",2021
"176_Potenzial",333.182156588381,"ef","nitrogen:var","Acc_TQ","87",2021
"176_Patras",332.844330295006,"ef","nitrogen:var","Acc_TQ","87",2021
"176_Alves",332.221627940123,"f","nitrogen:var","Acc_TQ","87",2021
"220_Combined_Pionier",340.301247233404,"a","nitrogen:appl:var","Acc_TQ","87",2021
"220_Split_Capone",340.301247233404,"a","nitrogen:appl:var","Acc_TQ","87",2021
"220_Combined_Capone",339.664525822422,"a","nitrogen:appl:var","Acc_TQ","87",2021
"220_Split_Pionier",339.327518730591,"a","nitrogen:appl:var","Acc_TQ","87",2021
"220_Split_Apertus",338.690797319608,"ab","nitrogen:appl:var","Acc_TQ","87",2021
"220_Combined_Apertus",338.054075908626,"abc","nitrogen:appl:var","Acc_TQ","87",2021
"176_Split_Capone",338.054075908626,"abc","nitrogen:appl:var","Acc_TQ","87",2021
"176_Combined_Capone",337.567211657219,"abcd","nitrogen:appl:var","Acc_TQ","87",2021
"176_Combined_Apertus",337.417354497643,"abcde","nitrogen:appl:var","Acc_TQ","87",2021
"220_Combined_Esket",337.229385363844,"abcde","nitrogen:appl:var","Acc_TQ","87",2021
"176_Split_Pionier",335.955942541879,"bcdef","nitrogen:appl:var","Acc_TQ","87",2021
"220_Split_Alves",334.793425703721,"cdefg","nitrogen:appl:var","Acc_TQ","87",2021
"176_Combined_Pionier",334.494530586114,"defg","nitrogen:appl:var","Acc_TQ","87",2021
"220_Split_Esket",334.494530586114,"defg","nitrogen:appl:var","Acc_TQ","87",2021
"220_Split_Potenzial",334.494530586114,"defg","nitrogen:appl:var","Acc_TQ","87",2021
"220_Split_Patras",334.195635468507,"efg","nitrogen:appl:var","Acc_TQ","87",2021
"176_Combined_Esket",334.195635468507,"efg","nitrogen:appl:var","Acc_TQ","87",2021
"176_Split_Apertus",334.195635468507,"efg","nitrogen:appl:var","Acc_TQ","87",2021
"176_Split_Esket",333.519982881757,"fg","nitrogen:appl:var","Acc_TQ","87",2021
"176_Split_Potenzial",333.519982881757,"fg","nitrogen:appl:var","Acc_TQ","87",2021
"220_Combined_Potenzial",333.519982881757,"fg","nitrogen:appl:var","Acc_TQ","87",2021
"176_Split_Torrild",333.481051705988,"fg","nitrogen:appl:var","Acc_TQ","87",2021
"220_Combined_Torrild",333.235106820249,"fg","nitrogen:appl:var","Acc_TQ","87",2021
"176_Combined_Torrild",333.182156588381,"fg","nitrogen:appl:var","Acc_TQ","87",2021
"220_Split_Torrild",333.182156588381,"fg","nitrogen:appl:var","Acc_TQ","87",2021
"176_Combined_Patras",333.182156588381,"fg","nitrogen:appl:var","Acc_TQ","87",2021
"220_Combined_Alves",333.182156588381,"fg","nitrogen:appl:var","Acc_TQ","87",2021
"220_Combined_Patras",332.844330295006,"fg","nitrogen:appl:var","Acc_TQ","87",2021
"176_Combined_Potenzial",332.844330295006,"fg","nitrogen:appl:var","Acc_TQ","87",2021
"176_Combined_Alves",332.506504001631,"g","nitrogen:appl:var","Acc_TQ","87",2021
"176_Split_Patras",332.506504001631,"g","nitrogen:appl:var","Acc_TQ","87",2021
"176_Split_Alves",331.936751878615,"g","nitrogen:appl:var","Acc_TQ","87",2021
"220_Early_Pionier",342.009843856758,"a","nitrogen:timeid:var","Acc_TQ","87",2021
"220_Early_Capone",341.859986697182,"a","nitrogen:timeid:var","Acc_TQ","87",2021
"220_Early_Apertus",340.249536783386,"ab","nitrogen:timeid:var","Acc_TQ","87",2021
"176_Early_Capone",339.76267253198,"abc","nitrogen:timeid:var","Acc_TQ","87",2021
"220_Late_Capone",338.105786358644,"bcd","nitrogen:timeid:var","Acc_TQ","87",2021
"176_Early_Apertus",337.852508299032,"bcde","nitrogen:timeid:var","Acc_TQ","87",2021
"220_Late_Pionier",337.618922107237,"bcde","nitrogen:timeid:var","Acc_TQ","87",2021
"220_Early_Alves",337.475750829889,"cdef","nitrogen:timeid:var","Acc_TQ","87",2021
"220_Early_Esket",337.176855712281,"cdefg","nitrogen:timeid:var","Acc_TQ","87",2021
"176_Early_Pionier",336.540134301299,"defgh","nitrogen:timeid:var","Acc_TQ","87",2021
"220_Late_Apertus",336.495336444848,"defgh","nitrogen:timeid:var","Acc_TQ","87",2021
"176_Early_Esket",336.202308007924,"defghi","nitrogen:timeid:var","Acc_TQ","87",2021
"220_Early_Patras",335.864481714548,"defghi","nitrogen:timeid:var","Acc_TQ","87",2021
"220_Early_Potenzial",335.864481714548,"defghi","nitrogen:timeid:var","Acc_TQ","87",2021
"176_Late_Capone",335.858615033865,"defghi","nitrogen:timeid:var","Acc_TQ","87",2021
"176_Early_Patras",335.526655421173,"defghi","nitrogen:timeid:var","Acc_TQ","87",2021
"176_Early_Potenzial",335.526655421173,"defghi","nitrogen:timeid:var","Acc_TQ","87",2021
"176_Early_Torrild",335.188829127798,"efghi","nitrogen:timeid:var","Acc_TQ","87",2021
"220_Early_Torrild",334.90395306629,"fghi","nitrogen:timeid:var","Acc_TQ","87",2021
"176_Early_Alves",334.619077004782,"ghij","nitrogen:timeid:var","Acc_TQ","87",2021
"220_Late_Esket",334.547060237677,"ghij","nitrogen:timeid:var","Acc_TQ","87",2021
"176_Late_Pionier",333.910338826694,"hijk","nitrogen:timeid:var","Acc_TQ","87",2021
"176_Late_Apertus",333.760481667118,"ijkl","nitrogen:timeid:var","Acc_TQ","87",2021
"220_Late_Potenzial",332.150031753322,"jklm","nitrogen:timeid:var","Acc_TQ","87",2021
"176_Late_Esket",331.51331034234,"klm","nitrogen:timeid:var","Acc_TQ","87",2021
"220_Late_Torrild",331.51331034234,"klm","nitrogen:timeid:var","Acc_TQ","87",2021
"176_Late_Torrild",331.474379166572,"klm","nitrogen:timeid:var","Acc_TQ","87",2021
"220_Late_Patras",331.175484048964,"lm","nitrogen:timeid:var","Acc_TQ","87",2021
"176_Late_Potenzial",330.837657755589,"m","nitrogen:timeid:var","Acc_TQ","87",2021
"220_Late_Alves",330.499831462214,"m","nitrogen:timeid:var","Acc_TQ","87",2021
"176_Late_Patras",330.162005168838,"m","nitrogen:timeid:var","Acc_TQ","87",2021
"176_Late_Alves",329.824178875463,"m","nitrogen:timeid:var","Acc_TQ","87",2021
"Patras",279.128645833333,"a","var","Acc_Temperature","13
23",2021
"Torrild",263.052256944444,"ab","var","Acc_Temperature","13
23",2021
"Apertus",245.112847222222,"bc","var","Acc_Temperature","13
23",2021
"Potenzial",243.3953125,"bc","var","Acc_Temperature","13
23",2021
"Alves",243.0609375,"bc","var","Acc_Temperature","13
23",2021
"Pionier",240.185590277778,"bc","var","Acc_Temperature","13
23",2021
"Capone",239.595833333333,"bc","var","Acc_Temperature","13
23",2021
"Esket",217.392708333333,"c","var","Acc_Temperature","13
23",2021
"Patras",792.621354166667,"a","var","Acc_Temperature","23",2021
"Torrild",775.274479166667,"ab","var","Acc_Temperature","23",2021
"Potenzial",756.888020833333,"bc","var","Acc_Temperature","23",2021
"Apertus",756.064583333333,"bc","var","Acc_Temperature","23",2021
"Capone",755.629513888889,"bc","var","Acc_Temperature","23",2021
"Alves",754.012673611111,"bc","var","Acc_Temperature","23",2021
"Pionier",752.4078125,"bc","var","Acc_Temperature","23",2021
"Esket",729.146875,"c","var","Acc_Temperature","23",2021
"Apertus",313.118402777777,"a","var","Acc_Temperature","23
31",2021
"Pionier",280.647395833333,"ab","var","Acc_Temperature","23
31",2021
"Capone",252.261458333333,"b","var","Acc_Temperature","23
31",2021
"Esket",249.689930555556,"b","var","Acc_Temperature","23
31",2021
"Potenzial",241.318229166667,"bc","var","Acc_Temperature","23
31",2021
"Alves",232.577256944445,"bcd","var","Acc_Temperature","23
31",2021
"Patras",191.384201388889,"cd","var","Acc_Temperature","23
31",2021
"Torrild",183.540104166667,"d","var","Acc_Temperature","23
31",2021
"Apertus",1069.18298611111,"a","var","Acc_Temperature","31",2021
"Pionier",1033.05520833333,"ab","var","Acc_Temperature","31",2021
"Capone",1007.89097222222,"bc","var","Acc_Temperature","31",2021
"Potenzial",998.20625,"bc","var","Acc_Temperature","31",2021
"Alves",986.589930555556,"bc","var","Acc_Temperature","31",2021
"Patras",984.005555555556,"bc","var","Acc_Temperature","31",2021
"Esket",978.836805555556,"bc","var","Acc_Temperature","31",2021
"Torrild",958.814583333333,"c","var","Acc_Temperature","31",2021
"176_Combined_Early_Apertus",1189.80833333333,"a","nitrogen:appl:timeid:var","Acc_Temperature","31",2021
"176_Combined_Early_Capone",1153.68055555555,"ab","nitrogen:appl:timeid:var","Acc_Temperature","31",2021
"176_Split_Early_Apertus",1153.68055555555,"ab","nitrogen:appl:timeid:var","Acc_Temperature","31",2021
"220_Combined_Early_Apertus",1153.68055555555,"ab","nitrogen:appl:timeid:var","Acc_Temperature","31",2021
"176_Combined_Early_Pionier",1081.425,"abc","nitrogen:appl:timeid:var","Acc_Temperature","31",2021
"176_Split_Early_Pionier",1081.425,"abc","nitrogen:appl:timeid:var","Acc_Temperature","31",2021
"220_Combined_Early_Alves",1081.425,"abc","nitrogen:appl:timeid:var","Acc_Temperature","31",2021
"220_Combined_Early_Capone",1081.425,"abc","nitrogen:appl:timeid:var","Acc_Temperature","31",2021
"220_Combined_Early_Pionier",1081.425,"abc","nitrogen:appl:timeid:var","Acc_Temperature","31",2021
"220_Combined_Early_Potenzial",1081.425,"abc","nitrogen:appl:timeid:var","Acc_Temperature","31",2021
"176_Combined_Early_Alves",1060.75,"abcd","nitrogen:appl:timeid:var","Acc_Temperature","31",2021
"176_Combined_Early_Esket",1060.75,"abcd","nitrogen:appl:timeid:var","Acc_Temperature","31",2021
"176_Combined_Early_Patras",1060.75,"abcd","nitrogen:appl:timeid:var","Acc_Temperature","31",2021
"176_Combined_Early_Potenzial",1060.75,"abcd","nitrogen:appl:timeid:var","Acc_Temperature","31",2021
"176_Split_Early_Capone",1060.75,"abcd","nitrogen:appl:timeid:var","Acc_Temperature","31",2021
"176_Split_Early_Potenzial",1060.75,"abcd","nitrogen:appl:timeid:var","Acc_Temperature","31",2021
"220_Combined_Early_Patras",1060.75,"abcd","nitrogen:appl:timeid:var","Acc_Temperature","31",2021
"220_Split_Early_Apertus",1060.75,"abcd","nitrogen:appl:timeid:var","Acc_Temperature","31",2021
"220_Split_Early_Capone",1060.75,"abcd","nitrogen:appl:timeid:var","Acc_Temperature","31",2021
"220_Split_Early_Patras",1060.75,"abcd","nitrogen:appl:timeid:var","Acc_Temperature","31",2021
"220_Split_Early_Pionier",1060.75,"abcd","nitrogen:appl:timeid:var","Acc_Temperature","31",2021
"176_Split_Early_Alves",1040.075,"bcde","nitrogen:appl:timeid:var","Acc_Temperature","31",2021
"176_Split_Early_Esket",1040.075,"bcde","nitrogen:appl:timeid:var","Acc_Temperature","31",2021
"220_Split_Early_Alves",1040.075,"bcde","nitrogen:appl:timeid:var","Acc_Temperature","31",2021
"220_Split_Early_Esket",1040.075,"bcde","nitrogen:appl:timeid:var","Acc_Temperature","31",2021
"220_Split_Early_Potenzial",1040.075,"bcde","nitrogen:appl:timeid:var","Acc_Temperature","31",2021
"176_Combined_Early_Torrild",1019.4,"cdef","nitrogen:appl:timeid:var","Acc_Temperature","31",2021
"176_Split_Early_Patras",1019.4,"cdef","nitrogen:appl:timeid:var","Acc_Temperature","31",2021
"176_Split_Early_Torrild",1019.4,"cdef","nitrogen:appl:timeid:var","Acc_Temperature","31",2021
"220_Combined_Early_Esket",1019.4,"cdef","nitrogen:appl:timeid:var","Acc_Temperature","31",2021
"220_Combined_Early_Torrild",1019.4,"cdef","nitrogen:appl:timeid:var","Acc_Temperature","31",2021
"220_Split_Early_Torrild",1019.4,"cdef","nitrogen:appl:timeid:var","Acc_Temperature","31",2021
"176_Combined_Late_Apertus",1016.95,"cdef","nitrogen:appl:timeid:var","Acc_Temperature","31",2021
"220_Combined_Late_Pionier",1016.95,"cdef","nitrogen:appl:timeid:var","Acc_Temperature","31",2021
"220_Split_Late_Apertus",1016.95,"cdef","nitrogen:appl:timeid:var","Acc_Temperature","31",2021
"176_Combined_Late_Pionier",980.822222222222,"cdef","nitrogen:appl:timeid:var","Acc_Temperature","31",2021
"176_Combined_Late_Potenzial",980.822222222222,"cdef","nitrogen:appl:timeid:var","Acc_Temperature","31",2021
"176_Split_Late_Apertus",980.822222222222,"cdef","nitrogen:appl:timeid:var","Acc_Temperature","31",2021
"176_Split_Late_Pionier",980.822222222222,"cdef","nitrogen:appl:timeid:var","Acc_Temperature","31",2021
"220_Combined_Late_Apertus",980.822222222222,"cdef","nitrogen:appl:timeid:var","Acc_Temperature","31",2021
"220_Split_Late_Pionier",980.822222222222,"cdef","nitrogen:appl:timeid:var","Acc_Temperature","31",2021
"176_Split_Late_Capone",944.694444444445,"def","nitrogen:appl:timeid:var","Acc_Temperature","31",2021
"176_Split_Late_Patras",944.694444444445,"def","nitrogen:appl:timeid:var","Acc_Temperature","31",2021
"220_Combined_Late_Alves",944.694444444445,"def","nitrogen:appl:timeid:var","Acc_Temperature","31",2021
"220_Combined_Late_Capone",944.694444444445,"def","nitrogen:appl:timeid:var","Acc_Temperature","31",2021
"220_Combined_Late_Esket",944.694444444445,"def","nitrogen:appl:timeid:var","Acc_Temperature","31",2021
"220_Combined_Late_Potenzial",944.694444444445,"def","nitrogen:appl:timeid:var","Acc_Temperature","31",2021
"176_Combined_Late_Alves",908.566666666667,"ef","nitrogen:appl:timeid:var","Acc_Temperature","31",2021
"176_Combined_Late_Capone",908.566666666667,"ef","nitrogen:appl:timeid:var","Acc_Temperature","31",2021
"176_Combined_Late_Esket",908.566666666667,"ef","nitrogen:appl:timeid:var","Acc_Temperature","31",2021
"176_Combined_Late_Patras",908.566666666667,"ef","nitrogen:appl:timeid:var","Acc_Temperature","31",2021
"176_Split_Late_Alves",908.566666666667,"ef","nitrogen:appl:timeid:var","Acc_Temperature","31",2021
"176_Split_Late_Esket",908.566666666667,"ef","nitrogen:appl:timeid:var","Acc_Temperature","31",2021
"176_Split_Late_Potenzial",908.566666666667,"ef","nitrogen:appl:timeid:var","Acc_Temperature","31",2021
"220_Combined_Late_Patras",908.566666666667,"ef","nitrogen:appl:timeid:var","Acc_Temperature","31",2021
"220_Combined_Late_Torrild",908.566666666667,"ef","nitrogen:appl:timeid:var","Acc_Temperature","31",2021
"220_Split_Late_Alves",908.566666666667,"ef","nitrogen:appl:timeid:var","Acc_Temperature","31",2021
"220_Split_Late_Capone",908.566666666667,"ef","nitrogen:appl:timeid:var","Acc_Temperature","31",2021
"220_Split_Late_Esket",908.566666666667,"ef","nitrogen:appl:timeid:var","Acc_Temperature","31",2021
"220_Split_Late_Patras",908.566666666667,"ef","nitrogen:appl:timeid:var","Acc_Temperature","31",2021
"220_Split_Late_Potenzial",908.566666666667,"ef","nitrogen:appl:timeid:var","Acc_Temperature","31",2021
"220_Split_Late_Torrild",908.566666666667,"ef","nitrogen:appl:timeid:var","Acc_Temperature","31",2021
"176_Combined_Late_Torrild",887.891666666667,"f","nitrogen:appl:timeid:var","Acc_Temperature","31",2021
"176_Split_Late_Torrild",887.891666666667,"f","nitrogen:appl:timeid:var","Acc_Temperature","31",2021
"Torrild",369.988194444446,"a","var","Acc_Temperature","31
41",2021
"Esket",352.386111111113,"ab","var","Acc_Temperature","31
41",2021
"Capone",341.873784722224,"ab","var","Acc_Temperature","31
41",2021
"Alves",339.792708333335,"ab","var","Acc_Temperature","31
41",2021
"Pionier",333.575173611111,"ab","var","Acc_Temperature","31
41",2021
"Potenzial",332.235069444446,"ab","var","Acc_Temperature","31
41",2021
"Patras",318.213368055556,"b","var","Acc_Temperature","31
41",2021
"Apertus",315.056944444444,"b","var","Acc_Temperature","31
41",2021
"220_Split_Early_Apertus",413.12083333333,"a","nitrogen:appl:timeid:var","Acc_Temperature","31
41",2021
"176_Split_Early_Capone",400.313888888887,"ab","nitrogen:appl:timeid:var","Acc_Temperature","31
41",2021
"220_Split_Early_Pionier",387.506944444443,"ab","nitrogen:appl:timeid:var","Acc_Temperature","31
41",2021
"176_Split_Late_Torrild",380.952777777776,"ab","nitrogen:appl:timeid:var","Acc_Temperature","31
41",2021
"176_Combined_Late_Esket",379.63888888889,"ab","nitrogen:appl:timeid:var","Acc_Temperature","31
41",2021
"220_Combined_Late_Torrild",379.63888888889,"ab","nitrogen:appl:timeid:var","Acc_Temperature","31
41",2021
"176_Split_Early_Patras",377.32777777778,"ab","nitrogen:appl:timeid:var","Acc_Temperature","31
41",2021
"176_Split_Early_Torrild",377.32777777778,"ab","nitrogen:appl:timeid:var","Acc_Temperature","31
41",2021
"220_Split_Early_Torrild",377.32777777778,"ab","nitrogen:appl:timeid:var","Acc_Temperature","31
41",2021
"176_Combined_Late_Torrild",374.700000000003,"ab","nitrogen:appl:timeid:var","Acc_Temperature","31
41",2021
"220_Split_Early_Capone",374.7,"ab","nitrogen:appl:timeid:var","Acc_Temperature","31
41",2021
"176_Combined_Late_Alves",366.831944444446,"ab","nitrogen:appl:timeid:var","Acc_Temperature","31
41",2021
"176_Combined_Late_Capone",366.831944444446,"ab","nitrogen:appl:timeid:var","Acc_Temperature","31
41",2021
"176_Split_Late_Esket",366.831944444446,"ab","nitrogen:appl:timeid:var","Acc_Temperature","31
41",2021
"220_Split_Late_Capone",366.831944444446,"ab","nitrogen:appl:timeid:var","Acc_Temperature","31
41",2021
"220_Split_Late_Esket",366.831944444446,"ab","nitrogen:appl:timeid:var","Acc_Temperature","31
41",2021
"176_Combined_Early_Torrild",357.96666666667,"ab","nitrogen:appl:timeid:var","Acc_Temperature","31
41",2021
"220_Combined_Early_Esket",357.96666666667,"ab","nitrogen:appl:timeid:var","Acc_Temperature","31
41",2021
"220_Combined_Early_Torrild",357.96666666667,"ab","nitrogen:appl:timeid:var","Acc_Temperature","31
41",2021
"176_Split_Early_Alves",356.65277777778,"ab","nitrogen:appl:timeid:var","Acc_Temperature","31
41",2021
"176_Split_Early_Esket",356.65277777778,"ab","nitrogen:appl:timeid:var","Acc_Temperature","31
41",2021
"220_Split_Early_Esket",356.65277777778,"ab","nitrogen:appl:timeid:var","Acc_Temperature","31
41",2021
"220_Split_Early_Potenzial",356.65277777778,"ab","nitrogen:appl:timeid:var","Acc_Temperature","31
41",2021
"176_Combined_Early_Potenzial",355.33888888889,"ab","nitrogen:appl:timeid:var","Acc_Temperature","31
41",2021
"176_Split_Late_Potenzial",354.025000000003,"ab","nitrogen:appl:timeid:var","Acc_Temperature","31
41",2021
"220_Split_Late_Torrild",354.025000000003,"ab","nitrogen:appl:timeid:var","Acc_Temperature","31
41",2021
"176_Combined_Early_Pionier",354.025,"ab","nitrogen:appl:timeid:var","Acc_Temperature","31
41",2021
"176_Split_Early_Pionier",354.025,"ab","nitrogen:appl:timeid:var","Acc_Temperature","31
41",2021
"220_Combined_Early_Pionier",354.025,"ab","nitrogen:appl:timeid:var","Acc_Temperature","31
41",2021
"176_Split_Late_Alves",347.470833333333,"ab","nitrogen:appl:timeid:var","Acc_Temperature","31
41",2021
"220_Split_Late_Alves",347.470833333333,"ab","nitrogen:appl:timeid:var","Acc_Temperature","31
41",2021
"220_Split_Late_Potenzial",347.470833333333,"ab","nitrogen:appl:timeid:var","Acc_Temperature","31
41",2021
"220_Split_Early_Alves",337.29166666667,"ab","nitrogen:appl:timeid:var","Acc_Temperature","31
41",2021
"176_Combined_Early_Alves",335.97777777778,"ab","nitrogen:appl:timeid:var","Acc_Temperature","31
41",2021
"176_Combined_Early_Esket",335.97777777778,"ab","nitrogen:appl:timeid:var","Acc_Temperature","31
41",2021
"176_Split_Early_Potenzial",335.97777777778,"ab","nitrogen:appl:timeid:var","Acc_Temperature","31
41",2021
"176_Split_Late_Capone",330.704166666669,"ab","nitrogen:appl:timeid:var","Acc_Temperature","31
41",2021
"220_Combined_Late_Alves",330.704166666669,"ab","nitrogen:appl:timeid:var","Acc_Temperature","31
41",2021
"176_Combined_Late_Patras",328.10972222222,"ab","nitrogen:appl:timeid:var","Acc_Temperature","31
41",2021
"176_Split_Late_Apertus",320.190277777778,"ab","nitrogen:appl:timeid:var","Acc_Temperature","31
41",2021
"176_Split_Late_Pionier",320.190277777778,"ab","nitrogen:appl:timeid:var","Acc_Temperature","31
41",2021
"220_Combined_Late_Apertus",320.190277777778,"ab","nitrogen:appl:timeid:var","Acc_Temperature","31
41",2021
"220_Combined_Late_Capone",317.897222222225,"ab","nitrogen:appl:timeid:var","Acc_Temperature","31
41",2021
"220_Combined_Late_Potenzial",317.897222222225,"ab","nitrogen:appl:timeid:var","Acc_Temperature","31
41",2021
"176_Combined_Early_Patras",316.61666666667,"ab","nitrogen:appl:timeid:var","Acc_Temperature","31
41",2021
"220_Combined_Early_Patras",316.61666666667,"ab","nitrogen:appl:timeid:var","Acc_Temperature","31
41",2021
"220_Split_Early_Patras",316.61666666667,"ab","nitrogen:appl:timeid:var","Acc_Temperature","31
41",2021
"220_Combined_Early_Capone",315.30277777778,"ab","nitrogen:appl:timeid:var","Acc_Temperature","31
41",2021
"220_Combined_Early_Potenzial",315.30277777778,"ab","nitrogen:appl:timeid:var","Acc_Temperature","31
41",2021
"220_Combined_Late_Patras",315.302777777776,"ab","nitrogen:appl:timeid:var","Acc_Temperature","31
41",2021
"176_Combined_Late_Pionier",307.383333333334,"ab","nitrogen:appl:timeid:var","Acc_Temperature","31
41",2021
"220_Split_Late_Pionier",307.383333333334,"ab","nitrogen:appl:timeid:var","Acc_Temperature","31
41",2021
"176_Split_Early_Apertus",307.383333333333,"ab","nitrogen:appl:timeid:var","Acc_Temperature","31
41",2021
"220_Combined_Early_Apertus",307.383333333333,"ab","nitrogen:appl:timeid:var","Acc_Temperature","31
41",2021
"220_Combined_Late_Esket",298.536111111112,"ab","nitrogen:appl:timeid:var","Acc_Temperature","31
41",2021
"220_Combined_Early_Alves",295.94166666667,"ab","nitrogen:appl:timeid:var","Acc_Temperature","31
41",2021
"220_Split_Late_Patras",295.941666666663,"ab","nitrogen:appl:timeid:var","Acc_Temperature","31
41",2021
"176_Combined_Early_Apertus",284.0625,"ab","nitrogen:appl:timeid:var","Acc_Temperature","31
41",2021
"176_Combined_Late_Apertus",284.0625,"ab","nitrogen:appl:timeid:var","Acc_Temperature","31
41",2021
"220_Combined_Late_Pionier",284.0625,"ab","nitrogen:appl:timeid:var","Acc_Temperature","31
41",2021
"220_Split_Late_Apertus",284.0625,"ab","nitrogen:appl:timeid:var","Acc_Temperature","31
41",2021
"176_Split_Late_Patras",279.174999999999,"ab","nitrogen:appl:timeid:var","Acc_Temperature","31
41",2021
"176_Combined_Late_Potenzial",275.215277777778,"ab","nitrogen:appl:timeid:var","Acc_Temperature","31
41",2021
"176_Combined_Early_Capone",262.408333333337,"b","nitrogen:appl:timeid:var","Acc_Temperature","31
41",2021
"Torrild",590.636111111109,"a","var","Acc_Temperature","31
61",2021
"Capone",583.6,"a","var","Acc_Temperature","31
61",2021
"Esket",581.753124999999,"a","var","Acc_Temperature","31
61",2021
"Alves",566.987152777778,"ab","var","Acc_Temperature","31
61",2021
"Patras",561.143055555554,"ab","var","Acc_Temperature","31
61",2021
"Potenzial",545.665625,"ab","var","Acc_Temperature","31
61",2021
"Pionier",542.661458333333,"ab","var","Acc_Temperature","31
61",2021
"Apertus",509.401736111113,"b","var","Acc_Temperature","31
61",2021
"220_Combined_Early_Esket",625.5375,"a","nitrogen:appl:timeid:var","Acc_Temperature","31
61",2021
"176_Split_Early_Capone",618.60416666667,"a","nitrogen:appl:timeid:var","Acc_Temperature","31
61",2021
"220_Split_Early_Capone",618.60416666667,"a","nitrogen:appl:timeid:var","Acc_Temperature","31
61",2021
"220_Split_Early_Torrild",611.54861111111,"ab","nitrogen:appl:timeid:var","Acc_Temperature","31
61",2021
"220_Split_Early_Apertus",607.131944444447,"ab","nitrogen:appl:timeid:var","Acc_Temperature","31
61",2021
"176_Split_Late_Torrild",607.131944444443,"ab","nitrogen:appl:timeid:var","Acc_Temperature","31
61",2021
"176_Combined_Late_Capone",597.929166666663,"abc","nitrogen:appl:timeid:var","Acc_Temperature","31
61",2021
"176_Combined_Late_Esket",597.929166666663,"abc","nitrogen:appl:timeid:var","Acc_Temperature","31
61",2021
"176_Split_Late_Esket",597.929166666663,"abc","nitrogen:appl:timeid:var","Acc_Temperature","31
61",2021
"220_Split_Late_Capone",597.929166666663,"abc","nitrogen:appl:timeid:var","Acc_Temperature","31
61",2021
"176_Combined_Late_Torrild",595.659722222223,"abc","nitrogen:appl:timeid:var","Acc_Temperature","31
61",2021
"176_Split_Early_Esket",592.131944444443,"abc","nitrogen:appl:timeid:var","Acc_Temperature","31
61",2021
"220_Split_Early_Alves",592.131944444443,"abc","nitrogen:appl:timeid:var","Acc_Temperature","31
61",2021
"220_Split_Early_Esket",592.131944444443,"abc","nitrogen:appl:timeid:var","Acc_Temperature","31
61",2021
"176_Combined_Early_Torrild",587.34583333333,"abc","nitrogen:appl:timeid:var","Acc_Temperature","31
61",2021
"176_Split_Early_Patras",587.34583333333,"abc","nitrogen:appl:timeid:var","Acc_Temperature","31
61",2021
"176_Split_Early_Torrild",587.34583333333,"abc","nitrogen:appl:timeid:var","Acc_Temperature","31
61",2021
"220_Combined_Early_Torrild",587.34583333333,"abc","nitrogen:appl:timeid:var","Acc_Temperature","31
61",2021
"220_Combined_Early_Capone",586.456944444447,"abc","nitrogen:appl:timeid:var","Acc_Temperature","31
61",2021
"220_Combined_Early_Pionier",586.456944444447,"abc","nitrogen:appl:timeid:var","Acc_Temperature","31
61",2021
"220_Split_Late_Patras",586.456944444443,"abc","nitrogen:appl:timeid:var","Acc_Temperature","31
61",2021
"220_Split_Early_Pionier",584.1875,"abc","nitrogen:appl:timeid:var","Acc_Temperature","31
61",2021
"176_Split_Early_Alves",579.401388888887,"abc","nitrogen:appl:timeid:var","Acc_Temperature","31
61",2021
"220_Split_Early_Potenzial",579.401388888887,"abc","nitrogen:appl:timeid:var","Acc_Temperature","31
61",2021
"176_Combined_Early_Pionier",574.984722222223,"abc","nitrogen:appl:timeid:var","Acc_Temperature","31
61",2021
"176_Split_Late_Potenzial",574.984722222223,"abc","nitrogen:appl:timeid:var","Acc_Temperature","31
61",2021
"220_Combined_Late_Patras",574.984722222223,"abc","nitrogen:appl:timeid:var","Acc_Temperature","31
61",2021
"220_Split_Late_Esket",574.984722222223,"abc","nitrogen:appl:timeid:var","Acc_Temperature","31
61",2021
"220_Split_Late_Potenzial",574.984722222223,"abc","nitrogen:appl:timeid:var","Acc_Temperature","31
61",2021
"220_Split_Late_Torrild",574.984722222223,"abc","nitrogen:appl:timeid:var","Acc_Temperature","31
61",2021
"220_Combined_Late_Torrild",573.726388888886,"abc","nitrogen:appl:timeid:var","Acc_Temperature","31
61",2021
"176_Combined_Early_Alves",571.456944444443,"abc","nitrogen:appl:timeid:var","Acc_Temperature","31
61",2021
"176_Combined_Late_Alves",563.512500000003,"abc","nitrogen:appl:timeid:var","Acc_Temperature","31
61",2021
"176_Split_Late_Alves",563.512500000003,"abc","nitrogen:appl:timeid:var","Acc_Temperature","31
61",2021
"220_Split_Late_Alves",563.512500000003,"abc","nitrogen:appl:timeid:var","Acc_Temperature","31
61",2021
"176_Split_Early_Pionier",563.5125,"abc","nitrogen:appl:timeid:var","Acc_Temperature","31
61",2021
"220_Combined_Early_Alves",563.5125,"abc","nitrogen:appl:timeid:var","Acc_Temperature","31
61",2021
"176_Combined_Late_Patras",562.254166666666,"abc","nitrogen:appl:timeid:var","Acc_Temperature","31
61",2021
"176_Split_Late_Capone",561.801388888885,"abc","nitrogen:appl:timeid:var","Acc_Temperature","31
61",2021
"220_Combined_Late_Capone",561.801388888885,"abc","nitrogen:appl:timeid:var","Acc_Temperature","31
61",2021
"220_Split_Early_Patras",558.726388888887,"abc","nitrogen:appl:timeid:var","Acc_Temperature","31
61",2021
"176_Combined_Early_Esket",545.99583333333,"abc","nitrogen:appl:timeid:var","Acc_Temperature","31
61",2021
"176_Combined_Early_Patras",545.99583333333,"abc","nitrogen:appl:timeid:var","Acc_Temperature","31
61",2021
"176_Combined_Early_Potenzial",545.99583333333,"abc","nitrogen:appl:timeid:var","Acc_Temperature","31
61",2021
"176_Split_Early_Potenzial",545.99583333333,"abc","nitrogen:appl:timeid:var","Acc_Temperature","31
61",2021
"220_Combined_Early_Patras",545.99583333333,"abc","nitrogen:appl:timeid:var","Acc_Temperature","31
61",2021
"220_Combined_Late_Alves",538.856944444445,"abc","nitrogen:appl:timeid:var","Acc_Temperature","31
61",2021
"220_Combined_Early_Potenzial",538.051388888887,"abc","nitrogen:appl:timeid:var","Acc_Temperature","31
61",2021
"176_Split_Late_Patras",527.384722222225,"abc","nitrogen:appl:timeid:var","Acc_Temperature","31
61",2021
"220_Combined_Late_Esket",527.384722222225,"abc","nitrogen:appl:timeid:var","Acc_Temperature","31
61",2021
"220_Combined_Late_Potenzial",527.384722222225,"abc","nitrogen:appl:timeid:var","Acc_Temperature","31
61",2021
"176_Combined_Early_Capone",525.673611111117,"abc","nitrogen:appl:timeid:var","Acc_Temperature","31
61",2021
"176_Combined_Late_Pionier",525.673611111108,"abc","nitrogen:appl:timeid:var","Acc_Temperature","31
61",2021
"176_Split_Late_Pionier",525.673611111108,"abc","nitrogen:appl:timeid:var","Acc_Temperature","31
61",2021
"176_Split_Early_Apertus",514.201388888893,"abc","nitrogen:appl:timeid:var","Acc_Temperature","31
61",2021
"220_Combined_Early_Apertus",514.201388888893,"abc","nitrogen:appl:timeid:var","Acc_Temperature","31
61",2021
"176_Split_Late_Apertus",514.201388888888,"abc","nitrogen:appl:timeid:var","Acc_Temperature","31
61",2021
"220_Combined_Late_Apertus",514.201388888888,"abc","nitrogen:appl:timeid:var","Acc_Temperature","31
61",2021
"220_Split_Late_Pionier",502.729166666668,"abc","nitrogen:appl:timeid:var","Acc_Temperature","31
61",2021
"176_Combined_Late_Potenzial",478.526388888891,"bc","nitrogen:appl:timeid:var","Acc_Temperature","31
61",2021
"176_Combined_Late_Apertus",478.07361111111,"bc","nitrogen:appl:timeid:var","Acc_Temperature","31
61",2021
"220_Combined_Late_Pionier",478.07361111111,"bc","nitrogen:appl:timeid:var","Acc_Temperature","31
61",2021
"176_Combined_Early_Apertus",466.601388888893,"c","nitrogen:appl:timeid:var","Acc_Temperature","31
61",2021
"220_Split_Late_Apertus",466.60138888889,"c","nitrogen:appl:timeid:var","Acc_Temperature","31
61",2021
"Apertus",1384.23993055555,"a","var","Acc_Temperature","41",2021
"Pionier",1366.63038194444,"ab","var","Acc_Temperature","41",2021
"Capone",1349.76475694445,"bc","var","Acc_Temperature","41",2021
"Esket",1331.22291666667,"cd","var","Acc_Temperature","41",2021
"Potenzial",1330.44131944445,"cd","var","Acc_Temperature","41",2021
"Torrild",1328.80277777778,"d","var","Acc_Temperature","41",2021
"Alves",1326.38263888889,"d","var","Acc_Temperature","41",2021
"Patras",1302.21892361111,"e","var","Acc_Temperature","41",2021
"Early_Apertus",1467.46736111111,"a","timeid:var","Acc_Temperature","41",2021
"Early_Pionier",1438.65173611111,"b","timeid:var","Acc_Temperature","41",2021
"Early_Capone",1427.33263888889,"bc","timeid:var","Acc_Temperature","41",2021
"Early_Potenzial",1401.56805555556,"cd","timeid:var","Acc_Temperature","41",2021
"Early_Esket",1391.8875,"d","timeid:var","Acc_Temperature","41",2021
"Early_Alves",1387.04722222222,"d","timeid:var","Acc_Temperature","41",2021
"Early_Torrild",1387.04722222222,"d","timeid:var","Acc_Temperature","41",2021
"Early_Patras",1382.20694444445,"d","timeid:var","Acc_Temperature","41",2021
"Late_Apertus",1301.0125,"e","timeid:var","Acc_Temperature","41",2021
"Late_Pionier",1294.60902777778,"ef","timeid:var","Acc_Temperature","41",2021
"Late_Capone",1272.196875,"fg","timeid:var","Acc_Temperature","41",2021
"Late_Esket",1270.55833333333,"fg","timeid:var","Acc_Temperature","41",2021
"Late_Torrild",1270.55833333333,"fg","timeid:var","Acc_Temperature","41",2021
"Late_Alves",1265.71805555556,"g","timeid:var","Acc_Temperature","41",2021
"Late_Potenzial",1259.31458333334,"g","timeid:var","Acc_Temperature","41",2021
"Late_Patras",1222.23090277778,"h","timeid:var","Acc_Temperature","41",2021
"Alves",134.593576388888,"a","var","Acc_Temperature","41
51",2021
"Esket",129.75329861111,"a","var","Acc_Temperature","41
51",2021
"Patras",128.909201388887,"a","var","Acc_Temperature","41
51",2021
"Torrild",110.911111111108,"ab","var","Acc_Temperature","41
51",2021
"Potenzial",109.272569444442,"abc","var","Acc_Temperature","41
51",2021
"Capone",98.9574652777766,"bc","var","Acc_Temperature","41
51",2021
"Apertus",87.4506944444474,"bc","var","Acc_Temperature","41
51",2021
"Pionier",84.2347222222224,"c","var","Acc_Temperature","41
51",2021
"Early_Alves",147.334374999996,"a","timeid:var","Acc_Temperature","41
51",2021
"Early_Esket",142.494097222218,"ab","timeid:var","Acc_Temperature","41
51",2021
"Early_Patras",129.510763888882,"abc","timeid:var","Acc_Temperature","41
51",2021
"Late_Patras",128.307638888892,"abc","timeid:var","Acc_Temperature","41
51",2021
"Early_Torrild",128.111111111105,"abc","timeid:var","Acc_Temperature","41
51",2021
"Late_Alves",121.85277777778,"bcd","timeid:var","Acc_Temperature","41
51",2021
"Late_Esket",117.012500000002,"cde","timeid:var","Acc_Temperature","41
51",2021
"Early_Potenzial",116.336458333328,"cde","timeid:var","Acc_Temperature","41
51",2021
"Late_Potenzial",102.208680555556,"def","timeid:var","Acc_Temperature","41
51",2021
"Early_Capone",101.55659722222,"def","timeid:var","Acc_Temperature","41
51",2021
"Late_Capone",96.3583333333333,"ef","timeid:var","Acc_Temperature","41
51",2021
"Late_Torrild",93.7111111111116,"ef","timeid:var","Acc_Temperature","41
51",2021
"Late_Apertus",92.7166666666699,"ef","timeid:var","Acc_Temperature","41
51",2021
"Early_Pionier",84.7451388888865,"f","timeid:var","Acc_Temperature","41
51",2021
"Late_Pionier",83.7243055555583,"f","timeid:var","Acc_Temperature","41
51",2021
"Early_Apertus",82.184722222225,"f","timeid:var","Acc_Temperature","41
51",2021
"Apertus",1471.690625,"a","var","Acc_Temperature","51",2021
"Alves",1460.97621527778,"ab","var","Acc_Temperature","51",2021
"Esket",1460.97621527778,"ab","var","Acc_Temperature","51",2021
"Pionier",1450.86510416667,"bc","var","Acc_Temperature","51",2021
"Capone",1448.72222222222,"bc","var","Acc_Temperature","51",2021
"Potenzial",1439.71388888889,"cd","var","Acc_Temperature","51",2021
"Torrild",1439.71388888889,"cd","var","Acc_Temperature","51",2021
"Patras",1431.128125,"d","var","Acc_Temperature","51",2021
"Early_Apertus",1549.65208333333,"a","timeid:var","Acc_Temperature","51",2021
"Early_Alves",1534.38159722222,"b","timeid:var","Acc_Temperature","51",2021
"Early_Esket",1534.38159722222,"b","timeid:var","Acc_Temperature","51",2021
"Early_Capone",1528.88923611111,"bc","timeid:var","Acc_Temperature","51",2021
"Early_Pionier",1523.396875,"bcd","timeid:var","Acc_Temperature","51",2021
"Early_Potenzial",1517.90451388889,"cd","timeid:var","Acc_Temperature","51",2021
"Early_Torrild",1515.15833333333,"d","timeid:var","Acc_Temperature","51",2021
"Early_Patras",1511.71770833333,"d","timeid:var","Acc_Temperature","51",2021
"Late_Apertus",1393.72916666667,"e","timeid:var","Acc_Temperature","51",2021
"Late_Alves",1387.57083333334,"ef","timeid:var","Acc_Temperature","51",2021
"Late_Esket",1387.57083333334,"ef","timeid:var","Acc_Temperature","51",2021
"Late_Pionier",1378.33333333334,"fg","timeid:var","Acc_Temperature","51",2021
"Late_Capone",1368.55520833334,"gh","timeid:var","Acc_Temperature","51",2021
"Late_Torrild",1364.26944444445,"h","timeid:var","Acc_Temperature","51",2021
"Late_Potenzial",1361.52326388889,"hi","timeid:var","Acc_Temperature","51",2021
"Late_Patras",1350.53854166667,"i","timeid:var","Acc_Temperature","51",2021
"Capone",142.76875,"a","var","Acc_Temperature","51
61",2021
"Pionier",124.851562499999,"ab","var","Acc_Temperature","51
61",2021
"Patras",114.020486111111,"bc","var","Acc_Temperature","51
61",2021
"Torrild",109.736805555555,"bcd","var","Acc_Temperature","51
61",2021
"Apertus",106.894097222221,"bcd","var","Acc_Temperature","51
61",2021
"Potenzial",104.157986111111,"cd","var","Acc_Temperature","51
61",2021
"Esket",99.6137152777759,"cd","var","Acc_Temperature","51
61",2021
"Alves",92.6008680555555,"d","var","Acc_Temperature","51
61",2021
"Early_Capone",147.596875000005,"a","timeid:var","Acc_Temperature","51
61",2021
"Late_Capone",137.940624999994,"ab","timeid:var","Acc_Temperature","51
61",2021
"Early_Pionier",130.14479166667,"abc","timeid:var","Acc_Temperature","51
61",2021
"Late_Patras",129.830208333333,"abc","timeid:var","Acc_Temperature","51
61",2021
"Late_Torrild",121.835416666664,"abcd","timeid:var","Acc_Temperature","51
61",2021
"Late_Pionier",119.558333333328,"bcde","timeid:var","Acc_Temperature","51
61",2021
"Early_Apertus",115.361805555557,"bcde","timeid:var","Acc_Temperature","51
61",2021
"Late_Potenzial",113.109375,"bcdef","timeid:var","Acc_Temperature","51
61",2021
"Late_Esket",104.584722222218,"cdef","timeid:var","Acc_Temperature","51
61",2021
"Late_Apertus",98.426388888885,"def","timeid:var","Acc_Temperature","51
61",2021
"Early_Patras",98.2107638888893,"def","timeid:var","Acc_Temperature","51
61",2021
"Early_Alves",97.8253472222225,"def","timeid:var","Acc_Temperature","51
61",2021
"Early_Torrild",97.6381944444451,"def","timeid:var","Acc_Temperature","51
61",2021
"Early_Potenzial",95.2065972222226,"ef","timeid:var","Acc_Temperature","51
61",2021
"Early_Esket",94.6427083333334,"ef","timeid:var","Acc_Temperature","51
61",2021
"Late_Alves",87.3763888888884,"f","timeid:var","Acc_Temperature","51
61",2021
"Capone",1591.49097222222,"a","var","Acc_Temperature","61",2021
"Apertus",1578.58472222222,"a","var","Acc_Temperature","61",2021
"Pionier",1575.71666666667,"ab","var","Acc_Temperature","61",2021
"Esket",1560.58993055555,"bc","var","Acc_Temperature","61",2021
"Alves",1553.57708333333,"cd","var","Acc_Temperature","61",2021
"Torrild",1549.45069444444,"cd","var","Acc_Temperature","61",2021
"Patras",1545.14861111111,"cd","var","Acc_Temperature","61",2021
"Potenzial",1543.871875,"d","var","Acc_Temperature","61",2021
"Early_Capone",1676.48611111111,"a","timeid:var","Acc_Temperature","61",2021
"Early_Apertus",1665.01388888889,"a","timeid:var","Acc_Temperature","61",2021
"Early_Pionier",1653.54166666667,"ab","timeid:var","Acc_Temperature","61",2021
"Early_Alves",1632.20694444444,"bc","timeid:var","Acc_Temperature","61",2021
"Early_Esket",1629.02430555555,"bc","timeid:var","Acc_Temperature","61",2021
"Early_Potenzial",1613.11111111111,"c","timeid:var","Acc_Temperature","61",2021
"Early_Torrild",1612.79652777778,"c","timeid:var","Acc_Temperature","61",2021
"Early_Patras",1609.92847222222,"c","timeid:var","Acc_Temperature","61",2021
"Late_Capone",1506.49583333333,"d","timeid:var","Acc_Temperature","61",2021
"Late_Pionier",1497.89166666667,"de","timeid:var","Acc_Temperature","61",2021
"Late_Apertus",1492.15555555556,"de","timeid:var","Acc_Temperature","61",2021
"Late_Esket",1492.15555555556,"de","timeid:var","Acc_Temperature","61",2021
"Late_Torrild",1486.10486111111,"de","timeid:var","Acc_Temperature","61",2021
"Late_Patras",1480.36875,"de","timeid:var","Acc_Temperature","61",2021
"Late_Alves",1474.94722222223,"e","timeid:var","Acc_Temperature","61",2021
"Late_Potenzial",1474.63263888889,"e","timeid:var","Acc_Temperature","61",2021
"Potenzial",157.141493055556,"a","var","Acc_Temperature","61
71",2021
"Patras",143.810590277779,"ab","var","Acc_Temperature","61
71",2021
"Esket",143.525347222222,"ab","var","Acc_Temperature","61
71",2021
"Torrild",136.053125000002,"abc","var","Acc_Temperature","61
71",2021
"Alves",131.010590277777,"abc","var","Acc_Temperature","61
71",2021
"Pionier",129.314756944443,"abc","var","Acc_Temperature","61
71",2021
"Apertus",115.131944444444,"bc","var","Acc_Temperature","61
71",2021
"Capone",99.1237847222225,"c","var","Acc_Temperature","61
71",2021
"Combined_Potenzial",166.535069444444,"a","appl:var","Acc_Temperature","61
71",2021
"Combined_Esket",150.568750000001,"ab","appl:var","Acc_Temperature","61
71",2021
"Split_Patras",147.747916666667,"ab","appl:var","Acc_Temperature","61
71",2021
"Split_Potenzial",147.747916666667,"ab","appl:var","Acc_Temperature","61
71",2021
"Combined_Torrild",140.669791666668,"ab","appl:var","Acc_Temperature","61
71",2021
"Split_Alves",140.561458333332,"ab","appl:var","Acc_Temperature","61
71",2021
"Combined_Patras",139.873263888891,"ab","appl:var","Acc_Temperature","61
71",2021
"Split_Esket",136.481944444444,"abc","appl:var","Acc_Temperature","61
71",2021
"Split_Pionier",131.948958333332,"bcd","appl:var","Acc_Temperature","61
71",2021
"Split_Torrild",131.436458333335,"bcd","appl:var","Acc_Temperature","61
71",2021
"Combined_Pionier",126.680555555554,"bcd","appl:var","Acc_Temperature","61
71",2021
"Combined_Apertus",125.177083333333,"bcd","appl:var","Acc_Temperature","61
71",2021
"Combined_Alves",121.459722222222,"bcd","appl:var","Acc_Temperature","61
71",2021
"Split_Apertus",105.086805555554,"cd","appl:var","Acc_Temperature","61
71",2021
"Combined_Capone",99.4649305555567,"d","appl:var","Acc_Temperature","61
71",2021
"Split_Capone",98.7826388888883,"d","appl:var","Acc_Temperature","61
71",2021
"Early_Potenzial",173.415277777782,"a","timeid:var","Acc_Temperature","61
71",2021
"Early_Patras",164.543750000006,"ab","timeid:var","Acc_Temperature","61
71",2021
"Early_Esket",161.520138888891,"ab","timeid:var","Acc_Temperature","61
71",2021
"Early_Torrild",152.932638888893,"abc","timeid:var","Acc_Temperature","61
71",2021
"Early_Pionier",142.853124999998,"abcd","timeid:var","Acc_Temperature","61
71",2021
"Late_Potenzial",140.86770833333,"abcd","timeid:var","Acc_Temperature","61
71",2021
"Early_Alves",139.726041666669,"bcd","timeid:var","Acc_Temperature","61
71",2021
"Late_Esket",125.530555555554,"cde","timeid:var","Acc_Temperature","61
71",2021
"Late_Patras",123.077430555552,"cde","timeid:var","Acc_Temperature","61
71",2021
"Late_Alves",122.295138888884,"cde","timeid:var","Acc_Temperature","61
71",2021
"Early_Apertus",119.32673611111,"de","timeid:var","Acc_Temperature","61
71",2021
"Late_Torrild",119.17361111111,"de","timeid:var","Acc_Temperature","61
71",2021
"Late_Pionier",115.776388888888,"de","timeid:var","Acc_Temperature","61
71",2021
"Late_Apertus",110.937152777777,"de","timeid:var","Acc_Temperature","61
71",2021
"Early_Capone",101.650694444443,"e","timeid:var","Acc_Temperature","61
71",2021
"Late_Capone",96.5968750000024,"e","timeid:var","Acc_Temperature","61
71",2021
"Capone",773.375520833333,"a","var","Acc_Temperature","61
87",2021
"Pionier",761.968923611111,"ab","var","Acc_Temperature","61
87",2021
"Apertus",750.546874999998,"abc","var","Acc_Temperature","61
87",2021
"Esket",725.048090277778,"bcd","var","Acc_Temperature","61
87",2021
"Potenzial",717.785243055556,"cd","var","Acc_Temperature","61
87",2021
"Patras",708.840277777779,"cd","var","Acc_Temperature","61
87",2021
"Torrild",705.902430555558,"d","var","Acc_Temperature","61
87",2021
"Alves",698.485069444443,"d","var","Acc_Temperature","61
87",2021
"220_Pionier",809.701388888888,"a","nitrogen:var","Acc_Temperature","61
87",2021
"220_Capone",796.940625000001,"ab","nitrogen:var","Acc_Temperature","61
87",2021
"220_Apertus",775.413541666665,"bc","nitrogen:var","Acc_Temperature","61
87",2021
"176_Capone",749.810416666666,"cd","nitrogen:var","Acc_Temperature","61
87",2021
"220_Esket",746.679513888888,"cde","nitrogen:var","Acc_Temperature","61
87",2021
"176_Apertus",725.680208333332,"def","nitrogen:var","Acc_Temperature","61
87",2021
"220_Potenzial",720.679513888889,"ef","nitrogen:var","Acc_Temperature","61
87",2021
"176_Potenzial",714.890972222223,"fg","nitrogen:var","Acc_Temperature","61
87",2021
"176_Pionier",714.236458333334,"fg","nitrogen:var","Acc_Temperature","61
87",2021
"220_Alves",710.950694444443,"fg","nitrogen:var","Acc_Temperature","61
87",2021
"220_Patras",708.996527777779,"fg","nitrogen:var","Acc_Temperature","61
87",2021
"176_Torrild",708.894791666669,"fg","nitrogen:var","Acc_Temperature","61
87",2021
"176_Patras",708.684027777778,"fg","nitrogen:var","Acc_Temperature","61
87",2021
"176_Esket",703.416666666669,"fg","nitrogen:var","Acc_Temperature","61
87",2021
"220_Torrild",702.910069444447,"fg","nitrogen:var","Acc_Temperature","61
87",2021
"176_Alves",686.019444444443,"g","nitrogen:var","Acc_Temperature","61
87",2021
"176_Pionier",1713.98368055555,"a","nitrogen:var","Acc_Temperature","71",2021
"176_Esket",1704.11527777778,"ab","nitrogen:var","Acc_Temperature","71",2021
"176_Potenzial",1704.11527777778,"ab","nitrogen:var","Acc_Temperature","71",2021
"220_Esket",1704.11527777778,"ab","nitrogen:var","Acc_Temperature","71",2021
"176_Apertus",1701.92951388889,"ab","nitrogen:var","Acc_Temperature","71",2021
"220_Potenzial",1697.91145833333,"abc","nitrogen:var","Acc_Temperature","71",2021
"220_Pionier",1696.07916666667,"abc","nitrogen:var","Acc_Temperature","71",2021
"176_Capone",1695.72569444444,"abc","nitrogen:var","Acc_Temperature","71",2021
"220_Torrild",1691.70763888889,"bc","nitrogen:var","Acc_Temperature","71",2021
"220_Patras",1689.87534722222,"bc","nitrogen:var","Acc_Temperature","71",2021
"176_Patras",1688.04305555555,"bc","nitrogen:var","Acc_Temperature","71",2021
"176_Alves",1685.50381944445,"bc","nitrogen:var","Acc_Temperature","71",2021
"220_Apertus",1685.50381944445,"bc","nitrogen:var","Acc_Temperature","71",2021
"220_Capone",1685.50381944445,"bc","nitrogen:var","Acc_Temperature","71",2021
"220_Alves",1683.67152777778,"bc","nitrogen:var","Acc_Temperature","71",2021
"176_Torrild",1679.3,"c","nitrogen:var","Acc_Temperature","71",2021
"Capone",531.485243055555,"a","var","Acc_Temperature","77
87",2021
"Pionier",499.685590277778,"a","var","Acc_Temperature","77
87",2021
"Apertus",492.671180555555,"ab","var","Acc_Temperature","77
87",2021
"Esket",449.177604166666,"bc","var","Acc_Temperature","77
87",2021
"Potenzial",425.196701388889,"c","var","Acc_Temperature","77
87",2021
"Patras",422.147222222222,"c","var","Acc_Temperature","77
87",2021
"Torrild",420.432291666667,"c","var","Acc_Temperature","77
87",2021
"Alves",417.141319444443,"c","var","Acc_Temperature","77
87",2021
"220_Capone",548.997569444445,"a","nitrogen:var","Acc_Temperature","77
87",2021
"220_Pionier",544.55,"a","nitrogen:var","Acc_Temperature","77
87",2021
"220_Apertus",515.998263888888,"a","nitrogen:var","Acc_Temperature","77
87",2021
"176_Capone",513.972916666666,"a","nitrogen:var","Acc_Temperature","77
87",2021
"220_Esket",469.952430555555,"b","nitrogen:var","Acc_Temperature","77
87",2021
"176_Apertus",469.344097222221,"b","nitrogen:var","Acc_Temperature","77
87",2021
"176_Pionier",454.821180555555,"bc","nitrogen:var","Acc_Temperature","77
87",2021
"220_Alves",434.22361111111,"bcd","nitrogen:var","Acc_Temperature","77
87",2021
"220_Patras",431.433333333333,"cd","nitrogen:var","Acc_Temperature","77
87",2021
"220_Potenzial",431.325347222222,"cd","nitrogen:var","Acc_Temperature","77
87",2021
"176_Esket",428.402777777777,"cd","nitrogen:var","Acc_Temperature","77
87",2021
"176_Torrild",421.990625000001,"cd","nitrogen:var","Acc_Temperature","77
87",2021
"176_Potenzial",419.068055555556,"cd","nitrogen:var","Acc_Temperature","77
87",2021
"220_Torrild",418.873958333334,"cd","nitrogen:var","Acc_Temperature","77
87",2021
"176_Patras",412.861111111111,"d","nitrogen:var","Acc_Temperature","77
87",2021
"176_Alves",400.059027777777,"d","nitrogen:var","Acc_Temperature","77
87",2021
"220_Combined_Pionier",555.023611111112,"a","nitrogen:appl:var","Acc_Temperature","77
87",2021
"220_Split_Capone",555.023611111112,"a","nitrogen:appl:var","Acc_Temperature","77
87",2021
"220_Combined_Capone",542.971527777778,"ab","nitrogen:appl:var","Acc_Temperature","77
87",2021
"220_Split_Pionier",534.076388888888,"ab","nitrogen:appl:var","Acc_Temperature","77
87",2021
"176_Split_Capone",522.288888888888,"ab","nitrogen:appl:var","Acc_Temperature","77
87",2021
"220_Split_Apertus",522.024305555555,"ab","nitrogen:appl:var","Acc_Temperature","77
87",2021
"220_Combined_Apertus",509.972222222222,"abc","nitrogen:appl:var","Acc_Temperature","77
87",2021
"176_Combined_Capone",505.656944444443,"abc","nitrogen:appl:var","Acc_Temperature","77
87",2021
"176_Combined_Apertus",497.920138888888,"bcd","nitrogen:appl:var","Acc_Temperature","77
87",2021
"220_Combined_Esket",493.291666666667,"bcd","nitrogen:appl:var","Acc_Temperature","77
87",2021
"176_Split_Pionier",469.187499999998,"cde","nitrogen:appl:var","Acc_Temperature","77
87",2021
"220_Split_Patras",453.084722222222,"def","nitrogen:appl:var","Acc_Temperature","77
87",2021
"220_Split_Alves",452.458333333332,"def","nitrogen:appl:var","Acc_Temperature","77
87",2021
"220_Split_Esket",446.613194444443,"defg","nitrogen:appl:var","Acc_Temperature","77
87",2021
"176_Split_Apertus",440.768055555553,"efg","nitrogen:appl:var","Acc_Temperature","77
87",2021
"176_Combined_Pionier",440.454861111112,"efg","nitrogen:appl:var","Acc_Temperature","77
87",2021
"220_Split_Potenzial",440.45486111111,"efg","nitrogen:appl:var","Acc_Temperature","77
87",2021
"176_Combined_Esket",434.60972222222,"efg","nitrogen:appl:var","Acc_Temperature","77
87",2021
"176_Split_Esket",422.195833333335,"efg","nitrogen:appl:var","Acc_Temperature","77
87",2021
"176_Split_Potenzial",422.195833333335,"efg","nitrogen:appl:var","Acc_Temperature","77
87",2021
"220_Combined_Potenzial",422.195833333335,"efg","nitrogen:appl:var","Acc_Temperature","77
87",2021
"176_Combined_Torrild",422.147222222223,"efg","nitrogen:appl:var","Acc_Temperature","77
87",2021
"220_Split_Torrild",422.147222222223,"efg","nitrogen:appl:var","Acc_Temperature","77
87",2021
"176_Split_Torrild",421.834027777778,"efg","nitrogen:appl:var","Acc_Temperature","77
87",2021
"176_Combined_Patras",415.988888888888,"fg","nitrogen:appl:var","Acc_Temperature","77
87",2021
"220_Combined_Alves",415.988888888888,"fg","nitrogen:appl:var","Acc_Temperature","77
87",2021
"176_Combined_Potenzial",415.940277777777,"fg","nitrogen:appl:var","Acc_Temperature","77
87",2021
"220_Combined_Torrild",415.600694444445,"fg","nitrogen:appl:var","Acc_Temperature","77
87",2021
"220_Combined_Patras",409.781944444445,"fg","nitrogen:appl:var","Acc_Temperature","77
87",2021
"176_Split_Patras",409.733333333333,"fg","nitrogen:appl:var","Acc_Temperature","77
87",2021
"176_Combined_Alves",403.575,"fg","nitrogen:appl:var","Acc_Temperature","77
87",2021
"176_Split_Alves",396.543055555553,"g","nitrogen:appl:var","Acc_Temperature","77
87",2021
"Capone",2364.86649305556,"a","var","Acc_Temperature","87",2021
"Pionier",2337.68559027778,"a","var","Acc_Temperature","87",2021
"Apertus",2329.13159722222,"ab","var","Acc_Temperature","87",2021
"Esket",2285.63802083333,"bc","var","Acc_Temperature","87",2021
"Potenzial",2261.65711805556,"c","var","Acc_Temperature","87",2021
"Torrild",2255.353125,"c","var","Acc_Temperature","87",2021
"Patras",2253.98888888889,"c","var","Acc_Temperature","87",2021
"Alves",2252.06215277778,"c","var","Acc_Temperature","87",2021
"220_Capone",2386.99756944445,"a","nitrogen:var","Acc_Temperature","87",2021
"220_Pionier",2382.55,"ab","nitrogen:var","Acc_Temperature","87",2021
"220_Apertus",2353.99826388889,"bc","nitrogen:var","Acc_Temperature","87",2021
"176_Capone",2342.73541666667,"c","nitrogen:var","Acc_Temperature","87",2021
"220_Esket",2304.87326388889,"d","nitrogen:var","Acc_Temperature","87",2021
"176_Apertus",2304.26493055555,"d","nitrogen:var","Acc_Temperature","87",2021
"176_Pionier",2292.82118055555,"de","nitrogen:var","Acc_Temperature","87",2021
"220_Potenzial",2269.32534722222,"ef","nitrogen:var","Acc_Temperature","87",2021
"220_Alves",2269.14444444444,"ef","nitrogen:var","Acc_Temperature","87",2021
"176_Esket",2266.40277777778,"efg","nitrogen:var","Acc_Temperature","87",2021
"220_Patras",2260.19583333333,"fg","nitrogen:var","Acc_Temperature","87",2021
"176_Torrild",2256.91145833333,"fg","nitrogen:var","Acc_Temperature","87",2021
"176_Potenzial",2253.98888888889,"fg","nitrogen:var","Acc_Temperature","87",2021
"220_Torrild",2253.79479166667,"fg","nitrogen:var","Acc_Temperature","87",2021
"176_Patras",2247.78194444444,"fg","nitrogen:var","Acc_Temperature","87",2021
"176_Alves",2234.97986111111,"g","nitrogen:var","Acc_Temperature","87",2021
"220_Combined_Pionier",2393.02361111111,"a","nitrogen:appl:var","Acc_Temperature","87",2021
"220_Split_Capone",2393.02361111111,"a","nitrogen:appl:var","Acc_Temperature","87",2021
"220_Combined_Capone",2380.97152777778,"a","nitrogen:appl:var","Acc_Temperature","87",2021
"220_Split_Pionier",2372.07638888889,"a","nitrogen:appl:var","Acc_Temperature","87",2021
"220_Split_Apertus",2360.02430555556,"ab","nitrogen:appl:var","Acc_Temperature","87",2021
"176_Split_Capone",2347.97222222222,"abc","nitrogen:appl:var","Acc_Temperature","87",2021
"220_Combined_Apertus",2347.97222222222,"abc","nitrogen:appl:var","Acc_Temperature","87",2021
"176_Combined_Capone",2337.49861111111,"abcd","nitrogen:appl:var","Acc_Temperature","87",2021
"176_Combined_Apertus",2335.92013888889,"abcde","nitrogen:appl:var","Acc_Temperature","87",2021
"220_Combined_Esket",2331.29166666667,"abcde","nitrogen:appl:var","Acc_Temperature","87",2021
"176_Split_Pionier",2307.1875,"bcdef","nitrogen:appl:var","Acc_Temperature","87",2021
"220_Split_Alves",2284.3,"cdefg","nitrogen:appl:var","Acc_Temperature","87",2021
"176_Combined_Pionier",2278.45486111111,"defg","nitrogen:appl:var","Acc_Temperature","87",2021
"220_Split_Esket",2278.45486111111,"defg","nitrogen:appl:var","Acc_Temperature","87",2021
"220_Split_Potenzial",2278.45486111111,"defg","nitrogen:appl:var","Acc_Temperature","87",2021
"220_Split_Patras",2272.60972222222,"efg","nitrogen:appl:var","Acc_Temperature","87",2021
"176_Combined_Esket",2272.60972222222,"efg","nitrogen:appl:var","Acc_Temperature","87",2021
"176_Split_Apertus",2272.60972222222,"efg","nitrogen:appl:var","Acc_Temperature","87",2021
"176_Split_Esket",2260.19583333334,"fg","nitrogen:appl:var","Acc_Temperature","87",2021
"176_Split_Potenzial",2260.19583333334,"fg","nitrogen:appl:var","Acc_Temperature","87",2021
"220_Combined_Potenzial",2260.19583333334,"fg","nitrogen:appl:var","Acc_Temperature","87",2021
"176_Split_Torrild",2259.83402777778,"fg","nitrogen:appl:var","Acc_Temperature","87",2021
"176_Combined_Torrild",2253.98888888889,"fg","nitrogen:appl:var","Acc_Temperature","87",2021
"220_Split_Torrild",2253.98888888889,"fg","nitrogen:appl:var","Acc_Temperature","87",2021
"176_Combined_Patras",2253.98888888889,"fg","nitrogen:appl:var","Acc_Temperature","87",2021
"220_Combined_Alves",2253.98888888889,"fg","nitrogen:appl:var","Acc_Temperature","87",2021
"220_Combined_Torrild",2253.60069444444,"fg","nitrogen:appl:var","Acc_Temperature","87",2021
"220_Combined_Patras",2247.78194444444,"fg","nitrogen:appl:var","Acc_Temperature","87",2021
"176_Combined_Potenzial",2247.78194444444,"fg","nitrogen:appl:var","Acc_Temperature","87",2021
"176_Combined_Alves",2241.575,"g","nitrogen:appl:var","Acc_Temperature","87",2021
"176_Split_Patras",2241.575,"g","nitrogen:appl:var","Acc_Temperature","87",2021
"176_Split_Alves",2228.38472222222,"g","nitrogen:appl:var","Acc_Temperature","87",2021
"220_Early_Pionier",2458.50555555555,"a","nitrogen:timeid:var","Acc_Temperature","87",2021
"220_Early_Capone",2456.92708333333,"a","nitrogen:timeid:var","Acc_Temperature","87",2021
"220_Early_Apertus",2423.92777777778,"ab","nitrogen:timeid:var","Acc_Temperature","87",2021
"176_Early_Capone",2413.45416666666,"abc","nitrogen:timeid:var","Acc_Temperature","87",2021
"176_Early_Apertus",2377.29791666666,"bcd","nitrogen:timeid:var","Acc_Temperature","87",2021
"220_Early_Alves",2370.72916666667,"cde","nitrogen:timeid:var","Acc_Temperature","87",2021
"220_Early_Esket",2364.88402777778,"cdef","nitrogen:timeid:var","Acc_Temperature","87",2021
"176_Early_Pionier",2352.83194444444,"defg","nitrogen:timeid:var","Acc_Temperature","87",2021
"176_Early_Esket",2346.625,"defg","nitrogen:timeid:var","Acc_Temperature","87",2021
"220_Early_Patras",2340.41805555556,"defg","nitrogen:timeid:var","Acc_Temperature","87",2021
"220_Early_Potenzial",2340.41805555556,"defg","nitrogen:timeid:var","Acc_Temperature","87",2021
"176_Early_Patras",2334.21111111111,"defgh","nitrogen:timeid:var","Acc_Temperature","87",2021
"176_Early_Potenzial",2334.21111111111,"defgh","nitrogen:timeid:var","Acc_Temperature","87",2021
"176_Early_Torrild",2328.00416666667,"defgh","nitrogen:timeid:var","Acc_Temperature","87",2021
"220_Early_Torrild",2321.40902777778,"efghi","nitrogen:timeid:var","Acc_Temperature","87",2021
"220_Late_Capone",2317.06805555556,"fghi","nitrogen:timeid:var","Acc_Temperature","87",2021
"176_Early_Alves",2314.81388888889,"fghi","nitrogen:timeid:var","Acc_Temperature","87",2021
"220_Late_Pionier",2306.59444444445,"ghi","nitrogen:timeid:var","Acc_Temperature","87",2021
"220_Late_Apertus",2284.06875,"hij","nitrogen:timeid:var","Acc_Temperature","87",2021
"176_Late_Capone",2272.01666666667,"ijk","nitrogen:timeid:var","Acc_Temperature","87",2021
"220_Late_Esket",2244.8625,"jkl","nitrogen:timeid:var","Acc_Temperature","87",2021
"176_Late_Pionier",2232.81041666667,"jklm","nitrogen:timeid:var","Acc_Temperature","87",2021
"176_Late_Apertus",2231.23194444444,"klmn","nitrogen:timeid:var","Acc_Temperature","87",2021
"220_Late_Potenzial",2198.23263888889,"lmno","nitrogen:timeid:var","Acc_Temperature","87",2021
"176_Late_Esket",2186.18055555555,"mno","nitrogen:timeid:var","Acc_Temperature","87",2021
"220_Late_Torrild",2186.18055555555,"mno","nitrogen:timeid:var","Acc_Temperature","87",2021
"176_Late_Torrild",2185.81875,"mno","nitrogen:timeid:var","Acc_Temperature","87",2021
"220_Late_Patras",2179.97361111111,"no","nitrogen:timeid:var","Acc_Temperature","87",2021
"176_Late_Potenzial",2173.76666666666,"o","nitrogen:timeid:var","Acc_Temperature","87",2021
"220_Late_Alves",2167.55972222222,"o","nitrogen:timeid:var","Acc_Temperature","87",2021
"176_Late_Patras",2161.35277777777,"o","nitrogen:timeid:var","Acc_Temperature","87",2021
"176_Late_Alves",2155.14583333333,"o","nitrogen:timeid:var","Acc_Temperature","87",2021
"Patras",58.5833333333333,"a","var","Das","13
23",2021
"Torrild",56.2083333333333,"a","var","Das","13
23",2021
"Apertus",54.125,"ab","var","Das","13
23",2021
"Alves",53.7916666666667,"ab","var","Das","13
23",2021
"Potenzial",52.9583333333333,"ab","var","Das","13
23",2021
"Pionier",52.8333333333333,"ab","var","Das","13
23",2021
"Capone",52.4583333333333,"ab","var","Das","13
23",2021
"Esket",48.3333333333333,"b","var","Das","13
23",2021
"Apertus",39.0416666666667,"a","var","Das","23
31",2021
"Pionier",36.9166666666667,"ab","var","Das","23
31",2021
"Esket",36.2083333333333,"ab","var","Das","23
31",2021
"Capone",33.875,"ab","var","Das","23
31",2021
"Potenzial",33.25,"ab","var","Das","23
31",2021
"Alves",32.2083333333333,"bc","var","Das","23
31",2021
"Torrild",26.375,"c","var","Das","23
31",2021
"Patras",26.2916666666667,"c","var","Das","23
31",2021
"Torrild",31.5833333333333,"a","var","Das","31
41",2021
"Esket",29.625,"ab","var","Das","31
41",2021
"Alves",28.4166666666667,"abc","var","Das","31
41",2021
"Capone",28,"abc","var","Das","31
41",2021
"Potenzial",27.7083333333333,"abc","var","Das","31
41",2021
"Patras",27.125,"bc","var","Das","31
41",2021
"Pionier",26.8333333333333,"bc","var","Das","31
41",2021
"Apertus",24.75,"c","var","Das","31
41",2021
"176_Split_Early_Patras",33.3333333333333,"a","nitrogen:appl:timeid:var","Das","31
41",2021
"176_Split_Early_Torrild",33.3333333333333,"a","nitrogen:appl:timeid:var","Das","31
41",2021
"220_Split_Early_Apertus",33.3333333333333,"a","nitrogen:appl:timeid:var","Das","31
41",2021
"220_Split_Early_Torrild",33.3333333333333,"a","nitrogen:appl:timeid:var","Das","31
41",2021
"176_Split_Early_Capone",32.6666666666667,"a","nitrogen:appl:timeid:var","Das","31
41",2021
"176_Combined_Early_Torrild",32,"a","nitrogen:appl:timeid:var","Das","31
41",2021
"220_Combined_Early_Esket",32,"a","nitrogen:appl:timeid:var","Das","31
41",2021
"220_Combined_Early_Torrild",32,"a","nitrogen:appl:timeid:var","Das","31
41",2021
"220_Split_Early_Pionier",32,"a","nitrogen:appl:timeid:var","Das","31
41",2021
"176_Combined_Late_Torrild",31.3333333333333,"a","nitrogen:appl:timeid:var","Das","31
41",2021
"176_Split_Late_Torrild",31.3333333333333,"a","nitrogen:appl:timeid:var","Das","31
41",2021
"220_Split_Early_Capone",31.3333333333333,"a","nitrogen:appl:timeid:var","Das","31
41",2021
"176_Split_Early_Alves",31,"a","nitrogen:appl:timeid:var","Das","31
41",2021
"176_Split_Early_Esket",31,"a","nitrogen:appl:timeid:var","Das","31
41",2021
"220_Split_Early_Esket",31,"a","nitrogen:appl:timeid:var","Das","31
41",2021
"220_Split_Early_Potenzial",31,"a","nitrogen:appl:timeid:var","Das","31
41",2021
"176_Combined_Late_Esket",30.3333333333333,"a","nitrogen:appl:timeid:var","Das","31
41",2021
"220_Combined_Late_Torrild",30.3333333333333,"a","nitrogen:appl:timeid:var","Das","31
41",2021
"176_Combined_Early_Potenzial",30,"a","nitrogen:appl:timeid:var","Das","31
41",2021
"176_Combined_Late_Alves",29.6666666666667,"a","nitrogen:appl:timeid:var","Das","31
41",2021
"176_Combined_Late_Capone",29.6666666666667,"a","nitrogen:appl:timeid:var","Das","31
41",2021
"176_Split_Late_Esket",29.6666666666667,"a","nitrogen:appl:timeid:var","Das","31
41",2021
"220_Split_Early_Alves",29.6666666666667,"a","nitrogen:appl:timeid:var","Das","31
41",2021
"220_Split_Late_Capone",29.6666666666667,"a","nitrogen:appl:timeid:var","Das","31
41",2021
"220_Split_Late_Esket",29.6666666666667,"a","nitrogen:appl:timeid:var","Das","31
41",2021
"176_Combined_Early_Pionier",29,"a","nitrogen:appl:timeid:var","Das","31
41",2021
"176_Split_Early_Pionier",29,"a","nitrogen:appl:timeid:var","Das","31
41",2021
"176_Split_Late_Potenzial",29,"a","nitrogen:appl:timeid:var","Das","31
41",2021
"220_Combined_Early_Pionier",29,"a","nitrogen:appl:timeid:var","Das","31
41",2021
"220_Split_Late_Torrild",29,"a","nitrogen:appl:timeid:var","Das","31
41",2021
"176_Combined_Early_Alves",28.6666666666667,"a","nitrogen:appl:timeid:var","Das","31
41",2021
"176_Combined_Early_Esket",28.6666666666667,"a","nitrogen:appl:timeid:var","Das","31
41",2021
"176_Split_Early_Potenzial",28.6666666666667,"a","nitrogen:appl:timeid:var","Das","31
41",2021
"176_Split_Late_Alves",28.3333333333333,"a","nitrogen:appl:timeid:var","Das","31
41",2021
"220_Split_Late_Alves",28.3333333333333,"a","nitrogen:appl:timeid:var","Das","31
41",2021
"220_Split_Late_Potenzial",28.3333333333333,"a","nitrogen:appl:timeid:var","Das","31
41",2021
"176_Combined_Early_Patras",27.3333333333333,"a","nitrogen:appl:timeid:var","Das","31
41",2021
"220_Combined_Early_Patras",27.3333333333333,"a","nitrogen:appl:timeid:var","Das","31
41",2021
"220_Split_Early_Patras",27.3333333333333,"a","nitrogen:appl:timeid:var","Das","31
41",2021
"176_Combined_Late_Patras",27,"a","nitrogen:appl:timeid:var","Das","31
41",2021
"176_Split_Late_Capone",26.6666666666667,"a","nitrogen:appl:timeid:var","Das","31
41",2021
"220_Combined_Late_Alves",26.6666666666667,"a","nitrogen:appl:timeid:var","Das","31
41",2021
"220_Combined_Early_Capone",26.3333333333333,"a","nitrogen:appl:timeid:var","Das","31
41",2021
"220_Combined_Early_Potenzial",26.3333333333333,"a","nitrogen:appl:timeid:var","Das","31
41",2021
"220_Combined_Late_Patras",26.3333333333333,"a","nitrogen:appl:timeid:var","Das","31
41",2021
"220_Combined_Late_Capone",26,"a","nitrogen:appl:timeid:var","Das","31
41",2021
"220_Combined_Late_Potenzial",26,"a","nitrogen:appl:timeid:var","Das","31
41",2021
"176_Split_Late_Apertus",25,"a","nitrogen:appl:timeid:var","Das","31
41",2021
"176_Split_Late_Pionier",25,"a","nitrogen:appl:timeid:var","Das","31
41",2021
"220_Combined_Early_Alves",25,"a","nitrogen:appl:timeid:var","Das","31
41",2021
"220_Combined_Late_Apertus",25,"a","nitrogen:appl:timeid:var","Das","31
41",2021
"220_Split_Late_Patras",25,"a","nitrogen:appl:timeid:var","Das","31
41",2021
"220_Combined_Late_Esket",24.6666666666667,"a","nitrogen:appl:timeid:var","Das","31
41",2021
"176_Combined_Late_Pionier",24.3333333333333,"a","nitrogen:appl:timeid:var","Das","31
41",2021
"176_Split_Early_Apertus",24.3333333333333,"a","nitrogen:appl:timeid:var","Das","31
41",2021
"220_Combined_Early_Apertus",24.3333333333333,"a","nitrogen:appl:timeid:var","Das","31
41",2021
"220_Split_Late_Pionier",24.3333333333333,"a","nitrogen:appl:timeid:var","Das","31
41",2021
"176_Split_Late_Patras",23.3333333333333,"a","nitrogen:appl:timeid:var","Das","31
41",2021
"176_Combined_Late_Potenzial",22.3333333333333,"a","nitrogen:appl:timeid:var","Das","31
41",2021
"176_Combined_Early_Apertus",22,"a","nitrogen:appl:timeid:var","Das","31
41",2021
"176_Combined_Late_Apertus",22,"a","nitrogen:appl:timeid:var","Das","31
41",2021
"220_Combined_Late_Pionier",22,"a","nitrogen:appl:timeid:var","Das","31
41",2021
"220_Split_Late_Apertus",22,"a","nitrogen:appl:timeid:var","Das","31
41",2021
"176_Combined_Early_Capone",21.6666666666667,"a","nitrogen:appl:timeid:var","Das","31
41",2021
"Torrild",43.6666666666667,"a","var","Das","31
61",2021
"Esket",42.125,"ab","var","Das","31
61",2021
"Capone",41,"ab","var","Das","31
61",2021
"Alves",40.8333333333333,"ab","var","Das","31
61",2021
"Patras",40.7083333333333,"ab","var","Das","31
61",2021
"Potenzial",39.2916666666667,"abc","var","Das","31
61",2021
"Pionier",37.9166666666667,"bc","var","Das","31
61",2021
"Apertus",35.0833333333333,"c","var","Das","31
61",2021
"220_Combined_Early_Esket",47,"a","nitrogen:appl:timeid:var","Das","31
61",2021
"220_Split_Early_Torrild",46.3333333333333,"ab","nitrogen:appl:timeid:var","Das","31
61",2021
"176_Combined_Early_Torrild",45,"abc","nitrogen:appl:timeid:var","Das","31
61",2021
"176_Split_Early_Patras",45,"abc","nitrogen:appl:timeid:var","Das","31
61",2021
"176_Split_Early_Torrild",45,"abc","nitrogen:appl:timeid:var","Das","31
61",2021
"220_Combined_Early_Torrild",45,"abc","nitrogen:appl:timeid:var","Das","31
61",2021
"176_Split_Early_Capone",44.3333333333333,"abcd","nitrogen:appl:timeid:var","Das","31
61",2021
"220_Split_Early_Capone",44.3333333333333,"abcd","nitrogen:appl:timeid:var","Das","31
61",2021
"176_Split_Early_Esket",44,"abcd","nitrogen:appl:timeid:var","Das","31
61",2021
"220_Split_Early_Alves",44,"abcd","nitrogen:appl:timeid:var","Das","31
61",2021
"220_Split_Early_Esket",44,"abcd","nitrogen:appl:timeid:var","Das","31
61",2021
"176_Split_Late_Torrild",43.6666666666667,"abcde","nitrogen:appl:timeid:var","Das","31
61",2021
"220_Split_Early_Apertus",43.6666666666667,"abcde","nitrogen:appl:timeid:var","Das","31
61",2021
"176_Split_Early_Alves",43.3333333333333,"abcde","nitrogen:appl:timeid:var","Das","31
61",2021
"220_Split_Early_Potenzial",43.3333333333333,"abcde","nitrogen:appl:timeid:var","Das","31
61",2021
"176_Combined_Late_Torrild",43,"abcde","nitrogen:appl:timeid:var","Das","31
61",2021
"220_Split_Early_Pionier",42.3333333333333,"abcde","nitrogen:appl:timeid:var","Das","31
61",2021
"176_Combined_Late_Capone",42,"abcde","nitrogen:appl:timeid:var","Das","31
61",2021
"176_Combined_Late_Esket",42,"abcde","nitrogen:appl:timeid:var","Das","31
61",2021
"176_Split_Late_Esket",42,"abcde","nitrogen:appl:timeid:var","Das","31
61",2021
"220_Split_Late_Capone",42,"abcde","nitrogen:appl:timeid:var","Das","31
61",2021
"176_Combined_Early_Alves",41.6666666666667,"abcde","nitrogen:appl:timeid:var","Das","31
61",2021
"220_Combined_Early_Capone",41.3333333333333,"abcde","nitrogen:appl:timeid:var","Das","31
61",2021
"220_Combined_Early_Pionier",41.3333333333333,"abcde","nitrogen:appl:timeid:var","Das","31
61",2021
"220_Split_Late_Patras",41.3333333333333,"abcde","nitrogen:appl:timeid:var","Das","31
61",2021
"220_Split_Early_Patras",41,"abcde","nitrogen:appl:timeid:var","Das","31
61",2021
"176_Combined_Early_Pionier",40.6666666666667,"abcde","nitrogen:appl:timeid:var","Das","31
61",2021
"176_Split_Late_Potenzial",40.6666666666667,"abcde","nitrogen:appl:timeid:var","Das","31
61",2021
"220_Combined_Late_Patras",40.6666666666667,"abcde","nitrogen:appl:timeid:var","Das","31
61",2021
"220_Combined_Late_Torrild",40.6666666666667,"abcde","nitrogen:appl:timeid:var","Das","31
61",2021
"220_Split_Late_Esket",40.6666666666667,"abcde","nitrogen:appl:timeid:var","Das","31
61",2021
"220_Split_Late_Potenzial",40.6666666666667,"abcde","nitrogen:appl:timeid:var","Das","31
61",2021
"220_Split_Late_Torrild",40.6666666666667,"abcde","nitrogen:appl:timeid:var","Das","31
61",2021
"176_Combined_Early_Esket",40.3333333333333,"abcde","nitrogen:appl:timeid:var","Das","31
61",2021
"176_Combined_Early_Patras",40.3333333333333,"abcde","nitrogen:appl:timeid:var","Das","31
61",2021
"176_Combined_Early_Potenzial",40.3333333333333,"abcde","nitrogen:appl:timeid:var","Das","31
61",2021
"176_Split_Early_Potenzial",40.3333333333333,"abcde","nitrogen:appl:timeid:var","Das","31
61",2021
"220_Combined_Early_Patras",40.3333333333333,"abcde","nitrogen:appl:timeid:var","Das","31
61",2021
"176_Combined_Late_Alves",40,"abcde","nitrogen:appl:timeid:var","Das","31
61",2021
"176_Combined_Late_Patras",40,"abcde","nitrogen:appl:timeid:var","Das","31
61",2021
"176_Split_Early_Pionier",40,"abcde","nitrogen:appl:timeid:var","Das","31
61",2021
"176_Split_Late_Alves",40,"abcde","nitrogen:appl:timeid:var","Das","31
61",2021
"220_Combined_Early_Alves",40,"abcde","nitrogen:appl:timeid:var","Das","31
61",2021
"220_Split_Late_Alves",40,"abcde","nitrogen:appl:timeid:var","Das","31
61",2021
"176_Split_Late_Capone",39,"abcde","nitrogen:appl:timeid:var","Das","31
61",2021
"220_Combined_Late_Capone",39,"abcde","nitrogen:appl:timeid:var","Das","31
61",2021
"220_Combined_Early_Potenzial",38.6666666666667,"abcde","nitrogen:appl:timeid:var","Das","31
61",2021
"220_Combined_Late_Alves",37.6666666666667,"abcde","nitrogen:appl:timeid:var","Das","31
61",2021
"176_Split_Late_Patras",37,"abcde","nitrogen:appl:timeid:var","Das","31
61",2021
"220_Combined_Late_Esket",37,"abcde","nitrogen:appl:timeid:var","Das","31
61",2021
"220_Combined_Late_Potenzial",37,"abcde","nitrogen:appl:timeid:var","Das","31
61",2021
"176_Combined_Early_Capone",36,"abcde","nitrogen:appl:timeid:var","Das","31
61",2021
"176_Combined_Late_Pionier",36,"abcde","nitrogen:appl:timeid:var","Das","31
61",2021
"176_Split_Late_Pionier",36,"abcde","nitrogen:appl:timeid:var","Das","31
61",2021
"176_Split_Early_Apertus",35.3333333333333,"abcde","nitrogen:appl:timeid:var","Das","31
61",2021
"176_Split_Late_Apertus",35.3333333333333,"abcde","nitrogen:appl:timeid:var","Das","31
61",2021
"220_Combined_Early_Apertus",35.3333333333333,"abcde","nitrogen:appl:timeid:var","Das","31
61",2021
"220_Combined_Late_Apertus",35.3333333333333,"abcde","nitrogen:appl:timeid:var","Das","31
61",2021
"220_Split_Late_Pionier",34.6666666666667,"bcde","nitrogen:appl:timeid:var","Das","31
61",2021
"176_Combined_Late_Potenzial",33.3333333333333,"cde","nitrogen:appl:timeid:var","Das","31
61",2021
"176_Combined_Late_Apertus",32.3333333333333,"de","nitrogen:appl:timeid:var","Das","31
61",2021
"220_Combined_Late_Pionier",32.3333333333333,"de","nitrogen:appl:timeid:var","Das","31
61",2021
"176_Combined_Early_Apertus",31.6666666666667,"e","nitrogen:appl:timeid:var","Das","31
61",2021
"220_Split_Late_Apertus",31.6666666666667,"e","nitrogen:appl:timeid:var","Das","31
61",2021
"Alves",7.58333333333333,"a","var","Das","41
51",2021
"Patras",7.41666666666667,"ab","var","Das","41
51",2021
"Esket",7.25,"ab","var","Das","41
51",2021
"Torrild",6.16666666666667,"abc","var","Das","41
51",2021
"Potenzial",6,"bc","var","Das","41
51",2021
"Capone",5.29166666666667,"cd","var","Das","41
51",2021
"Apertus",4.70833333333333,"cd","var","Das","41
51",2021
"Pionier",4.41666666666667,"d","var","Das","41
51",2021
"Early_Alves",8.5,"a","timeid:var","Das","41
51",2021
"Early_Esket",8.16666666666667,"ab","timeid:var","Das","41
51",2021
"Early_Patras",7.5,"abc","timeid:var","Das","41
51",2021
"Early_Torrild",7.33333333333333,"abc","timeid:var","Das","41
51",2021
"Late_Patras",7.33333333333333,"abc","timeid:var","Das","41
51",2021
"Late_Alves",6.66666666666667,"bcd","timeid:var","Das","41
51",2021
"Early_Potenzial",6.5,"cde","timeid:var","Das","41
51",2021
"Late_Esket",6.33333333333333,"cde","timeid:var","Das","41
51",2021
"Early_Capone",5.5,"def","timeid:var","Das","41
51",2021
"Late_Potenzial",5.5,"def","timeid:var","Das","41
51",2021
"Late_Capone",5.08333333333333,"ef","timeid:var","Das","41
51",2021
"Late_Apertus",5,"ef","timeid:var","Das","41
51",2021
"Late_Torrild",5,"ef","timeid:var","Das","41
51",2021
"Late_Pionier",4.5,"f","timeid:var","Das","41
51",2021
"Early_Apertus",4.41666666666667,"f","timeid:var","Das","41
51",2021
"Early_Pionier",4.33333333333333,"f","timeid:var","Das","41
51",2021
"Capone",7.70833333333333,"a","var","Das","51
61",2021
"Pionier",6.66666666666667,"b","var","Das","51
61",2021
"Patras",6.16666666666667,"bc","var","Das","51
61",2021
"Torrild",5.91666666666667,"bc","var","Das","51
61",2021
"Apertus",5.625,"cd","var","Das","51
61",2021
"Potenzial",5.58333333333333,"cd","var","Das","51
61",2021
"Esket",5.25,"cd","var","Das","51
61",2021
"Alves",4.83333333333333,"d","var","Das","51
61",2021
"176_Capone",8,"a","nitrogen:var","Das","51
61",2021
"220_Capone",7.41666666666667,"ab","nitrogen:var","Das","51
61",2021
"176_Pionier",7,"abc","nitrogen:var","Das","51
61",2021
"220_Patras",6.33333333333333,"bcd","nitrogen:var","Das","51
61",2021
"220_Pionier",6.33333333333333,"bcd","nitrogen:var","Das","51
61",2021
"220_Torrild",6.16666666666667,"bcde","nitrogen:var","Das","51
61",2021
"176_Patras",6,"cdef","nitrogen:var","Das","51
61",2021
"176_Esket",5.75,"cdef","nitrogen:var","Das","51
61",2021
"176_Apertus",5.66666666666667,"cdef","nitrogen:var","Das","51
61",2021
"176_Torrild",5.66666666666667,"cdef","nitrogen:var","Das","51
61",2021
"220_Potenzial",5.66666666666667,"cdef","nitrogen:var","Das","51
61",2021
"220_Apertus",5.58333333333333,"def","nitrogen:var","Das","51
61",2021
"176_Potenzial",5.5,"def","nitrogen:var","Das","51
61",2021
"220_Alves",4.91666666666667,"ef","nitrogen:var","Das","51
61",2021
"176_Alves",4.75,"f","nitrogen:var","Das","51
61",2021
"220_Esket",4.75,"f","nitrogen:var","Das","51
61",2021
"Early_Capone",8,"a","timeid:var","Das","51
61",2021
"Late_Capone",7.41666666666667,"ab","timeid:var","Das","51
61",2021
"Early_Pionier",7,"abc","timeid:var","Das","51
61",2021
"Late_Patras",7,"abc","timeid:var","Das","51
61",2021
"Late_Torrild",6.5,"abcd","timeid:var","Das","51
61",2021
"Late_Pionier",6.33333333333333,"bcd","timeid:var","Das","51
61",2021
"Early_Apertus",6.08333333333333,"bcd","timeid:var","Das","51
61",2021
"Late_Potenzial",6,"bcde","timeid:var","Das","51
61",2021
"Late_Esket",5.5,"cde","timeid:var","Das","51
61",2021
"Early_Patras",5.33333333333333,"de","timeid:var","Das","51
61",2021
"Early_Torrild",5.33333333333333,"de","timeid:var","Das","51
61",2021
"Early_Alves",5.16666666666667,"de","timeid:var","Das","51
61",2021
"Early_Potenzial",5.16666666666667,"de","timeid:var","Das","51
61",2021
"Late_Apertus",5.16666666666667,"de","timeid:var","Das","51
61",2021
"Early_Esket",5,"de","timeid:var","Das","51
61",2021
"Late_Alves",4.5,"e","timeid:var","Das","51
61",2021
"Potenzial",7.45833333333333,"a","var","Das","61
71",2021
"Patras",6.875,"ab","var","Das","61
71",2021
"Esket",6.66666666666667,"ab","var","Das","61
71",2021
"Torrild",6.5,"ab","var","Das","61
71",2021
"Alves",6.29166666666667,"ab","var","Das","61
71",2021
"Pionier",5.875,"abc","var","Das","61
71",2021
"Apertus",5.25,"bc","var","Das","61
71",2021
"Capone",4.375,"c","var","Das","61
71",2021
"Early_Potenzial",8.33333333333333,"a","timeid:var","Das","61
71",2021
"Early_Patras",8,"ab","timeid:var","Das","61
71",2021
"Early_Esket",7.66666666666667,"abc","timeid:var","Das","61
71",2021
"Early_Torrild",7.5,"abc","timeid:var","Das","61
71",2021
"Early_Alves",6.75,"bcd","timeid:var","Das","61
71",2021
"Early_Pionier",6.58333333333333,"cde","timeid:var","Das","61
71",2021
"Late_Potenzial",6.58333333333333,"cde","timeid:var","Das","61
71",2021
"Late_Alves",5.83333333333333,"def","timeid:var","Das","61
71",2021
"Late_Patras",5.75,"defg","timeid:var","Das","61
71",2021
"Late_Esket",5.66666666666667,"defg","timeid:var","Das","61
71",2021
"Late_Torrild",5.5,"defgh","timeid:var","Das","61
71",2021
"Early_Apertus",5.41666666666667,"efgh","timeid:var","Das","61
71",2021
"Late_Pionier",5.16666666666667,"fgh","timeid:var","Das","61
71",2021
"Late_Apertus",5.08333333333333,"fgh","timeid:var","Das","61
71",2021
"Early_Capone",4.5,"gh","timeid:var","Das","61
71",2021
"Late_Capone",4.25,"h","timeid:var","Das","61
71",2021
"Capone",39.625,"a","var","Das","61
87",2021
"Pionier",39.125,"ab","var","Das","61
87",2021
"Apertus",38.5,"abc","var","Das","61
87",2021
"Esket",37.2083333333333,"bcd","var","Das","61
87",2021
"Potenzial",36.8333333333333,"bcd","var","Das","61
87",2021
"Patras",36.3333333333333,"cd","var","Das","61
87",2021
"Torrild",36.1666666666667,"d","var","Das","61
87",2021
"Alves",35.8333333333333,"d","var","Das","61
87",2021
"220_Pionier",41.6666666666667,"a","nitrogen:var","Das","61
87",2021
"220_Capone",40.8333333333333,"ab","nitrogen:var","Das","61
87",2021
"220_Apertus",39.8333333333333,"bc","nitrogen:var","Das","61
87",2021
"176_Capone",38.4166666666667,"cd","nitrogen:var","Das","61
87",2021
"220_Esket",38.4166666666667,"cd","nitrogen:var","Das","61
87",2021
"176_Apertus",37.1666666666667,"de","nitrogen:var","Das","61
87",2021
"220_Potenzial",37,"de","nitrogen:var","Das","61
87",2021
"176_Potenzial",36.6666666666667,"ef","nitrogen:var","Das","61
87",2021
"176_Pionier",36.5833333333333,"ef","nitrogen:var","Das","61
87",2021
"220_Alves",36.5,"ef","nitrogen:var","Das","61
87",2021
"176_Patras",36.3333333333333,"ef","nitrogen:var","Das","61
87",2021
"176_Torrild",36.3333333333333,"ef","nitrogen:var","Das","61
87",2021
"220_Patras",36.3333333333333,"ef","nitrogen:var","Das","61
87",2021
"176_Esket",36,"ef","nitrogen:var","Das","61
87",2021
"220_Torrild",36,"ef","nitrogen:var","Das","61
87",2021
"176_Alves",35.1666666666667,"f","nitrogen:var","Das","61
87",2021
"Capone",27.7916666666667,"a","var","Das","77
87",2021
"Pionier",26.125,"a","var","Das","77
87",2021
"Apertus",25.75,"ab","var","Das","77
87",2021
"Esket",23.4583333333333,"bc","var","Das","77
87",2021
"Potenzial",22.1666666666667,"c","var","Das","77
87",2021
"Patras",22,"c","var","Das","77
87",2021
"Torrild",21.9166666666667,"c","var","Das","77
87",2021
"Alves",21.75,"c","var","Das","77
87",2021
"220_Capone",28.6666666666667,"a","nitrogen:var","Das","77
87",2021
"220_Pionier",28.5,"a","nitrogen:var","Das","77
87",2021
"220_Apertus",27,"a","nitrogen:var","Das","77
87",2021
"176_Capone",26.9166666666667,"a","nitrogen:var","Das","77
87",2021
"220_Esket",24.5833333333333,"b","nitrogen:var","Das","77
87",2021
"176_Apertus",24.5,"bc","nitrogen:var","Das","77
87",2021
"176_Pionier",23.75,"bcd","nitrogen:var","Das","77
87",2021
"220_Alves",22.6666666666667,"bcde","nitrogen:var","Das","77
87",2021
"220_Patras",22.5,"cde","nitrogen:var","Das","77
87",2021
"220_Potenzial",22.5,"cde","nitrogen:var","Das","77
87",2021
"176_Esket",22.3333333333333,"de","nitrogen:var","Das","77
87",2021
"176_Torrild",22,"de","nitrogen:var","Das","77
87",2021
"176_Potenzial",21.8333333333333,"de","nitrogen:var","Das","77
87",2021
"220_Torrild",21.8333333333333,"de","nitrogen:var","Das","77
87",2021
"176_Patras",21.5,"e","nitrogen:var","Das","77
87",2021
"176_Alves",20.8333333333333,"e","nitrogen:var","Das","77
87",2021
"220_Combined_Pionier",29,"a","nitrogen:appl:var","Das","77
87",2021
"220_Split_Capone",29,"a","nitrogen:appl:var","Das","77
87",2021
"220_Combined_Capone",28.3333333333333,"ab","nitrogen:appl:var","Das","77
87",2021
"220_Split_Pionier",28,"ab","nitrogen:appl:var","Das","77
87",2021
"176_Split_Capone",27.3333333333333,"ab","nitrogen:appl:var","Das","77
87",2021
"220_Split_Apertus",27.3333333333333,"ab","nitrogen:appl:var","Das","77
87",2021
"220_Combined_Apertus",26.6666666666667,"abc","nitrogen:appl:var","Das","77
87",2021
"176_Combined_Capone",26.5,"abc","nitrogen:appl:var","Das","77
87",2021
"176_Combined_Apertus",26,"bcd","nitrogen:appl:var","Das","77
87",2021
"220_Combined_Esket",25.8333333333333,"bcd","nitrogen:appl:var","Das","77
87",2021
"176_Split_Pionier",24.5,"cde","nitrogen:appl:var","Das","77
87",2021
"220_Split_Alves",23.6666666666667,"def","nitrogen:appl:var","Das","77
87",2021
"220_Split_Patras",23.6666666666667,"def","nitrogen:appl:var","Das","77
87",2021
"220_Split_Esket",23.3333333333333,"defg","nitrogen:appl:var","Das","77
87",2021
"176_Combined_Pionier",23,"efg","nitrogen:appl:var","Das","77
87",2021
"176_Split_Apertus",23,"efg","nitrogen:appl:var","Das","77
87",2021
"220_Split_Potenzial",23,"efg","nitrogen:appl:var","Das","77
87",2021
"176_Combined_Esket",22.6666666666667,"efg","nitrogen:appl:var","Das","77
87",2021
"176_Combined_Torrild",22,"efg","nitrogen:appl:var","Das","77
87",2021
"176_Split_Esket",22,"efg","nitrogen:appl:var","Das","77
87",2021
"176_Split_Potenzial",22,"efg","nitrogen:appl:var","Das","77
87",2021
"176_Split_Torrild",22,"efg","nitrogen:appl:var","Das","77
87",2021
"220_Combined_Potenzial",22,"efg","nitrogen:appl:var","Das","77
87",2021
"220_Split_Torrild",22,"efg","nitrogen:appl:var","Das","77
87",2021
"176_Combined_Patras",21.6666666666667,"fg","nitrogen:appl:var","Das","77
87",2021
"176_Combined_Potenzial",21.6666666666667,"fg","nitrogen:appl:var","Das","77
87",2021
"220_Combined_Alves",21.6666666666667,"fg","nitrogen:appl:var","Das","77
87",2021
"220_Combined_Torrild",21.6666666666667,"fg","nitrogen:appl:var","Das","77
87",2021
"176_Split_Patras",21.3333333333333,"fg","nitrogen:appl:var","Das","77
87",2021
"220_Combined_Patras",21.3333333333333,"fg","nitrogen:appl:var","Das","77
87",2021
"176_Combined_Alves",21,"fg","nitrogen:appl:var","Das","77
87",2021
"176_Split_Alves",20.6666666666667,"g","nitrogen:appl:var","Das","77
87",2021
"Capone",626.178138507619,"a","var","GCD61","",2021
"Pionier",615.979395797567,"ab","var","GCD61","",2021
"Torrild",608.71264700809,"ab","var","GCD61","",2021
"Potenzial",603.524277467612,"ab","var","GCD61","",2021
"Patras",592.894309395565,"ab","var","GCD61","",2021
"Alves",592.144685395853,"ab","var","GCD61","",2021
"Esket",588.269688733749,"b","var","GCD61","",2021
"Apertus",581.575883494072,"b","var","GCD61","",2021
"Late_Capone",626.754092614306,"a","timeid:var","GCD61","",2021
"Early_Capone",625.602184400932,"a","timeid:var","GCD61","",2021
"Late_Pionier",622.566572551296,"ab","timeid:var","GCD61","",2021
"Early_Torrild",618.307056067683,"abc","timeid:var","GCD61","",2021
"Early_Potenzial",611.255385765967,"abcd","timeid:var","GCD61","",2021
"Early_Patras",609.601934966606,"abcd","timeid:var","GCD61","",2021
"Early_Pionier",609.392219043837,"abcd","timeid:var","GCD61","",2021
"Early_Esket",601.765122505616,"abcd","timeid:var","GCD61","",2021
"Late_Torrild",599.118237948498,"abcd","timeid:var","GCD61","",2021
"Late_Potenzial",595.793169169258,"abcd","timeid:var","GCD61","",2021
"Late_Alves",594.51960761042,"abcd","timeid:var","GCD61","",2021
"Late_Apertus",592.432895482772,"abcd","timeid:var","GCD61","",2021
"Early_Alves",589.769763181285,"abcd","timeid:var","GCD61","",2021
"Late_Patras",576.186683824524,"bcd","timeid:var","GCD61","",2021
"Late_Esket",574.774254961881,"cd","timeid:var","GCD61","",2021
"Early_Apertus",570.718871505371,"d","timeid:var","GCD61","",2021
"220_Late_Pionier",653.711081446706,"a","nitrogen:timeid:var","GCD61","",2021
"220_Early_Capone",644.236526077196,"ab","nitrogen:timeid:var","GCD61","",2021
"220_Late_Capone",643.048767292275,"abc","nitrogen:timeid:var","GCD61","",2021
"220_Early_Torrild",635.4909600786,"abcd","nitrogen:timeid:var","GCD61","",2021
"220_Early_Patras",633.15338151038,"abcd","nitrogen:timeid:var","GCD61","",2021
"220_Early_Pionier",625.671917997205,"abcde","nitrogen:timeid:var","GCD61","",2021
"220_Early_Potenzial",616.652370989749,"abcdef","nitrogen:timeid:var","GCD61","",2021
"220_Late_Apertus",615.205917029827,"bcdef","nitrogen:timeid:var","GCD61","",2021
"220_Late_Torrild",610.893575843471,"bcdef","nitrogen:timeid:var","GCD61","",2021
"176_Late_Capone",610.459417936338,"bcdef","nitrogen:timeid:var","GCD61","",2021
"220_Late_Potenzial",609.025970942026,"bcdef","nitrogen:timeid:var","GCD61","",2021
"176_Early_Capone",606.967842724668,"bcdefg","nitrogen:timeid:var","GCD61","",2021
"176_Early_Potenzial",605.858400542185,"cdefg","nitrogen:timeid:var","GCD61","",2021
"220_Early_Esket",603.554138503844,"defg","nitrogen:timeid:var","GCD61","",2021
"220_Late_Alves",603.415695542735,"defg","nitrogen:timeid:var","GCD61","",2021
"220_Late_Esket",603.360902637239,"defg","nitrogen:timeid:var","GCD61","",2021
"176_Early_Torrild",601.123152056766,"defg","nitrogen:timeid:var","GCD61","",2021
"176_Early_Esket",599.976106507389,"defg","nitrogen:timeid:var","GCD61","",2021
"220_Early_Alves",599.330084267238,"defg","nitrogen:timeid:var","GCD61","",2021
"176_Early_Pionier",593.11252009047,"efgh","nitrogen:timeid:var","GCD61","",2021
"220_Late_Patras",593.026429228042,"efgh","nitrogen:timeid:var","GCD61","",2021
"220_Early_Apertus",592.070418516621,"efgh","nitrogen:timeid:var","GCD61","",2021
"176_Late_Pionier",591.422063655887,"efgh","nitrogen:timeid:var","GCD61","",2021
"176_Late_Torrild",587.342900053525,"fgh","nitrogen:timeid:var","GCD61","",2021
"176_Early_Patras",586.050488422833,"fghi","nitrogen:timeid:var","GCD61","",2021
"176_Late_Alves",585.623519678106,"fghi","nitrogen:timeid:var","GCD61","",2021
"176_Late_Potenzial",582.56036739649,"fghij","nitrogen:timeid:var","GCD61","",2021
"176_Early_Alves",580.209442095332,"fghij","nitrogen:timeid:var","GCD61","",2021
"176_Late_Apertus",569.659873935718,"ghij","nitrogen:timeid:var","GCD61","",2021
"176_Late_Patras",559.346938421005,"hij","nitrogen:timeid:var","GCD61","",2021
"176_Early_Apertus",549.367324494121,"ij","nitrogen:timeid:var","GCD61","",2021
"176_Late_Esket",546.187607286524,"j","nitrogen:timeid:var","GCD61","",2021
"Apertus",168.970991505927,"a","var","GCD87","",2021
"Capone",147.197382325715,"ab","var","GCD87","",2021
"Pionier",145.989527813545,"ab","var","GCD87","",2021
"Esket",136.778401544029,"ab","var","GCD87","",2021
"Patras",115.945968382214,"ab","var","GCD87","",2021
"Potenzial",114.260965587944,"b","var","GCD87","",2021
"Alves",106.34038404859,"b","var","GCD87","",2021
"Torrild",97.1897835474673,"b","var","GCD87","",2021
"220_Apertus",171.775373893441,"a","nitrogen:var","GCD87","",2021
"220_Pionier",170.009889166933,"ab","nitrogen:var","GCD87","",2021
"176_Apertus",166.166609118412,"ab","nitrogen:var","GCD87","",2021
"220_Capone",153.297978315266,"abc","nitrogen:var","GCD87","",2021
"220_Esket",143.221993318346,"abcd","nitrogen:var","GCD87","",2021
"176_Capone",141.096786336163,"abcd","nitrogen:var","GCD87","",2021
"176_Patras",135.985314355859,"abcd","nitrogen:var","GCD87","",2021
"176_Esket",130.334809769713,"abcde","nitrogen:var","GCD87","",2021
"176_Pionier",121.969166460156,"abcde","nitrogen:var","GCD87","",2021
"176_Potenzial",120.681588252886,"bcde","nitrogen:var","GCD87","",2021
"176_Torrild",114.661765611523,"cde","nitrogen:var","GCD87","",2021
"220_Alves",109.577804539456,"cde","nitrogen:var","GCD87","",2021
"220_Potenzial",107.840342923001,"cde","nitrogen:var","GCD87","",2021
"176_Alves",103.102963557724,"cde","nitrogen:var","GCD87","",2021
"220_Patras",95.9066224085683,"de","nitrogen:var","GCD87","",2021
"220_Torrild",79.7178014834112,"e","nitrogen:var","GCD87","",2021
"Capone",2217.66911072984,"a","var","GLA50","",2021
"Pionier",2191.69606246423,"b","var","GLA50","",2021
"Apertus",2160.16060571629,"c","var","GLA50","",2021
"Torrild",2158.16334145253,"c","var","GLA50","",2021
"Esket",2148.8596192893,"c","var","GLA50","",2021
"Potenzial",2147.39615246761,"c","var","GLA50","",2021
"Alves",2145.72176872919,"c","var","GLA50","",2021
"Patras",2138.04292050667,"c","var","GLA50","",2021
"Capone",2856.07630842881,"a","var","LAD61","",2021
"Pionier",2829.23622332704,"ab","var","LAD61","",2021
"Alves",2748.77629984292,"abc","var","LAD61","",2021
"Potenzial",2708.60780705493,"abc","var","LAD61","",2021
"Patras",2706.36967336039,"abc","var","LAD61","",2021
"Torrild",2706.07847466706,"abc","var","LAD61","",2021
"Apertus",2596.08336757975,"bc","var","LAD61","",2021
"Esket",2521.79045927882,"c","var","LAD61","",2021
"Alves",4.73083333333333,"a","var","LAImax61","",2021
"Patras",4.63333333333333,"a","var","LAImax61","",2021
"Pionier",4.59458333333333,"ab","var","LAImax61","",2021
"Capone",4.5825,"ab","var","LAImax61","",2021
"Potenzial",4.5725,"ab","var","LAImax61","",2021
"Torrild",4.50666666666667,"ab","var","LAImax61","",2021
"Apertus",4.5,"ab","var","LAImax61","",2021
"Esket",4.34041666666667,"b","var","LAImax61","",2021
"220_Early_Alves",1560.42916666667,"a","nitrogen:timeid:var","LAImaxTT61","",2021
"220_Early_Esket",1560.42916666667,"a","nitrogen:timeid:var","LAImaxTT61","",2021
"220_Early_Patras",1560.42916666667,"a","nitrogen:timeid:var","LAImaxTT61","",2021
"220_Early_Pionier",1560.42916666667,"a","nitrogen:timeid:var","LAImaxTT61","",2021
"220_Early_Potenzial",1560.42916666667,"a","nitrogen:timeid:var","LAImaxTT61","",2021
"220_Early_Torrild",1560.42916666667,"a","nitrogen:timeid:var","LAImaxTT61","",2021
"220_Early_Capone",1532.62083333333,"a","nitrogen:timeid:var","LAImaxTT61","",2021
"176_Early_Apertus",1532.50902777778,"a","nitrogen:timeid:var","LAImaxTT61","",2021
"176_Early_Capone",1532.50902777778,"a","nitrogen:timeid:var","LAImaxTT61","",2021
"176_Early_Torrild",1532.41458333333,"a","nitrogen:timeid:var","LAImaxTT61","",2021
"220_Early_Apertus",1525.0875,"a","nitrogen:timeid:var","LAImaxTT61","",2021
"176_Early_Alves",1510.74722222222,"a","nitrogen:timeid:var","LAImaxTT61","",2021
"176_Early_Patras",1510.74722222222,"a","nitrogen:timeid:var","LAImaxTT61","",2021
"176_Early_Pionier",1510.65277777778,"a","nitrogen:timeid:var","LAImaxTT61","",2021
"176_Early_Potenzial",1510.65277777778,"a","nitrogen:timeid:var","LAImaxTT61","",2021
"176_Early_Esket",1476.48888888889,"ab","nitrogen:timeid:var","LAImaxTT61","",2021
"220_Late_Esket",1409.44444444445,"bc","nitrogen:timeid:var","LAImaxTT61","",2021
"220_Late_Torrild",1409.44444444445,"bc","nitrogen:timeid:var","LAImaxTT61","",2021
"220_Late_Capone",1395.97638888889,"bc","nitrogen:timeid:var","LAImaxTT61","",2021
"220_Late_Potenzial",1387.58819444445,"bcd","nitrogen:timeid:var","LAImaxTT61","",2021
"220_Late_Alves",1387.57083333334,"bcd","nitrogen:timeid:var","LAImaxTT61","",2021
"220_Late_Apertus",1387.57083333334,"bcd","nitrogen:timeid:var","LAImaxTT61","",2021
"176_Late_Pionier",1381.4125,"bcd","nitrogen:timeid:var","LAImaxTT61","",2021
"220_Late_Pionier",1362.72986111111,"cd","nitrogen:timeid:var","LAImaxTT61","",2021
"176_Late_Alves",1359.65069444445,"cd","nitrogen:timeid:var","LAImaxTT61","",2021
"176_Late_Apertus",1359.65069444445,"cd","nitrogen:timeid:var","LAImaxTT61","",2021
"176_Late_Torrild",1359.55625,"cd","nitrogen:timeid:var","LAImaxTT61","",2021
"176_Late_Patras",1337.88888888889,"cd","nitrogen:timeid:var","LAImaxTT61","",2021
"220_Late_Patras",1337.88888888889,"cd","nitrogen:timeid:var","LAImaxTT61","",2021
"176_Late_Capone",1315.93819444445,"cd","nitrogen:timeid:var","LAImaxTT61","",2021
"176_Late_Potenzial",1315.93819444445,"cd","nitrogen:timeid:var","LAImaxTT61","",2021
"176_Late_Esket",1294.17638888889,"d","nitrogen:timeid:var","LAImaxTT61","",2021
"Pionier",45.1280716163254,"a","var","S","",2021
"Torrild",39.9800588592757,"ab","var","S","",2021
"Capone",38.8935394595119,"ab","var","S","",2021
"Esket",33.7654758404571,"bc","var","S","",2021
"Alves",33.1847817645143,"bc","var","S","",2021
"Patras",32.9438568955747,"bc","var","S","",2021
"Potenzial",31.7120647573832,"bc","var","S","",2021
"Apertus",29.2845466902803,"c","var","S","",2021
"176_Pionier",47.1018852581741,"a","nitrogen:var","S","",2021
"220_Torrild",46.7548943326658,"a","nitrogen:var","S","",2021
"220_Pionier",43.1542579744766,"ab","nitrogen:var","S","",2021
"176_Capone",42.7322807549381,"ab","nitrogen:var","S","",2021
"220_Patras",40.426040054217,"abc","nitrogen:var","S","",2021
"220_Alves",35.6876536422974,"abcd","nitrogen:var","S","",2021
"220_Capone",35.0547981640857,"abcd","nitrogen:var","S","",2021
"220_Esket",34.708429339067,"abcd","nitrogen:var","S","",2021
"220_Potenzial",33.5203929913221,"abcd","nitrogen:var","S","",2021
"176_Torrild",33.2052233858857,"abcd","nitrogen:var","S","",2021
"176_Esket",32.8225223418472,"abcd","nitrogen:var","S","",2021
"220_Apertus",31.4941292679962,"bcd","nitrogen:var","S","",2021
"176_Alves",30.6819098867313,"bcd","nitrogen:var","S","",2021
"176_Potenzial",29.9037365234443,"bcd","nitrogen:var","S","",2021
"176_Apertus",27.0749641125644,"cd","nitrogen:var","S","",2021
"176_Patras",25.4616737369323,"d","nitrogen:var","S","",2021
"Combined_Early_Pionier",47.9867121596523,"a","appl:timeid:var","S","",2021
"Combined_Late_Pionier",45.5629378981306,"ab","appl:timeid:var","S","",2021
"Combined_Late_Torrild",45.1916292717245,"ab","appl:timeid:var","S","",2021
"Split_Late_Pionier",44.0907824604778,"abc","appl:timeid:var","S","",2021
"Split_Early_Pionier",42.8718539470407,"abcd","appl:timeid:var","S","",2021
"Split_Early_Capone",41.5149951830802,"abcde","appl:timeid:var","S","",2021
"Split_Late_Torrild",40.2187238387632,"abcdef","appl:timeid:var","S","",2021
"Combined_Early_Capone",39.7280802954125,"abcdefg","appl:timeid:var","S","",2021
"Split_Late_Capone",39.4929239410687,"abcdefg","appl:timeid:var","S","",2021
"Combined_Early_Alves",38.8920395129371,"abcdefg","appl:timeid:var","S","",2021
"Combined_Early_Esket",38.395747237833,"abcdefgh","appl:timeid:var","S","",2021
"Combined_Early_Torrild",38.3252341868782,"abcdefgh","appl:timeid:var","S","",2021
"Combined_Early_Patras",38.2215981469547,"abcdefgh","appl:timeid:var","S","",2021
"Split_Early_Torrild",36.184648139737,"bcdefghi","appl:timeid:var","S","",2021
"Combined_Late_Capone",34.8381584184863,"cdefghi","appl:timeid:var","S","",2021
"Split_Late_Alves",34.0160477417799,"defghi","appl:timeid:var","S","",2021
"Combined_Late_Potenzial",33.5222024152309,"defghi","appl:timeid:var","S","",2021
"Combined_Late_Esket",33.1503830240834,"defghi","appl:timeid:var","S","",2021
"Split_Early_Esket",32.2353284759896,"efghi","appl:timeid:var","S","",2021
"Split_Late_Potenzial",32.1769060076346,"efghi","appl:timeid:var","S","",2021
"Split_Early_Patras",31.7757922151887,"efghi","appl:timeid:var","S","",2021
"Split_Late_Esket",31.2804446239226,"fghi","appl:timeid:var","S","",2021
"Split_Late_Patras",31.2352723192793,"fghi","appl:timeid:var","S","",2021
"Combined_Late_Alves",31.1373184998141,"fghi","appl:timeid:var","S","",2021
"Combined_Early_Potenzial",30.8891501021063,"fghi","appl:timeid:var","S","",2021
"Split_Early_Apertus",30.7967162567145,"fghi","appl:timeid:var","S","",2021
"Combined_Late_Patras",30.5427649008759,"fghi","appl:timeid:var","S","",2021
"Split_Early_Potenzial",30.260000504561,"ghi","appl:timeid:var","S","",2021
"Combined_Late_Apertus",29.8837887721571,"ghi","appl:timeid:var","S","",2021
"Split_Early_Alves",28.6937213035263,"hi","appl:timeid:var","S","",2021
"Combined_Early_Apertus",28.2375805559031,"i","appl:timeid:var","S","",2021
"Split_Late_Apertus",28.2201011763466,"i","appl:timeid:var","S","",2021
"Capone",1591.49097222222,"a","var","TT61","",2021
"Apertus",1578.58472222222,"a","var","TT61","",2021
"Pionier",1575.71666666667,"ab","var","TT61","",2021
"Esket",1560.58993055555,"bc","var","TT61","",2021
"Alves",1553.57708333333,"cd","var","TT61","",2021
"Torrild",1549.45069444444,"cd","var","TT61","",2021
"Patras",1545.14861111111,"cd","var","TT61","",2021
"Potenzial",1543.871875,"d","var","TT61","",2021
"Early_Capone",1676.48611111111,"a","timeid:var","TT61","",2021
"Early_Apertus",1665.01388888889,"a","timeid:var","TT61","",2021
"Early_Pionier",1653.54166666667,"ab","timeid:var","TT61","",2021
"Early_Alves",1632.20694444444,"bc","timeid:var","TT61","",2021
"Early_Esket",1629.02430555555,"bc","timeid:var","TT61","",2021
"Early_Potenzial",1613.11111111111,"c","timeid:var","TT61","",2021
"Early_Torrild",1612.79652777778,"c","timeid:var","TT61","",2021
"Early_Patras",1609.92847222222,"c","timeid:var","TT61","",2021
"Late_Capone",1506.49583333333,"d","timeid:var","TT61","",2021
"Late_Pionier",1497.89166666667,"de","timeid:var","TT61","",2021
"Late_Apertus",1492.15555555556,"de","timeid:var","TT61","",2021
"Late_Esket",1492.15555555556,"de","timeid:var","TT61","",2021
"Late_Torrild",1486.10486111111,"de","timeid:var","TT61","",2021
"Late_Patras",1480.36875,"de","timeid:var","TT61","",2021
"Late_Alves",1474.94722222223,"e","timeid:var","TT61","",2021
"Late_Potenzial",1474.63263888889,"e","timeid:var","TT61","",2021
