"Date","timeid","plot_id","Year","BBCH","var","rep","nitrogen","appl","Acc_Temperature","Acc_Percipitation","Acc_Radiation","sowingD","Das"
2018-11-10,"Early",25,"2019","09","Capone",1,176,"Combined",145.1875,7,67.09824,"2018-10-25",16
2018-11-10,"Early",84,"2019","09","Capone",3,176,"Split",145.1875,7,67.09824,"2018-10-25",16
2018-11-10,"Early",76,"2019","09","Apertus",3,220,"Combined",145.1875,7,67.09824,"2018-10-25",16
2018-11-10,"Early",2,"2019","09","Capone",1,220,"Combined",145.1875,7,67.09824,"2018-10-25",16
2018-11-10,"Early",7,"2019","09","Capone",1,176,"Split",145.1875,7,67.09824,"2018-10-25",16
2018-11-10,"Early",91,"2019","09","Capone",3,220,"Split",145.1875,7,67.09824,"2018-10-25",16
2018-11-10,"Early",32,"2019","09","Capone",1,220,"Split",145.1875,7,67.09824,"2018-10-25",16
2018-11-10,"Early",73,"2019","09","Capone",3,220,"Combined",145.1875,7,67.09824,"2018-10-25",16
2018-11-10,"Early",51,"2019","09","Capone",2,220,"Combined",145.1875,7,67.09824,"2018-10-25",16
2018-11-10,"Early",55,"2019","09","Capone",2,176,"Combined",145.1875,7,67.09824,"2018-10-25",16
2018-11-11,"Early",1,"2019","09","Pionier",1,220,"Combined",157.841666666667,7.34,70.42932,"2018-10-25",17
2018-11-11,"Early",38,"2019","09","Capone",2,176,"Split",157.841666666667,7.34,70.42932,"2018-10-25",17
2018-11-11,"Early",37,"2019","09","Pionier",2,176,"Split",157.841666666667,7.34,70.42932,"2018-10-25",17
2018-11-11,"Early",27,"2019","09","Apertus",1,176,"Combined",157.841666666667,7.34,70.42932,"2018-10-25",17
2018-11-11,"Early",31,"2019","09","Pionier",1,220,"Split",157.841666666667,7.34,70.42932,"2018-10-25",17
2018-11-11,"Early",47,"2019","09","Capone",2,220,"Split",157.841666666667,7.34,70.42932,"2018-10-25",17
2018-11-11,"Early",50,"2019","09","Apertus",2,220,"Combined",157.841666666667,7.34,70.42932,"2018-10-25",17
2018-11-11,"Early",75,"2019","09","Pionier",3,220,"Combined",157.841666666667,7.34,70.42932,"2018-10-25",17
2018-11-11,"Early",40,"2019","09","Apertus",2,176,"Split",157.841666666667,7.34,70.42932,"2018-10-25",17
2018-11-11,"Early",65,"2019","09","Pionier",3,176,"Combined",157.841666666667,7.34,70.42932,"2018-10-25",17
2018-11-11,"Early",29,"2019","09","Apertus",1,220,"Split",157.841666666667,7.34,70.42932,"2018-10-25",17
2018-11-11,"Early",82,"2019","09","Pionier",3,176,"Split",157.841666666667,7.34,70.42932,"2018-10-25",17
2018-11-11,"Early",46,"2019","09","Apertus",2,220,"Split",157.841666666667,7.34,70.42932,"2018-10-25",17
2018-11-11,"Early",3,"2019","09","Apertus",1,220,"Combined",157.841666666667,7.34,70.42932,"2018-10-25",17
2018-11-11,"Early",81,"2019","09","Apertus",3,176,"Split",157.841666666667,7.34,70.42932,"2018-10-25",17
2018-11-11,"Early",28,"2019","09","Pionier",1,176,"Combined",157.841666666667,7.34,70.42932,"2018-10-25",17
2018-11-11,"Early",5,"2019","09","Apertus",1,176,"Split",157.841666666667,7.34,70.42932,"2018-10-25",17
2018-11-11,"Early",53,"2019","09","Apertus",2,176,"Combined",157.841666666667,7.34,70.42932,"2018-10-25",17
2018-11-11,"Early",66,"2019","09","Apertus",3,176,"Combined",157.841666666667,7.34,70.42932,"2018-10-25",17
2018-11-11,"Early",89,"2019","09","Pionier",3,220,"Split",157.841666666667,7.34,70.42932,"2018-10-25",17
2018-11-11,"Early",6,"2019","09","Pionier",1,176,"Split",157.841666666667,7.34,70.42932,"2018-10-25",17
2018-11-11,"Early",67,"2019","09","Capone",3,176,"Combined",157.841666666667,7.34,70.42932,"2018-10-25",17
2018-11-11,"Early",90,"2019","09","Apertus",3,220,"Split",157.841666666667,7.34,70.42932,"2018-10-25",17
2018-11-11,"Early",56,"2019","09","Pionier",2,176,"Combined",157.841666666667,7.34,70.42932,"2018-10-25",17
2018-11-12,"Early",92,"2019","09","Patras",3,220,"Split",170.879166666667,8.9,74.57184,"2018-10-25",18
2018-11-12,"Early",52,"2019","09","Patras",2,220,"Combined",170.879166666667,8.9,74.57184,"2018-10-25",18
2018-11-12,"Early",39,"2019","09","Patras",2,176,"Split",170.879166666667,8.9,74.57184,"2018-10-25",18
2018-11-12,"Early",30,"2019","09","Patras",1,220,"Split",170.879166666667,8.9,74.57184,"2018-10-25",18
2018-11-12,"Early",4,"2019","09","Patras",1,220,"Combined",170.879166666667,8.9,74.57184,"2018-10-25",18
2018-11-12,"Early",74,"2019","09","Patras",3,220,"Combined",170.879166666667,8.9,74.57184,"2018-10-25",18
2018-11-12,"Early",26,"2019","09","Patras",1,176,"Combined",170.879166666667,8.9,74.57184,"2018-10-25",18
2018-11-12,"Early",83,"2019","09","Patras",3,176,"Split",170.879166666667,8.9,74.57184,"2018-10-25",18
2018-11-12,"Early",68,"2019","09","Patras",3,176,"Combined",170.879166666667,8.9,74.57184,"2018-10-25",18
2018-11-12,"Early",54,"2019","09","Patras",2,176,"Combined",170.879166666667,8.9,74.57184,"2018-10-25",18
2018-11-12,"Early",45,"2019","09","Pionier",2,220,"Split",170.879166666667,8.9,74.57184,"2018-10-25",18
2018-11-12,"Early",48,"2019","09","Patras",2,220,"Split",170.879166666667,8.9,74.57184,"2018-10-25",18
2018-11-12,"Early",8,"2019","09","Patras",1,176,"Split",170.879166666667,8.9,74.57184,"2018-10-25",18
2018-11-12,"Early",49,"2019","09","Pionier",2,220,"Combined",170.879166666667,8.9,74.57184,"2018-10-25",18
2018-12-02,"Late",44,"2019","09","Capone",2,176,"Split",136.316666666667,17.1,69.03288,"2018-11-08",24
2018-12-02,"Late",69,"2019","09","Capone",3,220,"Combined",136.316666666667,17.1,69.03288,"2018-11-08",24
2018-12-02,"Late",13,"2019","09","Capone",1,220,"Combined",136.316666666667,17.1,69.03288,"2018-11-08",24
2018-12-02,"Late",88,"2019","09","Apertus",3,220,"Split",136.316666666667,17.1,69.03288,"2018-11-08",24
2018-12-02,"Late",79,"2019","09","Capone",3,176,"Combined",136.316666666667,17.1,69.03288,"2018-11-08",24
2018-12-02,"Late",11,"2019","09","Capone",1,176,"Split",136.316666666667,17.1,69.03288,"2018-11-08",24
2018-12-03,"Late",36,"2019","09","Capone",2,220,"Split",147.879166666667,20.23,71.919,"2018-11-08",25
2018-12-03,"Late",70,"2019","09","Apertus",3,220,"Combined",147.879166666667,20.23,71.919,"2018-11-08",25
2018-12-03,"Late",96,"2019","09","Capone",3,176,"Split",147.879166666667,20.23,71.919,"2018-11-08",25
2018-12-03,"Late",64,"2019","09","Capone",2,220,"Combined",147.879166666667,20.23,71.919,"2018-11-08",25
2018-12-03,"Late",78,"2019","09","Apertus",3,176,"Combined",147.879166666667,20.23,71.919,"2018-11-08",25
2018-12-03,"Late",21,"2019","09","Capone",1,176,"Combined",147.879166666667,20.23,71.919,"2018-11-08",25
2018-12-03,"Late",57,"2019","09","Capone",2,176,"Combined",147.879166666667,20.23,71.919,"2018-11-08",25
2018-12-03,"Late",58,"2019","09","Apertus",2,176,"Combined",147.879166666667,20.23,71.919,"2018-11-08",25
2018-12-03,"Late",87,"2019","09","Capone",3,220,"Split",147.879166666667,20.23,71.919,"2018-11-08",25
2018-12-03,"Late",43,"2019","09","Apertus",2,176,"Split",147.879166666667,20.23,71.919,"2018-11-08",25
2018-12-03,"Late",10,"2019","09","Apertus",1,176,"Split",147.879166666667,20.23,71.919,"2018-11-08",25
2018-12-03,"Late",61,"2019","09","Apertus",2,220,"Combined",147.879166666667,20.23,71.919,"2018-11-08",25
2018-12-03,"Late",19,"2019","09","Capone",1,220,"Split",147.879166666667,20.23,71.919,"2018-11-08",25
2018-12-04,"Late",77,"2019","09","Pionier",3,176,"Combined",153.075,21.74,75.77316,"2018-11-08",26
2018-12-04,"Late",94,"2019","09","Pionier",3,176,"Split",153.075,21.74,75.77316,"2018-11-08",26
2018-12-04,"Late",20,"2019","09","Pionier",1,220,"Split",153.075,21.74,75.77316,"2018-11-08",26
2018-12-04,"Late",24,"2019","09","Apertus",1,176,"Combined",153.075,21.74,75.77316,"2018-11-08",26
2018-12-04,"Late",33,"2019","09","Apertus",2,220,"Split",153.075,21.74,75.77316,"2018-11-08",26
2018-12-04,"Late",15,"2019","09","Apertus",1,220,"Combined",153.075,21.74,75.77316,"2018-11-08",26
2018-12-04,"Late",62,"2019","09","Pionier",2,220,"Combined",153.075,21.74,75.77316,"2018-11-08",26
2018-12-04,"Late",9,"2019","09","Pionier",1,176,"Split",153.075,21.74,75.77316,"2018-11-08",26
2018-12-04,"Late",59,"2019","09","Pionier",2,176,"Combined",153.075,21.74,75.77316,"2018-11-08",26
2018-12-04,"Late",23,"2019","09","Pionier",1,176,"Combined",153.075,21.74,75.77316,"2018-11-08",26
2018-12-04,"Late",42,"2019","09","Pionier",2,176,"Split",153.075,21.74,75.77316,"2018-11-08",26
2018-12-04,"Late",34,"2019","09","Pionier",2,220,"Split",153.075,21.74,75.77316,"2018-11-08",26
2018-12-04,"Late",85,"2019","09","Pionier",3,220,"Split",153.075,21.74,75.77316,"2018-11-08",26
2018-12-04,"Late",93,"2019","09","Apertus",3,176,"Split",153.075,21.74,75.77316,"2018-11-08",26
2018-12-04,"Late",71,"2019","09","Pionier",3,220,"Combined",153.075,21.74,75.77316,"2018-11-08",26
2018-12-04,"Late",17,"2019","09","Apertus",1,220,"Split",153.075,21.74,75.77316,"2018-11-08",26
2018-12-05,"Late",14,"2019","09","Pionier",1,220,"Combined",156.045833333333,23.78,79.31124,"2018-11-08",27
2018-12-06,"Late",16,"2019","09","Patras",1,220,"Combined",164.145833333333,24.56,80.2818,"2018-11-08",28
2018-12-06,"Late",63,"2019","09","Patras",2,220,"Combined",164.145833333333,24.56,80.2818,"2018-11-08",28
2018-12-06,"Late",72,"2019","09","Patras",3,220,"Combined",164.145833333333,24.56,80.2818,"2018-11-08",28
2018-12-06,"Late",41,"2019","09","Patras",2,176,"Split",164.145833333333,24.56,80.2818,"2018-11-08",28
2018-12-06,"Late",22,"2019","09","Patras",1,176,"Combined",164.145833333333,24.56,80.2818,"2018-11-08",28
2018-12-06,"Late",80,"2019","09","Patras",3,176,"Combined",164.145833333333,24.56,80.2818,"2018-11-08",28
2018-12-06,"Late",18,"2019","09","Patras",1,220,"Split",164.145833333333,24.56,80.2818,"2018-11-08",28
2018-12-06,"Late",35,"2019","09","Patras",2,220,"Split",164.145833333333,24.56,80.2818,"2018-11-08",28
2018-12-06,"Late",12,"2019","09","Patras",1,176,"Split",164.145833333333,24.56,80.2818,"2018-11-08",28
2018-12-06,"Late",60,"2019","09","Patras",2,176,"Combined",164.145833333333,24.56,80.2818,"2018-11-08",28
2018-12-07,"Late",86,"2019","09","Patras",3,220,"Split",175.025,28.51,80.81028,"2018-11-08",29
2018-12-07,"Late",95,"2019","09","Patras",3,176,"Split",175.025,28.51,80.81028,"2018-11-08",29
2019-01-09,"Early",51,"2019","13","Capone",2,220,"Combined",439.258333333333,92.64,185.04252,"2018-10-25",76
2019-01-09,"Early",38,"2019","13","Capone",2,176,"Split",439.258333333333,92.64,185.04252,"2018-10-25",76
2019-01-09,"Early",82,"2019","13","Pionier",3,176,"Split",439.258333333333,92.64,185.04252,"2018-10-25",76
2019-01-09,"Early",47,"2019","13","Capone",2,220,"Split",439.258333333333,92.64,185.04252,"2018-10-25",76
2019-01-09,"Early",68,"2019","13","Patras",3,176,"Combined",439.258333333333,92.64,185.04252,"2018-10-25",76
2019-01-09,"Early",65,"2019","13","Pionier",3,176,"Combined",439.258333333333,92.64,185.04252,"2018-10-25",76
2019-01-09,"Early",91,"2019","13","Capone",3,220,"Split",439.258333333333,92.64,185.04252,"2018-10-25",76
2019-01-09,"Early",26,"2019","13","Patras",1,176,"Combined",439.258333333333,92.64,185.04252,"2018-10-25",76
2019-01-09,"Early",83,"2019","13","Patras",3,176,"Split",439.258333333333,92.64,185.04252,"2018-10-25",76
2019-01-09,"Early",75,"2019","13","Pionier",3,220,"Combined",439.258333333333,92.64,185.04252,"2018-10-25",76
2019-01-09,"Early",45,"2019","13","Pionier",2,220,"Split",439.258333333333,92.64,185.04252,"2018-10-25",76
2019-01-09,"Early",90,"2019","13","Apertus",3,220,"Split",439.258333333333,92.64,185.04252,"2018-10-25",76
2019-01-09,"Early",50,"2019","13","Apertus",2,220,"Combined",439.258333333333,92.64,185.04252,"2018-10-25",76
2019-01-09,"Early",1,"2019","13","Pionier",1,220,"Combined",439.258333333333,92.64,185.04252,"2018-10-25",76
2019-01-09,"Early",37,"2019","13","Pionier",2,176,"Split",439.258333333333,92.64,185.04252,"2018-10-25",76
2019-01-09,"Early",31,"2019","13","Pionier",1,220,"Split",439.258333333333,92.64,185.04252,"2018-10-25",76
2019-01-09,"Early",74,"2019","13","Patras",3,220,"Combined",439.258333333333,92.64,185.04252,"2018-10-25",76
2019-01-09,"Early",2,"2019","13","Capone",1,220,"Combined",439.258333333333,92.64,185.04252,"2018-10-25",76
2019-01-09,"Early",28,"2019","13","Pionier",1,176,"Combined",439.258333333333,92.64,185.04252,"2018-10-25",76
2019-01-09,"Early",52,"2019","13","Patras",2,220,"Combined",439.258333333333,92.64,185.04252,"2018-10-25",76
2019-01-09,"Early",40,"2019","13","Apertus",2,176,"Split",439.258333333333,92.64,185.04252,"2018-10-25",76
2019-01-09,"Early",56,"2019","13","Pionier",2,176,"Combined",439.258333333333,92.64,185.04252,"2018-10-25",76
2019-01-09,"Early",54,"2019","13","Patras",2,176,"Combined",439.258333333333,92.64,185.04252,"2018-10-25",76
2019-01-09,"Early",81,"2019","13","Apertus",3,176,"Split",439.258333333333,92.64,185.04252,"2018-10-25",76
2019-01-09,"Early",5,"2019","13","Apertus",1,176,"Split",439.258333333333,92.64,185.04252,"2018-10-25",76
2019-01-09,"Early",8,"2019","13","Patras",1,176,"Split",439.258333333333,92.64,185.04252,"2018-10-25",76
2019-01-09,"Early",89,"2019","13","Pionier",3,220,"Split",439.258333333333,92.64,185.04252,"2018-10-25",76
2019-01-09,"Early",27,"2019","13","Apertus",1,176,"Combined",439.258333333333,92.64,185.04252,"2018-10-25",76
2019-01-09,"Early",76,"2019","13","Apertus",3,220,"Combined",439.258333333333,92.64,185.04252,"2018-10-25",76
2019-01-09,"Early",49,"2019","13","Pionier",2,220,"Combined",439.258333333333,92.64,185.04252,"2018-10-25",76
2019-01-09,"Early",73,"2019","13","Capone",3,220,"Combined",439.258333333333,92.64,185.04252,"2018-10-25",76
2019-01-09,"Early",4,"2019","13","Patras",1,220,"Combined",439.258333333333,92.64,185.04252,"2018-10-25",76
2019-01-09,"Early",32,"2019","13","Capone",1,220,"Split",439.258333333333,92.64,185.04252,"2018-10-25",76
2019-01-09,"Early",6,"2019","13","Pionier",1,176,"Split",439.258333333333,92.64,185.04252,"2018-10-25",76
2019-01-09,"Early",46,"2019","13","Apertus",2,220,"Split",439.258333333333,92.64,185.04252,"2018-10-25",76
2019-01-09,"Early",66,"2019","13","Apertus",3,176,"Combined",439.258333333333,92.64,185.04252,"2018-10-25",76
2019-01-09,"Early",3,"2019","13","Apertus",1,220,"Combined",439.258333333333,92.64,185.04252,"2018-10-25",76
2019-01-09,"Early",92,"2019","13","Patras",3,220,"Split",439.258333333333,92.64,185.04252,"2018-10-25",76
2019-01-09,"Early",39,"2019","13","Patras",2,176,"Split",439.258333333333,92.64,185.04252,"2018-10-25",76
2019-01-09,"Early",84,"2019","13","Capone",3,176,"Split",439.258333333333,92.64,185.04252,"2018-10-25",76
2019-01-09,"Early",48,"2019","13","Patras",2,220,"Split",439.258333333333,92.64,185.04252,"2018-10-25",76
2019-01-09,"Early",67,"2019","13","Capone",3,176,"Combined",439.258333333333,92.64,185.04252,"2018-10-25",76
2019-01-09,"Early",53,"2019","13","Apertus",2,176,"Combined",439.258333333333,92.64,185.04252,"2018-10-25",76
2019-01-09,"Early",25,"2019","13","Capone",1,176,"Combined",439.258333333333,92.64,185.04252,"2018-10-25",76
2019-01-09,"Early",29,"2019","13","Apertus",1,220,"Split",439.258333333333,92.64,185.04252,"2018-10-25",76
2019-01-09,"Early",7,"2019","13","Capone",1,176,"Split",439.258333333333,92.64,185.04252,"2018-10-25",76
2019-01-09,"Early",30,"2019","13","Patras",1,220,"Split",439.258333333333,92.64,185.04252,"2018-10-25",76
2019-01-09,"Early",55,"2019","13","Capone",2,176,"Combined",439.258333333333,92.64,185.04252,"2018-10-25",76
2019-02-14,"Late",11,"2019","13","Capone",1,176,"Split",431.433333333333,130.14,246.45744,"2018-11-08",98
2019-02-14,"Late",13,"2019","13","Capone",1,220,"Combined",431.433333333333,130.14,246.45744,"2018-11-08",98
2019-02-15,"Late",21,"2019","13","Capone",1,176,"Combined",438.354166666667,130.14,255.37644,"2018-11-08",99
2019-02-15,"Late",36,"2019","13","Capone",2,220,"Split",438.354166666667,130.14,255.37644,"2018-11-08",99
2019-02-15,"Late",44,"2019","13","Capone",2,176,"Split",438.354166666667,130.14,255.37644,"2018-11-08",99
2019-02-15,"Late",87,"2019","13","Capone",3,220,"Split",438.354166666667,130.14,255.37644,"2018-11-08",99
2019-02-15,"Late",33,"2019","13","Apertus",2,220,"Split",438.354166666667,130.14,255.37644,"2018-11-08",99
2019-02-15,"Late",19,"2019","13","Capone",1,220,"Split",438.354166666667,130.14,255.37644,"2018-11-08",99
2019-02-16,"Late",96,"2019","13","Capone",3,176,"Split",446.995833333333,130.14,264.6522,"2018-11-08",100
2019-02-16,"Late",57,"2019","13","Capone",2,176,"Combined",446.995833333333,130.14,264.6522,"2018-11-08",100
2019-02-16,"Late",41,"2019","13","Patras",2,176,"Split",446.995833333333,130.14,264.6522,"2018-11-08",100
2019-02-16,"Late",79,"2019","13","Capone",3,176,"Combined",446.995833333333,130.14,264.6522,"2018-11-08",100
2019-02-16,"Late",43,"2019","13","Apertus",2,176,"Split",446.995833333333,130.14,264.6522,"2018-11-08",100
2019-02-16,"Late",34,"2019","13","Pionier",2,220,"Split",446.995833333333,130.14,264.6522,"2018-11-08",100
2019-02-16,"Late",9,"2019","13","Pionier",1,176,"Split",446.995833333333,130.14,264.6522,"2018-11-08",100
2019-02-17,"Late",64,"2019","13","Capone",2,220,"Combined",454.254166666667,130.14,273.12552,"2018-11-08",101
2019-02-17,"Late",20,"2019","13","Pionier",1,220,"Split",454.254166666667,130.14,273.12552,"2018-11-08",101
2019-02-17,"Late",35,"2019","13","Patras",2,220,"Split",454.254166666667,130.14,273.12552,"2018-11-08",101
2019-02-17,"Late",22,"2019","13","Patras",1,176,"Combined",454.254166666667,130.14,273.12552,"2018-11-08",101
2019-02-17,"Late",14,"2019","13","Pionier",1,220,"Combined",454.254166666667,130.14,273.12552,"2018-11-08",101
2019-02-17,"Late",10,"2019","13","Apertus",1,176,"Split",454.254166666667,130.14,273.12552,"2018-11-08",101
2019-02-17,"Late",42,"2019","13","Pionier",2,176,"Split",454.254166666667,130.14,273.12552,"2018-11-08",101
2019-02-17,"Late",77,"2019","13","Pionier",3,176,"Combined",454.254166666667,130.14,273.12552,"2018-11-08",101
2019-02-17,"Late",88,"2019","13","Apertus",3,220,"Split",454.254166666667,130.14,273.12552,"2018-11-08",101
2019-02-18,"Late",61,"2019","13","Apertus",2,220,"Combined",462.854166666667,130.14,282.5064,"2018-11-08",102
2019-02-18,"Late",18,"2019","13","Patras",1,220,"Split",462.854166666667,130.14,282.5064,"2018-11-08",102
2019-02-18,"Late",16,"2019","13","Patras",1,220,"Combined",462.854166666667,130.14,282.5064,"2018-11-08",102
2019-02-18,"Late",62,"2019","13","Pionier",2,220,"Combined",462.854166666667,130.14,282.5064,"2018-11-08",102
2019-02-18,"Late",23,"2019","13","Pionier",1,176,"Combined",462.854166666667,130.14,282.5064,"2018-11-08",102
2019-02-18,"Late",60,"2019","13","Patras",2,176,"Combined",462.854166666667,130.14,282.5064,"2018-11-08",102
2019-02-18,"Late",15,"2019","13","Apertus",1,220,"Combined",462.854166666667,130.14,282.5064,"2018-11-08",102
2019-02-18,"Late",12,"2019","13","Patras",1,176,"Split",462.854166666667,130.14,282.5064,"2018-11-08",102
2019-02-18,"Late",94,"2019","13","Pionier",3,176,"Split",462.854166666667,130.14,282.5064,"2018-11-08",102
2019-02-18,"Late",95,"2019","13","Patras",3,176,"Split",462.854166666667,130.14,282.5064,"2018-11-08",102
2019-02-19,"Late",78,"2019","13","Apertus",3,176,"Combined",470.5125,130.73,288.12708,"2018-11-08",103
2019-02-19,"Late",24,"2019","13","Apertus",1,176,"Combined",470.5125,130.73,288.12708,"2018-11-08",103
2019-02-19,"Late",58,"2019","13","Apertus",2,176,"Combined",470.5125,130.73,288.12708,"2018-11-08",103
2019-02-19,"Late",17,"2019","13","Apertus",1,220,"Split",470.5125,130.73,288.12708,"2018-11-08",103
2019-02-19,"Late",80,"2019","13","Patras",3,176,"Combined",470.5125,130.73,288.12708,"2018-11-08",103
2019-02-19,"Late",93,"2019","13","Apertus",3,176,"Split",470.5125,130.73,288.12708,"2018-11-08",103
2019-02-19,"Late",63,"2019","13","Patras",2,220,"Combined",470.5125,130.73,288.12708,"2018-11-08",103
2019-02-19,"Late",59,"2019","13","Pionier",2,176,"Combined",470.5125,130.73,288.12708,"2018-11-08",103
2019-02-19,"Late",86,"2019","13","Patras",3,220,"Split",470.5125,130.73,288.12708,"2018-11-08",103
2019-02-19,"Late",69,"2019","13","Capone",3,220,"Combined",470.5125,130.73,288.12708,"2018-11-08",103
2019-02-20,"Late",85,"2019","13","Pionier",3,220,"Split",477.4625,130.73,294.1506,"2018-11-08",104
2019-02-20,"Late",70,"2019","13","Apertus",3,220,"Combined",477.4625,130.73,294.1506,"2018-11-08",104
2019-02-20,"Late",71,"2019","13","Pionier",3,220,"Combined",477.4625,130.73,294.1506,"2018-11-08",104
2019-02-20,"Late",72,"2019","13","Patras",3,220,"Combined",477.4625,130.73,294.1506,"2018-11-08",104
2019-03-06,"Early",6,"2019","23","Pionier",1,176,"Split",691.075,141.39,449.07624,"2018-10-25",132
2019-03-06,"Early",50,"2019","23","Apertus",2,220,"Combined",691.075,141.39,449.07624,"2018-10-25",132
2019-03-06,"Early",3,"2019","23","Apertus",1,220,"Combined",691.075,141.39,449.07624,"2018-10-25",132
2019-03-06,"Early",67,"2019","23","Capone",3,176,"Combined",691.075,141.39,449.07624,"2018-10-25",132
2019-03-06,"Early",29,"2019","23","Apertus",1,220,"Split",691.075,141.39,449.07624,"2018-10-25",132
2019-03-06,"Early",84,"2019","23","Capone",3,176,"Split",691.075,141.39,449.07624,"2018-10-25",132
2019-03-06,"Early",38,"2019","23","Capone",2,176,"Split",691.075,141.39,449.07624,"2018-10-25",132
2019-03-06,"Early",45,"2019","23","Pionier",2,220,"Split",691.075,141.39,449.07624,"2018-10-25",132
2019-03-06,"Early",7,"2019","23","Capone",1,176,"Split",691.075,141.39,449.07624,"2018-10-25",132
2019-03-06,"Early",51,"2019","23","Capone",2,220,"Combined",691.075,141.39,449.07624,"2018-10-25",132
2019-03-06,"Early",32,"2019","23","Capone",1,220,"Split",691.075,141.39,449.07624,"2018-10-25",132
2019-03-06,"Early",25,"2019","23","Capone",1,176,"Combined",691.075,141.39,449.07624,"2018-10-25",132
2019-03-06,"Early",39,"2019","23","Patras",2,176,"Split",691.075,141.39,449.07624,"2018-10-25",132
2019-03-06,"Early",40,"2019","23","Apertus",2,176,"Split",691.075,141.39,449.07624,"2018-10-25",132
2019-03-06,"Early",1,"2019","23","Pionier",1,220,"Combined",691.075,141.39,449.07624,"2018-10-25",132
2019-03-06,"Early",52,"2019","23","Patras",2,220,"Combined",691.075,141.39,449.07624,"2018-10-25",132
2019-03-06,"Early",37,"2019","23","Pionier",2,176,"Split",691.075,141.39,449.07624,"2018-10-25",132
2019-03-06,"Early",26,"2019","23","Patras",1,176,"Combined",691.075,141.39,449.07624,"2018-10-25",132
2019-03-12,"Early",66,"2019","23","Apertus",3,176,"Combined",730.254166666667,170.46,488.29032,"2018-10-25",138
2019-03-12,"Early",91,"2019","23","Capone",3,220,"Split",730.254166666667,170.46,488.29032,"2018-10-25",138
2019-03-12,"Early",27,"2019","23","Apertus",1,176,"Combined",730.254166666667,170.46,488.29032,"2018-10-25",138
2019-03-12,"Early",92,"2019","23","Patras",3,220,"Split",730.254166666667,170.46,488.29032,"2018-10-25",138
2019-03-12,"Early",76,"2019","23","Apertus",3,220,"Combined",730.254166666667,170.46,488.29032,"2018-10-25",138
2019-03-12,"Early",48,"2019","23","Patras",2,220,"Split",730.254166666667,170.46,488.29032,"2018-10-25",138
2019-03-12,"Early",55,"2019","23","Capone",2,176,"Combined",730.254166666667,170.46,488.29032,"2018-10-25",138
2019-03-12,"Early",81,"2019","23","Apertus",3,176,"Split",730.254166666667,170.46,488.29032,"2018-10-25",138
2019-03-12,"Early",47,"2019","23","Capone",2,220,"Split",730.254166666667,170.46,488.29032,"2018-10-25",138
2019-03-12,"Early",75,"2019","23","Pionier",3,220,"Combined",730.254166666667,170.46,488.29032,"2018-10-25",138
2019-03-12,"Early",8,"2019","23","Patras",1,176,"Split",730.254166666667,170.46,488.29032,"2018-10-25",138
2019-03-12,"Early",83,"2019","23","Patras",3,176,"Split",730.254166666667,170.46,488.29032,"2018-10-25",138
2019-03-12,"Early",73,"2019","23","Capone",3,220,"Combined",730.254166666667,170.46,488.29032,"2018-10-25",138
2019-03-12,"Early",2,"2019","23","Capone",1,220,"Combined",730.254166666667,170.46,488.29032,"2018-10-25",138
2019-03-12,"Early",82,"2019","23","Pionier",3,176,"Split",730.254166666667,170.46,488.29032,"2018-10-25",138
2019-03-12,"Early",5,"2019","23","Apertus",1,176,"Split",730.254166666667,170.46,488.29032,"2018-10-25",138
2019-03-12,"Early",90,"2019","23","Apertus",3,220,"Split",730.254166666667,170.46,488.29032,"2018-10-25",138
2019-03-12,"Early",53,"2019","23","Apertus",2,176,"Combined",730.254166666667,170.46,488.29032,"2018-10-25",138
2019-03-12,"Early",74,"2019","23","Patras",3,220,"Combined",730.254166666667,170.46,488.29032,"2018-10-25",138
2019-03-12,"Early",31,"2019","23","Pionier",1,220,"Split",730.254166666667,170.46,488.29032,"2018-10-25",138
2019-03-12,"Early",49,"2019","23","Pionier",2,220,"Combined",730.254166666667,170.46,488.29032,"2018-10-25",138
2019-03-12,"Early",56,"2019","23","Pionier",2,176,"Combined",730.254166666667,170.46,488.29032,"2018-10-25",138
2019-03-12,"Early",46,"2019","23","Apertus",2,220,"Split",730.254166666667,170.46,488.29032,"2018-10-25",138
2019-03-12,"Early",28,"2019","23","Pionier",1,176,"Combined",730.254166666667,170.46,488.29032,"2018-10-25",138
2019-03-12,"Early",89,"2019","23","Pionier",3,220,"Split",730.254166666667,170.46,488.29032,"2018-10-25",138
2019-03-12,"Early",65,"2019","23","Pionier",3,176,"Combined",730.254166666667,170.46,488.29032,"2018-10-25",138
2019-03-12,"Early",68,"2019","23","Patras",3,176,"Combined",730.254166666667,170.46,488.29032,"2018-10-25",138
2019-03-15,"Early",4,"2019","23","Patras",1,220,"Combined",750.525,182.17,499.41108,"2018-10-25",141
2019-03-15,"Early",30,"2019","23","Patras",1,220,"Split",750.525,182.17,499.41108,"2018-10-25",141
2019-03-15,"Early",54,"2019","23","Patras",2,176,"Combined",750.525,182.17,499.41108,"2018-10-25",141
2019-03-20,"Late",33,"2019","23","Apertus",2,220,"Split",668,184.53,483.62508,"2018-11-08",132
2019-03-26,"Late",9,"2019","23","Pionier",1,176,"Split",713.429166666667,189.05,543.67092,"2018-11-08",138
2019-03-26,"Late",36,"2019","23","Capone",2,220,"Split",713.429166666667,189.05,543.67092,"2018-11-08",138
2019-03-26,"Late",70,"2019","23","Apertus",3,220,"Combined",713.429166666667,189.05,543.67092,"2018-11-08",138
2019-03-26,"Late",41,"2019","23","Patras",2,176,"Split",713.429166666667,189.05,543.67092,"2018-11-08",138
2019-03-26,"Late",18,"2019","23","Patras",1,220,"Split",713.429166666667,189.05,543.67092,"2018-11-08",138
2019-03-26,"Late",12,"2019","23","Patras",1,176,"Split",713.429166666667,189.05,543.67092,"2018-11-08",138
2019-03-26,"Late",62,"2019","23","Pionier",2,220,"Combined",713.429166666667,189.05,543.67092,"2018-11-08",138
2019-03-26,"Late",20,"2019","23","Pionier",1,220,"Split",713.429166666667,189.05,543.67092,"2018-11-08",138
2019-03-26,"Late",59,"2019","23","Pionier",2,176,"Combined",713.429166666667,189.05,543.67092,"2018-11-08",138
2019-03-26,"Late",42,"2019","23","Pionier",2,176,"Split",713.429166666667,189.05,543.67092,"2018-11-08",138
2019-03-26,"Late",16,"2019","23","Patras",1,220,"Combined",713.429166666667,189.05,543.67092,"2018-11-08",138
2019-03-26,"Late",72,"2019","23","Patras",3,220,"Combined",713.429166666667,189.05,543.67092,"2018-11-08",138
2019-03-26,"Late",69,"2019","23","Capone",3,220,"Combined",713.429166666667,189.05,543.67092,"2018-11-08",138
2019-03-26,"Late",79,"2019","23","Capone",3,176,"Combined",713.429166666667,189.05,543.67092,"2018-11-08",138
2019-03-26,"Late",34,"2019","23","Pionier",2,220,"Split",713.429166666667,189.05,543.67092,"2018-11-08",138
2019-03-26,"Late",61,"2019","23","Apertus",2,220,"Combined",713.429166666667,189.05,543.67092,"2018-11-08",138
2019-03-26,"Late",22,"2019","23","Patras",1,176,"Combined",713.429166666667,189.05,543.67092,"2018-11-08",138
2019-03-26,"Late",78,"2019","23","Apertus",3,176,"Combined",713.429166666667,189.05,543.67092,"2018-11-08",138
2019-03-26,"Late",94,"2019","23","Pionier",3,176,"Split",713.429166666667,189.05,543.67092,"2018-11-08",138
2019-03-26,"Late",85,"2019","23","Pionier",3,220,"Split",713.429166666667,189.05,543.67092,"2018-11-08",138
2019-03-26,"Late",86,"2019","23","Patras",3,220,"Split",713.429166666667,189.05,543.67092,"2018-11-08",138
2019-03-26,"Late",24,"2019","23","Apertus",1,176,"Combined",713.429166666667,189.05,543.67092,"2018-11-08",138
2019-03-26,"Late",14,"2019","23","Pionier",1,220,"Combined",713.429166666667,189.05,543.67092,"2018-11-08",138
2019-03-26,"Late",11,"2019","23","Capone",1,176,"Split",713.429166666667,189.05,543.67092,"2018-11-08",138
2019-03-26,"Late",77,"2019","23","Pionier",3,176,"Combined",713.429166666667,189.05,543.67092,"2018-11-08",138
2019-03-26,"Late",21,"2019","23","Capone",1,176,"Combined",713.429166666667,189.05,543.67092,"2018-11-08",138
2019-03-26,"Late",13,"2019","23","Capone",1,220,"Combined",713.429166666667,189.05,543.67092,"2018-11-08",138
2019-03-26,"Late",19,"2019","23","Capone",1,220,"Split",713.429166666667,189.05,543.67092,"2018-11-08",138
2019-03-26,"Late",87,"2019","23","Capone",3,220,"Split",713.429166666667,189.05,543.67092,"2018-11-08",138
2019-03-26,"Late",80,"2019","23","Patras",3,176,"Combined",713.429166666667,189.05,543.67092,"2018-11-08",138
2019-03-26,"Late",96,"2019","23","Capone",3,176,"Split",713.429166666667,189.05,543.67092,"2018-11-08",138
2019-03-26,"Late",95,"2019","23","Patras",3,176,"Split",713.429166666667,189.05,543.67092,"2018-11-08",138
2019-03-26,"Late",57,"2019","23","Capone",2,176,"Combined",713.429166666667,189.05,543.67092,"2018-11-08",138
2019-03-26,"Late",43,"2019","23","Apertus",2,176,"Split",713.429166666667,189.05,543.67092,"2018-11-08",138
2019-03-26,"Late",58,"2019","23","Apertus",2,176,"Combined",713.429166666667,189.05,543.67092,"2018-11-08",138
2019-03-26,"Late",63,"2019","23","Patras",2,220,"Combined",713.429166666667,189.05,543.67092,"2018-11-08",138
2019-03-26,"Late",10,"2019","23","Apertus",1,176,"Split",713.429166666667,189.05,543.67092,"2018-11-08",138
2019-03-26,"Late",15,"2019","23","Apertus",1,220,"Combined",713.429166666667,189.05,543.67092,"2018-11-08",138
2019-03-26,"Late",64,"2019","23","Capone",2,220,"Combined",713.429166666667,189.05,543.67092,"2018-11-08",138
2019-03-26,"Late",71,"2019","23","Pionier",3,220,"Combined",713.429166666667,189.05,543.67092,"2018-11-08",138
2019-03-26,"Late",44,"2019","23","Capone",2,176,"Split",713.429166666667,189.05,543.67092,"2018-11-08",138
2019-03-26,"Late",93,"2019","23","Apertus",3,176,"Split",713.429166666667,189.05,543.67092,"2018-11-08",138
2019-03-26,"Late",35,"2019","23","Patras",2,220,"Split",713.429166666667,189.05,543.67092,"2018-11-08",138
2019-03-26,"Late",17,"2019","23","Apertus",1,220,"Split",713.429166666667,189.05,543.67092,"2018-11-08",138
2019-03-26,"Late",23,"2019","23","Pionier",1,176,"Combined",713.429166666667,189.05,543.67092,"2018-11-08",138
2019-03-26,"Late",60,"2019","23","Patras",2,176,"Combined",713.429166666667,189.05,543.67092,"2018-11-08",138
2019-03-26,"Late",88,"2019","23","Apertus",3,220,"Split",713.429166666667,189.05,543.67092,"2018-11-08",138
2019-04-15,"Early",30,"2019","31","Patras",1,220,"Split",988.041666666667,208.94,864.18,"2018-10-25",172
2019-04-17,"Early",56,"2019","31","Pionier",2,176,"Combined",1009.10416666667,208.94,908.62812,"2018-10-25",174
2019-04-17,"Early",51,"2019","31","Capone",2,220,"Combined",1009.10416666667,208.94,908.62812,"2018-10-25",174
2019-04-17,"Early",73,"2019","31","Capone",3,220,"Combined",1009.10416666667,208.94,908.62812,"2018-10-25",174
2019-04-17,"Early",53,"2019","31","Apertus",2,176,"Combined",1009.10416666667,208.94,908.62812,"2018-10-25",174
2019-04-17,"Early",54,"2019","31","Patras",2,176,"Combined",1009.10416666667,208.94,908.62812,"2018-10-25",174
2019-04-17,"Early",74,"2019","31","Patras",3,220,"Combined",1009.10416666667,208.94,908.62812,"2018-10-25",174
2019-04-17,"Early",67,"2019","31","Capone",3,176,"Combined",1009.10416666667,208.94,908.62812,"2018-10-25",174
2019-04-17,"Early",55,"2019","31","Capone",2,176,"Combined",1009.10416666667,208.94,908.62812,"2018-10-25",174
2019-04-17,"Early",38,"2019","31","Capone",2,176,"Split",1009.10416666667,208.94,908.62812,"2018-10-25",174
2019-04-17,"Early",75,"2019","31","Pionier",3,220,"Combined",1009.10416666667,208.94,908.62812,"2018-10-25",174
2019-04-17,"Early",83,"2019","31","Patras",3,176,"Split",1009.10416666667,208.94,908.62812,"2018-10-25",174
2019-04-17,"Early",47,"2019","31","Capone",2,220,"Split",1009.10416666667,208.94,908.62812,"2018-10-25",174
2019-04-17,"Early",32,"2019","31","Capone",1,220,"Split",1009.10416666667,208.94,908.62812,"2018-10-25",174
2019-04-17,"Early",39,"2019","31","Patras",2,176,"Split",1009.10416666667,208.94,908.62812,"2018-10-25",174
2019-04-17,"Early",84,"2019","31","Capone",3,176,"Split",1009.10416666667,208.94,908.62812,"2018-10-25",174
2019-04-17,"Early",48,"2019","31","Patras",2,220,"Split",1009.10416666667,208.94,908.62812,"2018-10-25",174
2019-04-17,"Early",52,"2019","31","Patras",2,220,"Combined",1009.10416666667,208.94,908.62812,"2018-10-25",174
2019-04-17,"Early",68,"2019","31","Patras",3,176,"Combined",1009.10416666667,208.94,908.62812,"2018-10-25",174
2019-04-17,"Early",49,"2019","31","Pionier",2,220,"Combined",1009.10416666667,208.94,908.62812,"2018-10-25",174
2019-04-17,"Late",80,"2019","31","Patras",3,176,"Combined",894.908333333333,203.67,851.75568,"2018-11-08",160
2019-04-17,"Late",72,"2019","31","Patras",3,220,"Combined",894.908333333333,203.67,851.75568,"2018-11-08",160
2019-04-17,"Late",33,"2019","31","Apertus",2,220,"Split",894.908333333333,203.67,851.75568,"2018-11-08",160
2019-04-18,"Early",92,"2019","31","Patras",3,220,"Split",1022.16666666667,208.94,930.75012,"2018-10-25",175
2019-04-24,"Early",46,"2019","31","Apertus",2,220,"Split",1110.025,210.32,1068.84504,"2018-10-25",181
2019-04-24,"Early",4,"2019","31","Patras",1,220,"Combined",1110.025,210.32,1068.84504,"2018-10-25",181
2019-04-24,"Early",28,"2019","31","Pionier",1,176,"Combined",1110.025,210.32,1068.84504,"2018-10-25",181
2019-04-24,"Early",66,"2019","31","Apertus",3,176,"Combined",1110.025,210.32,1068.84504,"2018-10-25",181
2019-04-24,"Early",7,"2019","31","Capone",1,176,"Split",1110.025,210.32,1068.84504,"2018-10-25",181
2019-04-24,"Early",1,"2019","31","Pionier",1,220,"Combined",1110.025,210.32,1068.84504,"2018-10-25",181
2019-04-24,"Early",37,"2019","31","Pionier",2,176,"Split",1110.025,210.32,1068.84504,"2018-10-25",181
2019-04-24,"Early",2,"2019","31","Capone",1,220,"Combined",1110.025,210.32,1068.84504,"2018-10-25",181
2019-04-24,"Early",8,"2019","31","Patras",1,176,"Split",1110.025,210.32,1068.84504,"2018-10-25",181
2019-04-24,"Early",50,"2019","31","Apertus",2,220,"Combined",1110.025,210.32,1068.84504,"2018-10-25",181
2019-04-24,"Early",81,"2019","31","Apertus",3,176,"Split",1110.025,210.32,1068.84504,"2018-10-25",181
2019-04-24,"Early",65,"2019","31","Pionier",3,176,"Combined",1110.025,210.32,1068.84504,"2018-10-25",181
2019-04-24,"Early",82,"2019","31","Pionier",3,176,"Split",1110.025,210.32,1068.84504,"2018-10-25",181
2019-04-24,"Early",40,"2019","31","Apertus",2,176,"Split",1110.025,210.32,1068.84504,"2018-10-25",181
2019-04-24,"Early",26,"2019","31","Patras",1,176,"Combined",1110.025,210.32,1068.84504,"2018-10-25",181
2019-04-24,"Early",5,"2019","31","Apertus",1,176,"Split",1110.025,210.32,1068.84504,"2018-10-25",181
2019-04-24,"Early",91,"2019","31","Capone",3,220,"Split",1110.025,210.32,1068.84504,"2018-10-25",181
2019-04-24,"Early",90,"2019","31","Apertus",3,220,"Split",1110.025,210.32,1068.84504,"2018-10-25",181
2019-04-24,"Early",45,"2019","31","Pionier",2,220,"Split",1110.025,210.32,1068.84504,"2018-10-25",181
2019-04-24,"Early",89,"2019","31","Pionier",3,220,"Split",1110.025,210.32,1068.84504,"2018-10-25",181
2019-04-24,"Early",3,"2019","31","Apertus",1,220,"Combined",1110.025,210.32,1068.84504,"2018-10-25",181
2019-04-24,"Early",27,"2019","31","Apertus",1,176,"Combined",1110.025,210.32,1068.84504,"2018-10-25",181
2019-04-24,"Early",6,"2019","31","Pionier",1,176,"Split",1110.025,210.32,1068.84504,"2018-10-25",181
2019-04-24,"Early",25,"2019","31","Capone",1,176,"Combined",1110.025,210.32,1068.84504,"2018-10-25",181
2019-04-24,"Late",41,"2019","31","Patras",2,176,"Split",995.829166666667,205.05,1011.9726,"2018-11-08",167
2019-04-24,"Late",22,"2019","31","Patras",1,176,"Combined",995.829166666667,205.05,1011.9726,"2018-11-08",167
2019-04-24,"Late",63,"2019","31","Patras",2,220,"Combined",995.829166666667,205.05,1011.9726,"2018-11-08",167
2019-04-24,"Late",12,"2019","31","Patras",1,176,"Split",995.829166666667,205.05,1011.9726,"2018-11-08",167
2019-04-24,"Late",18,"2019","31","Patras",1,220,"Split",995.829166666667,205.05,1011.9726,"2018-11-08",167
2019-04-24,"Late",86,"2019","31","Patras",3,220,"Split",995.829166666667,205.05,1011.9726,"2018-11-08",167
2019-04-24,"Late",14,"2019","31","Pionier",1,220,"Combined",995.829166666667,205.05,1011.9726,"2018-11-08",167
2019-04-24,"Late",16,"2019","31","Patras",1,220,"Combined",995.829166666667,205.05,1011.9726,"2018-11-08",167
2019-04-29,"Early",29,"2019","31","Apertus",1,220,"Split",1165.60833333333,227,1137.27276,"2018-10-25",186
2019-04-29,"Early",76,"2019","31","Apertus",3,220,"Combined",1165.60833333333,227,1137.27276,"2018-10-25",186
2019-04-29,"Early",31,"2019","31","Pionier",1,220,"Split",1165.60833333333,227,1137.27276,"2018-10-25",186
2019-04-29,"Late",58,"2019","31","Apertus",2,176,"Combined",1051.4125,221.73,1080.40032,"2018-11-08",172
2019-04-29,"Late",42,"2019","31","Pionier",2,176,"Split",1051.4125,221.73,1080.40032,"2018-11-08",172
2019-04-29,"Late",62,"2019","31","Pionier",2,220,"Combined",1051.4125,221.73,1080.40032,"2018-11-08",172
2019-04-29,"Late",95,"2019","31","Patras",3,176,"Split",1051.4125,221.73,1080.40032,"2018-11-08",172
2019-04-29,"Late",17,"2019","31","Apertus",1,220,"Split",1051.4125,221.73,1080.40032,"2018-11-08",172
2019-04-29,"Late",36,"2019","31","Capone",2,220,"Split",1051.4125,221.73,1080.40032,"2018-11-08",172
2019-04-29,"Late",85,"2019","31","Pionier",3,220,"Split",1051.4125,221.73,1080.40032,"2018-11-08",172
2019-04-29,"Late",94,"2019","31","Pionier",3,176,"Split",1051.4125,221.73,1080.40032,"2018-11-08",172
2019-04-29,"Late",19,"2019","31","Capone",1,220,"Split",1051.4125,221.73,1080.40032,"2018-11-08",172
2019-04-29,"Late",70,"2019","31","Apertus",3,220,"Combined",1051.4125,221.73,1080.40032,"2018-11-08",172
2019-04-29,"Late",15,"2019","31","Apertus",1,220,"Combined",1051.4125,221.73,1080.40032,"2018-11-08",172
2019-04-29,"Late",78,"2019","31","Apertus",3,176,"Combined",1051.4125,221.73,1080.40032,"2018-11-08",172
2019-04-29,"Late",59,"2019","31","Pionier",2,176,"Combined",1051.4125,221.73,1080.40032,"2018-11-08",172
2019-04-29,"Late",24,"2019","31","Apertus",1,176,"Combined",1051.4125,221.73,1080.40032,"2018-11-08",172
2019-04-29,"Late",20,"2019","31","Pionier",1,220,"Split",1051.4125,221.73,1080.40032,"2018-11-08",172
2019-04-29,"Late",44,"2019","31","Capone",2,176,"Split",1051.4125,221.73,1080.40032,"2018-11-08",172
2019-04-29,"Late",69,"2019","31","Capone",3,220,"Combined",1051.4125,221.73,1080.40032,"2018-11-08",172
2019-04-29,"Late",88,"2019","31","Apertus",3,220,"Split",1051.4125,221.73,1080.40032,"2018-11-08",172
2019-04-29,"Late",13,"2019","31","Capone",1,220,"Combined",1051.4125,221.73,1080.40032,"2018-11-08",172
2019-04-29,"Late",79,"2019","31","Capone",3,176,"Combined",1051.4125,221.73,1080.40032,"2018-11-08",172
2019-04-29,"Late",96,"2019","31","Capone",3,176,"Split",1051.4125,221.73,1080.40032,"2018-11-08",172
2019-04-29,"Late",9,"2019","31","Pionier",1,176,"Split",1051.4125,221.73,1080.40032,"2018-11-08",172
2019-04-29,"Late",77,"2019","31","Pionier",3,176,"Combined",1051.4125,221.73,1080.40032,"2018-11-08",172
2019-04-29,"Late",64,"2019","31","Capone",2,220,"Combined",1051.4125,221.73,1080.40032,"2018-11-08",172
2019-04-29,"Late",61,"2019","31","Apertus",2,220,"Combined",1051.4125,221.73,1080.40032,"2018-11-08",172
2019-04-29,"Late",43,"2019","31","Apertus",2,176,"Split",1051.4125,221.73,1080.40032,"2018-11-08",172
2019-04-29,"Late",71,"2019","31","Pionier",3,220,"Combined",1051.4125,221.73,1080.40032,"2018-11-08",172
2019-04-29,"Late",87,"2019","31","Capone",3,220,"Split",1051.4125,221.73,1080.40032,"2018-11-08",172
2019-04-29,"Late",10,"2019","31","Apertus",1,176,"Split",1051.4125,221.73,1080.40032,"2018-11-08",172
2019-04-29,"Late",23,"2019","31","Pionier",1,176,"Combined",1051.4125,221.73,1080.40032,"2018-11-08",172
2019-04-29,"Late",11,"2019","31","Capone",1,176,"Split",1051.4125,221.73,1080.40032,"2018-11-08",172
2019-04-29,"Late",34,"2019","31","Pionier",2,220,"Split",1051.4125,221.73,1080.40032,"2018-11-08",172
2019-04-29,"Late",35,"2019","31","Patras",2,220,"Split",1051.4125,221.73,1080.40032,"2018-11-08",172
2019-04-29,"Late",60,"2019","31","Patras",2,176,"Combined",1051.4125,221.73,1080.40032,"2018-11-08",172
2019-04-29,"Late",93,"2019","31","Apertus",3,176,"Split",1051.4125,221.73,1080.40032,"2018-11-08",172
2019-04-29,"Late",57,"2019","31","Capone",2,176,"Combined",1051.4125,221.73,1080.40032,"2018-11-08",172
2019-04-29,"Late",21,"2019","31","Capone",1,176,"Combined",1051.4125,221.73,1080.40032,"2018-11-08",172
2019-05-27,"Early",25,"2019","41","Capone",1,176,"Combined",1479.59166666667,249.69,1625.15592,"2018-10-25",214
2019-05-27,"Early",30,"2019","41","Patras",1,220,"Split",1479.59166666667,249.69,1625.15592,"2018-10-25",214
2019-05-27,"Early",83,"2019","41","Patras",3,176,"Split",1479.59166666667,249.69,1625.15592,"2018-10-25",214
2019-05-27,"Early",49,"2019","41","Pionier",2,220,"Combined",1479.59166666667,249.69,1625.15592,"2018-10-25",214
2019-05-27,"Early",65,"2019","41","Pionier",3,176,"Combined",1479.59166666667,249.69,1625.15592,"2018-10-25",214
2019-05-27,"Early",28,"2019","41","Pionier",1,176,"Combined",1479.59166666667,249.69,1625.15592,"2018-10-25",214
2019-05-27,"Early",1,"2019","41","Pionier",1,220,"Combined",1479.59166666667,249.69,1625.15592,"2018-10-25",214
2019-05-27,"Early",51,"2019","41","Capone",2,220,"Combined",1479.59166666667,249.69,1625.15592,"2018-10-25",214
2019-05-27,"Early",2,"2019","41","Capone",1,220,"Combined",1479.59166666667,249.69,1625.15592,"2018-10-25",214
2019-05-27,"Early",66,"2019","41","Apertus",3,176,"Combined",1479.59166666667,249.69,1625.15592,"2018-10-25",214
2019-05-27,"Early",38,"2019","41","Capone",2,176,"Split",1479.59166666667,249.69,1625.15592,"2018-10-25",214
2019-05-27,"Early",29,"2019","41","Apertus",1,220,"Split",1479.59166666667,249.69,1625.15592,"2018-10-25",214
2019-05-27,"Early",52,"2019","41","Patras",2,220,"Combined",1479.59166666667,249.69,1625.15592,"2018-10-25",214
2019-05-27,"Early",46,"2019","41","Apertus",2,220,"Split",1479.59166666667,249.69,1625.15592,"2018-10-25",214
2019-05-27,"Early",32,"2019","41","Capone",1,220,"Split",1479.59166666667,249.69,1625.15592,"2018-10-25",214
2019-05-27,"Early",54,"2019","41","Patras",2,176,"Combined",1479.59166666667,249.69,1625.15592,"2018-10-25",214
2019-05-27,"Early",82,"2019","41","Pionier",3,176,"Split",1479.59166666667,249.69,1625.15592,"2018-10-25",214
2019-05-27,"Early",40,"2019","41","Apertus",2,176,"Split",1479.59166666667,249.69,1625.15592,"2018-10-25",214
2019-05-27,"Early",91,"2019","41","Capone",3,220,"Split",1479.59166666667,249.69,1625.15592,"2018-10-25",214
2019-05-27,"Early",48,"2019","41","Patras",2,220,"Split",1479.59166666667,249.69,1625.15592,"2018-10-25",214
2019-05-27,"Early",67,"2019","41","Capone",3,176,"Combined",1479.59166666667,249.69,1625.15592,"2018-10-25",214
2019-05-27,"Early",56,"2019","41","Pionier",2,176,"Combined",1479.59166666667,249.69,1625.15592,"2018-10-25",214
2019-05-27,"Early",31,"2019","41","Pionier",1,220,"Split",1479.59166666667,249.69,1625.15592,"2018-10-25",214
2019-05-27,"Early",53,"2019","41","Apertus",2,176,"Combined",1479.59166666667,249.69,1625.15592,"2018-10-25",214
2019-05-27,"Early",92,"2019","41","Patras",3,220,"Split",1479.59166666667,249.69,1625.15592,"2018-10-25",214
2019-05-27,"Early",37,"2019","41","Pionier",2,176,"Split",1479.59166666667,249.69,1625.15592,"2018-10-25",214
2019-05-27,"Early",50,"2019","41","Apertus",2,220,"Combined",1479.59166666667,249.69,1625.15592,"2018-10-25",214
2019-05-27,"Early",27,"2019","41","Apertus",1,176,"Combined",1479.59166666667,249.69,1625.15592,"2018-10-25",214
2019-05-27,"Early",90,"2019","41","Apertus",3,220,"Split",1479.59166666667,249.69,1625.15592,"2018-10-25",214
2019-05-27,"Early",45,"2019","41","Pionier",2,220,"Split",1479.59166666667,249.69,1625.15592,"2018-10-25",214
2019-05-27,"Early",8,"2019","41","Patras",1,176,"Split",1479.59166666667,249.69,1625.15592,"2018-10-25",214
2019-05-27,"Early",5,"2019","41","Apertus",1,176,"Split",1479.59166666667,249.69,1625.15592,"2018-10-25",214
2019-05-27,"Early",76,"2019","41","Apertus",3,220,"Combined",1479.59166666667,249.69,1625.15592,"2018-10-25",214
2019-05-27,"Early",55,"2019","41","Capone",2,176,"Combined",1479.59166666667,249.69,1625.15592,"2018-10-25",214
2019-05-27,"Early",47,"2019","41","Capone",2,220,"Split",1479.59166666667,249.69,1625.15592,"2018-10-25",214
2019-05-27,"Early",4,"2019","41","Patras",1,220,"Combined",1479.59166666667,249.69,1625.15592,"2018-10-25",214
2019-05-27,"Early",89,"2019","41","Pionier",3,220,"Split",1479.59166666667,249.69,1625.15592,"2018-10-25",214
2019-05-27,"Early",84,"2019","41","Capone",3,176,"Split",1479.59166666667,249.69,1625.15592,"2018-10-25",214
2019-05-27,"Early",75,"2019","41","Pionier",3,220,"Combined",1479.59166666667,249.69,1625.15592,"2018-10-25",214
2019-05-27,"Early",73,"2019","41","Capone",3,220,"Combined",1479.59166666667,249.69,1625.15592,"2018-10-25",214
2019-05-27,"Early",81,"2019","41","Apertus",3,176,"Split",1479.59166666667,249.69,1625.15592,"2018-10-25",214
2019-05-27,"Early",39,"2019","41","Patras",2,176,"Split",1479.59166666667,249.69,1625.15592,"2018-10-25",214
2019-05-27,"Early",68,"2019","41","Patras",3,176,"Combined",1479.59166666667,249.69,1625.15592,"2018-10-25",214
2019-05-27,"Early",74,"2019","41","Patras",3,220,"Combined",1479.59166666667,249.69,1625.15592,"2018-10-25",214
2019-05-27,"Early",7,"2019","41","Capone",1,176,"Split",1479.59166666667,249.69,1625.15592,"2018-10-25",214
2019-05-27,"Early",26,"2019","41","Patras",1,176,"Combined",1479.59166666667,249.69,1625.15592,"2018-10-25",214
2019-05-27,"Early",3,"2019","41","Apertus",1,220,"Combined",1479.59166666667,249.69,1625.15592,"2018-10-25",214
2019-05-27,"Early",6,"2019","41","Pionier",1,176,"Split",1479.59166666667,249.69,1625.15592,"2018-10-25",214
2019-05-27,"Late",19,"2019","41","Capone",1,220,"Split",1365.39583333333,244.42,1568.28348,"2018-11-08",200
2019-05-27,"Late",33,"2019","41","Apertus",2,220,"Split",1365.39583333333,244.42,1568.28348,"2018-11-08",200
2019-05-27,"Late",94,"2019","41","Pionier",3,176,"Split",1365.39583333333,244.42,1568.28348,"2018-11-08",200
2019-05-27,"Late",13,"2019","41","Capone",1,220,"Combined",1365.39583333333,244.42,1568.28348,"2018-11-08",200
2019-05-27,"Late",17,"2019","41","Apertus",1,220,"Split",1365.39583333333,244.42,1568.28348,"2018-11-08",200
2019-05-27,"Late",14,"2019","41","Pionier",1,220,"Combined",1365.39583333333,244.42,1568.28348,"2018-11-08",200
2019-05-27,"Late",87,"2019","41","Capone",3,220,"Split",1365.39583333333,244.42,1568.28348,"2018-11-08",200
2019-05-27,"Late",11,"2019","41","Capone",1,176,"Split",1365.39583333333,244.42,1568.28348,"2018-11-08",200
2019-05-27,"Late",41,"2019","41","Patras",2,176,"Split",1365.39583333333,244.42,1568.28348,"2018-11-08",200
2019-05-27,"Late",78,"2019","41","Apertus",3,176,"Combined",1365.39583333333,244.42,1568.28348,"2018-11-08",200
2019-05-27,"Late",85,"2019","41","Pionier",3,220,"Split",1365.39583333333,244.42,1568.28348,"2018-11-08",200
2019-05-27,"Late",24,"2019","41","Apertus",1,176,"Combined",1365.39583333333,244.42,1568.28348,"2018-11-08",200
2019-05-27,"Late",44,"2019","41","Capone",2,176,"Split",1365.39583333333,244.42,1568.28348,"2018-11-08",200
2019-05-27,"Late",36,"2019","41","Capone",2,220,"Split",1365.39583333333,244.42,1568.28348,"2018-11-08",200
2019-05-27,"Late",22,"2019","41","Patras",1,176,"Combined",1365.39583333333,244.42,1568.28348,"2018-11-08",200
2019-05-27,"Late",18,"2019","41","Patras",1,220,"Split",1365.39583333333,244.42,1568.28348,"2018-11-08",200
2019-05-27,"Late",71,"2019","41","Pionier",3,220,"Combined",1365.39583333333,244.42,1568.28348,"2018-11-08",200
2019-05-27,"Late",57,"2019","41","Capone",2,176,"Combined",1365.39583333333,244.42,1568.28348,"2018-11-08",200
2019-05-27,"Late",9,"2019","41","Pionier",1,176,"Split",1365.39583333333,244.42,1568.28348,"2018-11-08",200
2019-05-27,"Late",96,"2019","41","Capone",3,176,"Split",1365.39583333333,244.42,1568.28348,"2018-11-08",200
2019-05-27,"Late",59,"2019","41","Pionier",2,176,"Combined",1365.39583333333,244.42,1568.28348,"2018-11-08",200
2019-05-27,"Late",64,"2019","41","Capone",2,220,"Combined",1365.39583333333,244.42,1568.28348,"2018-11-08",200
2019-05-27,"Late",16,"2019","41","Patras",1,220,"Combined",1365.39583333333,244.42,1568.28348,"2018-11-08",200
2019-05-27,"Late",86,"2019","41","Patras",3,220,"Split",1365.39583333333,244.42,1568.28348,"2018-11-08",200
2019-05-27,"Late",69,"2019","41","Capone",3,220,"Combined",1365.39583333333,244.42,1568.28348,"2018-11-08",200
2019-05-27,"Late",20,"2019","41","Pionier",1,220,"Split",1365.39583333333,244.42,1568.28348,"2018-11-08",200
2019-05-27,"Late",15,"2019","41","Apertus",1,220,"Combined",1365.39583333333,244.42,1568.28348,"2018-11-08",200
2019-05-27,"Late",43,"2019","41","Apertus",2,176,"Split",1365.39583333333,244.42,1568.28348,"2018-11-08",200
2019-05-27,"Late",58,"2019","41","Apertus",2,176,"Combined",1365.39583333333,244.42,1568.28348,"2018-11-08",200
2019-05-27,"Late",42,"2019","41","Pionier",2,176,"Split",1365.39583333333,244.42,1568.28348,"2018-11-08",200
2019-05-27,"Late",23,"2019","41","Pionier",1,176,"Combined",1365.39583333333,244.42,1568.28348,"2018-11-08",200
2019-05-27,"Late",93,"2019","41","Apertus",3,176,"Split",1365.39583333333,244.42,1568.28348,"2018-11-08",200
2019-05-27,"Late",79,"2019","41","Capone",3,176,"Combined",1365.39583333333,244.42,1568.28348,"2018-11-08",200
2019-05-27,"Late",12,"2019","41","Patras",1,176,"Split",1365.39583333333,244.42,1568.28348,"2018-11-08",200
2019-05-27,"Late",10,"2019","41","Apertus",1,176,"Split",1365.39583333333,244.42,1568.28348,"2018-11-08",200
2019-05-27,"Late",63,"2019","41","Patras",2,220,"Combined",1365.39583333333,244.42,1568.28348,"2018-11-08",200
2019-05-27,"Late",72,"2019","41","Patras",3,220,"Combined",1365.39583333333,244.42,1568.28348,"2018-11-08",200
2019-05-27,"Late",35,"2019","41","Patras",2,220,"Split",1365.39583333333,244.42,1568.28348,"2018-11-08",200
2019-05-27,"Late",60,"2019","41","Patras",2,176,"Combined",1365.39583333333,244.42,1568.28348,"2018-11-08",200
2019-05-27,"Late",62,"2019","41","Pionier",2,220,"Combined",1365.39583333333,244.42,1568.28348,"2018-11-08",200
2019-05-27,"Late",21,"2019","41","Capone",1,176,"Combined",1365.39583333333,244.42,1568.28348,"2018-11-08",200
2019-05-27,"Late",80,"2019","41","Patras",3,176,"Combined",1365.39583333333,244.42,1568.28348,"2018-11-08",200
2019-05-27,"Late",70,"2019","41","Apertus",3,220,"Combined",1365.39583333333,244.42,1568.28348,"2018-11-08",200
2019-05-27,"Late",61,"2019","41","Apertus",2,220,"Combined",1365.39583333333,244.42,1568.28348,"2018-11-08",200
2019-05-27,"Late",88,"2019","41","Apertus",3,220,"Split",1365.39583333333,244.42,1568.28348,"2018-11-08",200
2019-05-27,"Late",34,"2019","41","Pionier",2,220,"Split",1365.39583333333,244.42,1568.28348,"2018-11-08",200
2019-05-27,"Late",95,"2019","41","Patras",3,176,"Split",1365.39583333333,244.42,1568.28348,"2018-11-08",200
2019-05-27,"Late",77,"2019","41","Pionier",3,176,"Combined",1365.39583333333,244.42,1568.28348,"2018-11-08",200
2019-06-05,"Early",2,"2019","51","Capone",1,220,"Combined",1642.52916666667,271.74,1806.90732,"2018-10-25",223
2019-06-05,"Early",55,"2019","51","Capone",2,176,"Combined",1642.52916666667,271.74,1806.90732,"2018-10-25",223
2019-06-05,"Early",75,"2019","51","Pionier",3,220,"Combined",1642.52916666667,271.74,1806.90732,"2018-10-25",223
2019-06-05,"Early",32,"2019","51","Capone",1,220,"Split",1642.52916666667,271.74,1806.90732,"2018-10-25",223
2019-06-05,"Early",84,"2019","51","Capone",3,176,"Split",1642.52916666667,271.74,1806.90732,"2018-10-25",223
2019-06-05,"Early",26,"2019","51","Patras",1,176,"Combined",1642.52916666667,271.74,1806.90732,"2018-10-25",223
2019-06-05,"Early",3,"2019","51","Apertus",1,220,"Combined",1642.52916666667,271.74,1806.90732,"2018-10-25",223
2019-06-05,"Early",65,"2019","51","Pionier",3,176,"Combined",1642.52916666667,271.74,1806.90732,"2018-10-25",223
2019-06-05,"Early",6,"2019","51","Pionier",1,176,"Split",1642.52916666667,271.74,1806.90732,"2018-10-25",223
2019-06-05,"Early",90,"2019","51","Apertus",3,220,"Split",1642.52916666667,271.74,1806.90732,"2018-10-25",223
2019-06-05,"Early",68,"2019","51","Patras",3,176,"Combined",1642.52916666667,271.74,1806.90732,"2018-10-25",223
2019-06-05,"Early",91,"2019","51","Capone",3,220,"Split",1642.52916666667,271.74,1806.90732,"2018-10-25",223
2019-06-05,"Early",7,"2019","51","Capone",1,176,"Split",1642.52916666667,271.74,1806.90732,"2018-10-25",223
2019-06-05,"Early",39,"2019","51","Patras",2,176,"Split",1642.52916666667,271.74,1806.90732,"2018-10-25",223
2019-06-05,"Early",1,"2019","51","Pionier",1,220,"Combined",1642.52916666667,271.74,1806.90732,"2018-10-25",223
2019-06-05,"Early",27,"2019","51","Apertus",1,176,"Combined",1642.52916666667,271.74,1806.90732,"2018-10-25",223
2019-06-05,"Early",50,"2019","51","Apertus",2,220,"Combined",1642.52916666667,271.74,1806.90732,"2018-10-25",223
2019-06-05,"Early",53,"2019","51","Apertus",2,176,"Combined",1642.52916666667,271.74,1806.90732,"2018-10-25",223
2019-06-05,"Early",66,"2019","51","Apertus",3,176,"Combined",1642.52916666667,271.74,1806.90732,"2018-10-25",223
2019-06-05,"Early",37,"2019","51","Pionier",2,176,"Split",1642.52916666667,271.74,1806.90732,"2018-10-25",223
2019-06-05,"Early",46,"2019","51","Apertus",2,220,"Split",1642.52916666667,271.74,1806.90732,"2018-10-25",223
2019-06-05,"Early",45,"2019","51","Pionier",2,220,"Split",1642.52916666667,271.74,1806.90732,"2018-10-25",223
2019-06-05,"Early",5,"2019","51","Apertus",1,176,"Split",1642.52916666667,271.74,1806.90732,"2018-10-25",223
2019-06-05,"Early",76,"2019","51","Apertus",3,220,"Combined",1642.52916666667,271.74,1806.90732,"2018-10-25",223
2019-06-05,"Early",54,"2019","51","Patras",2,176,"Combined",1642.52916666667,271.74,1806.90732,"2018-10-25",223
2019-06-05,"Early",30,"2019","51","Patras",1,220,"Split",1642.52916666667,271.74,1806.90732,"2018-10-25",223
2019-06-05,"Early",83,"2019","51","Patras",3,176,"Split",1642.52916666667,271.74,1806.90732,"2018-10-25",223
2019-06-05,"Early",56,"2019","51","Pionier",2,176,"Combined",1642.52916666667,271.74,1806.90732,"2018-10-25",223
2019-06-05,"Early",4,"2019","51","Patras",1,220,"Combined",1642.52916666667,271.74,1806.90732,"2018-10-25",223
2019-06-05,"Early",40,"2019","51","Apertus",2,176,"Split",1642.52916666667,271.74,1806.90732,"2018-10-25",223
2019-06-05,"Early",48,"2019","51","Patras",2,220,"Split",1642.52916666667,271.74,1806.90732,"2018-10-25",223
2019-06-05,"Early",67,"2019","51","Capone",3,176,"Combined",1642.52916666667,271.74,1806.90732,"2018-10-25",223
2019-06-05,"Early",28,"2019","51","Pionier",1,176,"Combined",1642.52916666667,271.74,1806.90732,"2018-10-25",223
2019-06-05,"Early",52,"2019","51","Patras",2,220,"Combined",1642.52916666667,271.74,1806.90732,"2018-10-25",223
2019-06-05,"Early",29,"2019","51","Apertus",1,220,"Split",1642.52916666667,271.74,1806.90732,"2018-10-25",223
2019-06-05,"Early",89,"2019","51","Pionier",3,220,"Split",1642.52916666667,271.74,1806.90732,"2018-10-25",223
2019-06-05,"Early",49,"2019","51","Pionier",2,220,"Combined",1642.52916666667,271.74,1806.90732,"2018-10-25",223
2019-06-05,"Early",8,"2019","51","Patras",1,176,"Split",1642.52916666667,271.74,1806.90732,"2018-10-25",223
2019-06-05,"Early",74,"2019","51","Patras",3,220,"Combined",1642.52916666667,271.74,1806.90732,"2018-10-25",223
2019-06-05,"Early",81,"2019","51","Apertus",3,176,"Split",1642.52916666667,271.74,1806.90732,"2018-10-25",223
2019-06-05,"Early",38,"2019","51","Capone",2,176,"Split",1642.52916666667,271.74,1806.90732,"2018-10-25",223
2019-06-05,"Early",51,"2019","51","Capone",2,220,"Combined",1642.52916666667,271.74,1806.90732,"2018-10-25",223
2019-06-05,"Early",92,"2019","51","Patras",3,220,"Split",1642.52916666667,271.74,1806.90732,"2018-10-25",223
2019-06-05,"Early",82,"2019","51","Pionier",3,176,"Split",1642.52916666667,271.74,1806.90732,"2018-10-25",223
2019-06-05,"Early",31,"2019","51","Pionier",1,220,"Split",1642.52916666667,271.74,1806.90732,"2018-10-25",223
2019-06-05,"Early",25,"2019","51","Capone",1,176,"Combined",1642.52916666667,271.74,1806.90732,"2018-10-25",223
2019-06-05,"Early",73,"2019","51","Capone",3,220,"Combined",1642.52916666667,271.74,1806.90732,"2018-10-25",223
2019-06-05,"Early",47,"2019","51","Capone",2,220,"Split",1642.52916666667,271.74,1806.90732,"2018-10-25",223
2019-06-05,"Late",79,"2019","51","Capone",3,176,"Combined",1528.33333333333,266.47,1750.03488,"2018-11-08",209
2019-06-05,"Late",41,"2019","51","Patras",2,176,"Split",1528.33333333333,266.47,1750.03488,"2018-11-08",209
2019-06-05,"Late",62,"2019","51","Pionier",2,220,"Combined",1528.33333333333,266.47,1750.03488,"2018-11-08",209
2019-06-05,"Late",77,"2019","51","Pionier",3,176,"Combined",1528.33333333333,266.47,1750.03488,"2018-11-08",209
2019-06-05,"Late",59,"2019","51","Pionier",2,176,"Combined",1528.33333333333,266.47,1750.03488,"2018-11-08",209
2019-06-05,"Late",58,"2019","51","Apertus",2,176,"Combined",1528.33333333333,266.47,1750.03488,"2018-11-08",209
2019-06-05,"Late",24,"2019","51","Apertus",1,176,"Combined",1528.33333333333,266.47,1750.03488,"2018-11-08",209
2019-06-05,"Late",44,"2019","51","Capone",2,176,"Split",1528.33333333333,266.47,1750.03488,"2018-11-08",209
2019-06-05,"Late",80,"2019","51","Patras",3,176,"Combined",1528.33333333333,266.47,1750.03488,"2018-11-08",209
2019-06-05,"Late",20,"2019","51","Pionier",1,220,"Split",1528.33333333333,266.47,1750.03488,"2018-11-08",209
2019-06-05,"Late",14,"2019","51","Pionier",1,220,"Combined",1528.33333333333,266.47,1750.03488,"2018-11-08",209
2019-06-05,"Late",69,"2019","51","Capone",3,220,"Combined",1528.33333333333,266.47,1750.03488,"2018-11-08",209
2019-06-05,"Late",96,"2019","51","Capone",3,176,"Split",1528.33333333333,266.47,1750.03488,"2018-11-08",209
2019-06-05,"Late",13,"2019","51","Capone",1,220,"Combined",1528.33333333333,266.47,1750.03488,"2018-11-08",209
2019-06-05,"Late",61,"2019","51","Apertus",2,220,"Combined",1528.33333333333,266.47,1750.03488,"2018-11-08",209
2019-06-05,"Late",19,"2019","51","Capone",1,220,"Split",1528.33333333333,266.47,1750.03488,"2018-11-08",209
2019-06-05,"Late",15,"2019","51","Apertus",1,220,"Combined",1528.33333333333,266.47,1750.03488,"2018-11-08",209
2019-06-05,"Late",88,"2019","51","Apertus",3,220,"Split",1528.33333333333,266.47,1750.03488,"2018-11-08",209
2019-06-05,"Late",36,"2019","51","Capone",2,220,"Split",1528.33333333333,266.47,1750.03488,"2018-11-08",209
2019-06-05,"Late",78,"2019","51","Apertus",3,176,"Combined",1528.33333333333,266.47,1750.03488,"2018-11-08",209
2019-06-05,"Late",43,"2019","51","Apertus",2,176,"Split",1528.33333333333,266.47,1750.03488,"2018-11-08",209
2019-06-05,"Late",12,"2019","51","Patras",1,176,"Split",1528.33333333333,266.47,1750.03488,"2018-11-08",209
2019-06-05,"Late",94,"2019","51","Pionier",3,176,"Split",1528.33333333333,266.47,1750.03488,"2018-11-08",209
2019-06-05,"Late",16,"2019","51","Patras",1,220,"Combined",1528.33333333333,266.47,1750.03488,"2018-11-08",209
2019-06-05,"Late",9,"2019","51","Pionier",1,176,"Split",1528.33333333333,266.47,1750.03488,"2018-11-08",209
2019-06-05,"Late",17,"2019","51","Apertus",1,220,"Split",1528.33333333333,266.47,1750.03488,"2018-11-08",209
2019-06-05,"Late",85,"2019","51","Pionier",3,220,"Split",1528.33333333333,266.47,1750.03488,"2018-11-08",209
2019-06-05,"Late",23,"2019","51","Pionier",1,176,"Combined",1528.33333333333,266.47,1750.03488,"2018-11-08",209
2019-06-05,"Late",33,"2019","51","Apertus",2,220,"Split",1528.33333333333,266.47,1750.03488,"2018-11-08",209
2019-06-05,"Late",93,"2019","51","Apertus",3,176,"Split",1528.33333333333,266.47,1750.03488,"2018-11-08",209
2019-06-05,"Late",72,"2019","51","Patras",3,220,"Combined",1528.33333333333,266.47,1750.03488,"2018-11-08",209
2019-06-05,"Late",18,"2019","51","Patras",1,220,"Split",1528.33333333333,266.47,1750.03488,"2018-11-08",209
2019-06-05,"Late",70,"2019","51","Apertus",3,220,"Combined",1528.33333333333,266.47,1750.03488,"2018-11-08",209
2019-06-05,"Late",87,"2019","51","Capone",3,220,"Split",1528.33333333333,266.47,1750.03488,"2018-11-08",209
2019-06-05,"Late",34,"2019","51","Pionier",2,220,"Split",1528.33333333333,266.47,1750.03488,"2018-11-08",209
2019-06-05,"Late",64,"2019","51","Capone",2,220,"Combined",1528.33333333333,266.47,1750.03488,"2018-11-08",209
2019-06-05,"Late",22,"2019","51","Patras",1,176,"Combined",1528.33333333333,266.47,1750.03488,"2018-11-08",209
2019-06-05,"Late",35,"2019","51","Patras",2,220,"Split",1528.33333333333,266.47,1750.03488,"2018-11-08",209
2019-06-05,"Late",63,"2019","51","Patras",2,220,"Combined",1528.33333333333,266.47,1750.03488,"2018-11-08",209
2019-06-05,"Late",86,"2019","51","Patras",3,220,"Split",1528.33333333333,266.47,1750.03488,"2018-11-08",209
2019-06-05,"Late",42,"2019","51","Pionier",2,176,"Split",1528.33333333333,266.47,1750.03488,"2018-11-08",209
2019-06-05,"Late",21,"2019","51","Capone",1,176,"Combined",1528.33333333333,266.47,1750.03488,"2018-11-08",209
2019-06-05,"Late",10,"2019","51","Apertus",1,176,"Split",1528.33333333333,266.47,1750.03488,"2018-11-08",209
2019-06-05,"Late",11,"2019","51","Capone",1,176,"Split",1528.33333333333,266.47,1750.03488,"2018-11-08",209
2019-06-05,"Late",60,"2019","51","Patras",2,176,"Combined",1528.33333333333,266.47,1750.03488,"2018-11-08",209
2019-06-05,"Late",95,"2019","51","Patras",3,176,"Split",1528.33333333333,266.47,1750.03488,"2018-11-08",209
2019-06-05,"Late",71,"2019","51","Pionier",3,220,"Combined",1528.33333333333,266.47,1750.03488,"2018-11-08",209
2019-06-05,"Late",57,"2019","51","Capone",2,176,"Combined",1528.33333333333,266.47,1750.03488,"2018-11-08",209
2019-06-13,"Early",67,"2019","61","Capone",3,176,"Combined",1781.2125,294.12,1968.52248,"2018-10-25",231
2019-06-13,"Early",90,"2019","61","Apertus",3,220,"Split",1781.2125,294.12,1968.52248,"2018-10-25",231
2019-06-13,"Early",2,"2019","61","Capone",1,220,"Combined",1781.2125,294.12,1968.52248,"2018-10-25",231
2019-06-13,"Early",3,"2019","61","Apertus",1,220,"Combined",1781.2125,294.12,1968.52248,"2018-10-25",231
2019-06-13,"Early",40,"2019","61","Apertus",2,176,"Split",1781.2125,294.12,1968.52248,"2018-10-25",231
2019-06-13,"Early",5,"2019","61","Apertus",1,176,"Split",1781.2125,294.12,1968.52248,"2018-10-25",231
2019-06-13,"Early",1,"2019","61","Pionier",1,220,"Combined",1781.2125,294.12,1968.52248,"2018-10-25",231
2019-06-13,"Early",27,"2019","61","Apertus",1,176,"Combined",1781.2125,294.12,1968.52248,"2018-10-25",231
2019-06-13,"Early",48,"2019","61","Patras",2,220,"Split",1781.2125,294.12,1968.52248,"2018-10-25",231
2019-06-13,"Early",65,"2019","61","Pionier",3,176,"Combined",1781.2125,294.12,1968.52248,"2018-10-25",231
2019-06-13,"Early",4,"2019","61","Patras",1,220,"Combined",1781.2125,294.12,1968.52248,"2018-10-25",231
2019-06-13,"Early",82,"2019","61","Pionier",3,176,"Split",1781.2125,294.12,1968.52248,"2018-10-25",231
2019-06-13,"Early",25,"2019","61","Capone",1,176,"Combined",1781.2125,294.12,1968.52248,"2018-10-25",231
2019-06-13,"Early",53,"2019","61","Apertus",2,176,"Combined",1781.2125,294.12,1968.52248,"2018-10-25",231
2019-06-13,"Early",39,"2019","61","Patras",2,176,"Split",1781.2125,294.12,1968.52248,"2018-10-25",231
2019-06-13,"Early",54,"2019","61","Patras",2,176,"Combined",1781.2125,294.12,1968.52248,"2018-10-25",231
2019-06-13,"Early",76,"2019","61","Apertus",3,220,"Combined",1781.2125,294.12,1968.52248,"2018-10-25",231
2019-06-13,"Early",37,"2019","61","Pionier",2,176,"Split",1781.2125,294.12,1968.52248,"2018-10-25",231
2019-06-13,"Early",50,"2019","61","Apertus",2,220,"Combined",1781.2125,294.12,1968.52248,"2018-10-25",231
2019-06-13,"Early",31,"2019","61","Pionier",1,220,"Split",1781.2125,294.12,1968.52248,"2018-10-25",231
2019-06-13,"Early",84,"2019","61","Capone",3,176,"Split",1781.2125,294.12,1968.52248,"2018-10-25",231
2019-06-13,"Early",51,"2019","61","Capone",2,220,"Combined",1781.2125,294.12,1968.52248,"2018-10-25",231
2019-06-13,"Early",56,"2019","61","Pionier",2,176,"Combined",1781.2125,294.12,1968.52248,"2018-10-25",231
2019-06-13,"Early",66,"2019","61","Apertus",3,176,"Combined",1781.2125,294.12,1968.52248,"2018-10-25",231
2019-06-13,"Early",45,"2019","61","Pionier",2,220,"Split",1781.2125,294.12,1968.52248,"2018-10-25",231
2019-06-13,"Early",26,"2019","61","Patras",1,176,"Combined",1781.2125,294.12,1968.52248,"2018-10-25",231
2019-06-13,"Early",32,"2019","61","Capone",1,220,"Split",1781.2125,294.12,1968.52248,"2018-10-25",231
2019-06-13,"Early",46,"2019","61","Apertus",2,220,"Split",1781.2125,294.12,1968.52248,"2018-10-25",231
2019-06-13,"Early",91,"2019","61","Capone",3,220,"Split",1781.2125,294.12,1968.52248,"2018-10-25",231
2019-06-13,"Early",83,"2019","61","Patras",3,176,"Split",1781.2125,294.12,1968.52248,"2018-10-25",231
2019-06-13,"Early",8,"2019","61","Patras",1,176,"Split",1781.2125,294.12,1968.52248,"2018-10-25",231
2019-06-13,"Early",81,"2019","61","Apertus",3,176,"Split",1781.2125,294.12,1968.52248,"2018-10-25",231
2019-06-13,"Early",92,"2019","61","Patras",3,220,"Split",1781.2125,294.12,1968.52248,"2018-10-25",231
2019-06-13,"Early",75,"2019","61","Pionier",3,220,"Combined",1781.2125,294.12,1968.52248,"2018-10-25",231
2019-06-13,"Early",6,"2019","61","Pionier",1,176,"Split",1781.2125,294.12,1968.52248,"2018-10-25",231
2019-06-13,"Early",49,"2019","61","Pionier",2,220,"Combined",1781.2125,294.12,1968.52248,"2018-10-25",231
2019-06-13,"Early",52,"2019","61","Patras",2,220,"Combined",1781.2125,294.12,1968.52248,"2018-10-25",231
2019-06-13,"Early",55,"2019","61","Capone",2,176,"Combined",1781.2125,294.12,1968.52248,"2018-10-25",231
2019-06-13,"Early",74,"2019","61","Patras",3,220,"Combined",1781.2125,294.12,1968.52248,"2018-10-25",231
2019-06-13,"Early",73,"2019","61","Capone",3,220,"Combined",1781.2125,294.12,1968.52248,"2018-10-25",231
2019-06-13,"Early",47,"2019","61","Capone",2,220,"Split",1781.2125,294.12,1968.52248,"2018-10-25",231
2019-06-13,"Early",68,"2019","61","Patras",3,176,"Combined",1781.2125,294.12,1968.52248,"2018-10-25",231
2019-06-13,"Early",30,"2019","61","Patras",1,220,"Split",1781.2125,294.12,1968.52248,"2018-10-25",231
2019-06-13,"Early",7,"2019","61","Capone",1,176,"Split",1781.2125,294.12,1968.52248,"2018-10-25",231
2019-06-13,"Early",89,"2019","61","Pionier",3,220,"Split",1781.2125,294.12,1968.52248,"2018-10-25",231
2019-06-13,"Early",29,"2019","61","Apertus",1,220,"Split",1781.2125,294.12,1968.52248,"2018-10-25",231
2019-06-13,"Early",38,"2019","61","Capone",2,176,"Split",1781.2125,294.12,1968.52248,"2018-10-25",231
2019-06-13,"Early",28,"2019","61","Pionier",1,176,"Combined",1781.2125,294.12,1968.52248,"2018-10-25",231
2019-06-13,"Late",94,"2019","61","Pionier",3,176,"Split",1667.01666666667,288.85,1911.65004,"2018-11-08",217
2019-06-13,"Late",24,"2019","61","Apertus",1,176,"Combined",1667.01666666667,288.85,1911.65004,"2018-11-08",217
2019-06-13,"Late",15,"2019","61","Apertus",1,220,"Combined",1667.01666666667,288.85,1911.65004,"2018-11-08",217
2019-06-13,"Late",20,"2019","61","Pionier",1,220,"Split",1667.01666666667,288.85,1911.65004,"2018-11-08",217
2019-06-13,"Late",13,"2019","61","Capone",1,220,"Combined",1667.01666666667,288.85,1911.65004,"2018-11-08",217
2019-06-13,"Late",14,"2019","61","Pionier",1,220,"Combined",1667.01666666667,288.85,1911.65004,"2018-11-08",217
2019-06-13,"Late",87,"2019","61","Capone",3,220,"Split",1667.01666666667,288.85,1911.65004,"2018-11-08",217
2019-06-13,"Late",16,"2019","61","Patras",1,220,"Combined",1667.01666666667,288.85,1911.65004,"2018-11-08",217
2019-06-13,"Late",80,"2019","61","Patras",3,176,"Combined",1667.01666666667,288.85,1911.65004,"2018-11-08",217
2019-06-13,"Late",93,"2019","61","Apertus",3,176,"Split",1667.01666666667,288.85,1911.65004,"2018-11-08",217
2019-06-13,"Late",18,"2019","61","Patras",1,220,"Split",1667.01666666667,288.85,1911.65004,"2018-11-08",217
2019-06-13,"Late",62,"2019","61","Pionier",2,220,"Combined",1667.01666666667,288.85,1911.65004,"2018-11-08",217
2019-06-13,"Late",86,"2019","61","Patras",3,220,"Split",1667.01666666667,288.85,1911.65004,"2018-11-08",217
2019-06-13,"Late",78,"2019","61","Apertus",3,176,"Combined",1667.01666666667,288.85,1911.65004,"2018-11-08",217
2019-06-13,"Late",41,"2019","61","Patras",2,176,"Split",1667.01666666667,288.85,1911.65004,"2018-11-08",217
2019-06-13,"Late",12,"2019","61","Patras",1,176,"Split",1667.01666666667,288.85,1911.65004,"2018-11-08",217
2019-06-13,"Late",44,"2019","61","Capone",2,176,"Split",1667.01666666667,288.85,1911.65004,"2018-11-08",217
2019-06-13,"Late",9,"2019","61","Pionier",1,176,"Split",1667.01666666667,288.85,1911.65004,"2018-11-08",217
2019-06-13,"Late",72,"2019","61","Patras",3,220,"Combined",1667.01666666667,288.85,1911.65004,"2018-11-08",217
2019-06-13,"Late",77,"2019","61","Pionier",3,176,"Combined",1667.01666666667,288.85,1911.65004,"2018-11-08",217
2019-06-13,"Late",59,"2019","61","Pionier",2,176,"Combined",1667.01666666667,288.85,1911.65004,"2018-11-08",217
2019-06-13,"Late",34,"2019","61","Pionier",2,220,"Split",1667.01666666667,288.85,1911.65004,"2018-11-08",217
2019-06-13,"Late",19,"2019","61","Capone",1,220,"Split",1667.01666666667,288.85,1911.65004,"2018-11-08",217
2019-06-13,"Late",11,"2019","61","Capone",1,176,"Split",1667.01666666667,288.85,1911.65004,"2018-11-08",217
2019-06-13,"Late",70,"2019","61","Apertus",3,220,"Combined",1667.01666666667,288.85,1911.65004,"2018-11-08",217
2019-06-13,"Late",33,"2019","61","Apertus",2,220,"Split",1667.01666666667,288.85,1911.65004,"2018-11-08",217
2019-06-13,"Late",61,"2019","61","Apertus",2,220,"Combined",1667.01666666667,288.85,1911.65004,"2018-11-08",217
2019-06-13,"Late",43,"2019","61","Apertus",2,176,"Split",1667.01666666667,288.85,1911.65004,"2018-11-08",217
2019-06-13,"Late",58,"2019","61","Apertus",2,176,"Combined",1667.01666666667,288.85,1911.65004,"2018-11-08",217
2019-06-13,"Late",96,"2019","61","Capone",3,176,"Split",1667.01666666667,288.85,1911.65004,"2018-11-08",217
2019-06-13,"Late",95,"2019","61","Patras",3,176,"Split",1667.01666666667,288.85,1911.65004,"2018-11-08",217
2019-06-13,"Late",42,"2019","61","Pionier",2,176,"Split",1667.01666666667,288.85,1911.65004,"2018-11-08",217
2019-06-13,"Late",71,"2019","61","Pionier",3,220,"Combined",1667.01666666667,288.85,1911.65004,"2018-11-08",217
2019-06-13,"Late",23,"2019","61","Pionier",1,176,"Combined",1667.01666666667,288.85,1911.65004,"2018-11-08",217
2019-06-13,"Late",57,"2019","61","Capone",2,176,"Combined",1667.01666666667,288.85,1911.65004,"2018-11-08",217
2019-06-13,"Late",60,"2019","61","Patras",2,176,"Combined",1667.01666666667,288.85,1911.65004,"2018-11-08",217
2019-06-13,"Late",64,"2019","61","Capone",2,220,"Combined",1667.01666666667,288.85,1911.65004,"2018-11-08",217
2019-06-13,"Late",22,"2019","61","Patras",1,176,"Combined",1667.01666666667,288.85,1911.65004,"2018-11-08",217
2019-06-13,"Late",10,"2019","61","Apertus",1,176,"Split",1667.01666666667,288.85,1911.65004,"2018-11-08",217
2019-06-13,"Late",63,"2019","61","Patras",2,220,"Combined",1667.01666666667,288.85,1911.65004,"2018-11-08",217
2019-06-13,"Late",36,"2019","61","Capone",2,220,"Split",1667.01666666667,288.85,1911.65004,"2018-11-08",217
2019-06-13,"Late",21,"2019","61","Capone",1,176,"Combined",1667.01666666667,288.85,1911.65004,"2018-11-08",217
2019-06-13,"Late",69,"2019","61","Capone",3,220,"Combined",1667.01666666667,288.85,1911.65004,"2018-11-08",217
2019-06-13,"Late",17,"2019","61","Apertus",1,220,"Split",1667.01666666667,288.85,1911.65004,"2018-11-08",217
2019-06-13,"Late",85,"2019","61","Pionier",3,220,"Split",1667.01666666667,288.85,1911.65004,"2018-11-08",217
2019-06-13,"Late",79,"2019","61","Capone",3,176,"Combined",1667.01666666667,288.85,1911.65004,"2018-11-08",217
2019-06-13,"Late",35,"2019","61","Patras",2,220,"Split",1667.01666666667,288.85,1911.65004,"2018-11-08",217
2019-06-13,"Late",88,"2019","61","Apertus",3,220,"Split",1667.01666666667,288.85,1911.65004,"2018-11-08",217
2019-06-17,"Early",2,"2019","71","Capone",1,220,"Combined",1858.35833333333,311.42,2049.83748,"2018-10-25",235
2019-06-17,"Early",55,"2019","71","Capone",2,176,"Combined",1858.35833333333,311.42,2049.83748,"2018-10-25",235
2019-06-17,"Early",76,"2019","71","Apertus",3,220,"Combined",1858.35833333333,311.42,2049.83748,"2018-10-25",235
2019-06-17,"Early",25,"2019","71","Capone",1,176,"Combined",1858.35833333333,311.42,2049.83748,"2018-10-25",235
2019-06-17,"Early",49,"2019","71","Pionier",2,220,"Combined",1858.35833333333,311.42,2049.83748,"2018-10-25",235
2019-06-17,"Early",32,"2019","71","Capone",1,220,"Split",1858.35833333333,311.42,2049.83748,"2018-10-25",235
2019-06-17,"Early",75,"2019","71","Pionier",3,220,"Combined",1858.35833333333,311.42,2049.83748,"2018-10-25",235
2019-06-17,"Early",8,"2019","71","Patras",1,176,"Split",1858.35833333333,311.42,2049.83748,"2018-10-25",235
2019-06-17,"Early",50,"2019","71","Apertus",2,220,"Combined",1858.35833333333,311.42,2049.83748,"2018-10-25",235
2019-06-17,"Early",74,"2019","71","Patras",3,220,"Combined",1858.35833333333,311.42,2049.83748,"2018-10-25",235
2019-06-17,"Early",40,"2019","71","Apertus",2,176,"Split",1858.35833333333,311.42,2049.83748,"2018-10-25",235
2019-06-17,"Early",5,"2019","71","Apertus",1,176,"Split",1858.35833333333,311.42,2049.83748,"2018-10-25",235
2019-06-17,"Early",29,"2019","71","Apertus",1,220,"Split",1858.35833333333,311.42,2049.83748,"2018-10-25",235
2019-06-17,"Early",92,"2019","71","Patras",3,220,"Split",1858.35833333333,311.42,2049.83748,"2018-10-25",235
2019-06-17,"Early",81,"2019","71","Apertus",3,176,"Split",1858.35833333333,311.42,2049.83748,"2018-10-25",235
2019-06-17,"Early",39,"2019","71","Patras",2,176,"Split",1858.35833333333,311.42,2049.83748,"2018-10-25",235
2019-06-17,"Early",30,"2019","71","Patras",1,220,"Split",1858.35833333333,311.42,2049.83748,"2018-10-25",235
2019-06-17,"Early",66,"2019","71","Apertus",3,176,"Combined",1858.35833333333,311.42,2049.83748,"2018-10-25",235
2019-06-17,"Early",38,"2019","71","Capone",2,176,"Split",1858.35833333333,311.42,2049.83748,"2018-10-25",235
2019-06-17,"Early",53,"2019","71","Apertus",2,176,"Combined",1858.35833333333,311.42,2049.83748,"2018-10-25",235
2019-06-17,"Early",1,"2019","71","Pionier",1,220,"Combined",1858.35833333333,311.42,2049.83748,"2018-10-25",235
2019-06-17,"Early",68,"2019","71","Patras",3,176,"Combined",1858.35833333333,311.42,2049.83748,"2018-10-25",235
2019-06-17,"Early",65,"2019","71","Pionier",3,176,"Combined",1858.35833333333,311.42,2049.83748,"2018-10-25",235
2019-06-17,"Early",26,"2019","71","Patras",1,176,"Combined",1858.35833333333,311.42,2049.83748,"2018-10-25",235
2019-06-17,"Early",48,"2019","71","Patras",2,220,"Split",1858.35833333333,311.42,2049.83748,"2018-10-25",235
2019-06-17,"Early",51,"2019","71","Capone",2,220,"Combined",1858.35833333333,311.42,2049.83748,"2018-10-25",235
2019-06-17,"Early",73,"2019","71","Capone",3,220,"Combined",1858.35833333333,311.42,2049.83748,"2018-10-25",235
2019-06-17,"Early",84,"2019","71","Capone",3,176,"Split",1858.35833333333,311.42,2049.83748,"2018-10-25",235
2019-06-17,"Early",7,"2019","71","Capone",1,176,"Split",1858.35833333333,311.42,2049.83748,"2018-10-25",235
2019-06-17,"Early",54,"2019","71","Patras",2,176,"Combined",1858.35833333333,311.42,2049.83748,"2018-10-25",235
2019-06-17,"Early",46,"2019","71","Apertus",2,220,"Split",1858.35833333333,311.42,2049.83748,"2018-10-25",235
2019-06-17,"Early",47,"2019","71","Capone",2,220,"Split",1858.35833333333,311.42,2049.83748,"2018-10-25",235
2019-06-17,"Early",27,"2019","71","Apertus",1,176,"Combined",1858.35833333333,311.42,2049.83748,"2018-10-25",235
2019-06-17,"Early",91,"2019","71","Capone",3,220,"Split",1858.35833333333,311.42,2049.83748,"2018-10-25",235
2019-06-17,"Early",67,"2019","71","Capone",3,176,"Combined",1858.35833333333,311.42,2049.83748,"2018-10-25",235
2019-06-17,"Early",90,"2019","71","Apertus",3,220,"Split",1858.35833333333,311.42,2049.83748,"2018-10-25",235
2019-06-17,"Early",3,"2019","71","Apertus",1,220,"Combined",1858.35833333333,311.42,2049.83748,"2018-10-25",235
2019-06-17,"Early",89,"2019","71","Pionier",3,220,"Split",1858.35833333333,311.42,2049.83748,"2018-10-25",235
2019-06-17,"Early",56,"2019","71","Pionier",2,176,"Combined",1858.35833333333,311.42,2049.83748,"2018-10-25",235
2019-06-17,"Early",4,"2019","71","Patras",1,220,"Combined",1858.35833333333,311.42,2049.83748,"2018-10-25",235
2019-06-17,"Early",52,"2019","71","Patras",2,220,"Combined",1858.35833333333,311.42,2049.83748,"2018-10-25",235
2019-06-17,"Early",31,"2019","71","Pionier",1,220,"Split",1858.35833333333,311.42,2049.83748,"2018-10-25",235
2019-06-17,"Late",15,"2019","71","Apertus",1,220,"Combined",1744.1625,306.15,1992.96504,"2018-11-08",221
2019-06-17,"Late",78,"2019","71","Apertus",3,176,"Combined",1744.1625,306.15,1992.96504,"2018-11-08",221
2019-06-17,"Late",35,"2019","71","Patras",2,220,"Split",1744.1625,306.15,1992.96504,"2018-11-08",221
2019-06-17,"Late",62,"2019","71","Pionier",2,220,"Combined",1744.1625,306.15,1992.96504,"2018-11-08",221
2019-06-17,"Late",93,"2019","71","Apertus",3,176,"Split",1744.1625,306.15,1992.96504,"2018-11-08",221
2019-06-17,"Late",33,"2019","71","Apertus",2,220,"Split",1744.1625,306.15,1992.96504,"2018-11-08",221
2019-06-17,"Late",34,"2019","71","Pionier",2,220,"Split",1744.1625,306.15,1992.96504,"2018-11-08",221
2019-06-17,"Late",44,"2019","71","Capone",2,176,"Split",1744.1625,306.15,1992.96504,"2018-11-08",221
2019-06-17,"Late",85,"2019","71","Pionier",3,220,"Split",1744.1625,306.15,1992.96504,"2018-11-08",221
2019-06-17,"Late",61,"2019","71","Apertus",2,220,"Combined",1744.1625,306.15,1992.96504,"2018-11-08",221
2019-06-17,"Late",12,"2019","71","Patras",1,176,"Split",1744.1625,306.15,1992.96504,"2018-11-08",221
2019-06-17,"Late",69,"2019","71","Capone",3,220,"Combined",1744.1625,306.15,1992.96504,"2018-11-08",221
2019-06-17,"Late",16,"2019","71","Patras",1,220,"Combined",1744.1625,306.15,1992.96504,"2018-11-08",221
2019-06-17,"Late",43,"2019","71","Apertus",2,176,"Split",1744.1625,306.15,1992.96504,"2018-11-08",221
2019-06-17,"Late",59,"2019","71","Pionier",2,176,"Combined",1744.1625,306.15,1992.96504,"2018-11-08",221
2019-06-17,"Late",96,"2019","71","Capone",3,176,"Split",1744.1625,306.15,1992.96504,"2018-11-08",221
2019-06-17,"Late",10,"2019","71","Apertus",1,176,"Split",1744.1625,306.15,1992.96504,"2018-11-08",221
2019-06-17,"Late",42,"2019","71","Pionier",2,176,"Split",1744.1625,306.15,1992.96504,"2018-11-08",221
2019-06-17,"Late",57,"2019","71","Capone",2,176,"Combined",1744.1625,306.15,1992.96504,"2018-11-08",221
2019-06-17,"Late",79,"2019","71","Capone",3,176,"Combined",1744.1625,306.15,1992.96504,"2018-11-08",221
2019-06-17,"Late",77,"2019","71","Pionier",3,176,"Combined",1744.1625,306.15,1992.96504,"2018-11-08",221
2019-06-17,"Late",80,"2019","71","Patras",3,176,"Combined",1744.1625,306.15,1992.96504,"2018-11-08",221
2019-06-17,"Late",88,"2019","71","Apertus",3,220,"Split",1744.1625,306.15,1992.96504,"2018-11-08",221
2019-06-17,"Late",94,"2019","71","Pionier",3,176,"Split",1744.1625,306.15,1992.96504,"2018-11-08",221
2019-06-17,"Late",19,"2019","71","Capone",1,220,"Split",1744.1625,306.15,1992.96504,"2018-11-08",221
2019-06-17,"Late",11,"2019","71","Capone",1,176,"Split",1744.1625,306.15,1992.96504,"2018-11-08",221
2019-06-17,"Late",60,"2019","71","Patras",2,176,"Combined",1744.1625,306.15,1992.96504,"2018-11-08",221
2019-06-17,"Late",24,"2019","71","Apertus",1,176,"Combined",1744.1625,306.15,1992.96504,"2018-11-08",221
2019-06-17,"Late",17,"2019","71","Apertus",1,220,"Split",1744.1625,306.15,1992.96504,"2018-11-08",221
2019-06-17,"Late",41,"2019","71","Patras",2,176,"Split",1744.1625,306.15,1992.96504,"2018-11-08",221
2019-06-17,"Late",70,"2019","71","Apertus",3,220,"Combined",1744.1625,306.15,1992.96504,"2018-11-08",221
2019-06-17,"Late",36,"2019","71","Capone",2,220,"Split",1744.1625,306.15,1992.96504,"2018-11-08",221
2019-06-17,"Late",22,"2019","71","Patras",1,176,"Combined",1744.1625,306.15,1992.96504,"2018-11-08",221
2019-06-17,"Late",72,"2019","71","Patras",3,220,"Combined",1744.1625,306.15,1992.96504,"2018-11-08",221
2019-06-17,"Late",71,"2019","71","Pionier",3,220,"Combined",1744.1625,306.15,1992.96504,"2018-11-08",221
2019-06-17,"Late",58,"2019","71","Apertus",2,176,"Combined",1744.1625,306.15,1992.96504,"2018-11-08",221
2019-06-17,"Late",64,"2019","71","Capone",2,220,"Combined",1744.1625,306.15,1992.96504,"2018-11-08",221
2019-06-17,"Late",21,"2019","71","Capone",1,176,"Combined",1744.1625,306.15,1992.96504,"2018-11-08",221
2019-06-17,"Late",86,"2019","71","Patras",3,220,"Split",1744.1625,306.15,1992.96504,"2018-11-08",221
2019-06-19,"Early",45,"2019","71","Pionier",2,220,"Split",1903.42083333333,323.92,2097.64332,"2018-10-25",237
2019-06-19,"Early",37,"2019","71","Pionier",2,176,"Split",1903.42083333333,323.92,2097.64332,"2018-10-25",237
2019-06-19,"Early",6,"2019","71","Pionier",1,176,"Split",1903.42083333333,323.92,2097.64332,"2018-10-25",237
2019-06-19,"Early",82,"2019","71","Pionier",3,176,"Split",1903.42083333333,323.92,2097.64332,"2018-10-25",237
2019-06-19,"Early",28,"2019","71","Pionier",1,176,"Combined",1903.42083333333,323.92,2097.64332,"2018-10-25",237
2019-06-19,"Early",83,"2019","71","Patras",3,176,"Split",1903.42083333333,323.92,2097.64332,"2018-10-25",237
2019-06-19,"Late",63,"2019","71","Patras",2,220,"Combined",1789.225,318.65,2040.77088,"2018-11-08",223
2019-06-19,"Late",20,"2019","71","Pionier",1,220,"Split",1789.225,318.65,2040.77088,"2018-11-08",223
2019-06-19,"Late",87,"2019","71","Capone",3,220,"Split",1789.225,318.65,2040.77088,"2018-11-08",223
2019-06-19,"Late",23,"2019","71","Pionier",1,176,"Combined",1789.225,318.65,2040.77088,"2018-11-08",223
2019-06-19,"Late",13,"2019","71","Capone",1,220,"Combined",1789.225,318.65,2040.77088,"2018-11-08",223
2019-06-19,"Late",18,"2019","71","Patras",1,220,"Split",1789.225,318.65,2040.77088,"2018-11-08",223
2019-06-19,"Late",9,"2019","71","Pionier",1,176,"Split",1789.225,318.65,2040.77088,"2018-11-08",223
2019-06-19,"Late",95,"2019","71","Patras",3,176,"Split",1789.225,318.65,2040.77088,"2018-11-08",223
2019-06-19,"Late",14,"2019","71","Pionier",1,220,"Combined",1789.225,318.65,2040.77088,"2018-11-08",223
2019-06-24,"Early",82,"2019","77","Pionier",3,176,"Split",2003.01666666667,325.24,2229.00012,"2018-10-25",242
2019-06-24,"Early",91,"2019","77","Capone",3,220,"Split",2003.01666666667,325.24,2229.00012,"2018-10-25",242
2019-06-24,"Early",74,"2019","77","Patras",3,220,"Combined",2003.01666666667,325.24,2229.00012,"2018-10-25",242
2019-06-24,"Early",46,"2019","77","Apertus",2,220,"Split",2003.01666666667,325.24,2229.00012,"2018-10-25",242
2019-06-24,"Early",40,"2019","77","Apertus",2,176,"Split",2003.01666666667,325.24,2229.00012,"2018-10-25",242
2019-06-24,"Early",81,"2019","77","Apertus",3,176,"Split",2003.01666666667,325.24,2229.00012,"2018-10-25",242
2019-06-24,"Early",68,"2019","77","Patras",3,176,"Combined",2003.01666666667,325.24,2229.00012,"2018-10-25",242
2019-06-24,"Early",54,"2019","77","Patras",2,176,"Combined",2003.01666666667,325.24,2229.00012,"2018-10-25",242
2019-06-24,"Early",53,"2019","77","Apertus",2,176,"Combined",2003.01666666667,325.24,2229.00012,"2018-10-25",242
2019-06-24,"Early",66,"2019","77","Apertus",3,176,"Combined",2003.01666666667,325.24,2229.00012,"2018-10-25",242
2019-06-24,"Early",55,"2019","77","Capone",2,176,"Combined",2003.01666666667,325.24,2229.00012,"2018-10-25",242
2019-06-24,"Early",52,"2019","77","Patras",2,220,"Combined",2003.01666666667,325.24,2229.00012,"2018-10-25",242
2019-06-24,"Early",45,"2019","77","Pionier",2,220,"Split",2003.01666666667,325.24,2229.00012,"2018-10-25",242
2019-06-24,"Early",29,"2019","77","Apertus",1,220,"Split",2003.01666666667,325.24,2229.00012,"2018-10-25",242
2019-06-24,"Early",27,"2019","77","Apertus",1,176,"Combined",2003.01666666667,325.24,2229.00012,"2018-10-25",242
2019-06-24,"Late",64,"2019","77","Capone",2,220,"Combined",1888.82083333333,319.97,2172.12768,"2018-11-08",228
2019-06-24,"Late",88,"2019","77","Apertus",3,220,"Split",1888.82083333333,319.97,2172.12768,"2018-11-08",228
2019-06-24,"Late",60,"2019","77","Patras",2,176,"Combined",1888.82083333333,319.97,2172.12768,"2018-11-08",228
2019-06-24,"Late",35,"2019","77","Patras",2,220,"Split",1888.82083333333,319.97,2172.12768,"2018-11-08",228
2019-06-24,"Late",80,"2019","77","Patras",3,176,"Combined",1888.82083333333,319.97,2172.12768,"2018-11-08",228
2019-06-24,"Late",71,"2019","77","Pionier",3,220,"Combined",1888.82083333333,319.97,2172.12768,"2018-11-08",228
2019-06-24,"Late",22,"2019","77","Patras",1,176,"Combined",1888.82083333333,319.97,2172.12768,"2018-11-08",228
2019-06-24,"Late",78,"2019","77","Apertus",3,176,"Combined",1888.82083333333,319.97,2172.12768,"2018-11-08",228
2019-06-24,"Late",36,"2019","77","Capone",2,220,"Split",1888.82083333333,319.97,2172.12768,"2018-11-08",228
2019-06-24,"Late",61,"2019","77","Apertus",2,220,"Combined",1888.82083333333,319.97,2172.12768,"2018-11-08",228
2019-06-24,"Late",41,"2019","77","Patras",2,176,"Split",1888.82083333333,319.97,2172.12768,"2018-11-08",228
2019-06-24,"Late",24,"2019","77","Apertus",1,176,"Combined",1888.82083333333,319.97,2172.12768,"2018-11-08",228
2019-06-24,"Late",62,"2019","77","Pionier",2,220,"Combined",1888.82083333333,319.97,2172.12768,"2018-11-08",228
2019-06-28,"Early",67,"2019","77","Capone",3,176,"Combined",2088.64583333333,325.33,2339.09676,"2018-10-25",246
2019-06-28,"Early",83,"2019","77","Patras",3,176,"Split",2088.64583333333,325.33,2339.09676,"2018-10-25",246
2019-06-28,"Early",30,"2019","77","Patras",1,220,"Split",2088.64583333333,325.33,2339.09676,"2018-10-25",246
2019-06-28,"Early",51,"2019","77","Capone",2,220,"Combined",2088.64583333333,325.33,2339.09676,"2018-10-25",246
2019-06-28,"Early",37,"2019","77","Pionier",2,176,"Split",2088.64583333333,325.33,2339.09676,"2018-10-25",246
2019-06-28,"Early",48,"2019","77","Patras",2,220,"Split",2088.64583333333,325.33,2339.09676,"2018-10-25",246
2019-06-28,"Early",56,"2019","77","Pionier",2,176,"Combined",2088.64583333333,325.33,2339.09676,"2018-10-25",246
2019-06-28,"Early",90,"2019","77","Apertus",3,220,"Split",2088.64583333333,325.33,2339.09676,"2018-10-25",246
2019-06-28,"Early",26,"2019","77","Patras",1,176,"Combined",2088.64583333333,325.33,2339.09676,"2018-10-25",246
2019-06-28,"Early",2,"2019","77","Capone",1,220,"Combined",2088.64583333333,325.33,2339.09676,"2018-10-25",246
2019-06-28,"Early",5,"2019","77","Apertus",1,176,"Split",2088.64583333333,325.33,2339.09676,"2018-10-25",246
2019-06-28,"Early",92,"2019","77","Patras",3,220,"Split",2088.64583333333,325.33,2339.09676,"2018-10-25",246
2019-06-28,"Early",4,"2019","77","Patras",1,220,"Combined",2088.64583333333,325.33,2339.09676,"2018-10-25",246
2019-06-28,"Early",73,"2019","77","Capone",3,220,"Combined",2088.64583333333,325.33,2339.09676,"2018-10-25",246
2019-06-28,"Early",76,"2019","77","Apertus",3,220,"Combined",2088.64583333333,325.33,2339.09676,"2018-10-25",246
2019-06-28,"Early",38,"2019","77","Capone",2,176,"Split",2088.64583333333,325.33,2339.09676,"2018-10-25",246
2019-06-28,"Early",25,"2019","77","Capone",1,176,"Combined",2088.64583333333,325.33,2339.09676,"2018-10-25",246
2019-06-28,"Early",49,"2019","77","Pionier",2,220,"Combined",2088.64583333333,325.33,2339.09676,"2018-10-25",246
2019-06-28,"Early",47,"2019","77","Capone",2,220,"Split",2088.64583333333,325.33,2339.09676,"2018-10-25",246
2019-06-28,"Early",75,"2019","77","Pionier",3,220,"Combined",2088.64583333333,325.33,2339.09676,"2018-10-25",246
2019-06-28,"Early",8,"2019","77","Patras",1,176,"Split",2088.64583333333,325.33,2339.09676,"2018-10-25",246
2019-06-28,"Early",50,"2019","77","Apertus",2,220,"Combined",2088.64583333333,325.33,2339.09676,"2018-10-25",246
2019-06-28,"Early",65,"2019","77","Pionier",3,176,"Combined",2088.64583333333,325.33,2339.09676,"2018-10-25",246
2019-06-28,"Early",84,"2019","77","Capone",3,176,"Split",2088.64583333333,325.33,2339.09676,"2018-10-25",246
2019-06-28,"Early",6,"2019","77","Pionier",1,176,"Split",2088.64583333333,325.33,2339.09676,"2018-10-25",246
2019-06-28,"Early",31,"2019","77","Pionier",1,220,"Split",2088.64583333333,325.33,2339.09676,"2018-10-25",246
2019-06-28,"Early",32,"2019","77","Capone",1,220,"Split",2088.64583333333,325.33,2339.09676,"2018-10-25",246
2019-06-28,"Early",89,"2019","77","Pionier",3,220,"Split",2088.64583333333,325.33,2339.09676,"2018-10-25",246
2019-06-28,"Early",7,"2019","77","Capone",1,176,"Split",2088.64583333333,325.33,2339.09676,"2018-10-25",246
2019-06-28,"Early",39,"2019","77","Patras",2,176,"Split",2088.64583333333,325.33,2339.09676,"2018-10-25",246
2019-06-28,"Early",3,"2019","77","Apertus",1,220,"Combined",2088.64583333333,325.33,2339.09676,"2018-10-25",246
2019-06-28,"Early",1,"2019","77","Pionier",1,220,"Combined",2088.64583333333,325.33,2339.09676,"2018-10-25",246
2019-06-28,"Early",28,"2019","77","Pionier",1,176,"Combined",2088.64583333333,325.33,2339.09676,"2018-10-25",246
2019-06-28,"Late",13,"2019","77","Capone",1,220,"Combined",1974.45,320.06,2282.22432,"2018-11-08",232
2019-06-28,"Late",77,"2019","77","Pionier",3,176,"Combined",1974.45,320.06,2282.22432,"2018-11-08",232
2019-06-28,"Late",59,"2019","77","Pionier",2,176,"Combined",1974.45,320.06,2282.22432,"2018-11-08",232
2019-06-28,"Late",72,"2019","77","Patras",3,220,"Combined",1974.45,320.06,2282.22432,"2018-11-08",232
2019-06-28,"Late",63,"2019","77","Patras",2,220,"Combined",1974.45,320.06,2282.22432,"2018-11-08",232
2019-06-28,"Late",19,"2019","77","Capone",1,220,"Split",1974.45,320.06,2282.22432,"2018-11-08",232
2019-06-28,"Late",57,"2019","77","Capone",2,176,"Combined",1974.45,320.06,2282.22432,"2018-11-08",232
2019-06-28,"Late",20,"2019","77","Pionier",1,220,"Split",1974.45,320.06,2282.22432,"2018-11-08",232
2019-06-28,"Late",86,"2019","77","Patras",3,220,"Split",1974.45,320.06,2282.22432,"2018-11-08",232
2019-06-28,"Late",16,"2019","77","Patras",1,220,"Combined",1974.45,320.06,2282.22432,"2018-11-08",232
2019-06-28,"Late",85,"2019","77","Pionier",3,220,"Split",1974.45,320.06,2282.22432,"2018-11-08",232
2019-06-28,"Late",12,"2019","77","Patras",1,176,"Split",1974.45,320.06,2282.22432,"2018-11-08",232
2019-06-28,"Late",96,"2019","77","Capone",3,176,"Split",1974.45,320.06,2282.22432,"2018-11-08",232
2019-06-28,"Late",18,"2019","77","Patras",1,220,"Split",1974.45,320.06,2282.22432,"2018-11-08",232
2019-06-28,"Late",44,"2019","77","Capone",2,176,"Split",1974.45,320.06,2282.22432,"2018-11-08",232
2019-06-28,"Late",10,"2019","77","Apertus",1,176,"Split",1974.45,320.06,2282.22432,"2018-11-08",232
2019-06-28,"Late",94,"2019","77","Pionier",3,176,"Split",1974.45,320.06,2282.22432,"2018-11-08",232
2019-06-28,"Late",14,"2019","77","Pionier",1,220,"Combined",1974.45,320.06,2282.22432,"2018-11-08",232
2019-06-28,"Late",58,"2019","77","Apertus",2,176,"Combined",1974.45,320.06,2282.22432,"2018-11-08",232
2019-06-28,"Late",43,"2019","77","Apertus",2,176,"Split",1974.45,320.06,2282.22432,"2018-11-08",232
2019-06-28,"Late",17,"2019","77","Apertus",1,220,"Split",1974.45,320.06,2282.22432,"2018-11-08",232
2019-06-28,"Late",70,"2019","77","Apertus",3,220,"Combined",1974.45,320.06,2282.22432,"2018-11-08",232
2019-06-28,"Late",95,"2019","77","Patras",3,176,"Split",1974.45,320.06,2282.22432,"2018-11-08",232
2019-06-28,"Late",33,"2019","77","Apertus",2,220,"Split",1974.45,320.06,2282.22432,"2018-11-08",232
2019-06-28,"Late",34,"2019","77","Pionier",2,220,"Split",1974.45,320.06,2282.22432,"2018-11-08",232
2019-06-28,"Late",11,"2019","77","Capone",1,176,"Split",1974.45,320.06,2282.22432,"2018-11-08",232
2019-06-28,"Late",87,"2019","77","Capone",3,220,"Split",1974.45,320.06,2282.22432,"2018-11-08",232
2019-06-28,"Late",93,"2019","77","Apertus",3,176,"Split",1974.45,320.06,2282.22432,"2018-11-08",232
2019-06-28,"Late",21,"2019","77","Capone",1,176,"Combined",1974.45,320.06,2282.22432,"2018-11-08",232
2019-06-28,"Late",42,"2019","77","Pionier",2,176,"Split",1974.45,320.06,2282.22432,"2018-11-08",232
2019-06-28,"Late",23,"2019","77","Pionier",1,176,"Combined",1974.45,320.06,2282.22432,"2018-11-08",232
2019-06-28,"Late",15,"2019","77","Apertus",1,220,"Combined",1974.45,320.06,2282.22432,"2018-11-08",232
2019-06-28,"Late",79,"2019","77","Capone",3,176,"Combined",1974.45,320.06,2282.22432,"2018-11-08",232
2019-07-03,"Late",69,"2019","77","Capone",3,220,"Combined",2072.95833333333,320.39,2412.48744,"2018-11-08",237
2019-07-03,"Late",9,"2019","77","Pionier",1,176,"Split",2072.95833333333,320.39,2412.48744,"2018-11-08",237
2019-07-23,"Early",1,"2019","87","Pionier",1,220,"Combined",2532.5,355.76,2801.62512,"2018-10-25",271
2019-07-23,"Early",90,"2019","87","Apertus",3,220,"Split",2532.5,355.76,2801.62512,"2018-10-25",271
2019-07-23,"Early",39,"2019","87","Patras",2,176,"Split",2532.5,355.76,2801.62512,"2018-10-25",271
2019-07-23,"Early",65,"2019","87","Pionier",3,176,"Combined",2532.5,355.76,2801.62512,"2018-10-25",271
2019-07-23,"Early",75,"2019","87","Pionier",3,220,"Combined",2532.5,355.76,2801.62512,"2018-10-25",271
2019-07-23,"Early",55,"2019","87","Capone",2,176,"Combined",2532.5,355.76,2801.62512,"2018-10-25",271
2019-07-23,"Early",74,"2019","87","Patras",3,220,"Combined",2532.5,355.76,2801.62512,"2018-10-25",271
2019-07-23,"Early",8,"2019","87","Patras",1,176,"Split",2532.5,355.76,2801.62512,"2018-10-25",271
2019-07-23,"Early",2,"2019","87","Capone",1,220,"Combined",2532.5,355.76,2801.62512,"2018-10-25",271
2019-07-23,"Early",54,"2019","87","Patras",2,176,"Combined",2532.5,355.76,2801.62512,"2018-10-25",271
2019-07-23,"Early",68,"2019","87","Patras",3,176,"Combined",2532.5,355.76,2801.62512,"2018-10-25",271
2019-07-23,"Early",26,"2019","87","Patras",1,176,"Combined",2532.5,355.76,2801.62512,"2018-10-25",271
2019-07-23,"Early",46,"2019","87","Apertus",2,220,"Split",2532.5,355.76,2801.62512,"2018-10-25",271
2019-07-23,"Early",76,"2019","87","Apertus",3,220,"Combined",2532.5,355.76,2801.62512,"2018-10-25",271
2019-07-23,"Early",67,"2019","87","Capone",3,176,"Combined",2532.5,355.76,2801.62512,"2018-10-25",271
2019-07-23,"Early",4,"2019","87","Patras",1,220,"Combined",2532.5,355.76,2801.62512,"2018-10-25",271
2019-07-23,"Early",5,"2019","87","Apertus",1,176,"Split",2532.5,355.76,2801.62512,"2018-10-25",271
2019-07-23,"Early",48,"2019","87","Patras",2,220,"Split",2532.5,355.76,2801.62512,"2018-10-25",271
2019-07-23,"Early",51,"2019","87","Capone",2,220,"Combined",2532.5,355.76,2801.62512,"2018-10-25",271
2019-07-23,"Early",40,"2019","87","Apertus",2,176,"Split",2532.5,355.76,2801.62512,"2018-10-25",271
2019-07-23,"Early",91,"2019","87","Capone",3,220,"Split",2532.5,355.76,2801.62512,"2018-10-25",271
2019-07-23,"Early",81,"2019","87","Apertus",3,176,"Split",2532.5,355.76,2801.62512,"2018-10-25",271
2019-07-23,"Early",49,"2019","87","Pionier",2,220,"Combined",2532.5,355.76,2801.62512,"2018-10-25",271
2019-07-23,"Early",45,"2019","87","Pionier",2,220,"Split",2532.5,355.76,2801.62512,"2018-10-25",271
2019-07-23,"Early",3,"2019","87","Apertus",1,220,"Combined",2532.5,355.76,2801.62512,"2018-10-25",271
2019-07-23,"Early",84,"2019","87","Capone",3,176,"Split",2532.5,355.76,2801.62512,"2018-10-25",271
2019-07-23,"Early",50,"2019","87","Apertus",2,220,"Combined",2532.5,355.76,2801.62512,"2018-10-25",271
2019-07-23,"Early",83,"2019","87","Patras",3,176,"Split",2532.5,355.76,2801.62512,"2018-10-25",271
2019-07-23,"Early",28,"2019","87","Pionier",1,176,"Combined",2532.5,355.76,2801.62512,"2018-10-25",271
2019-07-23,"Early",37,"2019","87","Pionier",2,176,"Split",2532.5,355.76,2801.62512,"2018-10-25",271
2019-07-23,"Early",56,"2019","87","Pionier",2,176,"Combined",2532.5,355.76,2801.62512,"2018-10-25",271
2019-07-23,"Early",32,"2019","87","Capone",1,220,"Split",2532.5,355.76,2801.62512,"2018-10-25",271
2019-07-23,"Early",29,"2019","87","Apertus",1,220,"Split",2532.5,355.76,2801.62512,"2018-10-25",271
2019-07-23,"Early",73,"2019","87","Capone",3,220,"Combined",2532.5,355.76,2801.62512,"2018-10-25",271
2019-07-23,"Early",7,"2019","87","Capone",1,176,"Split",2532.5,355.76,2801.62512,"2018-10-25",271
2019-07-23,"Early",25,"2019","87","Capone",1,176,"Combined",2532.5,355.76,2801.62512,"2018-10-25",271
2019-07-23,"Early",82,"2019","87","Pionier",3,176,"Split",2532.5,355.76,2801.62512,"2018-10-25",271
2019-07-23,"Early",53,"2019","87","Apertus",2,176,"Combined",2532.5,355.76,2801.62512,"2018-10-25",271
2019-07-23,"Early",89,"2019","87","Pionier",3,220,"Split",2532.5,355.76,2801.62512,"2018-10-25",271
2019-07-23,"Early",27,"2019","87","Apertus",1,176,"Combined",2532.5,355.76,2801.62512,"2018-10-25",271
2019-07-23,"Early",31,"2019","87","Pionier",1,220,"Split",2532.5,355.76,2801.62512,"2018-10-25",271
2019-07-23,"Early",52,"2019","87","Patras",2,220,"Combined",2532.5,355.76,2801.62512,"2018-10-25",271
2019-07-23,"Early",38,"2019","87","Capone",2,176,"Split",2532.5,355.76,2801.62512,"2018-10-25",271
2019-07-23,"Early",47,"2019","87","Capone",2,220,"Split",2532.5,355.76,2801.62512,"2018-10-25",271
2019-07-23,"Early",92,"2019","87","Patras",3,220,"Split",2532.5,355.76,2801.62512,"2018-10-25",271
2019-07-23,"Early",66,"2019","87","Apertus",3,176,"Combined",2532.5,355.76,2801.62512,"2018-10-25",271
2019-07-23,"Early",30,"2019","87","Patras",1,220,"Split",2532.5,355.76,2801.62512,"2018-10-25",271
2019-07-23,"Early",6,"2019","87","Pionier",1,176,"Split",2532.5,355.76,2801.62512,"2018-10-25",271
2019-07-23,"Late",20,"2019","87","Pionier",1,220,"Split",2418.30416666667,350.49,2744.75268,"2018-11-08",257
2019-07-23,"Late",18,"2019","87","Patras",1,220,"Split",2418.30416666667,350.49,2744.75268,"2018-11-08",257
2019-07-23,"Late",24,"2019","87","Apertus",1,176,"Combined",2418.30416666667,350.49,2744.75268,"2018-11-08",257
2019-07-23,"Late",69,"2019","87","Capone",3,220,"Combined",2418.30416666667,350.49,2744.75268,"2018-11-08",257
2019-07-23,"Late",13,"2019","87","Capone",1,220,"Combined",2418.30416666667,350.49,2744.75268,"2018-11-08",257
2019-07-23,"Late",41,"2019","87","Patras",2,176,"Split",2418.30416666667,350.49,2744.75268,"2018-11-08",257
2019-07-23,"Late",57,"2019","87","Capone",2,176,"Combined",2418.30416666667,350.49,2744.75268,"2018-11-08",257
2019-07-23,"Late",34,"2019","87","Pionier",2,220,"Split",2418.30416666667,350.49,2744.75268,"2018-11-08",257
2019-07-23,"Late",16,"2019","87","Patras",1,220,"Combined",2418.30416666667,350.49,2744.75268,"2018-11-08",257
2019-07-23,"Late",9,"2019","87","Pionier",1,176,"Split",2418.30416666667,350.49,2744.75268,"2018-11-08",257
2019-07-23,"Late",61,"2019","87","Apertus",2,220,"Combined",2418.30416666667,350.49,2744.75268,"2018-11-08",257
2019-07-23,"Late",15,"2019","87","Apertus",1,220,"Combined",2418.30416666667,350.49,2744.75268,"2018-11-08",257
2019-07-23,"Late",62,"2019","87","Pionier",2,220,"Combined",2418.30416666667,350.49,2744.75268,"2018-11-08",257
2019-07-23,"Late",12,"2019","87","Patras",1,176,"Split",2418.30416666667,350.49,2744.75268,"2018-11-08",257
2019-07-23,"Late",77,"2019","87","Pionier",3,176,"Combined",2418.30416666667,350.49,2744.75268,"2018-11-08",257
2019-07-23,"Late",10,"2019","87","Apertus",1,176,"Split",2418.30416666667,350.49,2744.75268,"2018-11-08",257
2019-07-23,"Late",11,"2019","87","Capone",1,176,"Split",2418.30416666667,350.49,2744.75268,"2018-11-08",257
2019-07-23,"Late",19,"2019","87","Capone",1,220,"Split",2418.30416666667,350.49,2744.75268,"2018-11-08",257
2019-07-23,"Late",60,"2019","87","Patras",2,176,"Combined",2418.30416666667,350.49,2744.75268,"2018-11-08",257
2019-07-23,"Late",23,"2019","87","Pionier",1,176,"Combined",2418.30416666667,350.49,2744.75268,"2018-11-08",257
2019-07-23,"Late",44,"2019","87","Capone",2,176,"Split",2418.30416666667,350.49,2744.75268,"2018-11-08",257
2019-07-23,"Late",80,"2019","87","Patras",3,176,"Combined",2418.30416666667,350.49,2744.75268,"2018-11-08",257
2019-07-23,"Late",63,"2019","87","Patras",2,220,"Combined",2418.30416666667,350.49,2744.75268,"2018-11-08",257
2019-07-23,"Late",35,"2019","87","Patras",2,220,"Split",2418.30416666667,350.49,2744.75268,"2018-11-08",257
2019-07-23,"Late",17,"2019","87","Apertus",1,220,"Split",2418.30416666667,350.49,2744.75268,"2018-11-08",257
2019-07-23,"Late",70,"2019","87","Apertus",3,220,"Combined",2418.30416666667,350.49,2744.75268,"2018-11-08",257
2019-07-23,"Late",43,"2019","87","Apertus",2,176,"Split",2418.30416666667,350.49,2744.75268,"2018-11-08",257
2019-07-23,"Late",14,"2019","87","Pionier",1,220,"Combined",2418.30416666667,350.49,2744.75268,"2018-11-08",257
2019-07-23,"Late",87,"2019","87","Capone",3,220,"Split",2418.30416666667,350.49,2744.75268,"2018-11-08",257
2019-07-23,"Late",71,"2019","87","Pionier",3,220,"Combined",2418.30416666667,350.49,2744.75268,"2018-11-08",257
2019-07-23,"Late",94,"2019","87","Pionier",3,176,"Split",2418.30416666667,350.49,2744.75268,"2018-11-08",257
2019-07-23,"Late",59,"2019","87","Pionier",2,176,"Combined",2418.30416666667,350.49,2744.75268,"2018-11-08",257
2019-07-23,"Late",72,"2019","87","Patras",3,220,"Combined",2418.30416666667,350.49,2744.75268,"2018-11-08",257
2019-07-23,"Late",36,"2019","87","Capone",2,220,"Split",2418.30416666667,350.49,2744.75268,"2018-11-08",257
2019-07-23,"Late",93,"2019","87","Apertus",3,176,"Split",2418.30416666667,350.49,2744.75268,"2018-11-08",257
2019-07-23,"Late",96,"2019","87","Capone",3,176,"Split",2418.30416666667,350.49,2744.75268,"2018-11-08",257
2019-07-23,"Late",95,"2019","87","Patras",3,176,"Split",2418.30416666667,350.49,2744.75268,"2018-11-08",257
2019-07-23,"Late",88,"2019","87","Apertus",3,220,"Split",2418.30416666667,350.49,2744.75268,"2018-11-08",257
2019-07-23,"Late",21,"2019","87","Capone",1,176,"Combined",2418.30416666667,350.49,2744.75268,"2018-11-08",257
2019-07-23,"Late",86,"2019","87","Patras",3,220,"Split",2418.30416666667,350.49,2744.75268,"2018-11-08",257
2019-07-23,"Late",79,"2019","87","Capone",3,176,"Combined",2418.30416666667,350.49,2744.75268,"2018-11-08",257
2019-07-23,"Late",58,"2019","87","Apertus",2,176,"Combined",2418.30416666667,350.49,2744.75268,"2018-11-08",257
2019-07-23,"Late",85,"2019","87","Pionier",3,220,"Split",2418.30416666667,350.49,2744.75268,"2018-11-08",257
2019-07-23,"Late",64,"2019","87","Capone",2,220,"Combined",2418.30416666667,350.49,2744.75268,"2018-11-08",257
2019-07-23,"Late",33,"2019","87","Apertus",2,220,"Split",2418.30416666667,350.49,2744.75268,"2018-11-08",257
2019-07-23,"Late",42,"2019","87","Pionier",2,176,"Split",2418.30416666667,350.49,2744.75268,"2018-11-08",257
2019-07-23,"Late",22,"2019","87","Patras",1,176,"Combined",2418.30416666667,350.49,2744.75268,"2018-11-08",257
2019-07-23,"Late",78,"2019","87","Apertus",3,176,"Combined",2418.30416666667,350.49,2744.75268,"2018-11-08",257
2019-11-08,"Early",58,"2020","09","Capone",1,176,"Combined",144.475,17.89,83.85372,"2019-10-24",15
2019-11-08,"Early",55,"2020","09","Esket",1,176,"Combined",144.475,17.89,83.85372,"2019-10-24",15
2019-11-08,"Early",37,"2020","09","Alves",1,176,"Split",144.475,17.89,83.85372,"2019-10-24",15
2019-11-11,"Early",141,"2020","09","Esket",3,176,"Split",156.6375,19.72,98.9658,"2019-10-24",18
2019-11-11,"Early",143,"2020","09","Potenzial",3,176,"Combined",156.6375,19.72,98.9658,"2019-10-24",18
2019-11-11,"Early",7,"2020","09","Potenzial",1,220,"Combined",156.6375,19.72,98.9658,"2019-10-24",18
2019-11-11,"Early",39,"2020","09","Alves",1,176,"Combined",156.6375,19.72,98.9658,"2019-10-24",18
2019-11-11,"Early",67,"2020","09","Torrild",2,176,"Combined",156.6375,19.72,98.9658,"2019-10-24",18
2019-11-11,"Early",22,"2020","09","Alves",1,220,"Split",156.6375,19.72,98.9658,"2019-10-24",18
2019-11-11,"Early",26,"2020","09","Patras",1,220,"Combined",156.6375,19.72,98.9658,"2019-10-24",18
2019-11-11,"Early",6,"2020","09","Potenzial",1,220,"Split",156.6375,19.72,98.9658,"2019-10-24",18
2019-11-11,"Early",78,"2020","09","Alves",2,176,"Combined",156.6375,19.72,98.9658,"2019-10-24",18
2019-11-11,"Early",128,"2020","09","Capone",2,220,"Split",156.6375,19.72,98.9658,"2019-10-24",18
2019-11-11,"Early",18,"2020","09","Torrild",1,220,"Combined",156.6375,19.72,98.9658,"2019-10-24",18
2019-11-11,"Early",99,"2020","09","Alves",2,220,"Combined",156.6375,19.72,98.9658,"2019-10-24",18
2019-11-11,"Early",60,"2020","09","Esket",1,176,"Split",156.6375,19.72,98.9658,"2019-10-24",18
2019-11-11,"Early",11,"2020","09","Torrild",1,220,"Split",156.6375,19.72,98.9658,"2019-10-24",18
2019-11-11,"Early",190,"2020","09","Patras",3,220,"Combined",156.6375,19.72,98.9658,"2019-10-24",18
2019-11-11,"Early",50,"2020","09","Potenzial",1,176,"Combined",156.6375,19.72,98.9658,"2019-10-24",18
2019-11-11,"Early",170,"2020","09","Alves",3,220,"Split",156.6375,19.72,98.9658,"2019-10-24",18
2019-11-11,"Early",44,"2020","09","Capone",1,176,"Split",156.6375,19.72,98.9658,"2019-10-24",18
2019-11-11,"Early",63,"2020","09","Torrild",1,176,"Combined",156.6375,19.72,98.9658,"2019-10-24",18
2019-11-11,"Early",107,"2020","09","Esket",2,220,"Combined",156.6375,19.72,98.9658,"2019-10-24",18
2019-11-11,"Early",3,"2020","09","Esket",1,220,"Split",156.6375,19.72,98.9658,"2019-10-24",18
2019-11-11,"Early",120,"2020","09","Esket",2,220,"Split",156.6375,19.72,98.9658,"2019-10-24",18
2019-11-11,"Early",163,"2020","09","Esket",3,220,"Combined",156.6375,19.72,98.9658,"2019-10-24",18
2019-11-11,"Early",14,"2020","09","Patras",1,220,"Split",156.6375,19.72,98.9658,"2019-10-24",18
2019-11-11,"Early",42,"2020","09","Pionier",1,176,"Combined",156.6375,19.72,98.9658,"2019-10-24",18
2019-11-11,"Early",10,"2020","09","Esket",1,220,"Combined",156.6375,19.72,98.9658,"2019-10-24",18
2019-11-11,"Early",47,"2020","09","Patras",1,176,"Combined",156.6375,19.72,98.9658,"2019-10-24",18
2019-11-11,"Early",183,"2020","09","Capone",3,220,"Split",156.6375,19.72,98.9658,"2019-10-24",18
2019-11-11,"Early",31,"2020","09","Apertus",1,220,"Combined",156.6375,19.72,98.9658,"2019-10-24",18
2019-11-11,"Early",191,"2020","09","Potenzial",3,220,"Split",156.6375,19.72,98.9658,"2019-10-24",18
2019-11-11,"Early",19,"2020","09","Pionier",1,220,"Split",156.6375,19.72,98.9658,"2019-10-24",18
2019-11-11,"Early",167,"2020","09","Esket",3,220,"Split",156.6375,19.72,98.9658,"2019-10-24",18
2019-11-11,"Early",79,"2020","09","Alves",2,176,"Split",156.6375,19.72,98.9658,"2019-10-24",18
2019-11-11,"Early",104,"2020","09","Alves",2,220,"Split",156.6375,19.72,98.9658,"2019-10-24",18
2019-11-11,"Early",70,"2020","09","Pionier",2,176,"Combined",156.6375,19.72,98.9658,"2019-10-24",18
2019-11-11,"Early",87,"2020","09","Pionier",2,176,"Split",156.6375,19.72,98.9658,"2019-10-24",18
2019-11-11,"Early",133,"2020","09","Torrild",3,176,"Split",156.6375,19.72,98.9658,"2019-10-24",18
2019-11-11,"Early",23,"2020","09","Pionier",1,220,"Combined",156.6375,19.72,98.9658,"2019-10-24",18
2019-11-11,"Early",121,"2020","09","Patras",2,220,"Split",156.6375,19.72,98.9658,"2019-10-24",18
2019-11-11,"Early",154,"2020","09","Esket",3,176,"Combined",156.6375,19.72,98.9658,"2019-10-24",18
2019-11-11,"Early",15,"2020","09","Capone",1,220,"Combined",156.6375,19.72,98.9658,"2019-10-24",18
2019-11-11,"Early",2,"2020","09","Alves",1,220,"Combined",156.6375,19.72,98.9658,"2019-10-24",18
2019-11-11,"Early",140,"2020","09","Alves",3,176,"Split",156.6375,19.72,98.9658,"2019-10-24",18
2019-11-11,"Early",187,"2020","09","Potenzial",3,220,"Combined",156.6375,19.72,98.9658,"2019-10-24",18
2019-11-11,"Early",74,"2020","09","Esket",2,176,"Split",156.6375,19.72,98.9658,"2019-10-24",18
2019-11-12,"Early",186,"2020","09","Torrild",3,220,"Split",161.733333333333,19.72,102.4776,"2019-10-24",19
2019-11-12,"Early",75,"2020","09","Patras",2,176,"Combined",161.733333333333,19.72,102.4776,"2019-10-24",19
2019-11-12,"Early",53,"2020","09","Torrild",1,176,"Split",161.733333333333,19.72,102.4776,"2019-10-24",19
2019-11-12,"Early",149,"2020","09","Capone",3,176,"Split",161.733333333333,19.72,102.4776,"2019-10-24",19
2019-11-12,"Early",91,"2020","09","Esket",2,176,"Combined",161.733333333333,19.72,102.4776,"2019-10-24",19
2019-11-12,"Early",105,"2020","09","Pionier",2,220,"Split",161.733333333333,19.72,102.4776,"2019-10-24",19
2019-11-12,"Early",94,"2020","09","Apertus",2,176,"Combined",161.733333333333,19.72,102.4776,"2019-10-24",19
2019-11-12,"Early",182,"2020","09","Capone",3,220,"Combined",161.733333333333,19.72,102.4776,"2019-10-24",19
2019-11-12,"Early",95,"2020","09","Apertus",2,176,"Split",161.733333333333,19.72,102.4776,"2019-10-24",19
2019-11-12,"Early",162,"2020","09","Patras",3,220,"Split",161.733333333333,19.72,102.4776,"2019-10-24",19
2019-11-12,"Early",132,"2020","09","Potenzial",3,176,"Split",161.733333333333,19.72,102.4776,"2019-10-24",19
2019-11-12,"Early",175,"2020","09","Apertus",3,220,"Split",161.733333333333,19.72,102.4776,"2019-10-24",19
2019-11-12,"Early",179,"2020","09","Apertus",3,220,"Combined",161.733333333333,19.72,102.4776,"2019-10-24",19
2019-11-12,"Early",166,"2020","09","Alves",3,220,"Combined",161.733333333333,19.72,102.4776,"2019-10-24",19
2019-11-12,"Early",66,"2020","09","Torrild",2,176,"Split",161.733333333333,19.72,102.4776,"2019-10-24",19
2019-11-12,"Early",30,"2020","09","Capone",1,220,"Split",161.733333333333,19.72,102.4776,"2019-10-24",19
2019-11-12,"Early",156,"2020","09","Apertus",3,176,"Split",161.733333333333,19.72,102.4776,"2019-10-24",19
2019-11-12,"Early",115,"2020","09","Capone",2,220,"Combined",161.733333333333,19.72,102.4776,"2019-10-24",19
2019-11-12,"Early",71,"2020","09","Patras",2,176,"Split",161.733333333333,19.72,102.4776,"2019-10-24",19
2019-11-12,"Early",138,"2020","09","Capone",3,176,"Combined",161.733333333333,19.72,102.4776,"2019-10-24",19
2019-11-12,"Early",126,"2020","09","Pionier",2,220,"Combined",161.733333333333,19.72,102.4776,"2019-10-24",19
2019-11-12,"Early",102,"2020","09","Apertus",2,220,"Combined",161.733333333333,19.72,102.4776,"2019-10-24",19
2019-11-12,"Early",146,"2020","09","Apertus",3,176,"Combined",161.733333333333,19.72,102.4776,"2019-10-24",19
2019-11-12,"Early",171,"2020","09","Pionier",3,220,"Combined",161.733333333333,19.72,102.4776,"2019-10-24",19
2019-11-12,"Early",61,"2020","09","Pionier",1,176,"Split",161.733333333333,19.72,102.4776,"2019-10-24",19
2019-11-12,"Early",157,"2020","09","Patras",3,176,"Split",161.733333333333,19.72,102.4776,"2019-10-24",19
2019-11-12,"Early",97,"2020","09","Potenzial",2,220,"Split",161.733333333333,19.72,102.4776,"2019-10-24",19
2019-11-12,"Early",86,"2020","09","Capone",2,176,"Combined",161.733333333333,19.72,102.4776,"2019-10-24",19
2019-11-12,"Early",135,"2020","09","Alves",3,176,"Combined",161.733333333333,19.72,102.4776,"2019-10-24",19
2019-11-12,"Early",36,"2020","09","Patras",1,176,"Split",161.733333333333,19.72,102.4776,"2019-10-24",19
2019-11-12,"Early",83,"2020","09","Potenzial",2,176,"Combined",161.733333333333,19.72,102.4776,"2019-10-24",19
2019-11-12,"Early",123,"2020","09","Patras",2,220,"Combined",161.733333333333,19.72,102.4776,"2019-10-24",19
2019-11-12,"Early",45,"2020","09","Potenzial",1,176,"Split",161.733333333333,19.72,102.4776,"2019-10-24",19
2019-11-12,"Early",82,"2020","09","Potenzial",2,176,"Split",161.733333333333,19.72,102.4776,"2019-10-24",19
2019-11-12,"Early",178,"2020","09","Pionier",3,220,"Split",161.733333333333,19.72,102.4776,"2019-10-24",19
2019-11-12,"Early",34,"2020","09","Apertus",1,176,"Combined",161.733333333333,19.72,102.4776,"2019-10-24",19
2019-11-12,"Early",130,"2020","09","Patras",3,176,"Combined",161.733333333333,19.72,102.4776,"2019-10-24",19
2019-11-12,"Early",27,"2020","09","Apertus",1,220,"Split",161.733333333333,19.72,102.4776,"2019-10-24",19
2019-11-12,"Early",110,"2020","09","Potenzial",2,220,"Combined",161.733333333333,19.72,102.4776,"2019-10-24",19
2019-11-12,"Early",148,"2020","09","Pionier",3,176,"Split",161.733333333333,19.72,102.4776,"2019-10-24",19
2019-11-12,"Early",151,"2020","09","Pionier",3,176,"Combined",161.733333333333,19.72,102.4776,"2019-10-24",19
2019-11-12,"Early",174,"2020","09","Torrild",3,220,"Combined",161.733333333333,19.72,102.4776,"2019-10-24",19
2019-11-12,"Early",113,"2020","09","Torrild",2,220,"Split",161.733333333333,19.72,102.4776,"2019-10-24",19
2019-11-12,"Early",112,"2020","09","Apertus",2,220,"Split",161.733333333333,19.72,102.4776,"2019-10-24",19
2019-11-12,"Early",118,"2020","09","Torrild",2,220,"Combined",161.733333333333,19.72,102.4776,"2019-10-24",19
2019-11-12,"Early",159,"2020","09","Torrild",3,176,"Combined",161.733333333333,19.72,102.4776,"2019-10-24",19
2019-11-12,"Early",90,"2020","09","Capone",2,176,"Split",161.733333333333,19.72,102.4776,"2019-10-24",19
2019-11-12,"Early",52,"2020","09","Apertus",1,176,"Split",161.733333333333,19.72,102.4776,"2019-10-24",19
2019-12-18,"Late",9,"2020","09","Pionier",1,220,"Combined",183.491666666667,37.95,76.2498,"2019-11-13",35
2019-12-18,"Late",181,"2020","09","Capone",3,220,"Combined",183.491666666667,37.95,76.2498,"2019-11-13",35
2019-12-18,"Late",48,"2020","09","Esket",1,176,"Combined",183.491666666667,37.95,76.2498,"2019-11-13",35
2019-12-18,"Late",116,"2020","09","Apertus",2,220,"Combined",183.491666666667,37.95,76.2498,"2019-11-13",35
2019-12-18,"Late",147,"2020","09","Potenzial",3,176,"Split",183.491666666667,37.95,76.2498,"2019-11-13",35
2019-12-18,"Late",64,"2020","09","Capone",1,176,"Combined",183.491666666667,37.95,76.2498,"2019-11-13",35
2019-12-18,"Late",25,"2020","09","Alves",1,220,"Combined",183.491666666667,37.95,76.2498,"2019-11-13",35
2019-12-18,"Late",117,"2020","09","Potenzial",2,220,"Combined",183.491666666667,37.95,76.2498,"2019-11-13",35
2019-12-18,"Late",93,"2020","09","Patras",2,176,"Combined",183.491666666667,37.95,76.2498,"2019-11-13",35
2019-12-18,"Late",111,"2020","09","Pionier",2,220,"Split",183.491666666667,37.95,76.2498,"2019-11-13",35
2019-12-18,"Late",125,"2020","09","Esket",2,220,"Combined",183.491666666667,37.95,76.2498,"2019-11-13",35
2019-12-18,"Late",56,"2020","09","Potenzial",1,176,"Combined",183.491666666667,37.95,76.2498,"2019-11-13",35
2019-12-18,"Late",155,"2020","09","Patras",3,176,"Split",183.491666666667,37.95,76.2498,"2019-11-13",35
2019-12-18,"Late",57,"2020","09","Alves",1,176,"Combined",183.491666666667,37.95,76.2498,"2019-11-13",35
2019-12-18,"Late",68,"2020","09","Apertus",2,176,"Combined",183.491666666667,37.95,76.2498,"2019-11-13",35
2019-12-18,"Late",114,"2020","09","Esket",2,220,"Split",183.491666666667,37.95,76.2498,"2019-11-13",35
2019-12-18,"Late",169,"2020","09","Alves",3,220,"Split",183.491666666667,37.95,76.2498,"2019-11-13",35
2019-12-18,"Late",1,"2020","09","Capone",1,220,"Combined",183.491666666667,37.95,76.2498,"2019-11-13",35
2019-12-18,"Late",192,"2020","09","Capone",3,220,"Split",183.491666666667,37.95,76.2498,"2019-11-13",35
2019-12-18,"Late",89,"2020","09","Potenzial",2,176,"Split",183.491666666667,37.95,76.2498,"2019-11-13",35
2019-12-18,"Late",139,"2020","09","Torrild",3,176,"Split",183.491666666667,37.95,76.2498,"2019-11-13",35
2019-12-18,"Late",103,"2020","09","Alves",2,220,"Split",183.491666666667,37.95,76.2498,"2019-11-13",35
2019-12-18,"Late",69,"2020","09","Torrild",2,176,"Combined",183.491666666667,37.95,76.2498,"2019-11-13",35
2019-12-18,"Late",73,"2020","09","Torrild",2,176,"Split",183.491666666667,37.95,76.2498,"2019-11-13",35
2019-12-18,"Late",21,"2020","09","Patras",1,220,"Split",183.491666666667,37.95,76.2498,"2019-11-13",35
2019-12-18,"Late",85,"2020","09","Esket",2,176,"Combined",183.491666666667,37.95,76.2498,"2019-11-13",35
2019-12-18,"Late",77,"2020","09","Potenzial",2,176,"Combined",183.491666666667,37.95,76.2498,"2019-11-13",35
2019-12-18,"Late",35,"2020","09","Torrild",1,176,"Split",183.491666666667,37.95,76.2498,"2019-11-13",35
2019-12-18,"Late",152,"2020","09","Esket",3,176,"Combined",183.491666666667,37.95,76.2498,"2019-11-13",35
2019-12-18,"Late",185,"2020","09","Apertus",3,220,"Split",183.491666666667,37.95,76.2498,"2019-11-13",35
2019-12-18,"Late",62,"2020","09","Capone",1,176,"Split",183.491666666667,37.95,76.2498,"2019-11-13",35
2019-12-18,"Late",32,"2020","09","Potenzial",1,220,"Combined",183.491666666667,37.95,76.2498,"2019-11-13",35
2019-12-18,"Late",153,"2020","09","Alves",3,176,"Combined",183.491666666667,37.95,76.2498,"2019-11-13",35
2019-12-18,"Late",127,"2020","09","Apertus",2,220,"Split",183.491666666667,37.95,76.2498,"2019-11-13",35
2019-12-18,"Late",49,"2020","09","Patras",1,176,"Combined",183.491666666667,37.95,76.2498,"2019-11-13",35
2019-12-18,"Late",46,"2020","09","Pionier",1,176,"Split",183.491666666667,37.95,76.2498,"2019-11-13",35
2019-12-18,"Late",65,"2020","09","Alves",2,176,"Split",183.491666666667,37.95,76.2498,"2019-11-13",35
2019-12-18,"Late",16,"2020","09","Torrild",1,220,"Combined",183.491666666667,37.95,76.2498,"2019-11-13",35
2019-12-18,"Late",122,"2020","09","Patras",2,220,"Split",183.491666666667,37.95,76.2498,"2019-11-13",35
2019-12-18,"Late",96,"2020","09","Capone",2,176,"Split",183.491666666667,37.95,76.2498,"2019-11-13",35
2019-12-18,"Late",88,"2020","09","Apertus",2,176,"Split",183.491666666667,37.95,76.2498,"2019-11-13",35
2019-12-18,"Late",180,"2020","09","Potenzial",3,220,"Combined",183.491666666667,37.95,76.2498,"2019-11-13",35
2019-12-18,"Late",158,"2020","09","Esket",3,176,"Split",183.491666666667,37.95,76.2498,"2019-11-13",35
2019-12-18,"Late",17,"2020","09","Apertus",1,220,"Combined",183.491666666667,37.95,76.2498,"2019-11-13",35
2019-12-18,"Late",84,"2020","09","Capone",2,176,"Combined",183.491666666667,37.95,76.2498,"2019-11-13",35
2019-12-18,"Late",137,"2020","09","Apertus",3,176,"Combined",183.491666666667,37.95,76.2498,"2019-11-13",35
2019-12-18,"Late",43,"2020","09","Esket",1,176,"Split",183.491666666667,37.95,76.2498,"2019-11-13",35
2019-12-18,"Late",8,"2020","09","Esket",1,220,"Combined",183.491666666667,37.95,76.2498,"2019-11-13",35
2019-12-18,"Late",142,"2020","09","Capone",3,176,"Split",183.491666666667,37.95,76.2498,"2019-11-13",35
2019-12-18,"Late",4,"2020","09","Alves",1,220,"Split",183.491666666667,37.95,76.2498,"2019-11-13",35
2019-12-18,"Late",20,"2020","09","Apertus",1,220,"Split",183.491666666667,37.95,76.2498,"2019-11-13",35
2019-12-18,"Late",108,"2020","09","Pionier",2,220,"Combined",183.491666666667,37.95,76.2498,"2019-11-13",35
2019-12-18,"Late",80,"2020","09","Esket",2,176,"Split",183.491666666667,37.95,76.2498,"2019-11-13",35
2019-12-18,"Late",184,"2020","09","Esket",3,220,"Split",183.491666666667,37.95,76.2498,"2019-11-13",35
2019-12-18,"Late",92,"2020","09","Alves",2,176,"Combined",183.491666666667,37.95,76.2498,"2019-11-13",35
2019-12-18,"Late",144,"2020","09","Torrild",3,176,"Combined",183.491666666667,37.95,76.2498,"2019-11-13",35
2019-12-18,"Late",28,"2020","09","Potenzial",1,220,"Split",183.491666666667,37.95,76.2498,"2019-11-13",35
2019-12-18,"Late",106,"2020","09","Potenzial",2,220,"Split",183.491666666667,37.95,76.2498,"2019-11-13",35
2019-12-18,"Late",51,"2020","09","Alves",1,176,"Split",183.491666666667,37.95,76.2498,"2019-11-13",35
2019-12-18,"Late",5,"2020","09","Torrild",1,220,"Split",183.491666666667,37.95,76.2498,"2019-11-13",35
2019-12-18,"Late",173,"2020","09","Esket",3,220,"Combined",183.491666666667,37.95,76.2498,"2019-11-13",35
2019-12-18,"Late",119,"2020","09","Torrild",2,220,"Split",183.491666666667,37.95,76.2498,"2019-11-13",35
2019-12-18,"Late",76,"2020","09","Pionier",2,176,"Combined",183.491666666667,37.95,76.2498,"2019-11-13",35
2019-12-18,"Late",150,"2020","09","Apertus",3,176,"Split",183.491666666667,37.95,76.2498,"2019-11-13",35
2019-12-18,"Late",101,"2020","09","Alves",2,220,"Combined",183.491666666667,37.95,76.2498,"2019-11-13",35
2019-12-18,"Late",81,"2020","09","Patras",2,176,"Split",183.491666666667,37.95,76.2498,"2019-11-13",35
2019-12-18,"Late",124,"2020","09","Torrild",2,220,"Combined",183.491666666667,37.95,76.2498,"2019-11-13",35
2019-12-18,"Late",54,"2020","09","Potenzial",1,176,"Split",183.491666666667,37.95,76.2498,"2019-11-13",35
2019-12-18,"Late",164,"2020","09","Torrild",3,220,"Combined",183.491666666667,37.95,76.2498,"2019-11-13",35
2019-12-18,"Late",160,"2020","09","Potenzial",3,176,"Combined",183.491666666667,37.95,76.2498,"2019-11-13",35
2019-12-18,"Late",176,"2020","09","Patras",3,220,"Split",183.491666666667,37.95,76.2498,"2019-11-13",35
2019-12-20,"Late",131,"2020","09","Alves",3,176,"Split",199.508333333333,38.5,81.24912,"2019-11-13",37
2019-12-20,"Late",13,"2020","09","Pionier",1,220,"Split",199.508333333333,38.5,81.24912,"2019-11-13",37
2019-12-20,"Late",145,"2020","09","Patras",3,176,"Combined",199.508333333333,38.5,81.24912,"2019-11-13",37
2019-12-20,"Late",134,"2020","09","Pionier",3,176,"Split",199.508333333333,38.5,81.24912,"2019-11-13",37
2019-12-20,"Late",177,"2020","09","Torrild",3,220,"Split",199.508333333333,38.5,81.24912,"2019-11-13",37
2019-12-20,"Late",59,"2020","09","Apertus",1,176,"Split",199.508333333333,38.5,81.24912,"2019-11-13",37
2019-12-20,"Late",24,"2020","09","Patras",1,220,"Combined",199.508333333333,38.5,81.24912,"2019-11-13",37
2019-12-20,"Late",98,"2020","09","Capone",2,220,"Split",199.508333333333,38.5,81.24912,"2019-11-13",37
2019-12-20,"Late",188,"2020","09","Pionier",3,220,"Combined",199.508333333333,38.5,81.24912,"2019-11-13",37
2019-12-20,"Late",129,"2020","09","Capone",3,176,"Combined",199.508333333333,38.5,81.24912,"2019-11-13",37
2019-12-20,"Late",172,"2020","09","Apertus",3,220,"Combined",199.508333333333,38.5,81.24912,"2019-11-13",37
2019-12-20,"Late",38,"2020","09","Patras",1,176,"Split",199.508333333333,38.5,81.24912,"2019-11-13",37
2019-12-20,"Late",41,"2020","09","Apertus",1,176,"Combined",199.508333333333,38.5,81.24912,"2019-11-13",37
2019-12-20,"Late",100,"2020","09","Capone",2,220,"Combined",199.508333333333,38.5,81.24912,"2019-11-13",37
2019-12-20,"Late",40,"2020","09","Torrild",1,176,"Combined",199.508333333333,38.5,81.24912,"2019-11-13",37
2019-12-20,"Late",189,"2020","09","Alves",3,220,"Combined",199.508333333333,38.5,81.24912,"2019-11-13",37
2019-12-20,"Late",12,"2020","09","Esket",1,220,"Split",199.508333333333,38.5,81.24912,"2019-11-13",37
2019-12-20,"Late",33,"2020","09","Pionier",1,176,"Combined",199.508333333333,38.5,81.24912,"2019-11-13",37
2019-12-20,"Late",165,"2020","09","Patras",3,220,"Combined",199.508333333333,38.5,81.24912,"2019-11-13",37
2019-12-20,"Late",109,"2020","09","Patras",2,220,"Combined",199.508333333333,38.5,81.24912,"2019-11-13",37
2019-12-20,"Late",136,"2020","09","Pionier",3,176,"Combined",199.508333333333,38.5,81.24912,"2019-11-13",37
2019-12-20,"Late",168,"2020","09","Pionier",3,220,"Split",199.508333333333,38.5,81.24912,"2019-11-13",37
2019-12-20,"Late",161,"2020","09","Potenzial",3,220,"Split",199.508333333333,38.5,81.24912,"2019-11-13",37
2019-12-20,"Late",72,"2020","09","Pionier",2,176,"Split",199.508333333333,38.5,81.24912,"2019-11-13",37
2019-12-20,"Late",29,"2020","09","Capone",1,220,"Split",199.508333333333,38.5,81.24912,"2019-11-13",37
2020-01-13,"Early",39,"2020","13","Alves",1,176,"Combined",480.0125,78.71,231.86628,"2019-10-24",81
2020-01-13,"Early",156,"2020","13","Apertus",3,176,"Split",480.0125,78.71,231.86628,"2019-10-24",81
2020-01-13,"Early",94,"2020","13","Apertus",2,176,"Combined",480.0125,78.71,231.86628,"2019-10-24",81
2020-01-13,"Early",135,"2020","13","Alves",3,176,"Combined",480.0125,78.71,231.86628,"2019-10-24",81
2020-01-13,"Early",118,"2020","13","Torrild",2,220,"Combined",480.0125,78.71,231.86628,"2019-10-24",81
2020-01-13,"Early",105,"2020","13","Pionier",2,220,"Split",480.0125,78.71,231.86628,"2019-10-24",81
2020-01-13,"Early",167,"2020","13","Esket",3,220,"Split",480.0125,78.71,231.86628,"2019-10-24",81
2020-01-13,"Early",128,"2020","13","Capone",2,220,"Split",480.0125,78.71,231.86628,"2019-10-24",81
2020-01-13,"Early",115,"2020","13","Capone",2,220,"Combined",480.0125,78.71,231.86628,"2019-10-24",81
2020-01-13,"Early",141,"2020","13","Esket",3,176,"Split",480.0125,78.71,231.86628,"2019-10-24",81
2020-01-13,"Early",163,"2020","13","Esket",3,220,"Combined",480.0125,78.71,231.86628,"2019-10-24",81
2020-01-13,"Early",182,"2020","13","Capone",3,220,"Combined",480.0125,78.71,231.86628,"2019-10-24",81
2020-01-13,"Early",97,"2020","13","Potenzial",2,220,"Split",480.0125,78.71,231.86628,"2019-10-24",81
2020-01-13,"Early",2,"2020","13","Alves",1,220,"Combined",480.0125,78.71,231.86628,"2019-10-24",81
2020-01-13,"Early",31,"2020","13","Apertus",1,220,"Combined",480.0125,78.71,231.86628,"2019-10-24",81
2020-01-13,"Early",126,"2020","13","Pionier",2,220,"Combined",480.0125,78.71,231.86628,"2019-10-24",81
2020-01-13,"Early",171,"2020","13","Pionier",3,220,"Combined",480.0125,78.71,231.86628,"2019-10-24",81
2020-01-13,"Early",148,"2020","13","Pionier",3,176,"Split",480.0125,78.71,231.86628,"2019-10-24",81
2020-01-13,"Early",186,"2020","13","Torrild",3,220,"Split",480.0125,78.71,231.86628,"2019-10-24",81
2020-01-13,"Early",91,"2020","13","Esket",2,176,"Combined",480.0125,78.71,231.86628,"2019-10-24",81
2020-01-13,"Early",178,"2020","13","Pionier",3,220,"Split",480.0125,78.71,231.86628,"2019-10-24",81
2020-01-13,"Early",10,"2020","13","Esket",1,220,"Combined",480.0125,78.71,231.86628,"2019-10-24",81
2020-01-13,"Early",30,"2020","13","Capone",1,220,"Split",480.0125,78.71,231.86628,"2019-10-24",81
2020-01-13,"Early",112,"2020","13","Apertus",2,220,"Split",480.0125,78.71,231.86628,"2019-10-24",81
2020-01-13,"Early",26,"2020","13","Patras",1,220,"Combined",480.0125,78.71,231.86628,"2019-10-24",81
2020-01-13,"Early",143,"2020","13","Potenzial",3,176,"Combined",480.0125,78.71,231.86628,"2019-10-24",81
2020-01-13,"Early",132,"2020","13","Potenzial",3,176,"Split",480.0125,78.71,231.86628,"2019-10-24",81
2020-01-13,"Early",63,"2020","13","Torrild",1,176,"Combined",480.0125,78.71,231.86628,"2019-10-24",81
2020-01-13,"Early",53,"2020","13","Torrild",1,176,"Split",480.0125,78.71,231.86628,"2019-10-24",81
2020-01-13,"Early",70,"2020","13","Pionier",2,176,"Combined",480.0125,78.71,231.86628,"2019-10-24",81
2020-01-13,"Early",82,"2020","13","Potenzial",2,176,"Split",480.0125,78.71,231.86628,"2019-10-24",81
2020-01-13,"Early",99,"2020","13","Alves",2,220,"Combined",480.0125,78.71,231.86628,"2019-10-24",81
2020-01-13,"Early",95,"2020","13","Apertus",2,176,"Split",480.0125,78.71,231.86628,"2019-10-24",81
2020-01-13,"Early",19,"2020","13","Pionier",1,220,"Split",480.0125,78.71,231.86628,"2019-10-24",81
2020-01-13,"Early",120,"2020","13","Esket",2,220,"Split",480.0125,78.71,231.86628,"2019-10-24",81
2020-01-13,"Early",6,"2020","13","Potenzial",1,220,"Split",480.0125,78.71,231.86628,"2019-10-24",81
2020-01-13,"Early",67,"2020","13","Torrild",2,176,"Combined",480.0125,78.71,231.86628,"2019-10-24",81
2020-01-13,"Early",3,"2020","13","Esket",1,220,"Split",480.0125,78.71,231.86628,"2019-10-24",81
2020-01-13,"Early",60,"2020","13","Esket",1,176,"Split",480.0125,78.71,231.86628,"2019-10-24",81
2020-01-13,"Early",36,"2020","13","Patras",1,176,"Split",480.0125,78.71,231.86628,"2019-10-24",81
2020-01-13,"Early",55,"2020","13","Esket",1,176,"Combined",480.0125,78.71,231.86628,"2019-10-24",81
2020-01-13,"Early",107,"2020","13","Esket",2,220,"Combined",480.0125,78.71,231.86628,"2019-10-24",81
2020-01-13,"Early",83,"2020","13","Potenzial",2,176,"Combined",480.0125,78.71,231.86628,"2019-10-24",81
2020-01-13,"Early",74,"2020","13","Esket",2,176,"Split",480.0125,78.71,231.86628,"2019-10-24",81
2020-01-13,"Early",86,"2020","13","Capone",2,176,"Combined",480.0125,78.71,231.86628,"2019-10-24",81
2020-01-13,"Early",34,"2020","13","Apertus",1,176,"Combined",480.0125,78.71,231.86628,"2019-10-24",81
2020-01-13,"Early",90,"2020","13","Capone",2,176,"Split",480.0125,78.71,231.86628,"2019-10-24",81
2020-01-13,"Early",47,"2020","13","Patras",1,176,"Combined",480.0125,78.71,231.86628,"2019-10-24",81
2020-01-13,"Early",11,"2020","13","Torrild",1,220,"Split",480.0125,78.71,231.86628,"2019-10-24",81
2020-01-13,"Early",102,"2020","13","Apertus",2,220,"Combined",480.0125,78.71,231.86628,"2019-10-24",81
2020-01-13,"Early",166,"2020","13","Alves",3,220,"Combined",480.0125,78.71,231.86628,"2019-10-24",81
2020-01-13,"Early",190,"2020","13","Patras",3,220,"Combined",480.0125,78.71,231.86628,"2019-10-24",81
2020-01-13,"Early",113,"2020","13","Torrild",2,220,"Split",480.0125,78.71,231.86628,"2019-10-24",81
2020-01-13,"Early",66,"2020","13","Torrild",2,176,"Split",480.0125,78.71,231.86628,"2019-10-24",81
2020-01-13,"Early",183,"2020","13","Capone",3,220,"Split",480.0125,78.71,231.86628,"2019-10-24",81
2020-01-13,"Early",123,"2020","13","Patras",2,220,"Combined",480.0125,78.71,231.86628,"2019-10-24",81
2020-01-13,"Early",110,"2020","13","Potenzial",2,220,"Combined",480.0125,78.71,231.86628,"2019-10-24",81
2020-01-13,"Early",191,"2020","13","Potenzial",3,220,"Split",480.0125,78.71,231.86628,"2019-10-24",81
2020-01-13,"Early",71,"2020","13","Patras",2,176,"Split",480.0125,78.71,231.86628,"2019-10-24",81
2020-01-13,"Early",121,"2020","13","Patras",2,220,"Split",480.0125,78.71,231.86628,"2019-10-24",81
2020-01-13,"Early",157,"2020","13","Patras",3,176,"Split",480.0125,78.71,231.86628,"2019-10-24",81
2020-01-13,"Early",22,"2020","13","Alves",1,220,"Split",480.0125,78.71,231.86628,"2019-10-24",81
2020-01-13,"Early",138,"2020","13","Capone",3,176,"Combined",480.0125,78.71,231.86628,"2019-10-24",81
2020-01-13,"Early",175,"2020","13","Apertus",3,220,"Split",480.0125,78.71,231.86628,"2019-10-24",81
2020-01-13,"Early",149,"2020","13","Capone",3,176,"Split",480.0125,78.71,231.86628,"2019-10-24",81
2020-01-13,"Early",23,"2020","13","Pionier",1,220,"Combined",480.0125,78.71,231.86628,"2019-10-24",81
2020-01-13,"Early",14,"2020","13","Patras",1,220,"Split",480.0125,78.71,231.86628,"2019-10-24",81
2020-01-13,"Early",87,"2020","13","Pionier",2,176,"Split",480.0125,78.71,231.86628,"2019-10-24",81
2020-01-13,"Early",15,"2020","13","Capone",1,220,"Combined",480.0125,78.71,231.86628,"2019-10-24",81
2020-01-13,"Early",79,"2020","13","Alves",2,176,"Split",480.0125,78.71,231.86628,"2019-10-24",81
2020-01-13,"Early",75,"2020","13","Patras",2,176,"Combined",480.0125,78.71,231.86628,"2019-10-24",81
2020-01-13,"Early",58,"2020","13","Capone",1,176,"Combined",480.0125,78.71,231.86628,"2019-10-24",81
2020-01-13,"Early",27,"2020","13","Apertus",1,220,"Split",480.0125,78.71,231.86628,"2019-10-24",81
2020-01-13,"Early",45,"2020","13","Potenzial",1,176,"Split",480.0125,78.71,231.86628,"2019-10-24",81
2020-01-13,"Early",104,"2020","13","Alves",2,220,"Split",480.0125,78.71,231.86628,"2019-10-24",81
2020-01-13,"Early",61,"2020","13","Pionier",1,176,"Split",480.0125,78.71,231.86628,"2019-10-24",81
2020-01-13,"Early",18,"2020","13","Torrild",1,220,"Combined",480.0125,78.71,231.86628,"2019-10-24",81
2020-01-13,"Early",37,"2020","13","Alves",1,176,"Split",480.0125,78.71,231.86628,"2019-10-24",81
2020-01-13,"Early",44,"2020","13","Capone",1,176,"Split",480.0125,78.71,231.86628,"2019-10-24",81
2020-01-13,"Early",7,"2020","13","Potenzial",1,220,"Combined",480.0125,78.71,231.86628,"2019-10-24",81
2020-01-13,"Early",187,"2020","13","Potenzial",3,220,"Combined",480.0125,78.71,231.86628,"2019-10-24",81
2020-01-20,"Early",151,"2020","13","Pionier",3,176,"Combined",526.9625,79.95,255.195,"2019-10-24",88
2020-01-20,"Early",140,"2020","13","Alves",3,176,"Split",526.9625,79.95,255.195,"2019-10-24",88
2020-01-20,"Early",174,"2020","13","Torrild",3,220,"Combined",526.9625,79.95,255.195,"2019-10-24",88
2020-01-20,"Early",133,"2020","13","Torrild",3,176,"Split",526.9625,79.95,255.195,"2019-10-24",88
2020-01-20,"Early",154,"2020","13","Esket",3,176,"Combined",526.9625,79.95,255.195,"2019-10-24",88
2020-01-24,"Early",146,"2020","13","Apertus",3,176,"Combined",534.233333333333,79.98,265.57632,"2019-10-24",92
2020-01-24,"Early",159,"2020","13","Torrild",3,176,"Combined",534.233333333333,79.98,265.57632,"2019-10-24",92
2020-01-24,"Early",42,"2020","13","Pionier",1,176,"Combined",534.233333333333,79.98,265.57632,"2019-10-24",92
2020-01-24,"Early",130,"2020","13","Patras",3,176,"Combined",534.233333333333,79.98,265.57632,"2019-10-24",92
2020-01-24,"Early",170,"2020","13","Alves",3,220,"Split",534.233333333333,79.98,265.57632,"2019-10-24",92
2020-01-24,"Early",52,"2020","13","Apertus",1,176,"Split",534.233333333333,79.98,265.57632,"2019-10-24",92
2020-01-24,"Early",179,"2020","13","Apertus",3,220,"Combined",534.233333333333,79.98,265.57632,"2019-10-24",92
2020-01-24,"Early",78,"2020","13","Alves",2,176,"Combined",534.233333333333,79.98,265.57632,"2019-10-24",92
2020-01-24,"Early",50,"2020","13","Potenzial",1,176,"Combined",534.233333333333,79.98,265.57632,"2019-10-24",92
2020-01-24,"Early",162,"2020","13","Patras",3,220,"Split",534.233333333333,79.98,265.57632,"2019-10-24",92
2020-01-30,"Late",17,"2020","13","Apertus",1,220,"Combined",398.1375,64.02,175.93308,"2019-11-13",78
2020-02-05,"Late",16,"2020","13","Torrild",1,220,"Combined",444.254166666667,79.07,197.181,"2019-11-13",84
2020-02-05,"Late",40,"2020","13","Torrild",1,176,"Combined",444.254166666667,79.07,197.181,"2019-11-13",84
2020-02-05,"Late",13,"2020","13","Pionier",1,220,"Split",444.254166666667,79.07,197.181,"2019-11-13",84
2020-02-05,"Late",46,"2020","13","Pionier",1,176,"Split",444.254166666667,79.07,197.181,"2019-11-13",84
2020-02-05,"Late",173,"2020","13","Esket",3,220,"Combined",444.254166666667,79.07,197.181,"2019-11-13",84
2020-02-05,"Late",33,"2020","13","Pionier",1,176,"Combined",444.254166666667,79.07,197.181,"2019-11-13",84
2020-02-05,"Late",181,"2020","13","Capone",3,220,"Combined",444.254166666667,79.07,197.181,"2019-11-13",84
2020-02-05,"Late",85,"2020","13","Esket",2,176,"Combined",444.254166666667,79.07,197.181,"2019-11-13",84
2020-02-05,"Late",155,"2020","13","Patras",3,176,"Split",444.254166666667,79.07,197.181,"2019-11-13",84
2020-02-05,"Late",176,"2020","13","Patras",3,220,"Split",444.254166666667,79.07,197.181,"2019-11-13",84
2020-02-05,"Late",127,"2020","13","Apertus",2,220,"Split",444.254166666667,79.07,197.181,"2019-11-13",84
2020-02-05,"Late",98,"2020","13","Capone",2,220,"Split",444.254166666667,79.07,197.181,"2019-11-13",84
2020-02-05,"Late",88,"2020","13","Apertus",2,176,"Split",444.254166666667,79.07,197.181,"2019-11-13",84
2020-02-05,"Late",184,"2020","13","Esket",3,220,"Split",444.254166666667,79.07,197.181,"2019-11-13",84
2020-02-05,"Late",185,"2020","13","Apertus",3,220,"Split",444.254166666667,79.07,197.181,"2019-11-13",84
2020-02-05,"Late",25,"2020","13","Alves",1,220,"Combined",444.254166666667,79.07,197.181,"2019-11-13",84
2020-02-05,"Late",116,"2020","13","Apertus",2,220,"Combined",444.254166666667,79.07,197.181,"2019-11-13",84
2020-02-05,"Late",64,"2020","13","Capone",1,176,"Combined",444.254166666667,79.07,197.181,"2019-11-13",84
2020-02-05,"Late",24,"2020","13","Patras",1,220,"Combined",444.254166666667,79.07,197.181,"2019-11-13",84
2020-02-05,"Late",69,"2020","13","Torrild",2,176,"Combined",444.254166666667,79.07,197.181,"2019-11-13",84
2020-02-05,"Late",12,"2020","13","Esket",1,220,"Split",444.254166666667,79.07,197.181,"2019-11-13",84
2020-02-05,"Late",9,"2020","13","Pionier",1,220,"Combined",444.254166666667,79.07,197.181,"2019-11-13",84
2020-02-05,"Late",29,"2020","13","Capone",1,220,"Split",444.254166666667,79.07,197.181,"2019-11-13",84
2020-02-05,"Late",125,"2020","13","Esket",2,220,"Combined",444.254166666667,79.07,197.181,"2019-11-13",84
2020-02-05,"Late",114,"2020","13","Esket",2,220,"Split",444.254166666667,79.07,197.181,"2019-11-13",84
2020-02-05,"Late",8,"2020","13","Esket",1,220,"Combined",444.254166666667,79.07,197.181,"2019-11-13",84
2020-02-05,"Late",142,"2020","13","Capone",3,176,"Split",444.254166666667,79.07,197.181,"2019-11-13",84
2020-02-05,"Late",1,"2020","13","Capone",1,220,"Combined",444.254166666667,79.07,197.181,"2019-11-13",84
2020-02-05,"Late",129,"2020","13","Capone",3,176,"Combined",444.254166666667,79.07,197.181,"2019-11-13",84
2020-02-05,"Late",96,"2020","13","Capone",2,176,"Split",444.254166666667,79.07,197.181,"2019-11-13",84
2020-02-05,"Late",80,"2020","13","Esket",2,176,"Split",444.254166666667,79.07,197.181,"2019-11-13",84
2020-02-05,"Late",147,"2020","13","Potenzial",3,176,"Split",444.254166666667,79.07,197.181,"2019-11-13",84
2020-02-05,"Late",32,"2020","13","Potenzial",1,220,"Combined",444.254166666667,79.07,197.181,"2019-11-13",84
2020-02-05,"Late",189,"2020","13","Alves",3,220,"Combined",444.254166666667,79.07,197.181,"2019-11-13",84
2020-02-05,"Late",21,"2020","13","Patras",1,220,"Split",444.254166666667,79.07,197.181,"2019-11-13",84
2020-02-05,"Late",131,"2020","13","Alves",3,176,"Split",444.254166666667,79.07,197.181,"2019-11-13",84
2020-02-05,"Late",89,"2020","13","Potenzial",2,176,"Split",444.254166666667,79.07,197.181,"2019-11-13",84
2020-02-05,"Late",43,"2020","13","Esket",1,176,"Split",444.254166666667,79.07,197.181,"2019-11-13",84
2020-02-05,"Late",168,"2020","13","Pionier",3,220,"Split",444.254166666667,79.07,197.181,"2019-11-13",84
2020-02-05,"Late",134,"2020","13","Pionier",3,176,"Split",444.254166666667,79.07,197.181,"2019-11-13",84
2020-02-05,"Late",165,"2020","13","Patras",3,220,"Combined",444.254166666667,79.07,197.181,"2019-11-13",84
2020-02-05,"Late",150,"2020","13","Apertus",3,176,"Split",444.254166666667,79.07,197.181,"2019-11-13",84
2020-02-05,"Late",152,"2020","13","Esket",3,176,"Combined",444.254166666667,79.07,197.181,"2019-11-13",84
2020-02-05,"Late",59,"2020","13","Apertus",1,176,"Split",444.254166666667,79.07,197.181,"2019-11-13",84
2020-02-05,"Late",169,"2020","13","Alves",3,220,"Split",444.254166666667,79.07,197.181,"2019-11-13",84
2020-02-05,"Late",139,"2020","13","Torrild",3,176,"Split",444.254166666667,79.07,197.181,"2019-11-13",84
2020-02-05,"Late",57,"2020","13","Alves",1,176,"Combined",444.254166666667,79.07,197.181,"2019-11-13",84
2020-02-05,"Late",20,"2020","13","Apertus",1,220,"Split",444.254166666667,79.07,197.181,"2019-11-13",84
2020-02-05,"Late",65,"2020","13","Alves",2,176,"Split",444.254166666667,79.07,197.181,"2019-11-13",84
2020-02-05,"Late",5,"2020","13","Torrild",1,220,"Split",444.254166666667,79.07,197.181,"2019-11-13",84
2020-02-05,"Late",158,"2020","13","Esket",3,176,"Split",444.254166666667,79.07,197.181,"2019-11-13",84
2020-02-05,"Late",68,"2020","13","Apertus",2,176,"Combined",444.254166666667,79.07,197.181,"2019-11-13",84
2020-02-05,"Late",111,"2020","13","Pionier",2,220,"Split",444.254166666667,79.07,197.181,"2019-11-13",84
2020-02-05,"Late",62,"2020","13","Capone",1,176,"Split",444.254166666667,79.07,197.181,"2019-11-13",84
2020-02-05,"Late",84,"2020","13","Capone",2,176,"Combined",444.254166666667,79.07,197.181,"2019-11-13",84
2020-02-05,"Late",72,"2020","13","Pionier",2,176,"Split",444.254166666667,79.07,197.181,"2019-11-13",84
2020-02-05,"Late",153,"2020","13","Alves",3,176,"Combined",444.254166666667,79.07,197.181,"2019-11-13",84
2020-02-05,"Late",81,"2020","13","Patras",2,176,"Split",444.254166666667,79.07,197.181,"2019-11-13",84
2020-02-05,"Late",54,"2020","13","Potenzial",1,176,"Split",444.254166666667,79.07,197.181,"2019-11-13",84
2020-02-05,"Late",48,"2020","13","Esket",1,176,"Combined",444.254166666667,79.07,197.181,"2019-11-13",84
2020-02-05,"Late",51,"2020","13","Alves",1,176,"Split",444.254166666667,79.07,197.181,"2019-11-13",84
2020-02-05,"Late",38,"2020","13","Patras",1,176,"Split",444.254166666667,79.07,197.181,"2019-11-13",84
2020-02-05,"Late",108,"2020","13","Pionier",2,220,"Combined",444.254166666667,79.07,197.181,"2019-11-13",84
2020-02-05,"Late",192,"2020","13","Capone",3,220,"Split",444.254166666667,79.07,197.181,"2019-11-13",84
2020-02-05,"Late",177,"2020","13","Torrild",3,220,"Split",444.254166666667,79.07,197.181,"2019-11-13",84
2020-02-05,"Late",92,"2020","13","Alves",2,176,"Combined",444.254166666667,79.07,197.181,"2019-11-13",84
2020-02-05,"Late",103,"2020","13","Alves",2,220,"Split",444.254166666667,79.07,197.181,"2019-11-13",84
2020-02-05,"Late",109,"2020","13","Patras",2,220,"Combined",444.254166666667,79.07,197.181,"2019-11-13",84
2020-02-05,"Late",4,"2020","13","Alves",1,220,"Split",444.254166666667,79.07,197.181,"2019-11-13",84
2020-02-05,"Late",100,"2020","13","Capone",2,220,"Combined",444.254166666667,79.07,197.181,"2019-11-13",84
2020-02-05,"Late",76,"2020","13","Pionier",2,176,"Combined",444.254166666667,79.07,197.181,"2019-11-13",84
2020-02-11,"Late",164,"2020","13","Torrild",3,220,"Combined",478.608333333333,97.45,216.68184,"2019-11-13",90
2020-02-11,"Late",77,"2020","13","Potenzial",2,176,"Combined",478.608333333333,97.45,216.68184,"2019-11-13",90
2020-02-11,"Late",73,"2020","13","Torrild",2,176,"Split",478.608333333333,97.45,216.68184,"2019-11-13",90
2020-02-11,"Late",28,"2020","13","Potenzial",1,220,"Split",478.608333333333,97.45,216.68184,"2019-11-13",90
2020-02-18,"Early",128,"2020","23","Capone",2,220,"Split",689.120833333333,126.41,351.05796,"2019-10-24",117
2020-02-18,"Early",112,"2020","23","Apertus",2,220,"Split",689.120833333333,126.41,351.05796,"2019-10-24",117
2020-02-18,"Early",30,"2020","23","Capone",1,220,"Split",689.120833333333,126.41,351.05796,"2019-10-24",117
2020-02-18,"Early",6,"2020","23","Potenzial",1,220,"Split",689.120833333333,126.41,351.05796,"2019-10-24",117
2020-02-18,"Early",14,"2020","23","Patras",1,220,"Split",689.120833333333,126.41,351.05796,"2019-10-24",117
2020-02-18,"Early",19,"2020","23","Pionier",1,220,"Split",689.120833333333,126.41,351.05796,"2019-10-24",117
2020-02-18,"Early",22,"2020","23","Alves",1,220,"Split",689.120833333333,126.41,351.05796,"2019-10-24",117
2020-02-18,"Early",90,"2020","23","Capone",2,176,"Split",689.120833333333,126.41,351.05796,"2019-10-24",117
2020-02-18,"Early",121,"2020","23","Patras",2,220,"Split",689.120833333333,126.41,351.05796,"2019-10-24",117
2020-02-18,"Early",175,"2020","23","Apertus",3,220,"Split",689.120833333333,126.41,351.05796,"2019-10-24",117
2020-02-18,"Early",27,"2020","23","Apertus",1,220,"Split",689.120833333333,126.41,351.05796,"2019-10-24",117
2020-02-18,"Late",35,"2020","13","Torrild",1,176,"Split",527.3875,106.69,248.58036,"2019-11-13",97
2020-02-18,"Late",172,"2020","13","Apertus",3,220,"Combined",527.3875,106.69,248.58036,"2019-11-13",97
2020-02-18,"Late",161,"2020","13","Potenzial",3,220,"Split",527.3875,106.69,248.58036,"2019-11-13",97
2020-02-18,"Late",49,"2020","13","Patras",1,176,"Combined",527.3875,106.69,248.58036,"2019-11-13",97
2020-02-18,"Late",124,"2020","13","Torrild",2,220,"Combined",527.3875,106.69,248.58036,"2019-11-13",97
2020-02-18,"Late",93,"2020","13","Patras",2,176,"Combined",527.3875,106.69,248.58036,"2019-11-13",97
2020-02-18,"Late",56,"2020","13","Potenzial",1,176,"Combined",527.3875,106.69,248.58036,"2019-11-13",97
2020-02-18,"Late",145,"2020","13","Patras",3,176,"Combined",527.3875,106.69,248.58036,"2019-11-13",97
2020-02-18,"Late",122,"2020","13","Patras",2,220,"Split",527.3875,106.69,248.58036,"2019-11-13",97
2020-02-18,"Late",136,"2020","13","Pionier",3,176,"Combined",527.3875,106.69,248.58036,"2019-11-13",97
2020-02-18,"Late",144,"2020","13","Torrild",3,176,"Combined",527.3875,106.69,248.58036,"2019-11-13",97
2020-02-18,"Late",119,"2020","13","Torrild",2,220,"Split",527.3875,106.69,248.58036,"2019-11-13",97
2020-02-18,"Late",117,"2020","13","Potenzial",2,220,"Combined",527.3875,106.69,248.58036,"2019-11-13",97
2020-02-18,"Late",137,"2020","13","Apertus",3,176,"Combined",527.3875,106.69,248.58036,"2019-11-13",97
2020-02-18,"Late",41,"2020","13","Apertus",1,176,"Combined",527.3875,106.69,248.58036,"2019-11-13",97
2020-02-18,"Late",180,"2020","13","Potenzial",3,220,"Combined",527.3875,106.69,248.58036,"2019-11-13",97
2020-02-18,"Late",160,"2020","13","Potenzial",3,176,"Combined",527.3875,106.69,248.58036,"2019-11-13",97
2020-02-18,"Late",106,"2020","13","Potenzial",2,220,"Split",527.3875,106.69,248.58036,"2019-11-13",97
2020-02-18,"Late",188,"2020","13","Pionier",3,220,"Combined",527.3875,106.69,248.58036,"2019-11-13",97
2020-02-18,"Late",101,"2020","13","Alves",2,220,"Combined",527.3875,106.69,248.58036,"2019-11-13",97
2020-02-25,"Early",133,"2020","23","Torrild",3,176,"Split",736.7,159.53,382.24512,"2019-10-24",124
2020-02-25,"Early",74,"2020","23","Esket",2,176,"Split",736.7,159.53,382.24512,"2019-10-24",124
2020-02-25,"Early",45,"2020","23","Potenzial",1,176,"Split",736.7,159.53,382.24512,"2019-10-24",124
2020-02-25,"Early",31,"2020","23","Apertus",1,220,"Combined",736.7,159.53,382.24512,"2019-10-24",124
2020-02-25,"Early",105,"2020","23","Pionier",2,220,"Split",736.7,159.53,382.24512,"2019-10-24",124
2020-02-25,"Early",191,"2020","23","Potenzial",3,220,"Split",736.7,159.53,382.24512,"2019-10-24",124
2020-02-25,"Early",126,"2020","23","Pionier",2,220,"Combined",736.7,159.53,382.24512,"2019-10-24",124
2020-02-25,"Early",167,"2020","23","Esket",3,220,"Split",736.7,159.53,382.24512,"2019-10-24",124
2020-02-25,"Early",174,"2020","23","Torrild",3,220,"Combined",736.7,159.53,382.24512,"2019-10-24",124
2020-02-25,"Early",135,"2020","23","Alves",3,176,"Combined",736.7,159.53,382.24512,"2019-10-24",124
2020-02-25,"Early",154,"2020","23","Esket",3,176,"Combined",736.7,159.53,382.24512,"2019-10-24",124
2020-02-25,"Early",141,"2020","23","Esket",3,176,"Split",736.7,159.53,382.24512,"2019-10-24",124
2020-02-25,"Early",182,"2020","23","Capone",3,220,"Combined",736.7,159.53,382.24512,"2019-10-24",124
2020-02-25,"Early",178,"2020","23","Pionier",3,220,"Split",736.7,159.53,382.24512,"2019-10-24",124
2020-02-25,"Early",39,"2020","23","Alves",1,176,"Combined",736.7,159.53,382.24512,"2019-10-24",124
2020-02-25,"Early",95,"2020","23","Apertus",2,176,"Split",736.7,159.53,382.24512,"2019-10-24",124
2020-02-25,"Early",42,"2020","23","Pionier",1,176,"Combined",736.7,159.53,382.24512,"2019-10-24",124
2020-02-25,"Early",52,"2020","23","Apertus",1,176,"Split",736.7,159.53,382.24512,"2019-10-24",124
2020-02-25,"Early",11,"2020","23","Torrild",1,220,"Split",736.7,159.53,382.24512,"2019-10-24",124
2020-02-25,"Early",115,"2020","23","Capone",2,220,"Combined",736.7,159.53,382.24512,"2019-10-24",124
2020-02-25,"Early",63,"2020","23","Torrild",1,176,"Combined",736.7,159.53,382.24512,"2019-10-24",124
2020-02-25,"Early",186,"2020","23","Torrild",3,220,"Split",736.7,159.53,382.24512,"2019-10-24",124
2020-02-25,"Early",156,"2020","23","Apertus",3,176,"Split",736.7,159.53,382.24512,"2019-10-24",124
2020-02-25,"Early",53,"2020","23","Torrild",1,176,"Split",736.7,159.53,382.24512,"2019-10-24",124
2020-02-25,"Early",10,"2020","23","Esket",1,220,"Combined",736.7,159.53,382.24512,"2019-10-24",124
2020-02-25,"Early",75,"2020","23","Patras",2,176,"Combined",736.7,159.53,382.24512,"2019-10-24",124
2020-02-25,"Early",3,"2020","23","Esket",1,220,"Split",736.7,159.53,382.24512,"2019-10-24",124
2020-02-25,"Early",36,"2020","23","Patras",1,176,"Split",736.7,159.53,382.24512,"2019-10-24",124
2020-02-25,"Early",113,"2020","23","Torrild",2,220,"Split",736.7,159.53,382.24512,"2019-10-24",124
2020-02-25,"Early",143,"2020","23","Potenzial",3,176,"Combined",736.7,159.53,382.24512,"2019-10-24",124
2020-02-25,"Early",91,"2020","23","Esket",2,176,"Combined",736.7,159.53,382.24512,"2019-10-24",124
2020-02-25,"Early",107,"2020","23","Esket",2,220,"Combined",736.7,159.53,382.24512,"2019-10-24",124
2020-02-25,"Early",110,"2020","23","Potenzial",2,220,"Combined",736.7,159.53,382.24512,"2019-10-24",124
2020-02-25,"Early",171,"2020","23","Pionier",3,220,"Combined",736.7,159.53,382.24512,"2019-10-24",124
2020-02-25,"Early",67,"2020","23","Torrild",2,176,"Combined",736.7,159.53,382.24512,"2019-10-24",124
2020-02-25,"Early",120,"2020","23","Esket",2,220,"Split",736.7,159.53,382.24512,"2019-10-24",124
2020-02-25,"Early",79,"2020","23","Alves",2,176,"Split",736.7,159.53,382.24512,"2019-10-24",124
2020-02-25,"Early",71,"2020","23","Patras",2,176,"Split",736.7,159.53,382.24512,"2019-10-24",124
2020-02-25,"Early",60,"2020","23","Esket",1,176,"Split",736.7,159.53,382.24512,"2019-10-24",124
2020-02-25,"Early",118,"2020","23","Torrild",2,220,"Combined",736.7,159.53,382.24512,"2019-10-24",124
2020-02-25,"Early",78,"2020","23","Alves",2,176,"Combined",736.7,159.53,382.24512,"2019-10-24",124
2020-02-25,"Early",140,"2020","23","Alves",3,176,"Split",736.7,159.53,382.24512,"2019-10-24",124
2020-02-25,"Early",70,"2020","23","Pionier",2,176,"Combined",736.7,159.53,382.24512,"2019-10-24",124
2020-02-25,"Early",83,"2020","23","Potenzial",2,176,"Combined",736.7,159.53,382.24512,"2019-10-24",124
2020-02-25,"Early",130,"2020","23","Patras",3,176,"Combined",736.7,159.53,382.24512,"2019-10-24",124
2020-02-25,"Early",162,"2020","23","Patras",3,220,"Split",736.7,159.53,382.24512,"2019-10-24",124
2020-02-25,"Early",99,"2020","23","Alves",2,220,"Combined",736.7,159.53,382.24512,"2019-10-24",124
2020-02-25,"Early",102,"2020","23","Apertus",2,220,"Combined",736.7,159.53,382.24512,"2019-10-24",124
2020-02-25,"Early",166,"2020","23","Alves",3,220,"Combined",736.7,159.53,382.24512,"2019-10-24",124
2020-02-25,"Early",26,"2020","23","Patras",1,220,"Combined",736.7,159.53,382.24512,"2019-10-24",124
2020-02-25,"Early",50,"2020","23","Potenzial",1,176,"Combined",736.7,159.53,382.24512,"2019-10-24",124
2020-02-25,"Early",132,"2020","23","Potenzial",3,176,"Split",736.7,159.53,382.24512,"2019-10-24",124
2020-02-25,"Early",179,"2020","23","Apertus",3,220,"Combined",736.7,159.53,382.24512,"2019-10-24",124
2020-02-25,"Early",47,"2020","23","Patras",1,176,"Combined",736.7,159.53,382.24512,"2019-10-24",124
2020-02-25,"Early",149,"2020","23","Capone",3,176,"Split",736.7,159.53,382.24512,"2019-10-24",124
2020-02-25,"Early",97,"2020","23","Potenzial",2,220,"Split",736.7,159.53,382.24512,"2019-10-24",124
2020-02-25,"Early",104,"2020","23","Alves",2,220,"Split",736.7,159.53,382.24512,"2019-10-24",124
2020-02-25,"Early",87,"2020","23","Pionier",2,176,"Split",736.7,159.53,382.24512,"2019-10-24",124
2020-02-25,"Early",163,"2020","23","Esket",3,220,"Combined",736.7,159.53,382.24512,"2019-10-24",124
2020-02-25,"Early",58,"2020","23","Capone",1,176,"Combined",736.7,159.53,382.24512,"2019-10-24",124
2020-02-25,"Early",94,"2020","23","Apertus",2,176,"Combined",736.7,159.53,382.24512,"2019-10-24",124
2020-02-25,"Early",15,"2020","23","Capone",1,220,"Combined",736.7,159.53,382.24512,"2019-10-24",124
2020-02-25,"Early",34,"2020","23","Apertus",1,176,"Combined",736.7,159.53,382.24512,"2019-10-24",124
2020-02-25,"Early",159,"2020","23","Torrild",3,176,"Combined",736.7,159.53,382.24512,"2019-10-24",124
2020-02-25,"Early",187,"2020","23","Potenzial",3,220,"Combined",736.7,159.53,382.24512,"2019-10-24",124
2020-02-25,"Early",138,"2020","23","Capone",3,176,"Combined",736.7,159.53,382.24512,"2019-10-24",124
2020-02-25,"Early",86,"2020","23","Capone",2,176,"Combined",736.7,159.53,382.24512,"2019-10-24",124
2020-02-25,"Early",18,"2020","23","Torrild",1,220,"Combined",736.7,159.53,382.24512,"2019-10-24",124
2020-02-25,"Early",157,"2020","23","Patras",3,176,"Split",736.7,159.53,382.24512,"2019-10-24",124
2020-02-25,"Early",183,"2020","23","Capone",3,220,"Split",736.7,159.53,382.24512,"2019-10-24",124
2020-02-25,"Early",44,"2020","23","Capone",1,176,"Split",736.7,159.53,382.24512,"2019-10-24",124
2020-02-25,"Early",151,"2020","23","Pionier",3,176,"Combined",736.7,159.53,382.24512,"2019-10-24",124
2020-02-25,"Early",148,"2020","23","Pionier",3,176,"Split",736.7,159.53,382.24512,"2019-10-24",124
2020-02-25,"Early",61,"2020","23","Pionier",1,176,"Split",736.7,159.53,382.24512,"2019-10-24",124
2020-02-25,"Early",146,"2020","23","Apertus",3,176,"Combined",736.7,159.53,382.24512,"2019-10-24",124
2020-02-25,"Early",23,"2020","23","Pionier",1,220,"Combined",736.7,159.53,382.24512,"2019-10-24",124
2020-02-25,"Early",170,"2020","23","Alves",3,220,"Split",736.7,159.53,382.24512,"2019-10-24",124
2020-02-25,"Early",190,"2020","23","Patras",3,220,"Combined",736.7,159.53,382.24512,"2019-10-24",124
2020-02-25,"Early",55,"2020","23","Esket",1,176,"Combined",736.7,159.53,382.24512,"2019-10-24",124
2020-02-25,"Early",66,"2020","23","Torrild",2,176,"Split",736.7,159.53,382.24512,"2019-10-24",124
2020-02-25,"Early",82,"2020","23","Potenzial",2,176,"Split",736.7,159.53,382.24512,"2019-10-24",124
2020-02-25,"Early",37,"2020","23","Alves",1,176,"Split",736.7,159.53,382.24512,"2019-10-24",124
2020-02-25,"Early",7,"2020","23","Potenzial",1,220,"Combined",736.7,159.53,382.24512,"2019-10-24",124
2020-02-25,"Late",62,"2020","23","Capone",1,176,"Split",574.966666666667,139.81,279.76752,"2019-11-13",104
2020-03-02,"Early",2,"2020","23","Alves",1,220,"Combined",769.041666666667,183.32,427.56984,"2019-10-24",130
2020-03-02,"Early",123,"2020","23","Patras",2,220,"Combined",769.041666666667,183.32,427.56984,"2019-10-24",130
2020-03-09,"Late",59,"2020","23","Apertus",1,176,"Split",647.033333333333,180.37,367.80552,"2019-11-13",117
2020-03-09,"Late",127,"2020","23","Apertus",2,220,"Split",647.033333333333,180.37,367.80552,"2019-11-13",117
2020-03-16,"Late",56,"2020","23","Potenzial",1,176,"Combined",705.120833333333,190.78,440.66664,"2019-11-13",124
2020-03-16,"Late",46,"2020","23","Pionier",1,176,"Split",705.120833333333,190.78,440.66664,"2019-11-13",124
2020-03-16,"Late",109,"2020","23","Patras",2,220,"Combined",705.120833333333,190.78,440.66664,"2019-11-13",124
2020-03-16,"Late",134,"2020","23","Pionier",3,176,"Split",705.120833333333,190.78,440.66664,"2019-11-13",124
2020-03-16,"Late",54,"2020","23","Potenzial",1,176,"Split",705.120833333333,190.78,440.66664,"2019-11-13",124
2020-03-16,"Late",5,"2020","23","Torrild",1,220,"Split",705.120833333333,190.78,440.66664,"2019-11-13",124
2020-03-16,"Late",124,"2020","23","Torrild",2,220,"Combined",705.120833333333,190.78,440.66664,"2019-11-13",124
2020-03-16,"Late",125,"2020","23","Esket",2,220,"Combined",705.120833333333,190.78,440.66664,"2019-11-13",124
2020-03-16,"Late",48,"2020","23","Esket",1,176,"Combined",705.120833333333,190.78,440.66664,"2019-11-13",124
2020-03-16,"Late",184,"2020","23","Esket",3,220,"Split",705.120833333333,190.78,440.66664,"2019-11-13",124
2020-03-16,"Late",9,"2020","23","Pionier",1,220,"Combined",705.120833333333,190.78,440.66664,"2019-11-13",124
2020-03-16,"Late",119,"2020","23","Torrild",2,220,"Split",705.120833333333,190.78,440.66664,"2019-11-13",124
2020-03-16,"Late",103,"2020","23","Alves",2,220,"Split",705.120833333333,190.78,440.66664,"2019-11-13",124
2020-03-16,"Late",169,"2020","23","Alves",3,220,"Split",705.120833333333,190.78,440.66664,"2019-11-13",124
2020-03-16,"Late",117,"2020","23","Potenzial",2,220,"Combined",705.120833333333,190.78,440.66664,"2019-11-13",124
2020-03-16,"Late",13,"2020","23","Pionier",1,220,"Split",705.120833333333,190.78,440.66664,"2019-11-13",124
2020-03-16,"Late",72,"2020","23","Pionier",2,176,"Split",705.120833333333,190.78,440.66664,"2019-11-13",124
2020-03-16,"Late",173,"2020","23","Esket",3,220,"Combined",705.120833333333,190.78,440.66664,"2019-11-13",124
2020-03-16,"Late",41,"2020","23","Apertus",1,176,"Combined",705.120833333333,190.78,440.66664,"2019-11-13",124
2020-03-16,"Late",40,"2020","23","Torrild",1,176,"Combined",705.120833333333,190.78,440.66664,"2019-11-13",124
2020-03-16,"Late",150,"2020","23","Apertus",3,176,"Split",705.120833333333,190.78,440.66664,"2019-11-13",124
2020-03-16,"Late",76,"2020","23","Pionier",2,176,"Combined",705.120833333333,190.78,440.66664,"2019-11-13",124
2020-03-16,"Late",33,"2020","23","Pionier",1,176,"Combined",705.120833333333,190.78,440.66664,"2019-11-13",124
2020-03-16,"Late",25,"2020","23","Alves",1,220,"Combined",705.120833333333,190.78,440.66664,"2019-11-13",124
2020-03-16,"Late",64,"2020","23","Capone",1,176,"Combined",705.120833333333,190.78,440.66664,"2019-11-13",124
2020-03-16,"Late",152,"2020","23","Esket",3,176,"Combined",705.120833333333,190.78,440.66664,"2019-11-13",124
2020-03-16,"Late",158,"2020","23","Esket",3,176,"Split",705.120833333333,190.78,440.66664,"2019-11-13",124
2020-03-16,"Late",122,"2020","23","Patras",2,220,"Split",705.120833333333,190.78,440.66664,"2019-11-13",124
2020-03-16,"Late",38,"2020","23","Patras",1,176,"Split",705.120833333333,190.78,440.66664,"2019-11-13",124
2020-03-16,"Late",155,"2020","23","Patras",3,176,"Split",705.120833333333,190.78,440.66664,"2019-11-13",124
2020-03-16,"Late",85,"2020","23","Esket",2,176,"Combined",705.120833333333,190.78,440.66664,"2019-11-13",124
2020-03-16,"Late",108,"2020","23","Pionier",2,220,"Combined",705.120833333333,190.78,440.66664,"2019-11-13",124
2020-03-16,"Late",28,"2020","23","Potenzial",1,220,"Split",705.120833333333,190.78,440.66664,"2019-11-13",124
2020-03-16,"Late",80,"2020","23","Esket",2,176,"Split",705.120833333333,190.78,440.66664,"2019-11-13",124
2020-03-16,"Late",88,"2020","23","Apertus",2,176,"Split",705.120833333333,190.78,440.66664,"2019-11-13",124
2020-03-16,"Late",16,"2020","23","Torrild",1,220,"Combined",705.120833333333,190.78,440.66664,"2019-11-13",124
2020-03-16,"Late",51,"2020","23","Alves",1,176,"Split",705.120833333333,190.78,440.66664,"2019-11-13",124
2020-03-16,"Late",73,"2020","23","Torrild",2,176,"Split",705.120833333333,190.78,440.66664,"2019-11-13",124
2020-03-16,"Late",68,"2020","23","Apertus",2,176,"Combined",705.120833333333,190.78,440.66664,"2019-11-13",124
2020-03-16,"Late",65,"2020","23","Alves",2,176,"Split",705.120833333333,190.78,440.66664,"2019-11-13",124
2020-03-16,"Late",96,"2020","23","Capone",2,176,"Split",705.120833333333,190.78,440.66664,"2019-11-13",124
2020-03-16,"Late",4,"2020","23","Alves",1,220,"Split",705.120833333333,190.78,440.66664,"2019-11-13",124
2020-03-16,"Late",35,"2020","23","Torrild",1,176,"Split",705.120833333333,190.78,440.66664,"2019-11-13",124
2020-03-16,"Late",81,"2020","23","Patras",2,176,"Split",705.120833333333,190.78,440.66664,"2019-11-13",124
2020-03-16,"Late",12,"2020","23","Esket",1,220,"Split",705.120833333333,190.78,440.66664,"2019-11-13",124
2020-03-16,"Late",69,"2020","23","Torrild",2,176,"Combined",705.120833333333,190.78,440.66664,"2019-11-13",124
2020-03-16,"Late",116,"2020","23","Apertus",2,220,"Combined",705.120833333333,190.78,440.66664,"2019-11-13",124
2020-03-16,"Late",49,"2020","23","Patras",1,176,"Combined",705.120833333333,190.78,440.66664,"2019-11-13",124
2020-03-16,"Late",101,"2020","23","Alves",2,220,"Combined",705.120833333333,190.78,440.66664,"2019-11-13",124
2020-03-16,"Late",21,"2020","23","Patras",1,220,"Split",705.120833333333,190.78,440.66664,"2019-11-13",124
2020-03-16,"Late",57,"2020","23","Alves",1,176,"Combined",705.120833333333,190.78,440.66664,"2019-11-13",124
2020-03-16,"Late",89,"2020","23","Potenzial",2,176,"Split",705.120833333333,190.78,440.66664,"2019-11-13",124
2020-03-16,"Late",147,"2020","23","Potenzial",3,176,"Split",705.120833333333,190.78,440.66664,"2019-11-13",124
2020-03-16,"Late",139,"2020","23","Torrild",3,176,"Split",705.120833333333,190.78,440.66664,"2019-11-13",124
2020-03-16,"Late",43,"2020","23","Esket",1,176,"Split",705.120833333333,190.78,440.66664,"2019-11-13",124
2020-03-16,"Late",20,"2020","23","Apertus",1,220,"Split",705.120833333333,190.78,440.66664,"2019-11-13",124
2020-03-26,"Late",106,"2020","23","Potenzial",2,220,"Split",761.270833333333,194.72,581.58972,"2019-11-13",134
2020-03-26,"Late",137,"2020","23","Apertus",3,176,"Combined",761.270833333333,194.72,581.58972,"2019-11-13",134
2020-03-26,"Late",168,"2020","23","Pionier",3,220,"Split",761.270833333333,194.72,581.58972,"2019-11-13",134
2020-03-26,"Late",160,"2020","23","Potenzial",3,176,"Combined",761.270833333333,194.72,581.58972,"2019-11-13",134
2020-03-26,"Late",129,"2020","23","Capone",3,176,"Combined",761.270833333333,194.72,581.58972,"2019-11-13",134
2020-03-26,"Late",114,"2020","23","Esket",2,220,"Split",761.270833333333,194.72,581.58972,"2019-11-13",134
2020-03-26,"Late",181,"2020","23","Capone",3,220,"Combined",761.270833333333,194.72,581.58972,"2019-11-13",134
2020-03-26,"Late",8,"2020","23","Esket",1,220,"Combined",761.270833333333,194.72,581.58972,"2019-11-13",134
2020-03-26,"Late",180,"2020","23","Potenzial",3,220,"Combined",761.270833333333,194.72,581.58972,"2019-11-13",134
2020-03-26,"Late",172,"2020","23","Apertus",3,220,"Combined",761.270833333333,194.72,581.58972,"2019-11-13",134
2020-03-26,"Late",17,"2020","23","Apertus",1,220,"Combined",761.270833333333,194.72,581.58972,"2019-11-13",134
2020-03-26,"Late",176,"2020","23","Patras",3,220,"Split",761.270833333333,194.72,581.58972,"2019-11-13",134
2020-03-26,"Late",93,"2020","23","Patras",2,176,"Combined",761.270833333333,194.72,581.58972,"2019-11-13",134
2020-03-26,"Late",144,"2020","23","Torrild",3,176,"Combined",761.270833333333,194.72,581.58972,"2019-11-13",134
2020-03-26,"Late",84,"2020","23","Capone",2,176,"Combined",761.270833333333,194.72,581.58972,"2019-11-13",134
2020-03-26,"Late",161,"2020","23","Potenzial",3,220,"Split",761.270833333333,194.72,581.58972,"2019-11-13",134
2020-03-26,"Late",189,"2020","23","Alves",3,220,"Combined",761.270833333333,194.72,581.58972,"2019-11-13",134
2020-03-26,"Late",24,"2020","23","Patras",1,220,"Combined",761.270833333333,194.72,581.58972,"2019-11-13",134
2020-03-26,"Late",185,"2020","23","Apertus",3,220,"Split",761.270833333333,194.72,581.58972,"2019-11-13",134
2020-03-26,"Late",1,"2020","23","Capone",1,220,"Combined",761.270833333333,194.72,581.58972,"2019-11-13",134
2020-03-26,"Late",136,"2020","23","Pionier",3,176,"Combined",761.270833333333,194.72,581.58972,"2019-11-13",134
2020-03-26,"Late",165,"2020","23","Patras",3,220,"Combined",761.270833333333,194.72,581.58972,"2019-11-13",134
2020-03-26,"Late",111,"2020","23","Pionier",2,220,"Split",761.270833333333,194.72,581.58972,"2019-11-13",134
2020-03-26,"Late",188,"2020","23","Pionier",3,220,"Combined",761.270833333333,194.72,581.58972,"2019-11-13",134
2020-03-26,"Late",164,"2020","23","Torrild",3,220,"Combined",761.270833333333,194.72,581.58972,"2019-11-13",134
2020-03-26,"Late",100,"2020","23","Capone",2,220,"Combined",761.270833333333,194.72,581.58972,"2019-11-13",134
2020-03-26,"Late",153,"2020","23","Alves",3,176,"Combined",761.270833333333,194.72,581.58972,"2019-11-13",134
2020-03-26,"Late",32,"2020","23","Potenzial",1,220,"Combined",761.270833333333,194.72,581.58972,"2019-11-13",134
2020-03-26,"Late",145,"2020","23","Patras",3,176,"Combined",761.270833333333,194.72,581.58972,"2019-11-13",134
2020-03-26,"Late",29,"2020","23","Capone",1,220,"Split",761.270833333333,194.72,581.58972,"2019-11-13",134
2020-03-26,"Late",98,"2020","23","Capone",2,220,"Split",761.270833333333,194.72,581.58972,"2019-11-13",134
2020-03-26,"Late",92,"2020","23","Alves",2,176,"Combined",761.270833333333,194.72,581.58972,"2019-11-13",134
2020-03-26,"Late",142,"2020","23","Capone",3,176,"Split",761.270833333333,194.72,581.58972,"2019-11-13",134
2020-03-26,"Late",131,"2020","23","Alves",3,176,"Split",761.270833333333,194.72,581.58972,"2019-11-13",134
2020-03-26,"Late",177,"2020","23","Torrild",3,220,"Split",761.270833333333,194.72,581.58972,"2019-11-13",134
2020-03-26,"Late",192,"2020","23","Capone",3,220,"Split",761.270833333333,194.72,581.58972,"2019-11-13",134
2020-03-26,"Late",77,"2020","23","Potenzial",2,176,"Combined",761.270833333333,194.72,581.58972,"2019-11-13",134
2020-04-09,"Early",14,"2020","31","Patras",1,220,"Split",1034.94166666667,216.64,903.49992,"2019-10-24",168
2020-04-09,"Early",22,"2020","31","Alves",1,220,"Split",1034.94166666667,216.64,903.49992,"2019-10-24",168
2020-04-09,"Early",121,"2020","31","Patras",2,220,"Split",1034.94166666667,216.64,903.49992,"2019-10-24",168
2020-04-09,"Early",44,"2020","31","Capone",1,176,"Split",1034.94166666667,216.64,903.49992,"2019-10-24",168
2020-04-09,"Early",27,"2020","31","Apertus",1,220,"Split",1034.94166666667,216.64,903.49992,"2019-10-24",168
2020-04-09,"Early",6,"2020","31","Potenzial",1,220,"Split",1034.94166666667,216.64,903.49992,"2019-10-24",168
2020-04-09,"Early",3,"2020","31","Esket",1,220,"Split",1034.94166666667,216.64,903.49992,"2019-10-24",168
2020-04-09,"Early",18,"2020","31","Torrild",1,220,"Combined",1034.94166666667,216.64,903.49992,"2019-10-24",168
2020-04-14,"Early",167,"2020","31","Esket",3,220,"Split",1082.00416666667,216.92,1000.278,"2019-10-24",173
2020-04-14,"Early",52,"2020","31","Apertus",1,176,"Split",1082.00416666667,216.92,1000.278,"2019-10-24",173
2020-04-14,"Early",63,"2020","31","Torrild",1,176,"Combined",1082.00416666667,216.92,1000.278,"2019-10-24",173
2020-04-14,"Early",140,"2020","31","Alves",3,176,"Split",1082.00416666667,216.92,1000.278,"2019-10-24",173
2020-04-14,"Early",135,"2020","31","Alves",3,176,"Combined",1082.00416666667,216.92,1000.278,"2019-10-24",173
2020-04-14,"Early",105,"2020","31","Pionier",2,220,"Split",1082.00416666667,216.92,1000.278,"2019-10-24",173
2020-04-14,"Early",50,"2020","31","Potenzial",1,176,"Combined",1082.00416666667,216.92,1000.278,"2019-10-24",173
2020-04-14,"Early",36,"2020","31","Patras",1,176,"Split",1082.00416666667,216.92,1000.278,"2019-10-24",173
2020-04-14,"Early",95,"2020","31","Apertus",2,176,"Split",1082.00416666667,216.92,1000.278,"2019-10-24",173
2020-04-14,"Early",91,"2020","31","Esket",2,176,"Combined",1082.00416666667,216.92,1000.278,"2019-10-24",173
2020-04-14,"Early",83,"2020","31","Potenzial",2,176,"Combined",1082.00416666667,216.92,1000.278,"2019-10-24",173
2020-04-14,"Early",110,"2020","31","Potenzial",2,220,"Combined",1082.00416666667,216.92,1000.278,"2019-10-24",173
2020-04-14,"Early",182,"2020","31","Capone",3,220,"Combined",1082.00416666667,216.92,1000.278,"2019-10-24",173
2020-04-14,"Early",143,"2020","31","Potenzial",3,176,"Combined",1082.00416666667,216.92,1000.278,"2019-10-24",173
2020-04-14,"Early",74,"2020","31","Esket",2,176,"Split",1082.00416666667,216.92,1000.278,"2019-10-24",173
2020-04-14,"Early",67,"2020","31","Torrild",2,176,"Combined",1082.00416666667,216.92,1000.278,"2019-10-24",173
2020-04-14,"Early",174,"2020","31","Torrild",3,220,"Combined",1082.00416666667,216.92,1000.278,"2019-10-24",173
2020-04-14,"Early",19,"2020","31","Pionier",1,220,"Split",1082.00416666667,216.92,1000.278,"2019-10-24",173
2020-04-14,"Early",179,"2020","31","Apertus",3,220,"Combined",1082.00416666667,216.92,1000.278,"2019-10-24",173
2020-04-14,"Early",78,"2020","31","Alves",2,176,"Combined",1082.00416666667,216.92,1000.278,"2019-10-24",173
2020-04-14,"Early",186,"2020","31","Torrild",3,220,"Split",1082.00416666667,216.92,1000.278,"2019-10-24",173
2020-04-14,"Early",104,"2020","31","Alves",2,220,"Split",1082.00416666667,216.92,1000.278,"2019-10-24",173
2020-04-14,"Early",7,"2020","31","Potenzial",1,220,"Combined",1082.00416666667,216.92,1000.278,"2019-10-24",173
2020-04-14,"Early",70,"2020","31","Pionier",2,176,"Combined",1082.00416666667,216.92,1000.278,"2019-10-24",173
2020-04-14,"Early",60,"2020","31","Esket",1,176,"Split",1082.00416666667,216.92,1000.278,"2019-10-24",173
2020-04-14,"Early",97,"2020","31","Potenzial",2,220,"Split",1082.00416666667,216.92,1000.278,"2019-10-24",173
2020-04-14,"Early",75,"2020","31","Patras",2,176,"Combined",1082.00416666667,216.92,1000.278,"2019-10-24",173
2020-04-14,"Early",149,"2020","31","Capone",3,176,"Split",1082.00416666667,216.92,1000.278,"2019-10-24",173
2020-04-14,"Early",118,"2020","31","Torrild",2,220,"Combined",1082.00416666667,216.92,1000.278,"2019-10-24",173
2020-04-14,"Early",156,"2020","31","Apertus",3,176,"Split",1082.00416666667,216.92,1000.278,"2019-10-24",173
2020-04-14,"Early",11,"2020","31","Torrild",1,220,"Split",1082.00416666667,216.92,1000.278,"2019-10-24",173
2020-04-14,"Early",126,"2020","31","Pionier",2,220,"Combined",1082.00416666667,216.92,1000.278,"2019-10-24",173
2020-04-14,"Early",42,"2020","31","Pionier",1,176,"Combined",1082.00416666667,216.92,1000.278,"2019-10-24",173
2020-04-14,"Early",166,"2020","31","Alves",3,220,"Combined",1082.00416666667,216.92,1000.278,"2019-10-24",173
2020-04-14,"Early",15,"2020","31","Capone",1,220,"Combined",1082.00416666667,216.92,1000.278,"2019-10-24",173
2020-04-14,"Early",187,"2020","31","Potenzial",3,220,"Combined",1082.00416666667,216.92,1000.278,"2019-10-24",173
2020-04-14,"Early",141,"2020","31","Esket",3,176,"Split",1082.00416666667,216.92,1000.278,"2019-10-24",173
2020-04-14,"Early",175,"2020","31","Apertus",3,220,"Split",1082.00416666667,216.92,1000.278,"2019-10-24",173
2020-04-14,"Early",162,"2020","31","Patras",3,220,"Split",1082.00416666667,216.92,1000.278,"2019-10-24",173
2020-04-14,"Early",178,"2020","31","Pionier",3,220,"Split",1082.00416666667,216.92,1000.278,"2019-10-24",173
2020-04-14,"Early",87,"2020","31","Pionier",2,176,"Split",1082.00416666667,216.92,1000.278,"2019-10-24",173
2020-04-14,"Early",183,"2020","31","Capone",3,220,"Split",1082.00416666667,216.92,1000.278,"2019-10-24",173
2020-04-14,"Early",31,"2020","31","Apertus",1,220,"Combined",1082.00416666667,216.92,1000.278,"2019-10-24",173
2020-04-14,"Early",112,"2020","31","Apertus",2,220,"Split",1082.00416666667,216.92,1000.278,"2019-10-24",173
2020-04-14,"Early",148,"2020","31","Pionier",3,176,"Split",1082.00416666667,216.92,1000.278,"2019-10-24",173
2020-04-14,"Early",26,"2020","31","Patras",1,220,"Combined",1082.00416666667,216.92,1000.278,"2019-10-24",173
2020-04-14,"Early",190,"2020","31","Patras",3,220,"Combined",1082.00416666667,216.92,1000.278,"2019-10-24",173
2020-04-14,"Early",132,"2020","31","Potenzial",3,176,"Split",1082.00416666667,216.92,1000.278,"2019-10-24",173
2020-04-14,"Early",133,"2020","31","Torrild",3,176,"Split",1082.00416666667,216.92,1000.278,"2019-10-24",173
2020-04-14,"Early",58,"2020","31","Capone",1,176,"Combined",1082.00416666667,216.92,1000.278,"2019-10-24",173
2020-04-14,"Early",154,"2020","31","Esket",3,176,"Combined",1082.00416666667,216.92,1000.278,"2019-10-24",173
2020-04-14,"Early",102,"2020","31","Apertus",2,220,"Combined",1082.00416666667,216.92,1000.278,"2019-10-24",173
2020-04-14,"Early",79,"2020","31","Alves",2,176,"Split",1082.00416666667,216.92,1000.278,"2019-10-24",173
2020-04-14,"Early",107,"2020","31","Esket",2,220,"Combined",1082.00416666667,216.92,1000.278,"2019-10-24",173
2020-04-14,"Early",99,"2020","31","Alves",2,220,"Combined",1082.00416666667,216.92,1000.278,"2019-10-24",173
2020-04-14,"Early",39,"2020","31","Alves",1,176,"Combined",1082.00416666667,216.92,1000.278,"2019-10-24",173
2020-04-14,"Early",163,"2020","31","Esket",3,220,"Combined",1082.00416666667,216.92,1000.278,"2019-10-24",173
2020-04-14,"Early",94,"2020","31","Apertus",2,176,"Combined",1082.00416666667,216.92,1000.278,"2019-10-24",173
2020-04-14,"Early",123,"2020","31","Patras",2,220,"Combined",1082.00416666667,216.92,1000.278,"2019-10-24",173
2020-04-14,"Early",115,"2020","31","Capone",2,220,"Combined",1082.00416666667,216.92,1000.278,"2019-10-24",173
2020-04-14,"Early",138,"2020","31","Capone",3,176,"Combined",1082.00416666667,216.92,1000.278,"2019-10-24",173
2020-04-14,"Early",71,"2020","31","Patras",2,176,"Split",1082.00416666667,216.92,1000.278,"2019-10-24",173
2020-04-14,"Early",2,"2020","31","Alves",1,220,"Combined",1082.00416666667,216.92,1000.278,"2019-10-24",173
2020-04-14,"Early",157,"2020","31","Patras",3,176,"Split",1082.00416666667,216.92,1000.278,"2019-10-24",173
2020-04-14,"Early",151,"2020","31","Pionier",3,176,"Combined",1082.00416666667,216.92,1000.278,"2019-10-24",173
2020-04-14,"Early",90,"2020","31","Capone",2,176,"Split",1082.00416666667,216.92,1000.278,"2019-10-24",173
2020-04-14,"Early",130,"2020","31","Patras",3,176,"Combined",1082.00416666667,216.92,1000.278,"2019-10-24",173
2020-04-14,"Early",159,"2020","31","Torrild",3,176,"Combined",1082.00416666667,216.92,1000.278,"2019-10-24",173
2020-04-14,"Early",82,"2020","31","Potenzial",2,176,"Split",1082.00416666667,216.92,1000.278,"2019-10-24",173
2020-04-14,"Early",86,"2020","31","Capone",2,176,"Combined",1082.00416666667,216.92,1000.278,"2019-10-24",173
2020-04-14,"Early",61,"2020","31","Pionier",1,176,"Split",1082.00416666667,216.92,1000.278,"2019-10-24",173
2020-04-14,"Early",191,"2020","31","Potenzial",3,220,"Split",1082.00416666667,216.92,1000.278,"2019-10-24",173
2020-04-14,"Early",34,"2020","31","Apertus",1,176,"Combined",1082.00416666667,216.92,1000.278,"2019-10-24",173
2020-04-14,"Early",170,"2020","31","Alves",3,220,"Split",1082.00416666667,216.92,1000.278,"2019-10-24",173
2020-04-14,"Early",66,"2020","31","Torrild",2,176,"Split",1082.00416666667,216.92,1000.278,"2019-10-24",173
2020-04-14,"Early",55,"2020","31","Esket",1,176,"Combined",1082.00416666667,216.92,1000.278,"2019-10-24",173
2020-04-14,"Early",10,"2020","31","Esket",1,220,"Combined",1082.00416666667,216.92,1000.278,"2019-10-24",173
2020-04-14,"Early",146,"2020","31","Apertus",3,176,"Combined",1082.00416666667,216.92,1000.278,"2019-10-24",173
2020-04-14,"Late",189,"2020","31","Alves",3,220,"Combined",920.270833333333,197.2,897.8004,"2019-11-13",153
2020-04-14,"Late",29,"2020","31","Capone",1,220,"Split",920.270833333333,197.2,897.8004,"2019-11-13",153
2020-04-14,"Late",12,"2020","31","Esket",1,220,"Split",920.270833333333,197.2,897.8004,"2019-11-13",153
2020-04-14,"Late",96,"2020","31","Capone",2,176,"Split",920.270833333333,197.2,897.8004,"2019-11-13",153
2020-04-14,"Late",98,"2020","31","Capone",2,220,"Split",920.270833333333,197.2,897.8004,"2019-11-13",153
2020-04-14,"Late",127,"2020","31","Apertus",2,220,"Split",920.270833333333,197.2,897.8004,"2019-11-13",153
2020-04-14,"Late",109,"2020","31","Patras",2,220,"Combined",920.270833333333,197.2,897.8004,"2019-11-13",153
2020-04-14,"Late",57,"2020","31","Alves",1,176,"Combined",920.270833333333,197.2,897.8004,"2019-11-13",153
2020-04-14,"Late",106,"2020","31","Potenzial",2,220,"Split",920.270833333333,197.2,897.8004,"2019-11-13",153
2020-04-14,"Late",184,"2020","31","Esket",3,220,"Split",920.270833333333,197.2,897.8004,"2019-11-13",153
2020-04-14,"Late",85,"2020","31","Esket",2,176,"Combined",920.270833333333,197.2,897.8004,"2019-11-13",153
2020-04-14,"Late",150,"2020","31","Apertus",3,176,"Split",920.270833333333,197.2,897.8004,"2019-11-13",153
2020-04-14,"Late",169,"2020","31","Alves",3,220,"Split",920.270833333333,197.2,897.8004,"2019-11-13",153
2020-04-14,"Late",92,"2020","31","Alves",2,176,"Combined",920.270833333333,197.2,897.8004,"2019-11-13",153
2020-04-14,"Late",89,"2020","31","Potenzial",2,176,"Split",920.270833333333,197.2,897.8004,"2019-11-13",153
2020-04-14,"Late",155,"2020","31","Patras",3,176,"Split",920.270833333333,197.2,897.8004,"2019-11-13",153
2020-04-14,"Late",40,"2020","31","Torrild",1,176,"Combined",920.270833333333,197.2,897.8004,"2019-11-13",153
2020-04-14,"Late",142,"2020","31","Capone",3,176,"Split",920.270833333333,197.2,897.8004,"2019-11-13",153
2020-04-14,"Late",65,"2020","31","Alves",2,176,"Split",920.270833333333,197.2,897.8004,"2019-11-13",153
2020-04-14,"Late",16,"2020","31","Torrild",1,220,"Combined",920.270833333333,197.2,897.8004,"2019-11-13",153
2020-04-14,"Late",192,"2020","31","Capone",3,220,"Split",920.270833333333,197.2,897.8004,"2019-11-13",153
2020-04-14,"Late",177,"2020","31","Torrild",3,220,"Split",920.270833333333,197.2,897.8004,"2019-11-13",153
2020-04-14,"Late",119,"2020","31","Torrild",2,220,"Split",920.270833333333,197.2,897.8004,"2019-11-13",153
2020-04-14,"Late",103,"2020","31","Alves",2,220,"Split",920.270833333333,197.2,897.8004,"2019-11-13",153
2020-04-14,"Late",81,"2020","31","Patras",2,176,"Split",920.270833333333,197.2,897.8004,"2019-11-13",153
2020-04-14,"Late",129,"2020","31","Capone",3,176,"Combined",920.270833333333,197.2,897.8004,"2019-11-13",153
2020-04-14,"Late",147,"2020","31","Potenzial",3,176,"Split",920.270833333333,197.2,897.8004,"2019-11-13",153
2020-04-14,"Late",51,"2020","31","Alves",1,176,"Split",920.270833333333,197.2,897.8004,"2019-11-13",153
2020-04-14,"Late",168,"2020","31","Pionier",3,220,"Split",920.270833333333,197.2,897.8004,"2019-11-13",153
2020-04-14,"Late",35,"2020","31","Torrild",1,176,"Split",920.270833333333,197.2,897.8004,"2019-11-13",153
2020-04-14,"Late",49,"2020","31","Patras",1,176,"Combined",920.270833333333,197.2,897.8004,"2019-11-13",153
2020-04-14,"Late",28,"2020","31","Potenzial",1,220,"Split",920.270833333333,197.2,897.8004,"2019-11-13",153
2020-04-14,"Late",131,"2020","31","Alves",3,176,"Split",920.270833333333,197.2,897.8004,"2019-11-13",153
2020-04-14,"Late",56,"2020","31","Potenzial",1,176,"Combined",920.270833333333,197.2,897.8004,"2019-11-13",153
2020-04-14,"Late",152,"2020","31","Esket",3,176,"Combined",920.270833333333,197.2,897.8004,"2019-11-13",153
2020-04-14,"Late",158,"2020","31","Esket",3,176,"Split",920.270833333333,197.2,897.8004,"2019-11-13",153
2020-04-14,"Late",73,"2020","31","Torrild",2,176,"Split",920.270833333333,197.2,897.8004,"2019-11-13",153
2020-04-14,"Late",76,"2020","31","Pionier",2,176,"Combined",920.270833333333,197.2,897.8004,"2019-11-13",153
2020-04-14,"Late",69,"2020","31","Torrild",2,176,"Combined",920.270833333333,197.2,897.8004,"2019-11-13",153
2020-04-14,"Late",153,"2020","31","Alves",3,176,"Combined",920.270833333333,197.2,897.8004,"2019-11-13",153
2020-04-14,"Late",161,"2020","31","Potenzial",3,220,"Split",920.270833333333,197.2,897.8004,"2019-11-13",153
2020-04-14,"Late",88,"2020","31","Apertus",2,176,"Split",920.270833333333,197.2,897.8004,"2019-11-13",153
2020-04-14,"Late",48,"2020","31","Esket",1,176,"Combined",920.270833333333,197.2,897.8004,"2019-11-13",153
2020-04-14,"Late",122,"2020","31","Patras",2,220,"Split",920.270833333333,197.2,897.8004,"2019-11-13",153
2020-04-14,"Late",46,"2020","31","Pionier",1,176,"Split",920.270833333333,197.2,897.8004,"2019-11-13",153
2020-04-14,"Late",144,"2020","31","Torrild",3,176,"Combined",920.270833333333,197.2,897.8004,"2019-11-13",153
2020-04-14,"Late",139,"2020","31","Torrild",3,176,"Split",920.270833333333,197.2,897.8004,"2019-11-13",153
2020-04-14,"Late",25,"2020","31","Alves",1,220,"Combined",920.270833333333,197.2,897.8004,"2019-11-13",153
2020-04-14,"Late",176,"2020","31","Patras",3,220,"Split",920.270833333333,197.2,897.8004,"2019-11-13",153
2020-04-14,"Late",80,"2020","31","Esket",2,176,"Split",920.270833333333,197.2,897.8004,"2019-11-13",153
2020-04-20,"Early",23,"2020","31","Pionier",1,220,"Combined",1144.02083333333,216.99,1133.63172,"2019-10-24",179
2020-04-20,"Early",30,"2020","31","Capone",1,220,"Split",1144.02083333333,216.99,1133.63172,"2019-10-24",179
2020-04-20,"Early",47,"2020","31","Patras",1,176,"Combined",1144.02083333333,216.99,1133.63172,"2019-10-24",179
2020-04-20,"Early",171,"2020","31","Pionier",3,220,"Combined",1144.02083333333,216.99,1133.63172,"2019-10-24",179
2020-04-20,"Early",128,"2020","31","Capone",2,220,"Split",1144.02083333333,216.99,1133.63172,"2019-10-24",179
2020-04-20,"Early",113,"2020","31","Torrild",2,220,"Split",1144.02083333333,216.99,1133.63172,"2019-10-24",179
2020-04-20,"Early",45,"2020","31","Potenzial",1,176,"Split",1144.02083333333,216.99,1133.63172,"2019-10-24",179
2020-04-20,"Early",120,"2020","31","Esket",2,220,"Split",1144.02083333333,216.99,1133.63172,"2019-10-24",179
2020-04-20,"Early",37,"2020","31","Alves",1,176,"Split",1144.02083333333,216.99,1133.63172,"2019-10-24",179
2020-04-20,"Early",53,"2020","31","Torrild",1,176,"Split",1144.02083333333,216.99,1133.63172,"2019-10-24",179
2020-04-20,"Late",72,"2020","31","Pionier",2,176,"Split",982.2875,197.27,1031.15412,"2019-11-13",159
2020-04-20,"Late",21,"2020","31","Patras",1,220,"Split",982.2875,197.27,1031.15412,"2019-11-13",159
2020-04-20,"Late",59,"2020","31","Apertus",1,176,"Split",982.2875,197.27,1031.15412,"2019-11-13",159
2020-04-20,"Late",20,"2020","31","Apertus",1,220,"Split",982.2875,197.27,1031.15412,"2019-11-13",159
2020-04-20,"Late",111,"2020","31","Pionier",2,220,"Split",982.2875,197.27,1031.15412,"2019-11-13",159
2020-04-20,"Late",54,"2020","31","Potenzial",1,176,"Split",982.2875,197.27,1031.15412,"2019-11-13",159
2020-04-20,"Late",68,"2020","31","Apertus",2,176,"Combined",982.2875,197.27,1031.15412,"2019-11-13",159
2020-04-20,"Late",101,"2020","31","Alves",2,220,"Combined",982.2875,197.27,1031.15412,"2019-11-13",159
2020-04-20,"Late",5,"2020","31","Torrild",1,220,"Split",982.2875,197.27,1031.15412,"2019-11-13",159
2020-04-20,"Late",125,"2020","31","Esket",2,220,"Combined",982.2875,197.27,1031.15412,"2019-11-13",159
2020-04-20,"Late",114,"2020","31","Esket",2,220,"Split",982.2875,197.27,1031.15412,"2019-11-13",159
2020-04-20,"Late",43,"2020","31","Esket",1,176,"Split",982.2875,197.27,1031.15412,"2019-11-13",159
2020-04-20,"Late",185,"2020","31","Apertus",3,220,"Split",982.2875,197.27,1031.15412,"2019-11-13",159
2020-04-20,"Late",84,"2020","31","Capone",2,176,"Combined",982.2875,197.27,1031.15412,"2019-11-13",159
2020-04-20,"Late",173,"2020","31","Esket",3,220,"Combined",982.2875,197.27,1031.15412,"2019-11-13",159
2020-04-20,"Late",164,"2020","31","Torrild",3,220,"Combined",982.2875,197.27,1031.15412,"2019-11-13",159
2020-04-20,"Late",124,"2020","31","Torrild",2,220,"Combined",982.2875,197.27,1031.15412,"2019-11-13",159
2020-04-20,"Late",117,"2020","31","Potenzial",2,220,"Combined",982.2875,197.27,1031.15412,"2019-11-13",159
2020-04-20,"Late",100,"2020","31","Capone",2,220,"Combined",982.2875,197.27,1031.15412,"2019-11-13",159
2020-04-20,"Late",62,"2020","31","Capone",1,176,"Split",982.2875,197.27,1031.15412,"2019-11-13",159
2020-04-28,"Late",108,"2020","31","Pionier",2,220,"Combined",1079.2,199.78,1203.34644,"2019-11-13",167
2020-04-28,"Late",17,"2020","31","Apertus",1,220,"Combined",1079.2,199.78,1203.34644,"2019-11-13",167
2020-04-28,"Late",24,"2020","31","Patras",1,220,"Combined",1079.2,199.78,1203.34644,"2019-11-13",167
2020-04-28,"Late",8,"2020","31","Esket",1,220,"Combined",1079.2,199.78,1203.34644,"2019-11-13",167
2020-04-28,"Late",1,"2020","31","Capone",1,220,"Combined",1079.2,199.78,1203.34644,"2019-11-13",167
2020-04-28,"Late",4,"2020","31","Alves",1,220,"Split",1079.2,199.78,1203.34644,"2019-11-13",167
2020-04-28,"Late",32,"2020","31","Potenzial",1,220,"Combined",1079.2,199.78,1203.34644,"2019-11-13",167
2020-04-28,"Late",160,"2020","31","Potenzial",3,176,"Combined",1079.2,199.78,1203.34644,"2019-11-13",167
2020-04-28,"Late",41,"2020","31","Apertus",1,176,"Combined",1079.2,199.78,1203.34644,"2019-11-13",167
2020-04-28,"Late",137,"2020","31","Apertus",3,176,"Combined",1079.2,199.78,1203.34644,"2019-11-13",167
2020-04-28,"Late",33,"2020","31","Pionier",1,176,"Combined",1079.2,199.78,1203.34644,"2019-11-13",167
2020-04-28,"Late",180,"2020","31","Potenzial",3,220,"Combined",1079.2,199.78,1203.34644,"2019-11-13",167
2020-04-28,"Late",134,"2020","31","Pionier",3,176,"Split",1079.2,199.78,1203.34644,"2019-11-13",167
2020-04-28,"Late",172,"2020","31","Apertus",3,220,"Combined",1079.2,199.78,1203.34644,"2019-11-13",167
2020-04-28,"Late",38,"2020","31","Patras",1,176,"Split",1079.2,199.78,1203.34644,"2019-11-13",167
2020-04-28,"Late",9,"2020","31","Pionier",1,220,"Combined",1079.2,199.78,1203.34644,"2019-11-13",167
2020-04-28,"Late",13,"2020","31","Pionier",1,220,"Split",1079.2,199.78,1203.34644,"2019-11-13",167
2020-04-28,"Late",136,"2020","31","Pionier",3,176,"Combined",1079.2,199.78,1203.34644,"2019-11-13",167
2020-04-28,"Late",116,"2020","31","Apertus",2,220,"Combined",1079.2,199.78,1203.34644,"2019-11-13",167
2020-04-28,"Late",64,"2020","31","Capone",1,176,"Combined",1079.2,199.78,1203.34644,"2019-11-13",167
2020-04-30,"Late",145,"2020","31","Patras",3,176,"Combined",1104.51666666667,210.75,1231.86708,"2019-11-13",169
2020-05-06,"Late",181,"2020","31","Capone",3,220,"Combined",1163.50416666667,214.83,1337.15268,"2019-11-13",175
2020-05-06,"Late",165,"2020","31","Patras",3,220,"Combined",1163.50416666667,214.83,1337.15268,"2019-11-13",175
2020-05-06,"Late",93,"2020","31","Patras",2,176,"Combined",1163.50416666667,214.83,1337.15268,"2019-11-13",175
2020-05-06,"Late",188,"2020","31","Pionier",3,220,"Combined",1163.50416666667,214.83,1337.15268,"2019-11-13",175
2020-05-06,"Late",77,"2020","31","Potenzial",2,176,"Combined",1163.50416666667,214.83,1337.15268,"2019-11-13",175
2020-05-25,"Early",143,"2020","41","Potenzial",3,176,"Combined",1565.1625,244.89,1801.81728,"2019-10-24",214
2020-05-25,"Early",113,"2020","41","Torrild",2,220,"Split",1565.1625,244.89,1801.81728,"2019-10-24",214
2020-05-25,"Early",45,"2020","41","Potenzial",1,176,"Split",1565.1625,244.89,1801.81728,"2019-10-24",214
2020-05-25,"Early",53,"2020","41","Torrild",1,176,"Split",1565.1625,244.89,1801.81728,"2019-10-24",214
2020-05-25,"Early",105,"2020","41","Pionier",2,220,"Split",1565.1625,244.89,1801.81728,"2019-10-24",214
2020-05-25,"Early",95,"2020","41","Apertus",2,176,"Split",1565.1625,244.89,1801.81728,"2019-10-24",214
2020-05-25,"Early",104,"2020","41","Alves",2,220,"Split",1565.1625,244.89,1801.81728,"2019-10-24",214
2020-05-25,"Early",50,"2020","41","Potenzial",1,176,"Combined",1565.1625,244.89,1801.81728,"2019-10-24",214
2020-05-25,"Early",162,"2020","41","Patras",3,220,"Split",1565.1625,244.89,1801.81728,"2019-10-24",214
2020-05-25,"Early",79,"2020","41","Alves",2,176,"Split",1565.1625,244.89,1801.81728,"2019-10-24",214
2020-05-25,"Early",120,"2020","41","Esket",2,220,"Split",1565.1625,244.89,1801.81728,"2019-10-24",214
2020-05-25,"Early",149,"2020","41","Capone",3,176,"Split",1565.1625,244.89,1801.81728,"2019-10-24",214
2020-05-25,"Early",115,"2020","41","Capone",2,220,"Combined",1565.1625,244.89,1801.81728,"2019-10-24",214
2020-05-25,"Early",107,"2020","41","Esket",2,220,"Combined",1565.1625,244.89,1801.81728,"2019-10-24",214
2020-05-25,"Early",82,"2020","41","Potenzial",2,176,"Split",1565.1625,244.89,1801.81728,"2019-10-24",214
2020-05-25,"Early",182,"2020","41","Capone",3,220,"Combined",1565.1625,244.89,1801.81728,"2019-10-24",214
2020-05-25,"Early",175,"2020","41","Apertus",3,220,"Split",1565.1625,244.89,1801.81728,"2019-10-24",214
2020-05-25,"Early",154,"2020","41","Esket",3,176,"Combined",1565.1625,244.89,1801.81728,"2019-10-24",214
2020-05-25,"Early",190,"2020","41","Patras",3,220,"Combined",1565.1625,244.89,1801.81728,"2019-10-24",214
2020-05-25,"Early",2,"2020","41","Alves",1,220,"Combined",1565.1625,244.89,1801.81728,"2019-10-24",214
2020-05-25,"Early",18,"2020","41","Torrild",1,220,"Combined",1565.1625,244.89,1801.81728,"2019-10-24",214
2020-05-25,"Early",167,"2020","41","Esket",3,220,"Split",1565.1625,244.89,1801.81728,"2019-10-24",214
2020-05-25,"Early",91,"2020","41","Esket",2,176,"Combined",1565.1625,244.89,1801.81728,"2019-10-24",214
2020-05-25,"Early",133,"2020","41","Torrild",3,176,"Split",1565.1625,244.89,1801.81728,"2019-10-24",214
2020-05-25,"Early",132,"2020","41","Potenzial",3,176,"Split",1565.1625,244.89,1801.81728,"2019-10-24",214
2020-05-25,"Early",7,"2020","41","Potenzial",1,220,"Combined",1565.1625,244.89,1801.81728,"2019-10-24",214
2020-05-25,"Early",60,"2020","41","Esket",1,176,"Split",1565.1625,244.89,1801.81728,"2019-10-24",214
2020-05-25,"Early",52,"2020","41","Apertus",1,176,"Split",1565.1625,244.89,1801.81728,"2019-10-24",214
2020-05-25,"Early",14,"2020","41","Patras",1,220,"Split",1565.1625,244.89,1801.81728,"2019-10-24",214
2020-05-25,"Early",71,"2020","41","Patras",2,176,"Split",1565.1625,244.89,1801.81728,"2019-10-24",214
2020-05-25,"Early",141,"2020","41","Esket",3,176,"Split",1565.1625,244.89,1801.81728,"2019-10-24",214
2020-05-25,"Early",97,"2020","41","Potenzial",2,220,"Split",1565.1625,244.89,1801.81728,"2019-10-24",214
2020-05-25,"Early",78,"2020","41","Alves",2,176,"Combined",1565.1625,244.89,1801.81728,"2019-10-24",214
2020-05-25,"Early",11,"2020","41","Torrild",1,220,"Split",1565.1625,244.89,1801.81728,"2019-10-24",214
2020-05-25,"Early",6,"2020","41","Potenzial",1,220,"Split",1565.1625,244.89,1801.81728,"2019-10-24",214
2020-05-25,"Early",135,"2020","41","Alves",3,176,"Combined",1565.1625,244.89,1801.81728,"2019-10-24",214
2020-05-25,"Early",15,"2020","41","Capone",1,220,"Combined",1565.1625,244.89,1801.81728,"2019-10-24",214
2020-05-25,"Early",74,"2020","41","Esket",2,176,"Split",1565.1625,244.89,1801.81728,"2019-10-24",214
2020-05-25,"Early",138,"2020","41","Capone",3,176,"Combined",1565.1625,244.89,1801.81728,"2019-10-24",214
2020-05-25,"Early",36,"2020","41","Patras",1,176,"Split",1565.1625,244.89,1801.81728,"2019-10-24",214
2020-05-25,"Early",27,"2020","41","Apertus",1,220,"Split",1565.1625,244.89,1801.81728,"2019-10-24",214
2020-05-25,"Early",191,"2020","41","Potenzial",3,220,"Split",1565.1625,244.89,1801.81728,"2019-10-24",214
2020-05-25,"Early",128,"2020","41","Capone",2,220,"Split",1565.1625,244.89,1801.81728,"2019-10-24",214
2020-05-25,"Early",157,"2020","41","Patras",3,176,"Split",1565.1625,244.89,1801.81728,"2019-10-24",214
2020-05-25,"Early",67,"2020","41","Torrild",2,176,"Combined",1565.1625,244.89,1801.81728,"2019-10-24",214
2020-05-25,"Early",121,"2020","41","Patras",2,220,"Split",1565.1625,244.89,1801.81728,"2019-10-24",214
2020-05-25,"Early",110,"2020","41","Potenzial",2,220,"Combined",1565.1625,244.89,1801.81728,"2019-10-24",214
2020-05-25,"Early",39,"2020","41","Alves",1,176,"Combined",1565.1625,244.89,1801.81728,"2019-10-24",214
2020-05-25,"Early",37,"2020","41","Alves",1,176,"Split",1565.1625,244.89,1801.81728,"2019-10-24",214
2020-05-25,"Early",63,"2020","41","Torrild",1,176,"Combined",1565.1625,244.89,1801.81728,"2019-10-24",214
2020-05-25,"Early",66,"2020","41","Torrild",2,176,"Split",1565.1625,244.89,1801.81728,"2019-10-24",214
2020-05-25,"Early",58,"2020","41","Capone",1,176,"Combined",1565.1625,244.89,1801.81728,"2019-10-24",214
2020-05-25,"Early",86,"2020","41","Capone",2,176,"Combined",1565.1625,244.89,1801.81728,"2019-10-24",214
2020-05-25,"Early",187,"2020","41","Potenzial",3,220,"Combined",1565.1625,244.89,1801.81728,"2019-10-24",214
2020-05-25,"Early",83,"2020","41","Potenzial",2,176,"Combined",1565.1625,244.89,1801.81728,"2019-10-24",214
2020-05-25,"Early",61,"2020","41","Pionier",1,176,"Split",1565.1625,244.89,1801.81728,"2019-10-24",214
2020-05-25,"Early",90,"2020","41","Capone",2,176,"Split",1565.1625,244.89,1801.81728,"2019-10-24",214
2020-05-25,"Early",156,"2020","41","Apertus",3,176,"Split",1565.1625,244.89,1801.81728,"2019-10-24",214
2020-05-25,"Early",55,"2020","41","Esket",1,176,"Combined",1565.1625,244.89,1801.81728,"2019-10-24",214
2020-05-25,"Early",130,"2020","41","Patras",3,176,"Combined",1565.1625,244.89,1801.81728,"2019-10-24",214
2020-05-25,"Early",146,"2020","41","Apertus",3,176,"Combined",1565.1625,244.89,1801.81728,"2019-10-24",214
2020-05-25,"Early",163,"2020","41","Esket",3,220,"Combined",1565.1625,244.89,1801.81728,"2019-10-24",214
2020-05-25,"Early",118,"2020","41","Torrild",2,220,"Combined",1565.1625,244.89,1801.81728,"2019-10-24",214
2020-05-25,"Early",47,"2020","41","Patras",1,176,"Combined",1565.1625,244.89,1801.81728,"2019-10-24",214
2020-05-25,"Early",112,"2020","41","Apertus",2,220,"Split",1565.1625,244.89,1801.81728,"2019-10-24",214
2020-05-25,"Early",44,"2020","41","Capone",1,176,"Split",1565.1625,244.89,1801.81728,"2019-10-24",214
2020-05-25,"Early",159,"2020","41","Torrild",3,176,"Combined",1565.1625,244.89,1801.81728,"2019-10-24",214
2020-05-25,"Early",183,"2020","41","Capone",3,220,"Split",1565.1625,244.89,1801.81728,"2019-10-24",214
2020-05-25,"Early",31,"2020","41","Apertus",1,220,"Combined",1565.1625,244.89,1801.81728,"2019-10-24",214
2020-05-25,"Early",174,"2020","41","Torrild",3,220,"Combined",1565.1625,244.89,1801.81728,"2019-10-24",214
2020-05-25,"Early",140,"2020","41","Alves",3,176,"Split",1565.1625,244.89,1801.81728,"2019-10-24",214
2020-05-25,"Early",166,"2020","41","Alves",3,220,"Combined",1565.1625,244.89,1801.81728,"2019-10-24",214
2020-05-25,"Early",99,"2020","41","Alves",2,220,"Combined",1565.1625,244.89,1801.81728,"2019-10-24",214
2020-05-25,"Early",170,"2020","41","Alves",3,220,"Split",1565.1625,244.89,1801.81728,"2019-10-24",214
2020-05-25,"Early",123,"2020","41","Patras",2,220,"Combined",1565.1625,244.89,1801.81728,"2019-10-24",214
2020-05-25,"Early",19,"2020","41","Pionier",1,220,"Split",1565.1625,244.89,1801.81728,"2019-10-24",214
2020-05-25,"Early",75,"2020","41","Patras",2,176,"Combined",1565.1625,244.89,1801.81728,"2019-10-24",214
2020-05-25,"Early",22,"2020","41","Alves",1,220,"Split",1565.1625,244.89,1801.81728,"2019-10-24",214
2020-05-25,"Early",87,"2020","41","Pionier",2,176,"Split",1565.1625,244.89,1801.81728,"2019-10-24",214
2020-05-25,"Early",10,"2020","41","Esket",1,220,"Combined",1565.1625,244.89,1801.81728,"2019-10-24",214
2020-05-25,"Early",26,"2020","41","Patras",1,220,"Combined",1565.1625,244.89,1801.81728,"2019-10-24",214
2020-05-25,"Early",30,"2020","41","Capone",1,220,"Split",1565.1625,244.89,1801.81728,"2019-10-24",214
2020-05-25,"Early",3,"2020","41","Esket",1,220,"Split",1565.1625,244.89,1801.81728,"2019-10-24",214
2020-05-25,"Late",25,"2020","41","Alves",1,220,"Combined",1403.42916666667,225.17,1699.33968,"2019-11-13",194
2020-05-25,"Late",69,"2020","41","Torrild",2,176,"Combined",1403.42916666667,225.17,1699.33968,"2019-11-13",194
2020-05-25,"Late",139,"2020","41","Torrild",3,176,"Split",1403.42916666667,225.17,1699.33968,"2019-11-13",194
2020-05-25,"Late",169,"2020","41","Alves",3,220,"Split",1403.42916666667,225.17,1699.33968,"2019-11-13",194
2020-05-25,"Late",103,"2020","41","Alves",2,220,"Split",1403.42916666667,225.17,1699.33968,"2019-11-13",194
2020-05-25,"Late",1,"2020","41","Capone",1,220,"Combined",1403.42916666667,225.17,1699.33968,"2019-11-13",194
2020-05-25,"Late",144,"2020","41","Torrild",3,176,"Combined",1403.42916666667,225.17,1699.33968,"2019-11-13",194
2020-05-25,"Late",4,"2020","41","Alves",1,220,"Split",1403.42916666667,225.17,1699.33968,"2019-11-13",194
2020-05-25,"Late",8,"2020","41","Esket",1,220,"Combined",1403.42916666667,225.17,1699.33968,"2019-11-13",194
2020-05-25,"Late",92,"2020","41","Alves",2,176,"Combined",1403.42916666667,225.17,1699.33968,"2019-11-13",194
2020-05-25,"Late",51,"2020","41","Alves",1,176,"Split",1403.42916666667,225.17,1699.33968,"2019-11-13",194
2020-05-25,"Late",62,"2020","41","Capone",1,176,"Split",1403.42916666667,225.17,1699.33968,"2019-11-13",194
2020-05-25,"Late",35,"2020","41","Torrild",1,176,"Split",1403.42916666667,225.17,1699.33968,"2019-11-13",194
2020-05-25,"Late",57,"2020","41","Alves",1,176,"Combined",1403.42916666667,225.17,1699.33968,"2019-11-13",194
2020-05-25,"Late",73,"2020","41","Torrild",2,176,"Split",1403.42916666667,225.17,1699.33968,"2019-11-13",194
2020-05-25,"Late",131,"2020","41","Alves",3,176,"Split",1403.42916666667,225.17,1699.33968,"2019-11-13",194
2020-05-25,"Late",5,"2020","41","Torrild",1,220,"Split",1403.42916666667,225.17,1699.33968,"2019-11-13",194
2020-05-25,"Late",54,"2020","41","Potenzial",1,176,"Split",1403.42916666667,225.17,1699.33968,"2019-11-13",194
2020-05-25,"Late",153,"2020","41","Alves",3,176,"Combined",1403.42916666667,225.17,1699.33968,"2019-11-13",194
2020-05-28,"Early",162,"2020","51","Patras",3,220,"Split",1608.7,244.92,1878.18948,"2019-10-24",217
2020-05-28,"Early",86,"2020","51","Capone",2,176,"Combined",1608.7,244.92,1878.18948,"2019-10-24",217
2020-05-28,"Early",42,"2020","41","Pionier",1,176,"Combined",1608.7,244.92,1878.18948,"2019-10-24",217
2020-05-28,"Early",50,"2020","51","Potenzial",1,176,"Combined",1608.7,244.92,1878.18948,"2019-10-24",217
2020-05-28,"Early",75,"2020","51","Patras",2,176,"Combined",1608.7,244.92,1878.18948,"2019-10-24",217
2020-05-28,"Early",22,"2020","51","Alves",1,220,"Split",1608.7,244.92,1878.18948,"2019-10-24",217
2020-05-28,"Early",18,"2020","51","Torrild",1,220,"Combined",1608.7,244.92,1878.18948,"2019-10-24",217
2020-05-28,"Early",171,"2020","41","Pionier",3,220,"Combined",1608.7,244.92,1878.18948,"2019-10-24",217
2020-05-28,"Early",79,"2020","51","Alves",2,176,"Split",1608.7,244.92,1878.18948,"2019-10-24",217
2020-05-28,"Early",130,"2020","51","Patras",3,176,"Combined",1608.7,244.92,1878.18948,"2019-10-24",217
2020-05-28,"Early",67,"2020","51","Torrild",2,176,"Combined",1608.7,244.92,1878.18948,"2019-10-24",217
2020-05-28,"Early",151,"2020","41","Pionier",3,176,"Combined",1608.7,244.92,1878.18948,"2019-10-24",217
2020-05-28,"Early",53,"2020","51","Torrild",1,176,"Split",1608.7,244.92,1878.18948,"2019-10-24",217
2020-05-28,"Early",179,"2020","41","Apertus",3,220,"Combined",1608.7,244.92,1878.18948,"2019-10-24",217
2020-05-28,"Early",3,"2020","51","Esket",1,220,"Split",1608.7,244.92,1878.18948,"2019-10-24",217
2020-05-28,"Early",58,"2020","51","Capone",1,176,"Combined",1608.7,244.92,1878.18948,"2019-10-24",217
2020-05-28,"Early",30,"2020","51","Capone",1,220,"Split",1608.7,244.92,1878.18948,"2019-10-24",217
2020-05-28,"Early",170,"2020","51","Alves",3,220,"Split",1608.7,244.92,1878.18948,"2019-10-24",217
2020-05-28,"Early",186,"2020","41","Torrild",3,220,"Split",1608.7,244.92,1878.18948,"2019-10-24",217
2020-05-28,"Early",159,"2020","51","Torrild",3,176,"Combined",1608.7,244.92,1878.18948,"2019-10-24",217
2020-05-28,"Early",82,"2020","51","Potenzial",2,176,"Split",1608.7,244.92,1878.18948,"2019-10-24",217
2020-05-28,"Early",70,"2020","41","Pionier",2,176,"Combined",1608.7,244.92,1878.18948,"2019-10-24",217
2020-05-28,"Early",123,"2020","51","Patras",2,220,"Combined",1608.7,244.92,1878.18948,"2019-10-24",217
2020-05-28,"Early",34,"2020","41","Apertus",1,176,"Combined",1608.7,244.92,1878.18948,"2019-10-24",217
2020-05-28,"Early",78,"2020","51","Alves",2,176,"Combined",1608.7,244.92,1878.18948,"2019-10-24",217
2020-05-28,"Early",63,"2020","51","Torrild",1,176,"Combined",1608.7,244.92,1878.18948,"2019-10-24",217
2020-05-28,"Early",7,"2020","51","Potenzial",1,220,"Combined",1608.7,244.92,1878.18948,"2019-10-24",217
2020-05-28,"Early",14,"2020","51","Patras",1,220,"Split",1608.7,244.92,1878.18948,"2019-10-24",217
2020-05-28,"Early",11,"2020","51","Torrild",1,220,"Split",1608.7,244.92,1878.18948,"2019-10-24",217
2020-05-28,"Early",37,"2020","51","Alves",1,176,"Split",1608.7,244.92,1878.18948,"2019-10-24",217
2020-05-28,"Early",174,"2020","51","Torrild",3,220,"Combined",1608.7,244.92,1878.18948,"2019-10-24",217
2020-05-28,"Early",6,"2020","51","Potenzial",1,220,"Split",1608.7,244.92,1878.18948,"2019-10-24",217
2020-05-28,"Early",90,"2020","51","Capone",2,176,"Split",1608.7,244.92,1878.18948,"2019-10-24",217
2020-05-28,"Early",135,"2020","51","Alves",3,176,"Combined",1608.7,244.92,1878.18948,"2019-10-24",217
2020-05-28,"Early",26,"2020","51","Patras",1,220,"Combined",1608.7,244.92,1878.18948,"2019-10-24",217
2020-05-28,"Early",113,"2020","51","Torrild",2,220,"Split",1608.7,244.92,1878.18948,"2019-10-24",217
2020-05-28,"Early",36,"2020","51","Patras",1,176,"Split",1608.7,244.92,1878.18948,"2019-10-24",217
2020-05-28,"Early",133,"2020","51","Torrild",3,176,"Split",1608.7,244.92,1878.18948,"2019-10-24",217
2020-05-28,"Early",132,"2020","51","Potenzial",3,176,"Split",1608.7,244.92,1878.18948,"2019-10-24",217
2020-05-28,"Early",23,"2020","41","Pionier",1,220,"Combined",1608.7,244.92,1878.18948,"2019-10-24",217
2020-05-28,"Early",39,"2020","51","Alves",1,176,"Combined",1608.7,244.92,1878.18948,"2019-10-24",217
2020-05-28,"Early",71,"2020","51","Patras",2,176,"Split",1608.7,244.92,1878.18948,"2019-10-24",217
2020-05-28,"Early",118,"2020","51","Torrild",2,220,"Combined",1608.7,244.92,1878.18948,"2019-10-24",217
2020-05-28,"Early",47,"2020","51","Patras",1,176,"Combined",1608.7,244.92,1878.18948,"2019-10-24",217
2020-05-28,"Early",126,"2020","41","Pionier",2,220,"Combined",1608.7,244.92,1878.18948,"2019-10-24",217
2020-05-28,"Early",45,"2020","51","Potenzial",1,176,"Split",1608.7,244.92,1878.18948,"2019-10-24",217
2020-05-28,"Early",104,"2020","51","Alves",2,220,"Split",1608.7,244.92,1878.18948,"2019-10-24",217
2020-05-28,"Early",166,"2020","51","Alves",3,220,"Combined",1608.7,244.92,1878.18948,"2019-10-24",217
2020-05-28,"Early",83,"2020","51","Potenzial",2,176,"Combined",1608.7,244.92,1878.18948,"2019-10-24",217
2020-05-28,"Early",102,"2020","41","Apertus",2,220,"Combined",1608.7,244.92,1878.18948,"2019-10-24",217
2020-05-28,"Early",2,"2020","51","Alves",1,220,"Combined",1608.7,244.92,1878.18948,"2019-10-24",217
2020-05-28,"Early",148,"2020","41","Pionier",3,176,"Split",1608.7,244.92,1878.18948,"2019-10-24",217
2020-05-28,"Early",121,"2020","51","Patras",2,220,"Split",1608.7,244.92,1878.18948,"2019-10-24",217
2020-05-28,"Early",99,"2020","51","Alves",2,220,"Combined",1608.7,244.92,1878.18948,"2019-10-24",217
2020-05-28,"Early",143,"2020","51","Potenzial",3,176,"Combined",1608.7,244.92,1878.18948,"2019-10-24",217
2020-05-28,"Early",94,"2020","41","Apertus",2,176,"Combined",1608.7,244.92,1878.18948,"2019-10-24",217
2020-05-28,"Early",140,"2020","51","Alves",3,176,"Split",1608.7,244.92,1878.18948,"2019-10-24",217
2020-05-28,"Early",110,"2020","51","Potenzial",2,220,"Combined",1608.7,244.92,1878.18948,"2019-10-24",217
2020-05-28,"Early",178,"2020","41","Pionier",3,220,"Split",1608.7,244.92,1878.18948,"2019-10-24",217
2020-05-28,"Early",66,"2020","51","Torrild",2,176,"Split",1608.7,244.92,1878.18948,"2019-10-24",217
2020-05-28,"Early",191,"2020","51","Potenzial",3,220,"Split",1608.7,244.92,1878.18948,"2019-10-24",217
2020-05-28,"Early",97,"2020","51","Potenzial",2,220,"Split",1608.7,244.92,1878.18948,"2019-10-24",217
2020-05-28,"Late",152,"2020","41","Esket",3,176,"Combined",1446.96666666667,225.2,1775.71188,"2019-11-13",197
2020-05-28,"Late",109,"2020","41","Patras",2,220,"Combined",1446.96666666667,225.2,1775.71188,"2019-11-13",197
2020-05-28,"Late",81,"2020","41","Patras",2,176,"Split",1446.96666666667,225.2,1775.71188,"2019-11-13",197
2020-05-28,"Late",29,"2020","41","Capone",1,220,"Split",1446.96666666667,225.2,1775.71188,"2019-11-13",197
2020-05-28,"Late",17,"2020","41","Apertus",1,220,"Combined",1446.96666666667,225.2,1775.71188,"2019-11-13",197
2020-05-28,"Late",68,"2020","41","Apertus",2,176,"Combined",1446.96666666667,225.2,1775.71188,"2019-11-13",197
2020-05-28,"Late",189,"2020","41","Alves",3,220,"Combined",1446.96666666667,225.2,1775.71188,"2019-11-13",197
2020-05-28,"Late",48,"2020","41","Esket",1,176,"Combined",1446.96666666667,225.2,1775.71188,"2019-11-13",197
2020-05-28,"Late",32,"2020","41","Potenzial",1,220,"Combined",1446.96666666667,225.2,1775.71188,"2019-11-13",197
2020-05-28,"Late",137,"2020","41","Apertus",3,176,"Combined",1446.96666666667,225.2,1775.71188,"2019-11-13",197
2020-05-28,"Late",43,"2020","41","Esket",1,176,"Split",1446.96666666667,225.2,1775.71188,"2019-11-13",197
2020-05-28,"Late",80,"2020","41","Esket",2,176,"Split",1446.96666666667,225.2,1775.71188,"2019-11-13",197
2020-05-28,"Late",101,"2020","41","Alves",2,220,"Combined",1446.96666666667,225.2,1775.71188,"2019-11-13",197
2020-05-28,"Late",145,"2020","41","Patras",3,176,"Combined",1446.96666666667,225.2,1775.71188,"2019-11-13",197
2020-05-28,"Late",184,"2020","41","Esket",3,220,"Split",1446.96666666667,225.2,1775.71188,"2019-11-13",197
2020-05-28,"Late",93,"2020","41","Patras",2,176,"Combined",1446.96666666667,225.2,1775.71188,"2019-11-13",197
2020-05-28,"Late",84,"2020","41","Capone",2,176,"Combined",1446.96666666667,225.2,1775.71188,"2019-11-13",197
2020-05-28,"Late",124,"2020","41","Torrild",2,220,"Combined",1446.96666666667,225.2,1775.71188,"2019-11-13",197
2020-05-28,"Late",106,"2020","41","Potenzial",2,220,"Split",1446.96666666667,225.2,1775.71188,"2019-11-13",197
2020-05-28,"Late",13,"2020","41","Pionier",1,220,"Split",1446.96666666667,225.2,1775.71188,"2019-11-13",197
2020-05-28,"Late",9,"2020","41","Pionier",1,220,"Combined",1446.96666666667,225.2,1775.71188,"2019-11-13",197
2020-05-28,"Late",177,"2020","41","Torrild",3,220,"Split",1446.96666666667,225.2,1775.71188,"2019-11-13",197
2020-05-28,"Late",117,"2020","41","Potenzial",2,220,"Combined",1446.96666666667,225.2,1775.71188,"2019-11-13",197
2020-05-28,"Late",158,"2020","41","Esket",3,176,"Split",1446.96666666667,225.2,1775.71188,"2019-11-13",197
2020-05-28,"Late",96,"2020","41","Capone",2,176,"Split",1446.96666666667,225.2,1775.71188,"2019-11-13",197
2020-05-28,"Late",173,"2020","41","Esket",3,220,"Combined",1446.96666666667,225.2,1775.71188,"2019-11-13",197
2020-05-28,"Late",147,"2020","41","Potenzial",3,176,"Split",1446.96666666667,225.2,1775.71188,"2019-11-13",197
2020-05-28,"Late",100,"2020","41","Capone",2,220,"Combined",1446.96666666667,225.2,1775.71188,"2019-11-13",197
2020-05-28,"Late",65,"2020","41","Alves",2,176,"Split",1446.96666666667,225.2,1775.71188,"2019-11-13",197
2020-05-28,"Late",125,"2020","41","Esket",2,220,"Combined",1446.96666666667,225.2,1775.71188,"2019-11-13",197
2020-05-28,"Late",127,"2020","41","Apertus",2,220,"Split",1446.96666666667,225.2,1775.71188,"2019-11-13",197
2020-05-28,"Late",38,"2020","41","Patras",1,176,"Split",1446.96666666667,225.2,1775.71188,"2019-11-13",197
2020-05-28,"Late",88,"2020","41","Apertus",2,176,"Split",1446.96666666667,225.2,1775.71188,"2019-11-13",197
2020-05-28,"Late",21,"2020","41","Patras",1,220,"Split",1446.96666666667,225.2,1775.71188,"2019-11-13",197
2020-05-28,"Late",46,"2020","41","Pionier",1,176,"Split",1446.96666666667,225.2,1775.71188,"2019-11-13",197
2020-05-28,"Late",165,"2020","41","Patras",3,220,"Combined",1446.96666666667,225.2,1775.71188,"2019-11-13",197
2020-05-28,"Late",98,"2020","41","Capone",2,220,"Split",1446.96666666667,225.2,1775.71188,"2019-11-13",197
2020-05-28,"Late",49,"2020","41","Patras",1,176,"Combined",1446.96666666667,225.2,1775.71188,"2019-11-13",197
2020-05-28,"Late",64,"2020","41","Capone",1,176,"Combined",1446.96666666667,225.2,1775.71188,"2019-11-13",197
2020-05-28,"Late",161,"2020","41","Potenzial",3,220,"Split",1446.96666666667,225.2,1775.71188,"2019-11-13",197
2020-05-28,"Late",12,"2020","41","Esket",1,220,"Split",1446.96666666667,225.2,1775.71188,"2019-11-13",197
2020-05-28,"Late",129,"2020","41","Capone",3,176,"Combined",1446.96666666667,225.2,1775.71188,"2019-11-13",197
2020-05-28,"Late",176,"2020","41","Patras",3,220,"Split",1446.96666666667,225.2,1775.71188,"2019-11-13",197
2020-05-28,"Late",59,"2020","41","Apertus",1,176,"Split",1446.96666666667,225.2,1775.71188,"2019-11-13",197
2020-05-28,"Late",41,"2020","41","Apertus",1,176,"Combined",1446.96666666667,225.2,1775.71188,"2019-11-13",197
2020-05-28,"Late",85,"2020","41","Esket",2,176,"Combined",1446.96666666667,225.2,1775.71188,"2019-11-13",197
2020-05-28,"Late",168,"2020","41","Pionier",3,220,"Split",1446.96666666667,225.2,1775.71188,"2019-11-13",197
2020-05-28,"Late",192,"2020","41","Capone",3,220,"Split",1446.96666666667,225.2,1775.71188,"2019-11-13",197
2020-05-28,"Late",181,"2020","41","Capone",3,220,"Combined",1446.96666666667,225.2,1775.71188,"2019-11-13",197
2020-05-28,"Late",56,"2020","41","Potenzial",1,176,"Combined",1446.96666666667,225.2,1775.71188,"2019-11-13",197
2020-05-28,"Late",111,"2020","41","Pionier",2,220,"Split",1446.96666666667,225.2,1775.71188,"2019-11-13",197
2020-05-28,"Late",122,"2020","41","Patras",2,220,"Split",1446.96666666667,225.2,1775.71188,"2019-11-13",197
2020-05-28,"Late",20,"2020","41","Apertus",1,220,"Split",1446.96666666667,225.2,1775.71188,"2019-11-13",197
2020-05-28,"Late",172,"2020","41","Apertus",3,220,"Combined",1446.96666666667,225.2,1775.71188,"2019-11-13",197
2020-05-28,"Late",116,"2020","41","Apertus",2,220,"Combined",1446.96666666667,225.2,1775.71188,"2019-11-13",197
2020-05-28,"Late",40,"2020","41","Torrild",1,176,"Combined",1446.96666666667,225.2,1775.71188,"2019-11-13",197
2020-05-28,"Late",119,"2020","41","Torrild",2,220,"Split",1446.96666666667,225.2,1775.71188,"2019-11-13",197
2020-05-28,"Late",89,"2020","41","Potenzial",2,176,"Split",1446.96666666667,225.2,1775.71188,"2019-11-13",197
2020-05-28,"Late",185,"2020","41","Apertus",3,220,"Split",1446.96666666667,225.2,1775.71188,"2019-11-13",197
2020-05-28,"Late",150,"2020","41","Apertus",3,176,"Split",1446.96666666667,225.2,1775.71188,"2019-11-13",197
2020-05-28,"Late",164,"2020","41","Torrild",3,220,"Combined",1446.96666666667,225.2,1775.71188,"2019-11-13",197
2020-05-28,"Late",142,"2020","41","Capone",3,176,"Split",1446.96666666667,225.2,1775.71188,"2019-11-13",197
2020-05-28,"Late",24,"2020","41","Patras",1,220,"Combined",1446.96666666667,225.2,1775.71188,"2019-11-13",197
2020-05-28,"Late",155,"2020","41","Patras",3,176,"Split",1446.96666666667,225.2,1775.71188,"2019-11-13",197
2020-05-28,"Late",28,"2020","41","Potenzial",1,220,"Split",1446.96666666667,225.2,1775.71188,"2019-11-13",197
2020-05-28,"Late",16,"2020","41","Torrild",1,220,"Combined",1446.96666666667,225.2,1775.71188,"2019-11-13",197
2020-05-28,"Late",114,"2020","41","Esket",2,220,"Split",1446.96666666667,225.2,1775.71188,"2019-11-13",197
2020-05-29,"Early",95,"2020","51","Apertus",2,176,"Split",1623.075,244.92,1907.5626,"2019-10-24",218
2020-05-29,"Early",120,"2020","51","Esket",2,220,"Split",1623.075,244.92,1907.5626,"2019-10-24",218
2020-05-29,"Early",10,"2020","51","Esket",1,220,"Combined",1623.075,244.92,1907.5626,"2019-10-24",218
2020-05-29,"Early",175,"2020","51","Apertus",3,220,"Split",1623.075,244.92,1907.5626,"2019-10-24",218
2020-05-29,"Early",128,"2020","51","Capone",2,220,"Split",1623.075,244.92,1907.5626,"2019-10-24",218
2020-05-29,"Early",60,"2020","51","Esket",1,176,"Split",1623.075,244.92,1907.5626,"2019-10-24",218
2020-05-29,"Early",55,"2020","51","Esket",1,176,"Combined",1623.075,244.92,1907.5626,"2019-10-24",218
2020-05-29,"Early",156,"2020","51","Apertus",3,176,"Split",1623.075,244.92,1907.5626,"2019-10-24",218
2020-05-29,"Early",182,"2020","51","Capone",3,220,"Combined",1623.075,244.92,1907.5626,"2019-10-24",218
2020-05-29,"Early",52,"2020","51","Apertus",1,176,"Split",1623.075,244.92,1907.5626,"2019-10-24",218
2020-05-29,"Early",19,"2020","51","Pionier",1,220,"Split",1623.075,244.92,1907.5626,"2019-10-24",218
2020-05-29,"Early",190,"2020","51","Patras",3,220,"Combined",1623.075,244.92,1907.5626,"2019-10-24",218
2020-05-29,"Early",149,"2020","51","Capone",3,176,"Split",1623.075,244.92,1907.5626,"2019-10-24",218
2020-05-29,"Early",74,"2020","51","Esket",2,176,"Split",1623.075,244.92,1907.5626,"2019-10-24",218
2020-05-29,"Early",141,"2020","51","Esket",3,176,"Split",1623.075,244.92,1907.5626,"2019-10-24",218
2020-05-29,"Early",31,"2020","51","Apertus",1,220,"Combined",1623.075,244.92,1907.5626,"2019-10-24",218
2020-05-29,"Early",146,"2020","51","Apertus",3,176,"Combined",1623.075,244.92,1907.5626,"2019-10-24",218
2020-05-29,"Early",107,"2020","51","Esket",2,220,"Combined",1623.075,244.92,1907.5626,"2019-10-24",218
2020-05-29,"Early",163,"2020","51","Esket",3,220,"Combined",1623.075,244.92,1907.5626,"2019-10-24",218
2020-05-29,"Early",91,"2020","51","Esket",2,176,"Combined",1623.075,244.92,1907.5626,"2019-10-24",218
2020-05-29,"Early",183,"2020","51","Capone",3,220,"Split",1623.075,244.92,1907.5626,"2019-10-24",218
2020-05-29,"Early",115,"2020","51","Capone",2,220,"Combined",1623.075,244.92,1907.5626,"2019-10-24",218
2020-05-29,"Early",138,"2020","51","Capone",3,176,"Combined",1623.075,244.92,1907.5626,"2019-10-24",218
2020-05-29,"Early",87,"2020","51","Pionier",2,176,"Split",1623.075,244.92,1907.5626,"2019-10-24",218
2020-05-29,"Early",112,"2020","51","Apertus",2,220,"Split",1623.075,244.92,1907.5626,"2019-10-24",218
2020-05-29,"Early",44,"2020","51","Capone",1,176,"Split",1623.075,244.92,1907.5626,"2019-10-24",218
2020-05-29,"Early",167,"2020","51","Esket",3,220,"Split",1623.075,244.92,1907.5626,"2019-10-24",218
2020-05-29,"Early",157,"2020","51","Patras",3,176,"Split",1623.075,244.92,1907.5626,"2019-10-24",218
2020-05-29,"Early",154,"2020","51","Esket",3,176,"Combined",1623.075,244.92,1907.5626,"2019-10-24",218
2020-05-29,"Early",15,"2020","51","Capone",1,220,"Combined",1623.075,244.92,1907.5626,"2019-10-24",218
2020-05-29,"Early",105,"2020","51","Pionier",2,220,"Split",1623.075,244.92,1907.5626,"2019-10-24",218
2020-05-29,"Early",187,"2020","51","Potenzial",3,220,"Combined",1623.075,244.92,1907.5626,"2019-10-24",218
2020-05-29,"Early",27,"2020","51","Apertus",1,220,"Split",1623.075,244.92,1907.5626,"2019-10-24",218
2020-05-29,"Early",61,"2020","51","Pionier",1,176,"Split",1623.075,244.92,1907.5626,"2019-10-24",218
2020-05-29,"Late",131,"2020","51","Alves",3,176,"Split",1461.34166666667,225.2,1805.085,"2019-11-13",198
2020-05-29,"Late",180,"2020","41","Potenzial",3,220,"Combined",1461.34166666667,225.2,1805.085,"2019-11-13",198
2020-05-29,"Late",77,"2020","41","Potenzial",2,176,"Combined",1461.34166666667,225.2,1805.085,"2019-11-13",198
2020-05-29,"Late",57,"2020","51","Alves",1,176,"Combined",1461.34166666667,225.2,1805.085,"2019-11-13",198
2020-05-29,"Late",72,"2020","41","Pionier",2,176,"Split",1461.34166666667,225.2,1805.085,"2019-11-13",198
2020-05-29,"Late",169,"2020","51","Alves",3,220,"Split",1461.34166666667,225.2,1805.085,"2019-11-13",198
2020-05-29,"Late",139,"2020","51","Torrild",3,176,"Split",1461.34166666667,225.2,1805.085,"2019-11-13",198
2020-05-29,"Late",160,"2020","41","Potenzial",3,176,"Combined",1461.34166666667,225.2,1805.085,"2019-11-13",198
2020-05-29,"Late",1,"2020","51","Capone",1,220,"Combined",1461.34166666667,225.2,1805.085,"2019-11-13",198
2020-05-29,"Late",76,"2020","41","Pionier",2,176,"Combined",1461.34166666667,225.2,1805.085,"2019-11-13",198
2020-05-29,"Late",188,"2020","41","Pionier",3,220,"Combined",1461.34166666667,225.2,1805.085,"2019-11-13",198
2020-05-29,"Late",92,"2020","51","Alves",2,176,"Combined",1461.34166666667,225.2,1805.085,"2019-11-13",198
2020-05-29,"Late",4,"2020","51","Alves",1,220,"Split",1461.34166666667,225.2,1805.085,"2019-11-13",198
2020-05-29,"Late",35,"2020","51","Torrild",1,176,"Split",1461.34166666667,225.2,1805.085,"2019-11-13",198
2020-05-29,"Late",25,"2020","51","Alves",1,220,"Combined",1461.34166666667,225.2,1805.085,"2019-11-13",198
2020-05-29,"Late",8,"2020","51","Esket",1,220,"Combined",1461.34166666667,225.2,1805.085,"2019-11-13",198
2020-05-29,"Late",136,"2020","41","Pionier",3,176,"Combined",1461.34166666667,225.2,1805.085,"2019-11-13",198
2020-05-29,"Late",108,"2020","41","Pionier",2,220,"Combined",1461.34166666667,225.2,1805.085,"2019-11-13",198
2020-05-29,"Late",103,"2020","51","Alves",2,220,"Split",1461.34166666667,225.2,1805.085,"2019-11-13",198
2020-05-29,"Late",134,"2020","41","Pionier",3,176,"Split",1461.34166666667,225.2,1805.085,"2019-11-13",198
2020-05-29,"Late",73,"2020","51","Torrild",2,176,"Split",1461.34166666667,225.2,1805.085,"2019-11-13",198
2020-05-29,"Late",144,"2020","51","Torrild",3,176,"Combined",1461.34166666667,225.2,1805.085,"2019-11-13",198
2020-05-29,"Late",69,"2020","51","Torrild",2,176,"Combined",1461.34166666667,225.2,1805.085,"2019-11-13",198
2020-05-29,"Late",51,"2020","51","Alves",1,176,"Split",1461.34166666667,225.2,1805.085,"2019-11-13",198
2020-05-29,"Late",5,"2020","51","Torrild",1,220,"Split",1461.34166666667,225.2,1805.085,"2019-11-13",198
2020-05-29,"Late",33,"2020","41","Pionier",1,176,"Combined",1461.34166666667,225.2,1805.085,"2019-11-13",198
2020-05-29,"Late",153,"2020","51","Alves",3,176,"Combined",1461.34166666667,225.2,1805.085,"2019-11-13",198
2020-05-29,"Late",54,"2020","51","Potenzial",1,176,"Split",1461.34166666667,225.2,1805.085,"2019-11-13",198
2020-05-31,"Early",126,"2020","51","Pionier",2,220,"Combined",1652.62916666667,244.92,1952.63784,"2019-10-24",220
2020-05-31,"Early",171,"2020","51","Pionier",3,220,"Combined",1652.62916666667,244.92,1952.63784,"2019-10-24",220
2020-05-31,"Early",42,"2020","51","Pionier",1,176,"Combined",1652.62916666667,244.92,1952.63784,"2019-10-24",220
2020-05-31,"Early",23,"2020","51","Pionier",1,220,"Combined",1652.62916666667,244.92,1952.63784,"2019-10-24",220
2020-05-31,"Early",94,"2020","51","Apertus",2,176,"Combined",1652.62916666667,244.92,1952.63784,"2019-10-24",220
2020-05-31,"Early",148,"2020","51","Pionier",3,176,"Split",1652.62916666667,244.92,1952.63784,"2019-10-24",220
2020-05-31,"Early",34,"2020","51","Apertus",1,176,"Combined",1652.62916666667,244.92,1952.63784,"2019-10-24",220
2020-05-31,"Early",70,"2020","51","Pionier",2,176,"Combined",1652.62916666667,244.92,1952.63784,"2019-10-24",220
2020-05-31,"Early",102,"2020","51","Apertus",2,220,"Combined",1652.62916666667,244.92,1952.63784,"2019-10-24",220
2020-05-31,"Early",151,"2020","51","Pionier",3,176,"Combined",1652.62916666667,244.92,1952.63784,"2019-10-24",220
2020-05-31,"Early",186,"2020","51","Torrild",3,220,"Split",1652.62916666667,244.92,1952.63784,"2019-10-24",220
2020-05-31,"Early",179,"2020","51","Apertus",3,220,"Combined",1652.62916666667,244.92,1952.63784,"2019-10-24",220
2020-05-31,"Early",178,"2020","51","Pionier",3,220,"Split",1652.62916666667,244.92,1952.63784,"2019-10-24",220
2020-05-31,"Late",85,"2020","51","Esket",2,176,"Combined",1490.89583333333,225.2,1850.16024,"2019-11-13",200
2020-05-31,"Late",21,"2020","51","Patras",1,220,"Split",1490.89583333333,225.2,1850.16024,"2019-11-13",200
2020-05-31,"Late",173,"2020","51","Esket",3,220,"Combined",1490.89583333333,225.2,1850.16024,"2019-11-13",200
2020-05-31,"Late",33,"2020","51","Pionier",1,176,"Combined",1490.89583333333,225.2,1850.16024,"2019-11-13",200
2020-05-31,"Late",124,"2020","51","Torrild",2,220,"Combined",1490.89583333333,225.2,1850.16024,"2019-11-13",200
2020-05-31,"Late",64,"2020","51","Capone",1,176,"Combined",1490.89583333333,225.2,1850.16024,"2019-11-13",200
2020-05-31,"Late",29,"2020","51","Capone",1,220,"Split",1490.89583333333,225.2,1850.16024,"2019-11-13",200
2020-05-31,"Late",81,"2020","51","Patras",2,176,"Split",1490.89583333333,225.2,1850.16024,"2019-11-13",200
2020-05-31,"Late",145,"2020","51","Patras",3,176,"Combined",1490.89583333333,225.2,1850.16024,"2019-11-13",200
2020-05-31,"Late",46,"2020","51","Pionier",1,176,"Split",1490.89583333333,225.2,1850.16024,"2019-11-13",200
2020-05-31,"Late",12,"2020","51","Esket",1,220,"Split",1490.89583333333,225.2,1850.16024,"2019-11-13",200
2020-05-31,"Late",122,"2020","51","Patras",2,220,"Split",1490.89583333333,225.2,1850.16024,"2019-11-13",200
2020-05-31,"Late",98,"2020","51","Capone",2,220,"Split",1490.89583333333,225.2,1850.16024,"2019-11-13",200
2020-05-31,"Late",65,"2020","51","Alves",2,176,"Split",1490.89583333333,225.2,1850.16024,"2019-11-13",200
2020-05-31,"Late",16,"2020","51","Torrild",1,220,"Combined",1490.89583333333,225.2,1850.16024,"2019-11-13",200
2020-05-31,"Late",106,"2020","51","Potenzial",2,220,"Split",1490.89583333333,225.2,1850.16024,"2019-11-13",200
2020-05-31,"Late",147,"2020","51","Potenzial",3,176,"Split",1490.89583333333,225.2,1850.16024,"2019-11-13",200
2020-05-31,"Late",84,"2020","51","Capone",2,176,"Combined",1490.89583333333,225.2,1850.16024,"2019-11-13",200
2020-05-31,"Late",43,"2020","51","Esket",1,176,"Split",1490.89583333333,225.2,1850.16024,"2019-11-13",200
2020-05-31,"Late",155,"2020","51","Patras",3,176,"Split",1490.89583333333,225.2,1850.16024,"2019-11-13",200
2020-05-31,"Late",158,"2020","51","Esket",3,176,"Split",1490.89583333333,225.2,1850.16024,"2019-11-13",200
2020-05-31,"Late",125,"2020","51","Esket",2,220,"Combined",1490.89583333333,225.2,1850.16024,"2019-11-13",200
2020-05-31,"Late",164,"2020","51","Torrild",3,220,"Combined",1490.89583333333,225.2,1850.16024,"2019-11-13",200
2020-05-31,"Late",165,"2020","51","Patras",3,220,"Combined",1490.89583333333,225.2,1850.16024,"2019-11-13",200
2020-05-31,"Late",56,"2020","51","Potenzial",1,176,"Combined",1490.89583333333,225.2,1850.16024,"2019-11-13",200
2020-05-31,"Late",137,"2020","51","Apertus",3,176,"Combined",1490.89583333333,225.2,1850.16024,"2019-11-13",200
2020-05-31,"Late",77,"2020","51","Potenzial",2,176,"Combined",1490.89583333333,225.2,1850.16024,"2019-11-13",200
2020-05-31,"Late",129,"2020","51","Capone",3,176,"Combined",1490.89583333333,225.2,1850.16024,"2019-11-13",200
2020-05-31,"Late",176,"2020","51","Patras",3,220,"Split",1490.89583333333,225.2,1850.16024,"2019-11-13",200
2020-05-31,"Late",89,"2020","51","Potenzial",2,176,"Split",1490.89583333333,225.2,1850.16024,"2019-11-13",200
2020-05-31,"Late",160,"2020","51","Potenzial",3,176,"Combined",1490.89583333333,225.2,1850.16024,"2019-11-13",200
2020-05-31,"Late",41,"2020","51","Apertus",1,176,"Combined",1490.89583333333,225.2,1850.16024,"2019-11-13",200
2020-05-31,"Late",117,"2020","51","Potenzial",2,220,"Combined",1490.89583333333,225.2,1850.16024,"2019-11-13",200
2020-05-31,"Late",24,"2020","51","Patras",1,220,"Combined",1490.89583333333,225.2,1850.16024,"2019-11-13",200
2020-05-31,"Late",93,"2020","51","Patras",2,176,"Combined",1490.89583333333,225.2,1850.16024,"2019-11-13",200
2020-05-31,"Late",101,"2020","51","Alves",2,220,"Combined",1490.89583333333,225.2,1850.16024,"2019-11-13",200
2020-05-31,"Late",59,"2020","51","Apertus",1,176,"Split",1490.89583333333,225.2,1850.16024,"2019-11-13",200
2020-05-31,"Late",180,"2020","51","Potenzial",3,220,"Combined",1490.89583333333,225.2,1850.16024,"2019-11-13",200
2020-05-31,"Late",177,"2020","51","Torrild",3,220,"Split",1490.89583333333,225.2,1850.16024,"2019-11-13",200
2020-05-31,"Late",109,"2020","51","Patras",2,220,"Combined",1490.89583333333,225.2,1850.16024,"2019-11-13",200
2020-05-31,"Late",38,"2020","51","Patras",1,176,"Split",1490.89583333333,225.2,1850.16024,"2019-11-13",200
2020-05-31,"Late",49,"2020","51","Patras",1,176,"Combined",1490.89583333333,225.2,1850.16024,"2019-11-13",200
2020-05-31,"Late",20,"2020","51","Apertus",1,220,"Split",1490.89583333333,225.2,1850.16024,"2019-11-13",200
2020-05-31,"Late",119,"2020","51","Torrild",2,220,"Split",1490.89583333333,225.2,1850.16024,"2019-11-13",200
2020-05-31,"Late",48,"2020","51","Esket",1,176,"Combined",1490.89583333333,225.2,1850.16024,"2019-11-13",200
2020-06-03,"Early",166,"2020","61","Alves",3,220,"Combined",1707.575,245.08,2032.08372,"2019-10-24",223
2020-06-03,"Early",14,"2020","61","Patras",1,220,"Split",1707.575,245.08,2032.08372,"2019-10-24",223
2020-06-03,"Early",159,"2020","61","Torrild",3,176,"Combined",1707.575,245.08,2032.08372,"2019-10-24",223
2020-06-03,"Early",75,"2020","61","Patras",2,176,"Combined",1707.575,245.08,2032.08372,"2019-10-24",223
2020-06-03,"Early",162,"2020","61","Patras",3,220,"Split",1707.575,245.08,2032.08372,"2019-10-24",223
2020-06-03,"Early",50,"2020","61","Potenzial",1,176,"Combined",1707.575,245.08,2032.08372,"2019-10-24",223
2020-06-03,"Early",26,"2020","61","Patras",1,220,"Combined",1707.575,245.08,2032.08372,"2019-10-24",223
2020-06-03,"Early",104,"2020","61","Alves",2,220,"Split",1707.575,245.08,2032.08372,"2019-10-24",223
2020-06-03,"Early",3,"2020","61","Esket",1,220,"Split",1707.575,245.08,2032.08372,"2019-10-24",223
2020-06-03,"Early",186,"2020","61","Torrild",3,220,"Split",1707.575,245.08,2032.08372,"2019-10-24",223
2020-06-03,"Early",135,"2020","61","Alves",3,176,"Combined",1707.575,245.08,2032.08372,"2019-10-24",223
2020-06-03,"Early",22,"2020","61","Alves",1,220,"Split",1707.575,245.08,2032.08372,"2019-10-24",223
2020-06-03,"Early",78,"2020","61","Alves",2,176,"Combined",1707.575,245.08,2032.08372,"2019-10-24",223
2020-06-03,"Early",121,"2020","61","Patras",2,220,"Split",1707.575,245.08,2032.08372,"2019-10-24",223
2020-06-03,"Early",133,"2020","61","Torrild",3,176,"Split",1707.575,245.08,2032.08372,"2019-10-24",223
2020-06-03,"Early",18,"2020","61","Torrild",1,220,"Combined",1707.575,245.08,2032.08372,"2019-10-24",223
2020-06-03,"Early",11,"2020","61","Torrild",1,220,"Split",1707.575,245.08,2032.08372,"2019-10-24",223
2020-06-03,"Early",53,"2020","61","Torrild",1,176,"Split",1707.575,245.08,2032.08372,"2019-10-24",223
2020-06-03,"Early",66,"2020","61","Torrild",2,176,"Split",1707.575,245.08,2032.08372,"2019-10-24",223
2020-06-03,"Early",71,"2020","61","Patras",2,176,"Split",1707.575,245.08,2032.08372,"2019-10-24",223
2020-06-03,"Early",86,"2020","61","Capone",2,176,"Combined",1707.575,245.08,2032.08372,"2019-10-24",223
2020-06-03,"Early",36,"2020","61","Patras",1,176,"Split",1707.575,245.08,2032.08372,"2019-10-24",223
2020-06-03,"Early",140,"2020","61","Alves",3,176,"Split",1707.575,245.08,2032.08372,"2019-10-24",223
2020-06-03,"Early",97,"2020","61","Potenzial",2,220,"Split",1707.575,245.08,2032.08372,"2019-10-24",223
2020-06-03,"Early",82,"2020","61","Potenzial",2,176,"Split",1707.575,245.08,2032.08372,"2019-10-24",223
2020-06-03,"Early",63,"2020","61","Torrild",1,176,"Combined",1707.575,245.08,2032.08372,"2019-10-24",223
2020-06-03,"Early",2,"2020","61","Alves",1,220,"Combined",1707.575,245.08,2032.08372,"2019-10-24",223
2020-06-03,"Early",157,"2020","61","Patras",3,176,"Split",1707.575,245.08,2032.08372,"2019-10-24",223
2020-06-03,"Early",99,"2020","61","Alves",2,220,"Combined",1707.575,245.08,2032.08372,"2019-10-24",223
2020-06-03,"Early",95,"2020","61","Apertus",2,176,"Split",1707.575,245.08,2032.08372,"2019-10-24",223
2020-06-03,"Early",191,"2020","61","Potenzial",3,220,"Split",1707.575,245.08,2032.08372,"2019-10-24",223
2020-06-03,"Early",143,"2020","61","Potenzial",3,176,"Combined",1707.575,245.08,2032.08372,"2019-10-24",223
2020-06-03,"Early",123,"2020","61","Patras",2,220,"Combined",1707.575,245.08,2032.08372,"2019-10-24",223
2020-06-03,"Early",132,"2020","61","Potenzial",3,176,"Split",1707.575,245.08,2032.08372,"2019-10-24",223
2020-06-03,"Early",130,"2020","61","Patras",3,176,"Combined",1707.575,245.08,2032.08372,"2019-10-24",223
2020-06-03,"Early",83,"2020","61","Potenzial",2,176,"Combined",1707.575,245.08,2032.08372,"2019-10-24",223
2020-06-03,"Early",7,"2020","61","Potenzial",1,220,"Combined",1707.575,245.08,2032.08372,"2019-10-24",223
2020-06-03,"Early",170,"2020","61","Alves",3,220,"Split",1707.575,245.08,2032.08372,"2019-10-24",223
2020-06-03,"Early",174,"2020","61","Torrild",3,220,"Combined",1707.575,245.08,2032.08372,"2019-10-24",223
2020-06-03,"Early",79,"2020","61","Alves",2,176,"Split",1707.575,245.08,2032.08372,"2019-10-24",223
2020-06-03,"Early",6,"2020","61","Potenzial",1,220,"Split",1707.575,245.08,2032.08372,"2019-10-24",223
2020-06-03,"Early",67,"2020","61","Torrild",2,176,"Combined",1707.575,245.08,2032.08372,"2019-10-24",223
2020-06-03,"Late",100,"2020","51","Capone",2,220,"Combined",1545.84166666667,225.36,1929.60612,"2019-11-13",203
2020-06-03,"Late",184,"2020","51","Esket",3,220,"Split",1545.84166666667,225.36,1929.60612,"2019-11-13",203
2020-06-03,"Late",111,"2020","51","Pionier",2,220,"Split",1545.84166666667,225.36,1929.60612,"2019-11-13",203
2020-06-03,"Late",76,"2020","51","Pionier",2,176,"Combined",1545.84166666667,225.36,1929.60612,"2019-11-13",203
2020-06-03,"Late",168,"2020","51","Pionier",3,220,"Split",1545.84166666667,225.36,1929.60612,"2019-11-13",203
2020-06-03,"Late",134,"2020","51","Pionier",3,176,"Split",1545.84166666667,225.36,1929.60612,"2019-11-13",203
2020-06-03,"Late",136,"2020","51","Pionier",3,176,"Combined",1545.84166666667,225.36,1929.60612,"2019-11-13",203
2020-06-03,"Late",88,"2020","51","Apertus",2,176,"Split",1545.84166666667,225.36,1929.60612,"2019-11-13",203
2020-06-03,"Late",142,"2020","51","Capone",3,176,"Split",1545.84166666667,225.36,1929.60612,"2019-11-13",203
2020-06-03,"Late",9,"2020","51","Pionier",1,220,"Combined",1545.84166666667,225.36,1929.60612,"2019-11-13",203
2020-06-03,"Late",108,"2020","51","Pionier",2,220,"Combined",1545.84166666667,225.36,1929.60612,"2019-11-13",203
2020-06-03,"Late",28,"2020","51","Potenzial",1,220,"Split",1545.84166666667,225.36,1929.60612,"2019-11-13",203
2020-06-03,"Late",152,"2020","51","Esket",3,176,"Combined",1545.84166666667,225.36,1929.60612,"2019-11-13",203
2020-06-03,"Late",68,"2020","51","Apertus",2,176,"Combined",1545.84166666667,225.36,1929.60612,"2019-11-13",203
2020-06-03,"Late",46,"2020","61","Pionier",1,176,"Split",1545.84166666667,225.36,1929.60612,"2019-11-13",203
2020-06-03,"Late",189,"2020","51","Alves",3,220,"Combined",1545.84166666667,225.36,1929.60612,"2019-11-13",203
2020-06-03,"Late",17,"2020","51","Apertus",1,220,"Combined",1545.84166666667,225.36,1929.60612,"2019-11-13",203
2020-06-03,"Late",32,"2020","51","Potenzial",1,220,"Combined",1545.84166666667,225.36,1929.60612,"2019-11-13",203
2020-06-03,"Late",114,"2020","51","Esket",2,220,"Split",1545.84166666667,225.36,1929.60612,"2019-11-13",203
2020-06-03,"Late",188,"2020","51","Pionier",3,220,"Combined",1545.84166666667,225.36,1929.60612,"2019-11-13",203
2020-06-03,"Late",181,"2020","51","Capone",3,220,"Combined",1545.84166666667,225.36,1929.60612,"2019-11-13",203
2020-06-03,"Late",35,"2020","61","Torrild",1,176,"Split",1545.84166666667,225.36,1929.60612,"2019-11-13",203
2020-06-03,"Late",80,"2020","51","Esket",2,176,"Split",1545.84166666667,225.36,1929.60612,"2019-11-13",203
2020-06-03,"Late",72,"2020","51","Pionier",2,176,"Split",1545.84166666667,225.36,1929.60612,"2019-11-13",203
2020-06-03,"Late",116,"2020","51","Apertus",2,220,"Combined",1545.84166666667,225.36,1929.60612,"2019-11-13",203
2020-06-03,"Late",172,"2020","51","Apertus",3,220,"Combined",1545.84166666667,225.36,1929.60612,"2019-11-13",203
2020-06-03,"Late",38,"2020","61","Patras",1,176,"Split",1545.84166666667,225.36,1929.60612,"2019-11-13",203
2020-06-03,"Late",96,"2020","51","Capone",2,176,"Split",1545.84166666667,225.36,1929.60612,"2019-11-13",203
2020-06-03,"Late",150,"2020","51","Apertus",3,176,"Split",1545.84166666667,225.36,1929.60612,"2019-11-13",203
2020-06-03,"Late",185,"2020","51","Apertus",3,220,"Split",1545.84166666667,225.36,1929.60612,"2019-11-13",203
2020-06-03,"Late",192,"2020","51","Capone",3,220,"Split",1545.84166666667,225.36,1929.60612,"2019-11-13",203
2020-06-03,"Late",161,"2020","51","Potenzial",3,220,"Split",1545.84166666667,225.36,1929.60612,"2019-11-13",203
2020-06-03,"Late",62,"2020","51","Capone",1,176,"Split",1545.84166666667,225.36,1929.60612,"2019-11-13",203
2020-06-03,"Late",127,"2020","51","Apertus",2,220,"Split",1545.84166666667,225.36,1929.60612,"2019-11-13",203
2020-06-03,"Late",40,"2020","51","Torrild",1,176,"Combined",1545.84166666667,225.36,1929.60612,"2019-11-13",203
2020-06-03,"Late",13,"2020","51","Pionier",1,220,"Split",1545.84166666667,225.36,1929.60612,"2019-11-13",203
2020-06-08,"Early",39,"2020","61","Alves",1,176,"Combined",1774.14583333333,265.09,2123.8254,"2019-10-24",228
2020-06-08,"Early",120,"2020","61","Esket",2,220,"Split",1774.14583333333,265.09,2123.8254,"2019-10-24",228
2020-06-08,"Early",171,"2020","61","Pionier",3,220,"Combined",1774.14583333333,265.09,2123.8254,"2019-10-24",228
2020-06-08,"Early",128,"2020","61","Capone",2,220,"Split",1774.14583333333,265.09,2123.8254,"2019-10-24",228
2020-06-08,"Early",107,"2020","61","Esket",2,220,"Combined",1774.14583333333,265.09,2123.8254,"2019-10-24",228
2020-06-08,"Early",156,"2020","61","Apertus",3,176,"Split",1774.14583333333,265.09,2123.8254,"2019-10-24",228
2020-06-08,"Early",113,"2020","61","Torrild",2,220,"Split",1774.14583333333,265.09,2123.8254,"2019-10-24",228
2020-06-08,"Early",154,"2020","61","Esket",3,176,"Combined",1774.14583333333,265.09,2123.8254,"2019-10-24",228
2020-06-08,"Early",149,"2020","61","Capone",3,176,"Split",1774.14583333333,265.09,2123.8254,"2019-10-24",228
2020-06-08,"Early",47,"2020","61","Patras",1,176,"Combined",1774.14583333333,265.09,2123.8254,"2019-10-24",228
2020-06-08,"Early",91,"2020","61","Esket",2,176,"Combined",1774.14583333333,265.09,2123.8254,"2019-10-24",228
2020-06-08,"Early",190,"2020","61","Patras",3,220,"Combined",1774.14583333333,265.09,2123.8254,"2019-10-24",228
2020-06-08,"Early",60,"2020","61","Esket",1,176,"Split",1774.14583333333,265.09,2123.8254,"2019-10-24",228
2020-06-08,"Early",10,"2020","61","Esket",1,220,"Combined",1774.14583333333,265.09,2123.8254,"2019-10-24",228
2020-06-08,"Early",141,"2020","61","Esket",3,176,"Split",1774.14583333333,265.09,2123.8254,"2019-10-24",228
2020-06-08,"Early",102,"2020","61","Apertus",2,220,"Combined",1774.14583333333,265.09,2123.8254,"2019-10-24",228
2020-06-08,"Early",138,"2020","61","Capone",3,176,"Combined",1774.14583333333,265.09,2123.8254,"2019-10-24",228
2020-06-08,"Early",115,"2020","61","Capone",2,220,"Combined",1774.14583333333,265.09,2123.8254,"2019-10-24",228
2020-06-08,"Early",187,"2020","61","Potenzial",3,220,"Combined",1774.14583333333,265.09,2123.8254,"2019-10-24",228
2020-06-08,"Early",178,"2020","61","Pionier",3,220,"Split",1774.14583333333,265.09,2123.8254,"2019-10-24",228
2020-06-08,"Early",74,"2020","61","Esket",2,176,"Split",1774.14583333333,265.09,2123.8254,"2019-10-24",228
2020-06-08,"Early",182,"2020","61","Capone",3,220,"Combined",1774.14583333333,265.09,2123.8254,"2019-10-24",228
2020-06-08,"Early",30,"2020","61","Capone",1,220,"Split",1774.14583333333,265.09,2123.8254,"2019-10-24",228
2020-06-08,"Early",44,"2020","61","Capone",1,176,"Split",1774.14583333333,265.09,2123.8254,"2019-10-24",228
2020-06-08,"Early",31,"2020","61","Apertus",1,220,"Combined",1774.14583333333,265.09,2123.8254,"2019-10-24",228
2020-06-08,"Early",179,"2020","61","Apertus",3,220,"Combined",1774.14583333333,265.09,2123.8254,"2019-10-24",228
2020-06-08,"Early",163,"2020","61","Esket",3,220,"Combined",1774.14583333333,265.09,2123.8254,"2019-10-24",228
2020-06-08,"Early",110,"2020","61","Potenzial",2,220,"Combined",1774.14583333333,265.09,2123.8254,"2019-10-24",228
2020-06-08,"Early",151,"2020","61","Pionier",3,176,"Combined",1774.14583333333,265.09,2123.8254,"2019-10-24",228
2020-06-08,"Early",19,"2020","61","Pionier",1,220,"Split",1774.14583333333,265.09,2123.8254,"2019-10-24",228
2020-06-08,"Early",146,"2020","61","Apertus",3,176,"Combined",1774.14583333333,265.09,2123.8254,"2019-10-24",228
2020-06-08,"Early",183,"2020","61","Capone",3,220,"Split",1774.14583333333,265.09,2123.8254,"2019-10-24",228
2020-06-08,"Early",90,"2020","61","Capone",2,176,"Split",1774.14583333333,265.09,2123.8254,"2019-10-24",228
2020-06-08,"Early",37,"2020","61","Alves",1,176,"Split",1774.14583333333,265.09,2123.8254,"2019-10-24",228
2020-06-08,"Early",175,"2020","61","Apertus",3,220,"Split",1774.14583333333,265.09,2123.8254,"2019-10-24",228
2020-06-08,"Early",94,"2020","61","Apertus",2,176,"Combined",1774.14583333333,265.09,2123.8254,"2019-10-24",228
2020-06-08,"Early",34,"2020","61","Apertus",1,176,"Combined",1774.14583333333,265.09,2123.8254,"2019-10-24",228
2020-06-08,"Early",148,"2020","61","Pionier",3,176,"Split",1774.14583333333,265.09,2123.8254,"2019-10-24",228
2020-06-08,"Early",55,"2020","61","Esket",1,176,"Combined",1774.14583333333,265.09,2123.8254,"2019-10-24",228
2020-06-08,"Early",15,"2020","61","Capone",1,220,"Combined",1774.14583333333,265.09,2123.8254,"2019-10-24",228
2020-06-08,"Early",112,"2020","61","Apertus",2,220,"Split",1774.14583333333,265.09,2123.8254,"2019-10-24",228
2020-06-08,"Early",167,"2020","61","Esket",3,220,"Split",1774.14583333333,265.09,2123.8254,"2019-10-24",228
2020-06-08,"Early",87,"2020","61","Pionier",2,176,"Split",1774.14583333333,265.09,2123.8254,"2019-10-24",228
2020-06-08,"Early",45,"2020","61","Potenzial",1,176,"Split",1774.14583333333,265.09,2123.8254,"2019-10-24",228
2020-06-08,"Early",23,"2020","61","Pionier",1,220,"Combined",1774.14583333333,265.09,2123.8254,"2019-10-24",228
2020-06-08,"Early",118,"2020","61","Torrild",2,220,"Combined",1774.14583333333,265.09,2123.8254,"2019-10-24",228
2020-06-08,"Early",27,"2020","61","Apertus",1,220,"Split",1774.14583333333,265.09,2123.8254,"2019-10-24",228
2020-06-08,"Late",81,"2020","61","Patras",2,176,"Split",1612.4125,245.37,2021.3478,"2019-11-13",208
2020-06-08,"Late",56,"2020","61","Potenzial",1,176,"Combined",1612.4125,245.37,2021.3478,"2019-11-13",208
2020-06-08,"Late",92,"2020","61","Alves",2,176,"Combined",1612.4125,245.37,2021.3478,"2019-11-13",208
2020-06-08,"Late",85,"2020","61","Esket",2,176,"Combined",1612.4125,245.37,2021.3478,"2019-11-13",208
2020-06-08,"Late",147,"2020","61","Potenzial",3,176,"Split",1612.4125,245.37,2021.3478,"2019-11-13",208
2020-06-08,"Late",189,"2020","61","Alves",3,220,"Combined",1612.4125,245.37,2021.3478,"2019-11-13",208
2020-06-08,"Late",150,"2020","61","Apertus",3,176,"Split",1612.4125,245.37,2021.3478,"2019-11-13",208
2020-06-08,"Late",153,"2020","61","Alves",3,176,"Combined",1612.4125,245.37,2021.3478,"2019-11-13",208
2020-06-08,"Late",158,"2020","61","Esket",3,176,"Split",1612.4125,245.37,2021.3478,"2019-11-13",208
2020-06-08,"Late",173,"2020","61","Esket",3,220,"Combined",1612.4125,245.37,2021.3478,"2019-11-13",208
2020-06-08,"Late",80,"2020","61","Esket",2,176,"Split",1612.4125,245.37,2021.3478,"2019-11-13",208
2020-06-08,"Late",68,"2020","61","Apertus",2,176,"Combined",1612.4125,245.37,2021.3478,"2019-11-13",208
2020-06-08,"Late",65,"2020","61","Alves",2,176,"Split",1612.4125,245.37,2021.3478,"2019-11-13",208
2020-06-08,"Late",57,"2020","61","Alves",1,176,"Combined",1612.4125,245.37,2021.3478,"2019-11-13",208
2020-06-08,"Late",165,"2020","61","Patras",3,220,"Combined",1612.4125,245.37,2021.3478,"2019-11-13",208
2020-06-08,"Late",43,"2020","61","Esket",1,176,"Split",1612.4125,245.37,2021.3478,"2019-11-13",208
2020-06-08,"Late",109,"2020","61","Patras",2,220,"Combined",1612.4125,245.37,2021.3478,"2019-11-13",208
2020-06-08,"Late",51,"2020","61","Alves",1,176,"Split",1612.4125,245.37,2021.3478,"2019-11-13",208
2020-06-08,"Late",101,"2020","61","Alves",2,220,"Combined",1612.4125,245.37,2021.3478,"2019-11-13",208
2020-06-08,"Late",117,"2020","61","Potenzial",2,220,"Combined",1612.4125,245.37,2021.3478,"2019-11-13",208
2020-06-08,"Late",49,"2020","61","Patras",1,176,"Combined",1612.4125,245.37,2021.3478,"2019-11-13",208
2020-06-08,"Late",5,"2020","61","Torrild",1,220,"Split",1612.4125,245.37,2021.3478,"2019-11-13",208
2020-06-08,"Late",103,"2020","61","Alves",2,220,"Split",1612.4125,245.37,2021.3478,"2019-11-13",208
2020-06-08,"Late",69,"2020","61","Torrild",2,176,"Combined",1612.4125,245.37,2021.3478,"2019-11-13",208
2020-06-08,"Late",172,"2020","61","Apertus",3,220,"Combined",1612.4125,245.37,2021.3478,"2019-11-13",208
2020-06-08,"Late",119,"2020","61","Torrild",2,220,"Split",1612.4125,245.37,2021.3478,"2019-11-13",208
2020-06-08,"Late",21,"2020","61","Patras",1,220,"Split",1612.4125,245.37,2021.3478,"2019-11-13",208
2020-06-08,"Late",155,"2020","61","Patras",3,176,"Split",1612.4125,245.37,2021.3478,"2019-11-13",208
2020-06-08,"Late",25,"2020","61","Alves",1,220,"Combined",1612.4125,245.37,2021.3478,"2019-11-13",208
2020-06-08,"Late",139,"2020","61","Torrild",3,176,"Split",1612.4125,245.37,2021.3478,"2019-11-13",208
2020-06-08,"Late",177,"2020","61","Torrild",3,220,"Split",1612.4125,245.37,2021.3478,"2019-11-13",208
2020-06-08,"Late",160,"2020","61","Potenzial",3,176,"Combined",1612.4125,245.37,2021.3478,"2019-11-13",208
2020-06-08,"Late",144,"2020","61","Torrild",3,176,"Combined",1612.4125,245.37,2021.3478,"2019-11-13",208
2020-06-08,"Late",73,"2020","61","Torrild",2,176,"Split",1612.4125,245.37,2021.3478,"2019-11-13",208
2020-06-08,"Late",145,"2020","61","Patras",3,176,"Combined",1612.4125,245.37,2021.3478,"2019-11-13",208
2020-06-08,"Late",192,"2020","61","Capone",3,220,"Split",1612.4125,245.37,2021.3478,"2019-11-13",208
2020-06-08,"Late",137,"2020","61","Apertus",3,176,"Combined",1612.4125,245.37,2021.3478,"2019-11-13",208
2020-06-08,"Late",164,"2020","61","Torrild",3,220,"Combined",1612.4125,245.37,2021.3478,"2019-11-13",208
2020-06-08,"Late",142,"2020","61","Capone",3,176,"Split",1612.4125,245.37,2021.3478,"2019-11-13",208
2020-06-08,"Late",122,"2020","61","Patras",2,220,"Split",1612.4125,245.37,2021.3478,"2019-11-13",208
2020-06-08,"Late",161,"2020","61","Potenzial",3,220,"Split",1612.4125,245.37,2021.3478,"2019-11-13",208
2020-06-08,"Late",54,"2020","61","Potenzial",1,176,"Split",1612.4125,245.37,2021.3478,"2019-11-13",208
2020-06-08,"Late",77,"2020","61","Potenzial",2,176,"Combined",1612.4125,245.37,2021.3478,"2019-11-13",208
2020-06-08,"Late",24,"2020","61","Patras",1,220,"Combined",1612.4125,245.37,2021.3478,"2019-11-13",208
2020-06-08,"Late",152,"2020","61","Esket",3,176,"Combined",1612.4125,245.37,2021.3478,"2019-11-13",208
2020-06-08,"Late",4,"2020","61","Alves",1,220,"Split",1612.4125,245.37,2021.3478,"2019-11-13",208
2020-06-08,"Late",16,"2020","61","Torrild",1,220,"Combined",1612.4125,245.37,2021.3478,"2019-11-13",208
2020-06-08,"Late",169,"2020","61","Alves",3,220,"Split",1612.4125,245.37,2021.3478,"2019-11-13",208
2020-06-10,"Early",61,"2020","61","Pionier",1,176,"Split",1806.20833333333,265.63,2164.64004,"2019-10-24",230
2020-06-10,"Early",126,"2020","61","Pionier",2,220,"Combined",1806.20833333333,265.63,2164.64004,"2019-10-24",230
2020-06-10,"Early",58,"2020","61","Capone",1,176,"Combined",1806.20833333333,265.63,2164.64004,"2019-10-24",230
2020-06-10,"Early",70,"2020","61","Pionier",2,176,"Combined",1806.20833333333,265.63,2164.64004,"2019-10-24",230
2020-06-10,"Early",52,"2020","61","Apertus",1,176,"Split",1806.20833333333,265.63,2164.64004,"2019-10-24",230
2020-06-10,"Early",42,"2020","61","Pionier",1,176,"Combined",1806.20833333333,265.63,2164.64004,"2019-10-24",230
2020-06-10,"Early",105,"2020","61","Pionier",2,220,"Split",1806.20833333333,265.63,2164.64004,"2019-10-24",230
2020-06-10,"Late",176,"2020","61","Patras",3,220,"Split",1644.475,245.91,2062.16244,"2019-11-13",210
2020-06-10,"Late",181,"2020","61","Capone",3,220,"Combined",1644.475,245.91,2062.16244,"2019-11-13",210
2020-06-10,"Late",184,"2020","61","Esket",3,220,"Split",1644.475,245.91,2062.16244,"2019-11-13",210
2020-06-10,"Late",28,"2020","61","Potenzial",1,220,"Split",1644.475,245.91,2062.16244,"2019-11-13",210
2020-06-10,"Late",125,"2020","61","Esket",2,220,"Combined",1644.475,245.91,2062.16244,"2019-11-13",210
2020-06-10,"Late",59,"2020","61","Apertus",1,176,"Split",1644.475,245.91,2062.16244,"2019-11-13",210
2020-06-10,"Late",116,"2020","61","Apertus",2,220,"Combined",1644.475,245.91,2062.16244,"2019-11-13",210
2020-06-10,"Late",96,"2020","61","Capone",2,176,"Split",1644.475,245.91,2062.16244,"2019-11-13",210
2020-06-10,"Late",41,"2020","61","Apertus",1,176,"Combined",1644.475,245.91,2062.16244,"2019-11-13",210
2020-06-10,"Late",127,"2020","61","Apertus",2,220,"Split",1644.475,245.91,2062.16244,"2019-11-13",210
2020-06-10,"Late",62,"2020","61","Capone",1,176,"Split",1644.475,245.91,2062.16244,"2019-11-13",210
2020-06-10,"Late",129,"2020","61","Capone",3,176,"Combined",1644.475,245.91,2062.16244,"2019-11-13",210
2020-06-10,"Late",33,"2020","61","Pionier",1,176,"Combined",1644.475,245.91,2062.16244,"2019-11-13",210
2020-06-10,"Late",100,"2020","61","Capone",2,220,"Combined",1644.475,245.91,2062.16244,"2019-11-13",210
2020-06-10,"Late",17,"2020","61","Apertus",1,220,"Combined",1644.475,245.91,2062.16244,"2019-11-13",210
2020-06-10,"Late",106,"2020","61","Potenzial",2,220,"Split",1644.475,245.91,2062.16244,"2019-11-13",210
2020-06-10,"Late",124,"2020","61","Torrild",2,220,"Combined",1644.475,245.91,2062.16244,"2019-11-13",210
2020-06-10,"Late",136,"2020","61","Pionier",3,176,"Combined",1644.475,245.91,2062.16244,"2019-11-13",210
2020-06-10,"Late",180,"2020","61","Potenzial",3,220,"Combined",1644.475,245.91,2062.16244,"2019-11-13",210
2020-06-10,"Late",64,"2020","61","Capone",1,176,"Combined",1644.475,245.91,2062.16244,"2019-11-13",210
2020-06-10,"Late",12,"2020","61","Esket",1,220,"Split",1644.475,245.91,2062.16244,"2019-11-13",210
2020-06-10,"Late",48,"2020","61","Esket",1,176,"Combined",1644.475,245.91,2062.16244,"2019-11-13",210
2020-06-10,"Late",13,"2020","61","Pionier",1,220,"Split",1644.475,245.91,2062.16244,"2019-11-13",210
2020-06-10,"Late",89,"2020","61","Potenzial",2,176,"Split",1644.475,245.91,2062.16244,"2019-11-13",210
2020-06-10,"Late",32,"2020","61","Potenzial",1,220,"Combined",1644.475,245.91,2062.16244,"2019-11-13",210
2020-06-10,"Late",84,"2020","61","Capone",2,176,"Combined",1644.475,245.91,2062.16244,"2019-11-13",210
2020-06-10,"Late",93,"2020","61","Patras",2,176,"Combined",1644.475,245.91,2062.16244,"2019-11-13",210
2020-06-10,"Late",98,"2020","61","Capone",2,220,"Split",1644.475,245.91,2062.16244,"2019-11-13",210
2020-06-10,"Late",20,"2020","61","Apertus",1,220,"Split",1644.475,245.91,2062.16244,"2019-11-13",210
2020-06-10,"Late",114,"2020","61","Esket",2,220,"Split",1644.475,245.91,2062.16244,"2019-11-13",210
2020-06-10,"Late",29,"2020","61","Capone",1,220,"Split",1644.475,245.91,2062.16244,"2019-11-13",210
2020-06-10,"Late",131,"2020","61","Alves",3,176,"Split",1644.475,245.91,2062.16244,"2019-11-13",210
2020-06-10,"Late",1,"2020","61","Capone",1,220,"Combined",1644.475,245.91,2062.16244,"2019-11-13",210
2020-06-10,"Late",88,"2020","61","Apertus",2,176,"Split",1644.475,245.91,2062.16244,"2019-11-13",210
2020-06-10,"Late",8,"2020","61","Esket",1,220,"Combined",1644.475,245.91,2062.16244,"2019-11-13",210
2020-06-10,"Late",185,"2020","61","Apertus",3,220,"Split",1644.475,245.91,2062.16244,"2019-11-13",210
2020-06-10,"Late",40,"2020","61","Torrild",1,176,"Combined",1644.475,245.91,2062.16244,"2019-11-13",210
2020-06-10,"Late",76,"2020","61","Pionier",2,176,"Combined",1644.475,245.91,2062.16244,"2019-11-13",210
2020-06-12,"Late",134,"2020","61","Pionier",3,176,"Split",1681.08333333333,246.15,2105.47368,"2019-11-13",212
2020-06-12,"Late",108,"2020","61","Pionier",2,220,"Combined",1681.08333333333,246.15,2105.47368,"2019-11-13",212
2020-06-12,"Late",9,"2020","61","Pionier",1,220,"Combined",1681.08333333333,246.15,2105.47368,"2019-11-13",212
2020-06-12,"Late",111,"2020","61","Pionier",2,220,"Split",1681.08333333333,246.15,2105.47368,"2019-11-13",212
2020-06-12,"Late",188,"2020","61","Pionier",3,220,"Combined",1681.08333333333,246.15,2105.47368,"2019-11-13",212
2020-06-12,"Late",72,"2020","61","Pionier",2,176,"Split",1681.08333333333,246.15,2105.47368,"2019-11-13",212
2020-06-12,"Late",168,"2020","61","Pionier",3,220,"Split",1681.08333333333,246.15,2105.47368,"2019-11-13",212
2020-06-16,"Early",183,"2020","71","Capone",3,220,"Split",1918.99166666667,278.46,2265.3792,"2019-10-24",236
2020-06-16,"Early",179,"2020","71","Apertus",3,220,"Combined",1918.99166666667,278.46,2265.3792,"2019-10-24",236
2020-06-16,"Early",6,"2020","71","Potenzial",1,220,"Split",1918.99166666667,278.46,2265.3792,"2019-10-24",236
2020-06-16,"Early",66,"2020","71","Torrild",2,176,"Split",1918.99166666667,278.46,2265.3792,"2019-10-24",236
2020-06-16,"Early",2,"2020","71","Alves",1,220,"Combined",1918.99166666667,278.46,2265.3792,"2019-10-24",236
2020-06-16,"Early",156,"2020","71","Apertus",3,176,"Split",1918.99166666667,278.46,2265.3792,"2019-10-24",236
2020-06-16,"Early",162,"2020","71","Patras",3,220,"Split",1918.99166666667,278.46,2265.3792,"2019-10-24",236
2020-06-16,"Early",78,"2020","71","Alves",2,176,"Combined",1918.99166666667,278.46,2265.3792,"2019-10-24",236
2020-06-16,"Early",7,"2020","71","Potenzial",1,220,"Combined",1918.99166666667,278.46,2265.3792,"2019-10-24",236
2020-06-16,"Early",133,"2020","71","Torrild",3,176,"Split",1918.99166666667,278.46,2265.3792,"2019-10-24",236
2020-06-16,"Early",157,"2020","71","Patras",3,176,"Split",1918.99166666667,278.46,2265.3792,"2019-10-24",236
2020-06-16,"Early",71,"2020","71","Patras",2,176,"Split",1918.99166666667,278.46,2265.3792,"2019-10-24",236
2020-06-16,"Early",3,"2020","71","Esket",1,220,"Split",1918.99166666667,278.46,2265.3792,"2019-10-24",236
2020-06-16,"Early",90,"2020","71","Capone",2,176,"Split",1918.99166666667,278.46,2265.3792,"2019-10-24",236
2020-06-16,"Early",47,"2020","71","Patras",1,176,"Combined",1918.99166666667,278.46,2265.3792,"2019-10-24",236
2020-06-16,"Early",166,"2020","71","Alves",3,220,"Combined",1918.99166666667,278.46,2265.3792,"2019-10-24",236
2020-06-16,"Early",15,"2020","71","Capone",1,220,"Combined",1918.99166666667,278.46,2265.3792,"2019-10-24",236
2020-06-16,"Early",170,"2020","71","Alves",3,220,"Split",1918.99166666667,278.46,2265.3792,"2019-10-24",236
2020-06-16,"Early",67,"2020","71","Torrild",2,176,"Combined",1918.99166666667,278.46,2265.3792,"2019-10-24",236
2020-06-16,"Early",149,"2020","71","Capone",3,176,"Split",1918.99166666667,278.46,2265.3792,"2019-10-24",236
2020-06-16,"Early",130,"2020","71","Patras",3,176,"Combined",1918.99166666667,278.46,2265.3792,"2019-10-24",236
2020-06-16,"Early",82,"2020","71","Potenzial",2,176,"Split",1918.99166666667,278.46,2265.3792,"2019-10-24",236
2020-06-16,"Early",86,"2020","71","Capone",2,176,"Combined",1918.99166666667,278.46,2265.3792,"2019-10-24",236
2020-06-16,"Early",14,"2020","71","Patras",1,220,"Split",1918.99166666667,278.46,2265.3792,"2019-10-24",236
2020-06-16,"Late",93,"2020","71","Patras",2,176,"Combined",1757.25833333333,258.74,2162.9016,"2019-11-13",216
2020-06-16,"Late",137,"2020","71","Apertus",3,176,"Combined",1757.25833333333,258.74,2162.9016,"2019-11-13",216
2020-06-16,"Late",5,"2020","71","Torrild",1,220,"Split",1757.25833333333,258.74,2162.9016,"2019-11-13",216
2020-06-16,"Late",192,"2020","71","Capone",3,220,"Split",1757.25833333333,258.74,2162.9016,"2019-11-13",216
2020-06-16,"Late",176,"2020","71","Patras",3,220,"Split",1757.25833333333,258.74,2162.9016,"2019-11-13",216
2020-06-16,"Late",17,"2020","71","Apertus",1,220,"Combined",1757.25833333333,258.74,2162.9016,"2019-11-13",216
2020-06-16,"Late",84,"2020","71","Capone",2,176,"Combined",1757.25833333333,258.74,2162.9016,"2019-11-13",216
2020-06-16,"Late",142,"2020","71","Capone",3,176,"Split",1757.25833333333,258.74,2162.9016,"2019-11-13",216
2020-06-16,"Late",69,"2020","71","Torrild",2,176,"Combined",1757.25833333333,258.74,2162.9016,"2019-11-13",216
2020-06-16,"Late",68,"2020","71","Apertus",2,176,"Combined",1757.25833333333,258.74,2162.9016,"2019-11-13",216
2020-06-16,"Late",16,"2020","71","Torrild",1,220,"Combined",1757.25833333333,258.74,2162.9016,"2019-11-13",216
2020-06-19,"Early",70,"2020","71","Pionier",2,176,"Combined",1976.06666666667,283.3,2320.69788,"2019-10-24",239
2020-06-19,"Early",190,"2020","71","Patras",3,220,"Combined",1976.06666666667,283.3,2320.69788,"2019-10-24",239
2020-06-19,"Early",75,"2020","71","Patras",2,176,"Combined",1976.06666666667,283.3,2320.69788,"2019-10-24",239
2020-06-19,"Early",113,"2020","71","Torrild",2,220,"Split",1976.06666666667,283.3,2320.69788,"2019-10-24",239
2020-06-19,"Early",115,"2020","71","Capone",2,220,"Combined",1976.06666666667,283.3,2320.69788,"2019-10-24",239
2020-06-19,"Early",42,"2020","71","Pionier",1,176,"Combined",1976.06666666667,283.3,2320.69788,"2019-10-24",239
2020-06-19,"Early",79,"2020","71","Alves",2,176,"Split",1976.06666666667,283.3,2320.69788,"2019-10-24",239
2020-06-19,"Early",63,"2020","71","Torrild",1,176,"Combined",1976.06666666667,283.3,2320.69788,"2019-10-24",239
2020-06-19,"Early",74,"2020","71","Esket",2,176,"Split",1976.06666666667,283.3,2320.69788,"2019-10-24",239
2020-06-19,"Early",120,"2020","71","Esket",2,220,"Split",1976.06666666667,283.3,2320.69788,"2019-10-24",239
2020-06-19,"Early",128,"2020","71","Capone",2,220,"Split",1976.06666666667,283.3,2320.69788,"2019-10-24",239
2020-06-19,"Early",132,"2020","71","Potenzial",3,176,"Split",1976.06666666667,283.3,2320.69788,"2019-10-24",239
2020-06-19,"Early",143,"2020","71","Potenzial",3,176,"Combined",1976.06666666667,283.3,2320.69788,"2019-10-24",239
2020-06-19,"Early",95,"2020","71","Apertus",2,176,"Split",1976.06666666667,283.3,2320.69788,"2019-10-24",239
2020-06-19,"Early",58,"2020","71","Capone",1,176,"Combined",1976.06666666667,283.3,2320.69788,"2019-10-24",239
2020-06-19,"Early",135,"2020","71","Alves",3,176,"Combined",1976.06666666667,283.3,2320.69788,"2019-10-24",239
2020-06-19,"Early",107,"2020","71","Esket",2,220,"Combined",1976.06666666667,283.3,2320.69788,"2019-10-24",239
2020-06-19,"Early",11,"2020","71","Torrild",1,220,"Split",1976.06666666667,283.3,2320.69788,"2019-10-24",239
2020-06-19,"Early",36,"2020","71","Patras",1,176,"Split",1976.06666666667,283.3,2320.69788,"2019-10-24",239
2020-06-19,"Early",31,"2020","71","Apertus",1,220,"Combined",1976.06666666667,283.3,2320.69788,"2019-10-24",239
2020-06-19,"Early",22,"2020","71","Alves",1,220,"Split",1976.06666666667,283.3,2320.69788,"2019-10-24",239
2020-06-19,"Early",126,"2020","71","Pionier",2,220,"Combined",1976.06666666667,283.3,2320.69788,"2019-10-24",239
2020-06-19,"Early",19,"2020","71","Pionier",1,220,"Split",1976.06666666667,283.3,2320.69788,"2019-10-24",239
2020-06-19,"Early",154,"2020","71","Esket",3,176,"Combined",1976.06666666667,283.3,2320.69788,"2019-10-24",239
2020-06-19,"Early",94,"2020","71","Apertus",2,176,"Combined",1976.06666666667,283.3,2320.69788,"2019-10-24",239
2020-06-19,"Early",182,"2020","71","Capone",3,220,"Combined",1976.06666666667,283.3,2320.69788,"2019-10-24",239
2020-06-19,"Early",87,"2020","71","Pionier",2,176,"Split",1976.06666666667,283.3,2320.69788,"2019-10-24",239
2020-06-19,"Early",151,"2020","71","Pionier",3,176,"Combined",1976.06666666667,283.3,2320.69788,"2019-10-24",239
2020-06-19,"Early",52,"2020","71","Apertus",1,176,"Split",1976.06666666667,283.3,2320.69788,"2019-10-24",239
2020-06-19,"Early",138,"2020","71","Capone",3,176,"Combined",1976.06666666667,283.3,2320.69788,"2019-10-24",239
2020-06-19,"Early",159,"2020","71","Torrild",3,176,"Combined",1976.06666666667,283.3,2320.69788,"2019-10-24",239
2020-06-19,"Early",61,"2020","71","Pionier",1,176,"Split",1976.06666666667,283.3,2320.69788,"2019-10-24",239
2020-06-19,"Early",50,"2020","71","Potenzial",1,176,"Combined",1976.06666666667,283.3,2320.69788,"2019-10-24",239
2020-06-19,"Early",53,"2020","71","Torrild",1,176,"Split",1976.06666666667,283.3,2320.69788,"2019-10-24",239
2020-06-19,"Early",34,"2020","71","Apertus",1,176,"Combined",1976.06666666667,283.3,2320.69788,"2019-10-24",239
2020-06-19,"Early",83,"2020","71","Potenzial",2,176,"Combined",1976.06666666667,283.3,2320.69788,"2019-10-24",239
2020-06-19,"Early",186,"2020","71","Torrild",3,220,"Split",1976.06666666667,283.3,2320.69788,"2019-10-24",239
2020-06-19,"Early",18,"2020","71","Torrild",1,220,"Combined",1976.06666666667,283.3,2320.69788,"2019-10-24",239
2020-06-19,"Early",10,"2020","71","Esket",1,220,"Combined",1976.06666666667,283.3,2320.69788,"2019-10-24",239
2020-06-19,"Early",112,"2020","71","Apertus",2,220,"Split",1976.06666666667,283.3,2320.69788,"2019-10-24",239
2020-06-19,"Early",104,"2020","71","Alves",2,220,"Split",1976.06666666667,283.3,2320.69788,"2019-10-24",239
2020-06-19,"Early",175,"2020","71","Apertus",3,220,"Split",1976.06666666667,283.3,2320.69788,"2019-10-24",239
2020-06-19,"Early",174,"2020","71","Torrild",3,220,"Combined",1976.06666666667,283.3,2320.69788,"2019-10-24",239
2020-06-19,"Early",44,"2020","71","Capone",1,176,"Split",1976.06666666667,283.3,2320.69788,"2019-10-24",239
2020-06-19,"Early",148,"2020","71","Pionier",3,176,"Split",1976.06666666667,283.3,2320.69788,"2019-10-24",239
2020-06-19,"Early",99,"2020","71","Alves",2,220,"Combined",1976.06666666667,283.3,2320.69788,"2019-10-24",239
2020-06-19,"Early",171,"2020","71","Pionier",3,220,"Combined",1976.06666666667,283.3,2320.69788,"2019-10-24",239
2020-06-19,"Early",45,"2020","71","Potenzial",1,176,"Split",1976.06666666667,283.3,2320.69788,"2019-10-24",239
2020-06-19,"Early",30,"2020","71","Capone",1,220,"Split",1976.06666666667,283.3,2320.69788,"2019-10-24",239
2020-06-19,"Early",23,"2020","71","Pionier",1,220,"Combined",1976.06666666667,283.3,2320.69788,"2019-10-24",239
2020-06-19,"Early",39,"2020","71","Alves",1,176,"Combined",1976.06666666667,283.3,2320.69788,"2019-10-24",239
2020-06-19,"Early",102,"2020","71","Apertus",2,220,"Combined",1976.06666666667,283.3,2320.69788,"2019-10-24",239
2020-06-19,"Early",60,"2020","71","Esket",1,176,"Split",1976.06666666667,283.3,2320.69788,"2019-10-24",239
2020-06-19,"Early",187,"2020","71","Potenzial",3,220,"Combined",1976.06666666667,283.3,2320.69788,"2019-10-24",239
2020-06-19,"Early",178,"2020","71","Pionier",3,220,"Split",1976.06666666667,283.3,2320.69788,"2019-10-24",239
2020-06-19,"Early",140,"2020","71","Alves",3,176,"Split",1976.06666666667,283.3,2320.69788,"2019-10-24",239
2020-06-19,"Early",37,"2020","71","Alves",1,176,"Split",1976.06666666667,283.3,2320.69788,"2019-10-24",239
2020-06-19,"Early",146,"2020","71","Apertus",3,176,"Combined",1976.06666666667,283.3,2320.69788,"2019-10-24",239
2020-06-19,"Early",121,"2020","71","Patras",2,220,"Split",1976.06666666667,283.3,2320.69788,"2019-10-24",239
2020-06-19,"Early",26,"2020","71","Patras",1,220,"Combined",1976.06666666667,283.3,2320.69788,"2019-10-24",239
2020-06-19,"Early",167,"2020","71","Esket",3,220,"Split",1976.06666666667,283.3,2320.69788,"2019-10-24",239
2020-06-19,"Early",191,"2020","71","Potenzial",3,220,"Split",1976.06666666667,283.3,2320.69788,"2019-10-24",239
2020-06-19,"Early",97,"2020","71","Potenzial",2,220,"Split",1976.06666666667,283.3,2320.69788,"2019-10-24",239
2020-06-19,"Early",105,"2020","71","Pionier",2,220,"Split",1976.06666666667,283.3,2320.69788,"2019-10-24",239
2020-06-19,"Early",55,"2020","71","Esket",1,176,"Combined",1976.06666666667,283.3,2320.69788,"2019-10-24",239
2020-06-19,"Early",118,"2020","71","Torrild",2,220,"Combined",1976.06666666667,283.3,2320.69788,"2019-10-24",239
2020-06-19,"Early",123,"2020","71","Patras",2,220,"Combined",1976.06666666667,283.3,2320.69788,"2019-10-24",239
2020-06-19,"Early",163,"2020","71","Esket",3,220,"Combined",1976.06666666667,283.3,2320.69788,"2019-10-24",239
2020-06-19,"Late",80,"2020","71","Esket",2,176,"Split",1814.33333333333,263.58,2218.22028,"2019-11-13",219
2020-06-19,"Late",77,"2020","71","Potenzial",2,176,"Combined",1814.33333333333,263.58,2218.22028,"2019-11-13",219
2020-06-19,"Late",109,"2020","71","Patras",2,220,"Combined",1814.33333333333,263.58,2218.22028,"2019-11-13",219
2020-06-19,"Late",89,"2020","71","Potenzial",2,176,"Split",1814.33333333333,263.58,2218.22028,"2019-11-13",219
2020-06-19,"Late",165,"2020","71","Patras",3,220,"Combined",1814.33333333333,263.58,2218.22028,"2019-11-13",219
2020-06-19,"Late",43,"2020","71","Esket",1,176,"Split",1814.33333333333,263.58,2218.22028,"2019-11-13",219
2020-06-19,"Late",145,"2020","71","Patras",3,176,"Combined",1814.33333333333,263.58,2218.22028,"2019-11-13",219
2020-06-19,"Late",189,"2020","71","Alves",3,220,"Combined",1814.33333333333,263.58,2218.22028,"2019-11-13",219
2020-06-19,"Late",96,"2020","71","Capone",2,176,"Split",1814.33333333333,263.58,2218.22028,"2019-11-13",219
2020-06-19,"Late",51,"2020","71","Alves",1,176,"Split",1814.33333333333,263.58,2218.22028,"2019-11-13",219
2020-06-19,"Late",20,"2020","71","Apertus",1,220,"Split",1814.33333333333,263.58,2218.22028,"2019-11-13",219
2020-06-19,"Late",160,"2020","71","Potenzial",3,176,"Combined",1814.33333333333,263.58,2218.22028,"2019-11-13",219
2020-06-19,"Late",46,"2020","71","Pionier",1,176,"Split",1814.33333333333,263.58,2218.22028,"2019-11-13",219
2020-06-19,"Late",25,"2020","71","Alves",1,220,"Combined",1814.33333333333,263.58,2218.22028,"2019-11-13",219
2020-06-19,"Late",1,"2020","71","Capone",1,220,"Combined",1814.33333333333,263.58,2218.22028,"2019-11-13",219
2020-06-19,"Late",24,"2020","71","Patras",1,220,"Combined",1814.33333333333,263.58,2218.22028,"2019-11-13",219
2020-06-19,"Late",38,"2020","71","Patras",1,176,"Split",1814.33333333333,263.58,2218.22028,"2019-11-13",219
2020-06-19,"Late",164,"2020","71","Torrild",3,220,"Combined",1814.33333333333,263.58,2218.22028,"2019-11-13",219
2020-06-19,"Late",56,"2020","71","Potenzial",1,176,"Combined",1814.33333333333,263.58,2218.22028,"2019-11-13",219
2020-06-19,"Late",180,"2020","71","Potenzial",3,220,"Combined",1814.33333333333,263.58,2218.22028,"2019-11-13",219
2020-06-19,"Late",124,"2020","71","Torrild",2,220,"Combined",1814.33333333333,263.58,2218.22028,"2019-11-13",219
2020-06-19,"Late",184,"2020","71","Esket",3,220,"Split",1814.33333333333,263.58,2218.22028,"2019-11-13",219
2020-06-19,"Late",62,"2020","71","Capone",1,176,"Split",1814.33333333333,263.58,2218.22028,"2019-11-13",219
2020-06-19,"Late",59,"2020","71","Apertus",1,176,"Split",1814.33333333333,263.58,2218.22028,"2019-11-13",219
2020-06-19,"Late",13,"2020","71","Pionier",1,220,"Split",1814.33333333333,263.58,2218.22028,"2019-11-13",219
2020-06-19,"Late",161,"2020","71","Potenzial",3,220,"Split",1814.33333333333,263.58,2218.22028,"2019-11-13",219
2020-06-19,"Late",41,"2020","71","Apertus",1,176,"Combined",1814.33333333333,263.58,2218.22028,"2019-11-13",219
2020-06-19,"Late",54,"2020","71","Potenzial",1,176,"Split",1814.33333333333,263.58,2218.22028,"2019-11-13",219
2020-06-19,"Late",73,"2020","71","Torrild",2,176,"Split",1814.33333333333,263.58,2218.22028,"2019-11-13",219
2020-06-19,"Late",48,"2020","71","Esket",1,176,"Combined",1814.33333333333,263.58,2218.22028,"2019-11-13",219
2020-06-19,"Late",122,"2020","71","Patras",2,220,"Split",1814.33333333333,263.58,2218.22028,"2019-11-13",219
2020-06-19,"Late",4,"2020","71","Alves",1,220,"Split",1814.33333333333,263.58,2218.22028,"2019-11-13",219
2020-06-19,"Late",177,"2020","71","Torrild",3,220,"Split",1814.33333333333,263.58,2218.22028,"2019-11-13",219
2020-06-19,"Late",125,"2020","71","Esket",2,220,"Combined",1814.33333333333,263.58,2218.22028,"2019-11-13",219
2020-06-19,"Late",92,"2020","71","Alves",2,176,"Combined",1814.33333333333,263.58,2218.22028,"2019-11-13",219
2020-06-19,"Late",88,"2020","71","Apertus",2,176,"Split",1814.33333333333,263.58,2218.22028,"2019-11-13",219
2020-06-19,"Late",76,"2020","71","Pionier",2,176,"Combined",1814.33333333333,263.58,2218.22028,"2019-11-13",219
2020-06-19,"Late",129,"2020","71","Capone",3,176,"Combined",1814.33333333333,263.58,2218.22028,"2019-11-13",219
2020-06-19,"Late",57,"2020","71","Alves",1,176,"Combined",1814.33333333333,263.58,2218.22028,"2019-11-13",219
2020-06-19,"Late",158,"2020","71","Esket",3,176,"Split",1814.33333333333,263.58,2218.22028,"2019-11-13",219
2020-06-19,"Late",85,"2020","71","Esket",2,176,"Combined",1814.33333333333,263.58,2218.22028,"2019-11-13",219
2020-06-19,"Late",155,"2020","71","Patras",3,176,"Split",1814.33333333333,263.58,2218.22028,"2019-11-13",219
2020-06-19,"Late",40,"2020","71","Torrild",1,176,"Combined",1814.33333333333,263.58,2218.22028,"2019-11-13",219
2020-06-19,"Late",114,"2020","71","Esket",2,220,"Split",1814.33333333333,263.58,2218.22028,"2019-11-13",219
2020-06-19,"Late",168,"2020","71","Pionier",3,220,"Split",1814.33333333333,263.58,2218.22028,"2019-11-13",219
2020-06-19,"Late",188,"2020","71","Pionier",3,220,"Combined",1814.33333333333,263.58,2218.22028,"2019-11-13",219
2020-06-19,"Late",98,"2020","71","Capone",2,220,"Split",1814.33333333333,263.58,2218.22028,"2019-11-13",219
2020-06-19,"Late",103,"2020","71","Alves",2,220,"Split",1814.33333333333,263.58,2218.22028,"2019-11-13",219
2020-06-19,"Late",152,"2020","71","Esket",3,176,"Combined",1814.33333333333,263.58,2218.22028,"2019-11-13",219
2020-06-19,"Late",81,"2020","71","Patras",2,176,"Split",1814.33333333333,263.58,2218.22028,"2019-11-13",219
2020-06-19,"Late",144,"2020","71","Torrild",3,176,"Combined",1814.33333333333,263.58,2218.22028,"2019-11-13",219
2020-06-19,"Late",181,"2020","71","Capone",3,220,"Combined",1814.33333333333,263.58,2218.22028,"2019-11-13",219
2020-06-19,"Late",131,"2020","71","Alves",3,176,"Split",1814.33333333333,263.58,2218.22028,"2019-11-13",219
2020-06-19,"Late",150,"2020","71","Apertus",3,176,"Split",1814.33333333333,263.58,2218.22028,"2019-11-13",219
2020-06-19,"Late",169,"2020","71","Alves",3,220,"Split",1814.33333333333,263.58,2218.22028,"2019-11-13",219
2020-06-19,"Late",116,"2020","71","Apertus",2,220,"Combined",1814.33333333333,263.58,2218.22028,"2019-11-13",219
2020-06-19,"Late",108,"2020","71","Pionier",2,220,"Combined",1814.33333333333,263.58,2218.22028,"2019-11-13",219
2020-06-19,"Late",49,"2020","71","Patras",1,176,"Combined",1814.33333333333,263.58,2218.22028,"2019-11-13",219
2020-06-19,"Late",147,"2020","71","Potenzial",3,176,"Split",1814.33333333333,263.58,2218.22028,"2019-11-13",219
2020-06-19,"Late",139,"2020","71","Torrild",3,176,"Split",1814.33333333333,263.58,2218.22028,"2019-11-13",219
2020-06-19,"Late",9,"2020","71","Pionier",1,220,"Combined",1814.33333333333,263.58,2218.22028,"2019-11-13",219
2020-06-19,"Late",65,"2020","71","Alves",2,176,"Split",1814.33333333333,263.58,2218.22028,"2019-11-13",219
2020-06-19,"Late",28,"2020","71","Potenzial",1,220,"Split",1814.33333333333,263.58,2218.22028,"2019-11-13",219
2020-06-19,"Late",100,"2020","71","Capone",2,220,"Combined",1814.33333333333,263.58,2218.22028,"2019-11-13",219
2020-06-19,"Late",153,"2020","71","Alves",3,176,"Combined",1814.33333333333,263.58,2218.22028,"2019-11-13",219
2020-06-19,"Late",21,"2020","71","Patras",1,220,"Split",1814.33333333333,263.58,2218.22028,"2019-11-13",219
2020-06-19,"Late",33,"2020","71","Pionier",1,176,"Combined",1814.33333333333,263.58,2218.22028,"2019-11-13",219
2020-06-19,"Late",173,"2020","71","Esket",3,220,"Combined",1814.33333333333,263.58,2218.22028,"2019-11-13",219
2020-06-19,"Late",8,"2020","71","Esket",1,220,"Combined",1814.33333333333,263.58,2218.22028,"2019-11-13",219
2020-06-19,"Late",64,"2020","71","Capone",1,176,"Combined",1814.33333333333,263.58,2218.22028,"2019-11-13",219
2020-06-19,"Late",127,"2020","71","Apertus",2,220,"Split",1814.33333333333,263.58,2218.22028,"2019-11-13",219
2020-06-19,"Late",119,"2020","71","Torrild",2,220,"Split",1814.33333333333,263.58,2218.22028,"2019-11-13",219
2020-06-19,"Late",101,"2020","71","Alves",2,220,"Combined",1814.33333333333,263.58,2218.22028,"2019-11-13",219
2020-06-19,"Late",106,"2020","71","Potenzial",2,220,"Split",1814.33333333333,263.58,2218.22028,"2019-11-13",219
2020-06-19,"Late",32,"2020","71","Potenzial",1,220,"Combined",1814.33333333333,263.58,2218.22028,"2019-11-13",219
2020-06-19,"Late",12,"2020","71","Esket",1,220,"Split",1814.33333333333,263.58,2218.22028,"2019-11-13",219
2020-06-19,"Late",172,"2020","71","Apertus",3,220,"Combined",1814.33333333333,263.58,2218.22028,"2019-11-13",219
2020-06-19,"Late",35,"2020","71","Torrild",1,176,"Split",1814.33333333333,263.58,2218.22028,"2019-11-13",219
2020-06-24,"Early",91,"2020","71","Esket",2,176,"Combined",2072.02916666667,283.37,2462.85648,"2019-10-24",244
2020-06-24,"Early",141,"2020","71","Esket",3,176,"Split",2072.02916666667,283.37,2462.85648,"2019-10-24",244
2020-06-24,"Early",27,"2020","71","Apertus",1,220,"Split",2072.02916666667,283.37,2462.85648,"2019-10-24",244
2020-06-24,"Early",110,"2020","71","Potenzial",2,220,"Combined",2072.02916666667,283.37,2462.85648,"2019-10-24",244
2020-06-24,"Late",134,"2020","71","Pionier",3,176,"Split",1910.29583333333,263.65,2360.37888,"2019-11-13",224
2020-06-24,"Late",29,"2020","71","Capone",1,220,"Split",1910.29583333333,263.65,2360.37888,"2019-11-13",224
2020-06-24,"Late",117,"2020","71","Potenzial",2,220,"Combined",1910.29583333333,263.65,2360.37888,"2019-11-13",224
2020-06-24,"Late",136,"2020","71","Pionier",3,176,"Combined",1910.29583333333,263.65,2360.37888,"2019-11-13",224
2020-06-24,"Late",185,"2020","71","Apertus",3,220,"Split",1910.29583333333,263.65,2360.37888,"2019-11-13",224
2020-06-24,"Late",72,"2020","71","Pionier",2,176,"Split",1910.29583333333,263.65,2360.37888,"2019-11-13",224
2020-06-24,"Late",111,"2020","71","Pionier",2,220,"Split",1910.29583333333,263.65,2360.37888,"2019-11-13",224
2020-06-26,"Early",71,"2020","77","Patras",2,176,"Split",2115.75416666667,283.4,2513.46708,"2019-10-24",246
2020-06-30,"Early",36,"2020","77","Patras",1,176,"Split",2190.89583333333,284.51,2584.62684,"2019-10-24",250
2020-06-30,"Early",47,"2020","77","Patras",1,176,"Combined",2190.89583333333,284.51,2584.62684,"2019-10-24",250
2020-06-30,"Early",186,"2020","77","Torrild",3,220,"Split",2190.89583333333,284.51,2584.62684,"2019-10-24",250
2020-06-30,"Early",132,"2020","77","Potenzial",3,176,"Split",2190.89583333333,284.51,2584.62684,"2019-10-24",250
2020-06-30,"Early",162,"2020","77","Patras",3,220,"Split",2190.89583333333,284.51,2584.62684,"2019-10-24",250
2020-06-30,"Early",83,"2020","77","Potenzial",2,176,"Combined",2190.89583333333,284.51,2584.62684,"2019-10-24",250
2020-06-30,"Early",107,"2020","77","Esket",2,220,"Combined",2190.89583333333,284.51,2584.62684,"2019-10-24",250
2020-06-30,"Early",22,"2020","77","Alves",1,220,"Split",2190.89583333333,284.51,2584.62684,"2019-10-24",250
2020-06-30,"Early",50,"2020","77","Potenzial",1,176,"Combined",2190.89583333333,284.51,2584.62684,"2019-10-24",250
2020-06-30,"Early",18,"2020","77","Torrild",1,220,"Combined",2190.89583333333,284.51,2584.62684,"2019-10-24",250
2020-06-30,"Early",113,"2020","77","Torrild",2,220,"Split",2190.89583333333,284.51,2584.62684,"2019-10-24",250
2020-06-30,"Early",112,"2020","77","Apertus",2,220,"Split",2190.89583333333,284.51,2584.62684,"2019-10-24",250
2020-06-30,"Early",86,"2020","77","Capone",2,176,"Combined",2190.89583333333,284.51,2584.62684,"2019-10-24",250
2020-06-30,"Early",2,"2020","77","Alves",1,220,"Combined",2190.89583333333,284.51,2584.62684,"2019-10-24",250
2020-06-30,"Early",95,"2020","77","Apertus",2,176,"Split",2190.89583333333,284.51,2584.62684,"2019-10-24",250
2020-06-30,"Early",74,"2020","77","Esket",2,176,"Split",2190.89583333333,284.51,2584.62684,"2019-10-24",250
2020-06-30,"Early",123,"2020","77","Patras",2,220,"Combined",2190.89583333333,284.51,2584.62684,"2019-10-24",250
2020-06-30,"Early",75,"2020","77","Patras",2,176,"Combined",2190.89583333333,284.51,2584.62684,"2019-10-24",250
2020-06-30,"Early",3,"2020","77","Esket",1,220,"Split",2190.89583333333,284.51,2584.62684,"2019-10-24",250
2020-06-30,"Early",58,"2020","77","Capone",1,176,"Combined",2190.89583333333,284.51,2584.62684,"2019-10-24",250
2020-06-30,"Early",37,"2020","77","Alves",1,176,"Split",2190.89583333333,284.51,2584.62684,"2019-10-24",250
2020-06-30,"Early",118,"2020","77","Torrild",2,220,"Combined",2190.89583333333,284.51,2584.62684,"2019-10-24",250
2020-06-30,"Early",55,"2020","77","Esket",1,176,"Combined",2190.89583333333,284.51,2584.62684,"2019-10-24",250
2020-06-30,"Early",159,"2020","77","Torrild",3,176,"Combined",2190.89583333333,284.51,2584.62684,"2019-10-24",250
2020-06-30,"Early",87,"2020","77","Pionier",2,176,"Split",2190.89583333333,284.51,2584.62684,"2019-10-24",250
2020-06-30,"Early",175,"2020","77","Apertus",3,220,"Split",2190.89583333333,284.51,2584.62684,"2019-10-24",250
2020-06-30,"Early",67,"2020","77","Torrild",2,176,"Combined",2190.89583333333,284.51,2584.62684,"2019-10-24",250
2020-06-30,"Early",78,"2020","77","Alves",2,176,"Combined",2190.89583333333,284.51,2584.62684,"2019-10-24",250
2020-06-30,"Early",44,"2020","77","Capone",1,176,"Split",2190.89583333333,284.51,2584.62684,"2019-10-24",250
2020-06-30,"Early",26,"2020","77","Patras",1,220,"Combined",2190.89583333333,284.51,2584.62684,"2019-10-24",250
2020-06-30,"Early",10,"2020","77","Esket",1,220,"Combined",2190.89583333333,284.51,2584.62684,"2019-10-24",250
2020-06-30,"Early",60,"2020","77","Esket",1,176,"Split",2190.89583333333,284.51,2584.62684,"2019-10-24",250
2020-06-30,"Early",140,"2020","77","Alves",3,176,"Split",2190.89583333333,284.51,2584.62684,"2019-10-24",250
2020-06-30,"Early",14,"2020","77","Patras",1,220,"Split",2190.89583333333,284.51,2584.62684,"2019-10-24",250
2020-06-30,"Early",170,"2020","77","Alves",3,220,"Split",2190.89583333333,284.51,2584.62684,"2019-10-24",250
2020-06-30,"Early",133,"2020","77","Torrild",3,176,"Split",2190.89583333333,284.51,2584.62684,"2019-10-24",250
2020-06-30,"Early",156,"2020","77","Apertus",3,176,"Split",2190.89583333333,284.51,2584.62684,"2019-10-24",250
2020-06-30,"Early",34,"2020","77","Apertus",1,176,"Combined",2190.89583333333,284.51,2584.62684,"2019-10-24",250
2020-06-30,"Early",52,"2020","77","Apertus",1,176,"Split",2190.89583333333,284.51,2584.62684,"2019-10-24",250
2020-06-30,"Early",94,"2020","77","Apertus",2,176,"Combined",2190.89583333333,284.51,2584.62684,"2019-10-24",250
2020-06-30,"Early",27,"2020","77","Apertus",1,220,"Split",2190.89583333333,284.51,2584.62684,"2019-10-24",250
2020-06-30,"Early",23,"2020","77","Pionier",1,220,"Combined",2190.89583333333,284.51,2584.62684,"2019-10-24",250
2020-06-30,"Early",99,"2020","77","Alves",2,220,"Combined",2190.89583333333,284.51,2584.62684,"2019-10-24",250
2020-06-30,"Early",90,"2020","77","Capone",2,176,"Split",2190.89583333333,284.51,2584.62684,"2019-10-24",250
2020-06-30,"Early",102,"2020","77","Apertus",2,220,"Combined",2190.89583333333,284.51,2584.62684,"2019-10-24",250
2020-06-30,"Late",43,"2020","77","Esket",1,176,"Split",2029.1625,264.79,2482.14924,"2019-11-13",230
2020-06-30,"Late",65,"2020","77","Alves",2,176,"Split",2029.1625,264.79,2482.14924,"2019-11-13",230
2020-06-30,"Late",20,"2020","77","Apertus",1,220,"Split",2029.1625,264.79,2482.14924,"2019-11-13",230
2020-06-30,"Late",16,"2020","77","Torrild",1,220,"Combined",2029.1625,264.79,2482.14924,"2019-11-13",230
2020-06-30,"Late",93,"2020","77","Patras",2,176,"Combined",2029.1625,264.79,2482.14924,"2019-11-13",230
2020-06-30,"Late",48,"2020","77","Esket",1,176,"Combined",2029.1625,264.79,2482.14924,"2019-11-13",230
2020-06-30,"Late",119,"2020","77","Torrild",2,220,"Split",2029.1625,264.79,2482.14924,"2019-11-13",230
2020-06-30,"Late",41,"2020","77","Apertus",1,176,"Combined",2029.1625,264.79,2482.14924,"2019-11-13",230
2020-06-30,"Late",38,"2020","77","Patras",1,176,"Split",2029.1625,264.79,2482.14924,"2019-11-13",230
2020-06-30,"Late",92,"2020","77","Alves",2,176,"Combined",2029.1625,264.79,2482.14924,"2019-11-13",230
2020-06-30,"Late",98,"2020","77","Capone",2,220,"Split",2029.1625,264.79,2482.14924,"2019-11-13",230
2020-06-30,"Late",88,"2020","77","Apertus",2,176,"Split",2029.1625,264.79,2482.14924,"2019-11-13",230
2020-06-30,"Late",49,"2020","77","Patras",1,176,"Combined",2029.1625,264.79,2482.14924,"2019-11-13",230
2020-06-30,"Late",29,"2020","77","Capone",1,220,"Split",2029.1625,264.79,2482.14924,"2019-11-13",230
2020-06-30,"Late",32,"2020","77","Potenzial",1,220,"Combined",2029.1625,264.79,2482.14924,"2019-11-13",230
2020-06-30,"Late",24,"2020","77","Patras",1,220,"Combined",2029.1625,264.79,2482.14924,"2019-11-13",230
2020-06-30,"Late",176,"2020","77","Patras",3,220,"Split",2029.1625,264.79,2482.14924,"2019-11-13",230
2020-06-30,"Late",21,"2020","77","Patras",1,220,"Split",2029.1625,264.79,2482.14924,"2019-11-13",230
2020-06-30,"Late",57,"2020","77","Alves",1,176,"Combined",2029.1625,264.79,2482.14924,"2019-11-13",230
2020-06-30,"Late",137,"2020","77","Apertus",3,176,"Combined",2029.1625,264.79,2482.14924,"2019-11-13",230
2020-06-30,"Late",46,"2020","77","Pionier",1,176,"Split",2029.1625,264.79,2482.14924,"2019-11-13",230
2020-06-30,"Late",172,"2020","77","Apertus",3,220,"Combined",2029.1625,264.79,2482.14924,"2019-11-13",230
2020-06-30,"Late",68,"2020","77","Apertus",2,176,"Combined",2029.1625,264.79,2482.14924,"2019-11-13",230
2020-06-30,"Late",189,"2020","77","Alves",3,220,"Combined",2029.1625,264.79,2482.14924,"2019-11-13",230
2020-06-30,"Late",40,"2020","77","Torrild",1,176,"Combined",2029.1625,264.79,2482.14924,"2019-11-13",230
2020-06-30,"Late",59,"2020","77","Apertus",1,176,"Split",2029.1625,264.79,2482.14924,"2019-11-13",230
2020-07-03,"Early",53,"2020","77","Torrild",1,176,"Split",2242.99583333333,302.1,2628.45036,"2019-10-24",253
2020-07-03,"Early",61,"2020","77","Pionier",1,176,"Split",2242.99583333333,302.1,2628.45036,"2019-10-24",253
2020-07-03,"Early",11,"2020","77","Torrild",1,220,"Split",2242.99583333333,302.1,2628.45036,"2019-10-24",253
2020-07-03,"Early",115,"2020","77","Capone",2,220,"Combined",2242.99583333333,302.1,2628.45036,"2019-10-24",253
2020-07-03,"Early",45,"2020","77","Potenzial",1,176,"Split",2242.99583333333,302.1,2628.45036,"2019-10-24",253
2020-07-03,"Early",149,"2020","77","Capone",3,176,"Split",2242.99583333333,302.1,2628.45036,"2019-10-24",253
2020-07-03,"Early",126,"2020","77","Pionier",2,220,"Combined",2242.99583333333,302.1,2628.45036,"2019-10-24",253
2020-07-03,"Early",82,"2020","77","Potenzial",2,176,"Split",2242.99583333333,302.1,2628.45036,"2019-10-24",253
2020-07-03,"Early",183,"2020","77","Capone",3,220,"Split",2242.99583333333,302.1,2628.45036,"2019-10-24",253
2020-07-03,"Early",104,"2020","77","Alves",2,220,"Split",2242.99583333333,302.1,2628.45036,"2019-10-24",253
2020-07-03,"Early",7,"2020","77","Potenzial",1,220,"Combined",2242.99583333333,302.1,2628.45036,"2019-10-24",253
2020-07-03,"Early",151,"2020","77","Pionier",3,176,"Combined",2242.99583333333,302.1,2628.45036,"2019-10-24",253
2020-07-03,"Early",182,"2020","77","Capone",3,220,"Combined",2242.99583333333,302.1,2628.45036,"2019-10-24",253
2020-07-03,"Early",187,"2020","77","Potenzial",3,220,"Combined",2242.99583333333,302.1,2628.45036,"2019-10-24",253
2020-07-03,"Early",190,"2020","77","Patras",3,220,"Combined",2242.99583333333,302.1,2628.45036,"2019-10-24",253
2020-07-03,"Early",121,"2020","77","Patras",2,220,"Split",2242.99583333333,302.1,2628.45036,"2019-10-24",253
2020-07-03,"Early",141,"2020","77","Esket",3,176,"Split",2242.99583333333,302.1,2628.45036,"2019-10-24",253
2020-07-03,"Early",120,"2020","77","Esket",2,220,"Split",2242.99583333333,302.1,2628.45036,"2019-10-24",253
2020-07-03,"Early",135,"2020","77","Alves",3,176,"Combined",2242.99583333333,302.1,2628.45036,"2019-10-24",253
2020-07-03,"Early",70,"2020","77","Pionier",2,176,"Combined",2242.99583333333,302.1,2628.45036,"2019-10-24",253
2020-07-03,"Early",138,"2020","77","Capone",3,176,"Combined",2242.99583333333,302.1,2628.45036,"2019-10-24",253
2020-07-03,"Early",166,"2020","77","Alves",3,220,"Combined",2242.99583333333,302.1,2628.45036,"2019-10-24",253
2020-07-03,"Early",31,"2020","77","Apertus",1,220,"Combined",2242.99583333333,302.1,2628.45036,"2019-10-24",253
2020-07-03,"Early",167,"2020","77","Esket",3,220,"Split",2242.99583333333,302.1,2628.45036,"2019-10-24",253
2020-07-03,"Early",179,"2020","77","Apertus",3,220,"Combined",2242.99583333333,302.1,2628.45036,"2019-10-24",253
2020-07-03,"Early",178,"2020","77","Pionier",3,220,"Split",2242.99583333333,302.1,2628.45036,"2019-10-24",253
2020-07-03,"Early",19,"2020","77","Pionier",1,220,"Split",2242.99583333333,302.1,2628.45036,"2019-10-24",253
2020-07-03,"Early",154,"2020","77","Esket",3,176,"Combined",2242.99583333333,302.1,2628.45036,"2019-10-24",253
2020-07-03,"Early",143,"2020","77","Potenzial",3,176,"Combined",2242.99583333333,302.1,2628.45036,"2019-10-24",253
2020-07-03,"Early",105,"2020","77","Pionier",2,220,"Split",2242.99583333333,302.1,2628.45036,"2019-10-24",253
2020-07-03,"Early",130,"2020","77","Patras",3,176,"Combined",2242.99583333333,302.1,2628.45036,"2019-10-24",253
2020-07-03,"Early",63,"2020","77","Torrild",1,176,"Combined",2242.99583333333,302.1,2628.45036,"2019-10-24",253
2020-07-03,"Early",110,"2020","77","Potenzial",2,220,"Combined",2242.99583333333,302.1,2628.45036,"2019-10-24",253
2020-07-03,"Early",191,"2020","77","Potenzial",3,220,"Split",2242.99583333333,302.1,2628.45036,"2019-10-24",253
2020-07-03,"Early",91,"2020","77","Esket",2,176,"Combined",2242.99583333333,302.1,2628.45036,"2019-10-24",253
2020-07-03,"Early",146,"2020","77","Apertus",3,176,"Combined",2242.99583333333,302.1,2628.45036,"2019-10-24",253
2020-07-03,"Early",66,"2020","77","Torrild",2,176,"Split",2242.99583333333,302.1,2628.45036,"2019-10-24",253
2020-07-03,"Early",30,"2020","77","Capone",1,220,"Split",2242.99583333333,302.1,2628.45036,"2019-10-24",253
2020-07-03,"Early",79,"2020","77","Alves",2,176,"Split",2242.99583333333,302.1,2628.45036,"2019-10-24",253
2020-07-03,"Early",157,"2020","77","Patras",3,176,"Split",2242.99583333333,302.1,2628.45036,"2019-10-24",253
2020-07-03,"Early",148,"2020","77","Pionier",3,176,"Split",2242.99583333333,302.1,2628.45036,"2019-10-24",253
2020-07-03,"Early",97,"2020","77","Potenzial",2,220,"Split",2242.99583333333,302.1,2628.45036,"2019-10-24",253
2020-07-03,"Early",6,"2020","77","Potenzial",1,220,"Split",2242.99583333333,302.1,2628.45036,"2019-10-24",253
2020-07-03,"Early",42,"2020","77","Pionier",1,176,"Combined",2242.99583333333,302.1,2628.45036,"2019-10-24",253
2020-07-03,"Early",163,"2020","77","Esket",3,220,"Combined",2242.99583333333,302.1,2628.45036,"2019-10-24",253
2020-07-03,"Early",39,"2020","77","Alves",1,176,"Combined",2242.99583333333,302.1,2628.45036,"2019-10-24",253
2020-07-03,"Early",174,"2020","77","Torrild",3,220,"Combined",2242.99583333333,302.1,2628.45036,"2019-10-24",253
2020-07-03,"Late",85,"2020","77","Esket",2,176,"Combined",2081.2625,282.38,2525.97276,"2019-11-13",233
2020-07-03,"Late",165,"2020","77","Patras",3,220,"Combined",2081.2625,282.38,2525.97276,"2019-11-13",233
2020-07-03,"Late",4,"2020","77","Alves",1,220,"Split",2081.2625,282.38,2525.97276,"2019-11-13",233
2020-07-03,"Late",125,"2020","77","Esket",2,220,"Combined",2081.2625,282.38,2525.97276,"2019-11-13",233
2020-07-03,"Late",81,"2020","77","Patras",2,176,"Split",2081.2625,282.38,2525.97276,"2019-11-13",233
2020-07-03,"Late",12,"2020","77","Esket",1,220,"Split",2081.2625,282.38,2525.97276,"2019-11-13",233
2020-07-03,"Late",124,"2020","77","Torrild",2,220,"Combined",2081.2625,282.38,2525.97276,"2019-11-13",233
2020-07-03,"Late",147,"2020","77","Potenzial",3,176,"Split",2081.2625,282.38,2525.97276,"2019-11-13",233
2020-07-03,"Late",106,"2020","77","Potenzial",2,220,"Split",2081.2625,282.38,2525.97276,"2019-11-13",233
2020-07-03,"Late",117,"2020","77","Potenzial",2,220,"Combined",2081.2625,282.38,2525.97276,"2019-11-13",233
2020-07-03,"Late",109,"2020","77","Patras",2,220,"Combined",2081.2625,282.38,2525.97276,"2019-11-13",233
2020-07-03,"Late",72,"2020","77","Pionier",2,176,"Split",2081.2625,282.38,2525.97276,"2019-11-13",233
2020-07-03,"Late",129,"2020","77","Capone",3,176,"Combined",2081.2625,282.38,2525.97276,"2019-11-13",233
2020-07-03,"Late",160,"2020","77","Potenzial",3,176,"Combined",2081.2625,282.38,2525.97276,"2019-11-13",233
2020-07-03,"Late",69,"2020","77","Torrild",2,176,"Combined",2081.2625,282.38,2525.97276,"2019-11-13",233
2020-07-03,"Late",150,"2020","77","Apertus",3,176,"Split",2081.2625,282.38,2525.97276,"2019-11-13",233
2020-07-03,"Late",80,"2020","77","Esket",2,176,"Split",2081.2625,282.38,2525.97276,"2019-11-13",233
2020-07-03,"Late",103,"2020","77","Alves",2,220,"Split",2081.2625,282.38,2525.97276,"2019-11-13",233
2020-07-03,"Late",17,"2020","77","Apertus",1,220,"Combined",2081.2625,282.38,2525.97276,"2019-11-13",233
2020-07-03,"Late",54,"2020","77","Potenzial",1,176,"Split",2081.2625,282.38,2525.97276,"2019-11-13",233
2020-07-03,"Late",114,"2020","77","Esket",2,220,"Split",2081.2625,282.38,2525.97276,"2019-11-13",233
2020-07-03,"Late",169,"2020","77","Alves",3,220,"Split",2081.2625,282.38,2525.97276,"2019-11-13",233
2020-07-03,"Late",139,"2020","77","Torrild",3,176,"Split",2081.2625,282.38,2525.97276,"2019-11-13",233
2020-07-03,"Late",9,"2020","77","Pionier",1,220,"Combined",2081.2625,282.38,2525.97276,"2019-11-13",233
2020-07-03,"Late",5,"2020","77","Torrild",1,220,"Split",2081.2625,282.38,2525.97276,"2019-11-13",233
2020-07-03,"Late",158,"2020","77","Esket",3,176,"Split",2081.2625,282.38,2525.97276,"2019-11-13",233
2020-07-03,"Late",180,"2020","77","Potenzial",3,220,"Combined",2081.2625,282.38,2525.97276,"2019-11-13",233
2020-07-03,"Late",108,"2020","77","Pionier",2,220,"Combined",2081.2625,282.38,2525.97276,"2019-11-13",233
2020-07-03,"Late",184,"2020","77","Esket",3,220,"Split",2081.2625,282.38,2525.97276,"2019-11-13",233
2020-07-03,"Late",164,"2020","77","Torrild",3,220,"Combined",2081.2625,282.38,2525.97276,"2019-11-13",233
2020-07-03,"Late",101,"2020","77","Alves",2,220,"Combined",2081.2625,282.38,2525.97276,"2019-11-13",233
2020-07-03,"Late",168,"2020","77","Pionier",3,220,"Split",2081.2625,282.38,2525.97276,"2019-11-13",233
2020-07-03,"Late",51,"2020","77","Alves",1,176,"Split",2081.2625,282.38,2525.97276,"2019-11-13",233
2020-07-03,"Late",62,"2020","77","Capone",1,176,"Split",2081.2625,282.38,2525.97276,"2019-11-13",233
2020-07-03,"Late",35,"2020","77","Torrild",1,176,"Split",2081.2625,282.38,2525.97276,"2019-11-13",233
2020-07-03,"Late",142,"2020","77","Capone",3,176,"Split",2081.2625,282.38,2525.97276,"2019-11-13",233
2020-07-03,"Late",73,"2020","77","Torrild",2,176,"Split",2081.2625,282.38,2525.97276,"2019-11-13",233
2020-07-03,"Late",145,"2020","77","Patras",3,176,"Combined",2081.2625,282.38,2525.97276,"2019-11-13",233
2020-07-03,"Late",25,"2020","77","Alves",1,220,"Combined",2081.2625,282.38,2525.97276,"2019-11-13",233
2020-07-03,"Late",96,"2020","77","Capone",2,176,"Split",2081.2625,282.38,2525.97276,"2019-11-13",233
2020-07-03,"Late",111,"2020","77","Pionier",2,220,"Split",2081.2625,282.38,2525.97276,"2019-11-13",233
2020-07-03,"Late",177,"2020","77","Torrild",3,220,"Split",2081.2625,282.38,2525.97276,"2019-11-13",233
2020-07-03,"Late",76,"2020","77","Pionier",2,176,"Combined",2081.2625,282.38,2525.97276,"2019-11-13",233
2020-07-03,"Late",77,"2020","77","Potenzial",2,176,"Combined",2081.2625,282.38,2525.97276,"2019-11-13",233
2020-07-03,"Late",173,"2020","77","Esket",3,220,"Combined",2081.2625,282.38,2525.97276,"2019-11-13",233
2020-07-03,"Late",127,"2020","77","Apertus",2,220,"Split",2081.2625,282.38,2525.97276,"2019-11-13",233
2020-07-03,"Late",155,"2020","77","Patras",3,176,"Split",2081.2625,282.38,2525.97276,"2019-11-13",233
2020-07-03,"Late",122,"2020","77","Patras",2,220,"Split",2081.2625,282.38,2525.97276,"2019-11-13",233
2020-07-03,"Late",161,"2020","77","Potenzial",3,220,"Split",2081.2625,282.38,2525.97276,"2019-11-13",233
2020-07-03,"Late",89,"2020","77","Potenzial",2,176,"Split",2081.2625,282.38,2525.97276,"2019-11-13",233
2020-07-03,"Late",134,"2020","77","Pionier",3,176,"Split",2081.2625,282.38,2525.97276,"2019-11-13",233
2020-07-03,"Late",144,"2020","77","Torrild",3,176,"Combined",2081.2625,282.38,2525.97276,"2019-11-13",233
2020-07-03,"Late",152,"2020","77","Esket",3,176,"Combined",2081.2625,282.38,2525.97276,"2019-11-13",233
2020-07-03,"Late",84,"2020","77","Capone",2,176,"Combined",2081.2625,282.38,2525.97276,"2019-11-13",233
2020-07-03,"Late",131,"2020","77","Alves",3,176,"Split",2081.2625,282.38,2525.97276,"2019-11-13",233
2020-07-03,"Late",13,"2020","77","Pionier",1,220,"Split",2081.2625,282.38,2525.97276,"2019-11-13",233
2020-07-03,"Late",100,"2020","77","Capone",2,220,"Combined",2081.2625,282.38,2525.97276,"2019-11-13",233
2020-07-03,"Late",56,"2020","77","Potenzial",1,176,"Combined",2081.2625,282.38,2525.97276,"2019-11-13",233
2020-07-03,"Late",136,"2020","77","Pionier",3,176,"Combined",2081.2625,282.38,2525.97276,"2019-11-13",233
2020-07-03,"Late",181,"2020","77","Capone",3,220,"Combined",2081.2625,282.38,2525.97276,"2019-11-13",233
2020-07-03,"Late",153,"2020","77","Alves",3,176,"Combined",2081.2625,282.38,2525.97276,"2019-11-13",233
2020-07-03,"Late",116,"2020","77","Apertus",2,220,"Combined",2081.2625,282.38,2525.97276,"2019-11-13",233
2020-07-03,"Late",185,"2020","77","Apertus",3,220,"Split",2081.2625,282.38,2525.97276,"2019-11-13",233
2020-07-07,"Early",15,"2020","77","Capone",1,220,"Combined",2311.28333333333,303.9,2688.89112,"2019-10-24",257
2020-07-07,"Early",128,"2020","77","Capone",2,220,"Split",2311.28333333333,303.9,2688.89112,"2019-10-24",257
2020-07-07,"Early",171,"2020","77","Pionier",3,220,"Combined",2311.28333333333,303.9,2688.89112,"2019-10-24",257
2020-07-07,"Late",33,"2020","77","Pionier",1,176,"Combined",2149.55,284.18,2586.41352,"2019-11-13",237
2020-07-07,"Late",8,"2020","77","Esket",1,220,"Combined",2149.55,284.18,2586.41352,"2019-11-13",237
2020-07-07,"Late",64,"2020","77","Capone",1,176,"Combined",2149.55,284.18,2586.41352,"2019-11-13",237
2020-07-07,"Late",192,"2020","77","Capone",3,220,"Split",2149.55,284.18,2586.41352,"2019-11-13",237
2020-07-07,"Late",28,"2020","77","Potenzial",1,220,"Split",2149.55,284.18,2586.41352,"2019-11-13",237
2020-07-07,"Late",188,"2020","77","Pionier",3,220,"Combined",2149.55,284.18,2586.41352,"2019-11-13",237
2020-07-07,"Late",1,"2020","77","Capone",1,220,"Combined",2149.55,284.18,2586.41352,"2019-11-13",237
2020-07-15,"Early",75,"2020","87","Patras",2,176,"Combined",2436.80833333333,319.94,2817.3888,"2019-10-24",265
2020-07-15,"Early",138,"2020","87","Capone",3,176,"Combined",2436.80833333333,319.94,2817.3888,"2019-10-24",265
2020-07-15,"Early",63,"2020","87","Torrild",1,176,"Combined",2436.80833333333,319.94,2817.3888,"2019-10-24",265
2020-07-15,"Early",162,"2020","87","Patras",3,220,"Split",2436.80833333333,319.94,2817.3888,"2019-10-24",265
2020-07-15,"Early",154,"2020","87","Esket",3,176,"Combined",2436.80833333333,319.94,2817.3888,"2019-10-24",265
2020-07-15,"Early",130,"2020","87","Patras",3,176,"Combined",2436.80833333333,319.94,2817.3888,"2019-10-24",265
2020-07-15,"Early",39,"2020","87","Alves",1,176,"Combined",2436.80833333333,319.94,2817.3888,"2019-10-24",265
2020-07-15,"Early",47,"2020","87","Patras",1,176,"Combined",2436.80833333333,319.94,2817.3888,"2019-10-24",265
2020-07-15,"Early",71,"2020","87","Patras",2,176,"Split",2436.80833333333,319.94,2817.3888,"2019-10-24",265
2020-07-15,"Early",143,"2020","87","Potenzial",3,176,"Combined",2436.80833333333,319.94,2817.3888,"2019-10-24",265
2020-07-15,"Early",186,"2020","87","Torrild",3,220,"Split",2436.80833333333,319.94,2817.3888,"2019-10-24",265
2020-07-15,"Early",22,"2020","87","Alves",1,220,"Split",2436.80833333333,319.94,2817.3888,"2019-10-24",265
2020-07-15,"Early",175,"2020","87","Apertus",3,220,"Split",2436.80833333333,319.94,2817.3888,"2019-10-24",265
2020-07-15,"Early",82,"2020","87","Potenzial",2,176,"Split",2436.80833333333,319.94,2817.3888,"2019-10-24",265
2020-07-15,"Early",159,"2020","87","Torrild",3,176,"Combined",2436.80833333333,319.94,2817.3888,"2019-10-24",265
2020-07-15,"Early",156,"2020","87","Apertus",3,176,"Split",2436.80833333333,319.94,2817.3888,"2019-10-24",265
2020-07-15,"Early",91,"2020","87","Esket",2,176,"Combined",2436.80833333333,319.94,2817.3888,"2019-10-24",265
2020-07-15,"Early",83,"2020","87","Potenzial",2,176,"Combined",2436.80833333333,319.94,2817.3888,"2019-10-24",265
2020-07-15,"Early",18,"2020","87","Torrild",1,220,"Combined",2436.80833333333,319.94,2817.3888,"2019-10-24",265
2020-07-15,"Early",14,"2020","87","Patras",1,220,"Split",2436.80833333333,319.94,2817.3888,"2019-10-24",265
2020-07-15,"Early",157,"2020","87","Patras",3,176,"Split",2436.80833333333,319.94,2817.3888,"2019-10-24",265
2020-07-15,"Early",118,"2020","87","Torrild",2,220,"Combined",2436.80833333333,319.94,2817.3888,"2019-10-24",265
2020-07-15,"Early",2,"2020","87","Alves",1,220,"Combined",2436.80833333333,319.94,2817.3888,"2019-10-24",265
2020-07-15,"Early",132,"2020","87","Potenzial",3,176,"Split",2436.80833333333,319.94,2817.3888,"2019-10-24",265
2020-07-15,"Early",78,"2020","87","Alves",2,176,"Combined",2436.80833333333,319.94,2817.3888,"2019-10-24",265
2020-07-15,"Early",7,"2020","87","Potenzial",1,220,"Combined",2436.80833333333,319.94,2817.3888,"2019-10-24",265
2020-07-15,"Early",36,"2020","87","Patras",1,176,"Split",2436.80833333333,319.94,2817.3888,"2019-10-24",265
2020-07-15,"Early",79,"2020","87","Alves",2,176,"Split",2436.80833333333,319.94,2817.3888,"2019-10-24",265
2020-07-15,"Early",166,"2020","87","Alves",3,220,"Combined",2436.80833333333,319.94,2817.3888,"2019-10-24",265
2020-07-15,"Early",53,"2020","87","Torrild",1,176,"Split",2436.80833333333,319.94,2817.3888,"2019-10-24",265
2020-07-15,"Early",37,"2020","87","Alves",1,176,"Split",2436.80833333333,319.94,2817.3888,"2019-10-24",265
2020-07-15,"Early",146,"2020","87","Apertus",3,176,"Combined",2436.80833333333,319.94,2817.3888,"2019-10-24",265
2020-07-15,"Early",135,"2020","87","Alves",3,176,"Combined",2436.80833333333,319.94,2817.3888,"2019-10-24",265
2020-07-15,"Early",170,"2020","87","Alves",3,220,"Split",2436.80833333333,319.94,2817.3888,"2019-10-24",265
2020-07-15,"Early",66,"2020","87","Torrild",2,176,"Split",2436.80833333333,319.94,2817.3888,"2019-10-24",265
2020-07-15,"Early",167,"2020","87","Esket",3,220,"Split",2436.80833333333,319.94,2817.3888,"2019-10-24",265
2020-07-15,"Early",3,"2020","87","Esket",1,220,"Split",2436.80833333333,319.94,2817.3888,"2019-10-24",265
2020-07-15,"Early",95,"2020","87","Apertus",2,176,"Split",2436.80833333333,319.94,2817.3888,"2019-10-24",265
2020-07-15,"Early",110,"2020","87","Potenzial",2,220,"Combined",2436.80833333333,319.94,2817.3888,"2019-10-24",265
2020-07-15,"Early",87,"2020","87","Pionier",2,176,"Split",2436.80833333333,319.94,2817.3888,"2019-10-24",265
2020-07-15,"Early",10,"2020","87","Esket",1,220,"Combined",2436.80833333333,319.94,2817.3888,"2019-10-24",265
2020-07-15,"Early",133,"2020","87","Torrild",3,176,"Split",2436.80833333333,319.94,2817.3888,"2019-10-24",265
2020-07-15,"Early",104,"2020","87","Alves",2,220,"Split",2436.80833333333,319.94,2817.3888,"2019-10-24",265
2020-07-15,"Early",99,"2020","87","Alves",2,220,"Combined",2436.80833333333,319.94,2817.3888,"2019-10-24",265
2020-07-15,"Early",123,"2020","87","Patras",2,220,"Combined",2436.80833333333,319.94,2817.3888,"2019-10-24",265
2020-07-15,"Early",140,"2020","87","Alves",3,176,"Split",2436.80833333333,319.94,2817.3888,"2019-10-24",265
2020-07-15,"Late",40,"2020","87","Torrild",1,176,"Combined",2275.075,300.22,2714.9112,"2019-11-13",245
2020-07-15,"Late",189,"2020","87","Alves",3,220,"Combined",2275.075,300.22,2714.9112,"2019-11-13",245
2020-07-15,"Late",92,"2020","87","Alves",2,176,"Combined",2275.075,300.22,2714.9112,"2019-11-13",245
2020-07-15,"Late",147,"2020","87","Potenzial",3,176,"Split",2275.075,300.22,2714.9112,"2019-11-13",245
2020-07-15,"Late",57,"2020","87","Alves",1,176,"Combined",2275.075,300.22,2714.9112,"2019-11-13",245
2020-07-15,"Late",4,"2020","87","Alves",1,220,"Split",2275.075,300.22,2714.9112,"2019-11-13",245
2020-07-15,"Late",131,"2020","87","Alves",3,176,"Split",2275.075,300.22,2714.9112,"2019-11-13",245
2020-07-15,"Late",103,"2020","87","Alves",2,220,"Split",2275.075,300.22,2714.9112,"2019-11-13",245
2020-07-15,"Late",150,"2020","87","Apertus",3,176,"Split",2275.075,300.22,2714.9112,"2019-11-13",245
2020-07-15,"Late",155,"2020","87","Patras",3,176,"Split",2275.075,300.22,2714.9112,"2019-11-13",245
2020-07-15,"Late",69,"2020","87","Torrild",2,176,"Combined",2275.075,300.22,2714.9112,"2019-11-13",245
2020-07-15,"Late",85,"2020","87","Esket",2,176,"Combined",2275.075,300.22,2714.9112,"2019-11-13",245
2020-07-15,"Late",169,"2020","87","Alves",3,220,"Split",2275.075,300.22,2714.9112,"2019-11-13",245
2020-07-15,"Late",161,"2020","87","Potenzial",3,220,"Split",2275.075,300.22,2714.9112,"2019-11-13",245
2020-07-15,"Late",16,"2020","87","Torrild",1,220,"Combined",2275.075,300.22,2714.9112,"2019-11-13",245
2020-07-15,"Late",139,"2020","87","Torrild",3,176,"Split",2275.075,300.22,2714.9112,"2019-11-13",245
2020-07-17,"Early",151,"2020","87","Pionier",3,176,"Combined",2469.25416666667,319.94,2852.67744,"2019-10-24",267
2020-07-17,"Early",94,"2020","87","Apertus",2,176,"Combined",2469.25416666667,319.94,2852.67744,"2019-10-24",267
2020-07-17,"Early",6,"2020","87","Potenzial",1,220,"Split",2469.25416666667,319.94,2852.67744,"2019-10-24",267
2020-07-17,"Early",74,"2020","87","Esket",2,176,"Split",2469.25416666667,319.94,2852.67744,"2019-10-24",267
2020-07-17,"Early",11,"2020","87","Torrild",1,220,"Split",2469.25416666667,319.94,2852.67744,"2019-10-24",267
2020-07-17,"Early",141,"2020","87","Esket",3,176,"Split",2469.25416666667,319.94,2852.67744,"2019-10-24",267
2020-07-17,"Early",148,"2020","87","Pionier",3,176,"Split",2469.25416666667,319.94,2852.67744,"2019-10-24",267
2020-07-17,"Early",107,"2020","87","Esket",2,220,"Combined",2469.25416666667,319.94,2852.67744,"2019-10-24",267
2020-07-17,"Early",60,"2020","87","Esket",1,176,"Split",2469.25416666667,319.94,2852.67744,"2019-10-24",267
2020-07-17,"Early",97,"2020","87","Potenzial",2,220,"Split",2469.25416666667,319.94,2852.67744,"2019-10-24",267
2020-07-17,"Early",67,"2020","87","Torrild",2,176,"Combined",2469.25416666667,319.94,2852.67744,"2019-10-24",267
2020-07-17,"Early",70,"2020","87","Pionier",2,176,"Combined",2469.25416666667,319.94,2852.67744,"2019-10-24",267
2020-07-17,"Early",34,"2020","87","Apertus",1,176,"Combined",2469.25416666667,319.94,2852.67744,"2019-10-24",267
2020-07-17,"Early",58,"2020","87","Capone",1,176,"Combined",2469.25416666667,319.94,2852.67744,"2019-10-24",267
2020-07-17,"Early",102,"2020","87","Apertus",2,220,"Combined",2469.25416666667,319.94,2852.67744,"2019-10-24",267
2020-07-17,"Early",50,"2020","87","Potenzial",1,176,"Combined",2469.25416666667,319.94,2852.67744,"2019-10-24",267
2020-07-17,"Early",55,"2020","87","Esket",1,176,"Combined",2469.25416666667,319.94,2852.67744,"2019-10-24",267
2020-07-17,"Early",26,"2020","87","Patras",1,220,"Combined",2469.25416666667,319.94,2852.67744,"2019-10-24",267
2020-07-17,"Late",54,"2020","87","Potenzial",1,176,"Split",2307.52083333333,300.22,2750.19984,"2019-11-13",247
2020-07-17,"Late",38,"2020","87","Patras",1,176,"Split",2307.52083333333,300.22,2750.19984,"2019-11-13",247
2020-07-17,"Late",106,"2020","87","Potenzial",2,220,"Split",2307.52083333333,300.22,2750.19984,"2019-11-13",247
2020-07-17,"Late",124,"2020","87","Torrild",2,220,"Combined",2307.52083333333,300.22,2750.19984,"2019-11-13",247
2020-07-17,"Late",81,"2020","87","Patras",2,176,"Split",2307.52083333333,300.22,2750.19984,"2019-11-13",247
2020-07-17,"Late",5,"2020","87","Torrild",1,220,"Split",2307.52083333333,300.22,2750.19984,"2019-11-13",247
2020-07-17,"Late",35,"2020","87","Torrild",1,176,"Split",2307.52083333333,300.22,2750.19984,"2019-11-13",247
2020-07-17,"Late",32,"2020","87","Potenzial",1,220,"Combined",2307.52083333333,300.22,2750.19984,"2019-11-13",247
2020-07-17,"Late",49,"2020","87","Patras",1,176,"Combined",2307.52083333333,300.22,2750.19984,"2019-11-13",247
2020-07-17,"Late",153,"2020","87","Alves",3,176,"Combined",2307.52083333333,300.22,2750.19984,"2019-11-13",247
2020-07-17,"Late",28,"2020","87","Potenzial",1,220,"Split",2307.52083333333,300.22,2750.19984,"2019-11-13",247
2020-07-17,"Late",144,"2020","87","Torrild",3,176,"Combined",2307.52083333333,300.22,2750.19984,"2019-11-13",247
2020-07-17,"Late",73,"2020","87","Torrild",2,176,"Split",2307.52083333333,300.22,2750.19984,"2019-11-13",247
2020-07-17,"Late",160,"2020","87","Potenzial",3,176,"Combined",2307.52083333333,300.22,2750.19984,"2019-11-13",247
2020-07-17,"Late",8,"2020","87","Esket",1,220,"Combined",2307.52083333333,300.22,2750.19984,"2019-11-13",247
2020-07-17,"Late",165,"2020","87","Patras",3,220,"Combined",2307.52083333333,300.22,2750.19984,"2019-11-13",247
2020-07-17,"Late",25,"2020","87","Alves",1,220,"Combined",2307.52083333333,300.22,2750.19984,"2019-11-13",247
2020-07-20,"Early",19,"2020","87","Pionier",1,220,"Split",2527.46666666667,321.66,2908.6758,"2019-10-24",270
2020-07-20,"Early",149,"2020","87","Capone",3,176,"Split",2527.46666666667,321.66,2908.6758,"2019-10-24",270
2020-07-20,"Early",126,"2020","87","Pionier",2,220,"Combined",2527.46666666667,321.66,2908.6758,"2019-10-24",270
2020-07-20,"Early",121,"2020","87","Patras",2,220,"Split",2527.46666666667,321.66,2908.6758,"2019-10-24",270
2020-07-20,"Early",23,"2020","87","Pionier",1,220,"Combined",2527.46666666667,321.66,2908.6758,"2019-10-24",270
2020-07-20,"Early",30,"2020","87","Capone",1,220,"Split",2527.46666666667,321.66,2908.6758,"2019-10-24",270
2020-07-20,"Early",42,"2020","87","Pionier",1,176,"Combined",2527.46666666667,321.66,2908.6758,"2019-10-24",270
2020-07-20,"Early",183,"2020","87","Capone",3,220,"Split",2527.46666666667,321.66,2908.6758,"2019-10-24",270
2020-07-20,"Early",52,"2020","87","Apertus",1,176,"Split",2527.46666666667,321.66,2908.6758,"2019-10-24",270
2020-07-20,"Early",15,"2020","87","Capone",1,220,"Combined",2527.46666666667,321.66,2908.6758,"2019-10-24",270
2020-07-20,"Early",120,"2020","87","Esket",2,220,"Split",2527.46666666667,321.66,2908.6758,"2019-10-24",270
2020-07-20,"Early",44,"2020","87","Capone",1,176,"Split",2527.46666666667,321.66,2908.6758,"2019-10-24",270
2020-07-20,"Early",191,"2020","87","Potenzial",3,220,"Split",2527.46666666667,321.66,2908.6758,"2019-10-24",270
2020-07-20,"Early",187,"2020","87","Potenzial",3,220,"Combined",2527.46666666667,321.66,2908.6758,"2019-10-24",270
2020-07-20,"Early",61,"2020","87","Pionier",1,176,"Split",2527.46666666667,321.66,2908.6758,"2019-10-24",270
2020-07-20,"Early",45,"2020","87","Potenzial",1,176,"Split",2527.46666666667,321.66,2908.6758,"2019-10-24",270
2020-07-20,"Early",113,"2020","87","Torrild",2,220,"Split",2527.46666666667,321.66,2908.6758,"2019-10-24",270
2020-07-20,"Early",90,"2020","87","Capone",2,176,"Split",2527.46666666667,321.66,2908.6758,"2019-10-24",270
2020-07-20,"Early",178,"2020","87","Pionier",3,220,"Split",2527.46666666667,321.66,2908.6758,"2019-10-24",270
2020-07-20,"Early",190,"2020","87","Patras",3,220,"Combined",2527.46666666667,321.66,2908.6758,"2019-10-24",270
2020-07-20,"Early",86,"2020","87","Capone",2,176,"Combined",2527.46666666667,321.66,2908.6758,"2019-10-24",270
2020-07-20,"Early",163,"2020","87","Esket",3,220,"Combined",2527.46666666667,321.66,2908.6758,"2019-10-24",270
2020-07-20,"Late",158,"2020","87","Esket",3,176,"Split",2365.73333333333,301.94,2806.1982,"2019-11-13",250
2020-07-20,"Late",127,"2020","87","Apertus",2,220,"Split",2365.73333333333,301.94,2806.1982,"2019-11-13",250
2020-07-20,"Late",33,"2020","87","Pionier",1,176,"Combined",2365.73333333333,301.94,2806.1982,"2019-11-13",250
2020-07-20,"Late",125,"2020","87","Esket",2,220,"Combined",2365.73333333333,301.94,2806.1982,"2019-11-13",250
2020-07-20,"Late",48,"2020","87","Esket",1,176,"Combined",2365.73333333333,301.94,2806.1982,"2019-11-13",250
2020-07-20,"Late",93,"2020","87","Patras",2,176,"Combined",2365.73333333333,301.94,2806.1982,"2019-11-13",250
2020-07-20,"Late",76,"2020","87","Pionier",2,176,"Combined",2365.73333333333,301.94,2806.1982,"2019-11-13",250
2020-07-20,"Late",64,"2020","87","Capone",1,176,"Combined",2365.73333333333,301.94,2806.1982,"2019-11-13",250
2020-07-20,"Late",188,"2020","87","Pionier",3,220,"Combined",2365.73333333333,301.94,2806.1982,"2019-11-13",250
2020-07-20,"Late",145,"2020","87","Patras",3,176,"Combined",2365.73333333333,301.94,2806.1982,"2019-11-13",250
2020-07-20,"Late",173,"2020","87","Esket",3,220,"Combined",2365.73333333333,301.94,2806.1982,"2019-11-13",250
2020-07-20,"Late",129,"2020","87","Capone",3,176,"Combined",2365.73333333333,301.94,2806.1982,"2019-11-13",250
2020-07-20,"Late",24,"2020","87","Patras",1,220,"Combined",2365.73333333333,301.94,2806.1982,"2019-11-13",250
2020-07-20,"Late",56,"2020","87","Potenzial",1,176,"Combined",2365.73333333333,301.94,2806.1982,"2019-11-13",250
2020-07-20,"Late",59,"2020","87","Apertus",1,176,"Split",2365.73333333333,301.94,2806.1982,"2019-11-13",250
2020-07-20,"Late",109,"2020","87","Patras",2,220,"Combined",2365.73333333333,301.94,2806.1982,"2019-11-13",250
2020-07-20,"Late",164,"2020","87","Torrild",3,220,"Combined",2365.73333333333,301.94,2806.1982,"2019-11-13",250
2020-07-20,"Late",77,"2020","87","Potenzial",2,176,"Combined",2365.73333333333,301.94,2806.1982,"2019-11-13",250
2020-07-20,"Late",119,"2020","87","Torrild",2,220,"Split",2365.73333333333,301.94,2806.1982,"2019-11-13",250
2020-07-20,"Late",68,"2020","87","Apertus",2,176,"Combined",2365.73333333333,301.94,2806.1982,"2019-11-13",250
2020-07-20,"Late",114,"2020","87","Esket",2,220,"Split",2365.73333333333,301.94,2806.1982,"2019-11-13",250
2020-07-20,"Late",20,"2020","87","Apertus",1,220,"Split",2365.73333333333,301.94,2806.1982,"2019-11-13",250
2020-07-20,"Late",41,"2020","87","Apertus",1,176,"Combined",2365.73333333333,301.94,2806.1982,"2019-11-13",250
2020-07-20,"Late",65,"2020","87","Alves",2,176,"Split",2365.73333333333,301.94,2806.1982,"2019-11-13",250
2020-07-20,"Late",134,"2020","87","Pionier",3,176,"Split",2365.73333333333,301.94,2806.1982,"2019-11-13",250
2020-07-20,"Late",185,"2020","87","Apertus",3,220,"Split",2365.73333333333,301.94,2806.1982,"2019-11-13",250
2020-07-20,"Late",101,"2020","87","Alves",2,220,"Combined",2365.73333333333,301.94,2806.1982,"2019-11-13",250
2020-07-20,"Late",80,"2020","87","Esket",2,176,"Split",2365.73333333333,301.94,2806.1982,"2019-11-13",250
2020-07-20,"Late",21,"2020","87","Patras",1,220,"Split",2365.73333333333,301.94,2806.1982,"2019-11-13",250
2020-07-20,"Late",122,"2020","87","Patras",2,220,"Split",2365.73333333333,301.94,2806.1982,"2019-11-13",250
2020-07-20,"Late",142,"2020","87","Capone",3,176,"Split",2365.73333333333,301.94,2806.1982,"2019-11-13",250
2020-07-20,"Late",184,"2020","87","Esket",3,220,"Split",2365.73333333333,301.94,2806.1982,"2019-11-13",250
2020-07-20,"Late",137,"2020","87","Apertus",3,176,"Combined",2365.73333333333,301.94,2806.1982,"2019-11-13",250
2020-07-20,"Late",180,"2020","87","Potenzial",3,220,"Combined",2365.73333333333,301.94,2806.1982,"2019-11-13",250
2020-07-20,"Late",89,"2020","87","Potenzial",2,176,"Split",2365.73333333333,301.94,2806.1982,"2019-11-13",250
2020-07-20,"Late",152,"2020","87","Esket",3,176,"Combined",2365.73333333333,301.94,2806.1982,"2019-11-13",250
2020-07-20,"Late",168,"2020","87","Pionier",3,220,"Split",2365.73333333333,301.94,2806.1982,"2019-11-13",250
2020-07-24,"Early",128,"2020","87","Capone",2,220,"Split",2596.50833333333,321.69,2991.01212,"2019-10-24",274
2020-07-24,"Early",182,"2020","87","Capone",3,220,"Combined",2596.50833333333,321.69,2991.01212,"2019-10-24",274
2020-07-24,"Early",171,"2020","87","Pionier",3,220,"Combined",2596.50833333333,321.69,2991.01212,"2019-10-24",274
2020-07-24,"Early",179,"2020","87","Apertus",3,220,"Combined",2596.50833333333,321.69,2991.01212,"2019-10-24",274
2020-07-24,"Early",105,"2020","87","Pionier",2,220,"Split",2596.50833333333,321.69,2991.01212,"2019-10-24",274
2020-07-24,"Early",112,"2020","87","Apertus",2,220,"Split",2596.50833333333,321.69,2991.01212,"2019-10-24",274
2020-07-24,"Early",27,"2020","87","Apertus",1,220,"Split",2596.50833333333,321.69,2991.01212,"2019-10-24",274
2020-07-24,"Early",31,"2020","87","Apertus",1,220,"Combined",2596.50833333333,321.69,2991.01212,"2019-10-24",274
2020-07-24,"Early",174,"2020","87","Torrild",3,220,"Combined",2596.50833333333,321.69,2991.01212,"2019-10-24",274
2020-07-24,"Late",12,"2020","87","Esket",1,220,"Split",2434.775,301.97,2888.53452,"2019-11-13",254
2020-07-24,"Late",96,"2020","87","Capone",2,176,"Split",2434.775,301.97,2888.53452,"2019-11-13",254
2020-07-24,"Late",29,"2020","87","Capone",1,220,"Split",2434.775,301.97,2888.53452,"2019-11-13",254
2020-07-24,"Late",111,"2020","87","Pionier",2,220,"Split",2434.775,301.97,2888.53452,"2019-11-13",254
2020-07-24,"Late",177,"2020","87","Torrild",3,220,"Split",2434.775,301.97,2888.53452,"2019-11-13",254
2020-07-24,"Late",136,"2020","87","Pionier",3,176,"Combined",2434.775,301.97,2888.53452,"2019-11-13",254
2020-07-24,"Late",98,"2020","87","Capone",2,220,"Split",2434.775,301.97,2888.53452,"2019-11-13",254
2020-07-24,"Late",116,"2020","87","Apertus",2,220,"Combined",2434.775,301.97,2888.53452,"2019-11-13",254
2020-07-24,"Late",117,"2020","87","Potenzial",2,220,"Combined",2434.775,301.97,2888.53452,"2019-11-13",254
2020-07-24,"Late",192,"2020","87","Capone",3,220,"Split",2434.775,301.97,2888.53452,"2019-11-13",254
2020-07-24,"Late",88,"2020","87","Apertus",2,176,"Split",2434.775,301.97,2888.53452,"2019-11-13",254
2020-07-24,"Late",1,"2020","87","Capone",1,220,"Combined",2434.775,301.97,2888.53452,"2019-11-13",254
2020-07-24,"Late",9,"2020","87","Pionier",1,220,"Combined",2434.775,301.97,2888.53452,"2019-11-13",254
2020-07-24,"Late",72,"2020","87","Pionier",2,176,"Split",2434.775,301.97,2888.53452,"2019-11-13",254
2020-07-24,"Late",13,"2020","87","Pionier",1,220,"Split",2434.775,301.97,2888.53452,"2019-11-13",254
2020-07-24,"Late",172,"2020","87","Apertus",3,220,"Combined",2434.775,301.97,2888.53452,"2019-11-13",254
2020-07-24,"Late",62,"2020","87","Capone",1,176,"Split",2434.775,301.97,2888.53452,"2019-11-13",254
2020-07-24,"Late",17,"2020","87","Apertus",1,220,"Combined",2434.775,301.97,2888.53452,"2019-11-13",254
2020-07-24,"Late",181,"2020","87","Capone",3,220,"Combined",2434.775,301.97,2888.53452,"2019-11-13",254
2020-07-24,"Late",176,"2020","87","Patras",3,220,"Split",2434.775,301.97,2888.53452,"2019-11-13",254
2020-07-24,"Late",51,"2020","87","Alves",1,176,"Split",2434.775,301.97,2888.53452,"2019-11-13",254
2020-07-24,"Late",84,"2020","87","Capone",2,176,"Combined",2434.775,301.97,2888.53452,"2019-11-13",254
2020-07-24,"Late",108,"2020","87","Pionier",2,220,"Combined",2434.775,301.97,2888.53452,"2019-11-13",254
2020-07-24,"Late",100,"2020","87","Capone",2,220,"Combined",2434.775,301.97,2888.53452,"2019-11-13",254
2020-07-27,"Early",115,"2020","87","Capone",2,220,"Combined",2653.92083333333,331.16,3035.14164,"2019-10-24",277
2020-07-27,"Late",43,"2020","87","Esket",1,176,"Split",2492.1875,311.44,2932.66404,"2019-11-13",257
2020-07-27,"Late",46,"2020","87","Pionier",1,176,"Split",2492.1875,311.44,2932.66404,"2019-11-13",257
2020-11-03,"Early",46,"2021","09","Apertus",1,176,"Combined",166.3375,23.24,52.65936,"2020-10-22",12
2020-11-03,"Early",57,"2021","09","Capone",1,176,"Split",166.3375,23.24,52.65936,"2020-10-22",12
2020-11-03,"Early",173,"2021","09","Apertus",3,220,"Combined",166.3375,23.24,52.65936,"2020-10-22",12
2020-11-03,"Early",161,"2021","09","Alves",3,220,"Split",166.3375,23.24,52.65936,"2020-10-22",12
2020-11-03,"Early",84,"2021","09","Apertus",2,176,"Split",166.3375,23.24,52.65936,"2020-10-22",12
2020-11-03,"Early",164,"2021","09","Alves",3,220,"Combined",166.3375,23.24,52.65936,"2020-10-22",12
2020-11-03,"Early",40,"2021","09","Potenzial",1,176,"Split",166.3375,23.24,52.65936,"2020-10-22",12
2020-11-03,"Early",181,"2021","09","Torrild",3,220,"Combined",166.3375,23.24,52.65936,"2020-10-22",12
2020-11-03,"Early",127,"2021","09","Pionier",2,220,"Combined",166.3375,23.24,52.65936,"2020-10-22",12
2020-11-03,"Early",22,"2021","09","Patras",1,220,"Combined",166.3375,23.24,52.65936,"2020-10-22",12
2020-11-03,"Early",134,"2021","09","Esket",3,176,"Split",166.3375,23.24,52.65936,"2020-10-22",12
2020-11-03,"Early",24,"2021","09","Capone",1,220,"Split",166.3375,23.24,52.65936,"2020-10-22",12
2020-11-03,"Early",98,"2021","09","Capone",2,220,"Combined",166.3375,23.24,52.65936,"2020-10-22",12
2020-11-03,"Early",106,"2021","09","Apertus",2,220,"Combined",166.3375,23.24,52.65936,"2020-10-22",12
2020-11-03,"Early",81,"2021","09","Capone",2,176,"Combined",166.3375,23.24,52.65936,"2020-10-22",12
2020-11-03,"Early",54,"2021","09","Pionier",1,176,"Combined",166.3375,23.24,52.65936,"2020-10-22",12
2020-11-03,"Early",11,"2021","09","Capone",1,220,"Combined",166.3375,23.24,52.65936,"2020-10-22",12
2020-11-03,"Early",165,"2021","09","Potenzial",3,220,"Combined",166.3375,23.24,52.65936,"2020-10-22",12
2020-11-03,"Early",169,"2021","09","Pionier",3,220,"Split",166.3375,23.24,52.65936,"2020-10-22",12
2020-11-03,"Early",17,"2021","09","Patras",1,220,"Split",166.3375,23.24,52.65936,"2020-10-22",12
2020-11-03,"Early",30,"2021","09","Potenzial",1,220,"Combined",166.3375,23.24,52.65936,"2020-10-22",12
2020-11-03,"Early",168,"2021","09","Apertus",3,220,"Split",166.3375,23.24,52.65936,"2020-10-22",12
2020-11-03,"Early",138,"2021","09","Torrild",3,176,"Combined",166.3375,23.24,52.65936,"2020-10-22",12
2020-11-03,"Early",150,"2021","09","Capone",3,176,"Split",166.3375,23.24,52.65936,"2020-10-22",12
2020-11-03,"Early",123,"2021","09","Esket",2,220,"Split",166.3375,23.24,52.65936,"2020-10-22",12
2020-11-03,"Early",103,"2021","09","Torrild",2,220,"Combined",166.3375,23.24,52.65936,"2020-10-22",12
2020-11-03,"Early",143,"2021","09","Patras",3,176,"Combined",166.3375,23.24,52.65936,"2020-10-22",12
2020-11-03,"Early",64,"2021","09","Pionier",1,176,"Split",166.3375,23.24,52.65936,"2020-10-22",12
2020-11-03,"Early",6,"2021","09","Apertus",1,220,"Combined",166.3375,23.24,52.65936,"2020-10-22",12
2020-11-03,"Early",56,"2021","09","Esket",1,176,"Split",166.3375,23.24,52.65936,"2020-10-22",12
2020-11-03,"Early",185,"2021","09","Potenzial",3,220,"Split",166.3375,23.24,52.65936,"2020-10-22",12
2020-11-03,"Early",85,"2021","09","Patras",2,176,"Split",166.3375,23.24,52.65936,"2020-10-22",12
2020-11-03,"Early",80,"2021","09","Esket",2,176,"Combined",166.3375,23.24,52.65936,"2020-10-22",12
2020-11-03,"Early",177,"2021","09","Patras",3,220,"Split",166.3375,23.24,52.65936,"2020-10-22",12
2020-11-03,"Early",14,"2021","09","Pionier",1,220,"Combined",166.3375,23.24,52.65936,"2020-10-22",12
2020-11-03,"Early",159,"2021","09","Capone",3,176,"Combined",166.3375,23.24,52.65936,"2020-10-22",12
2020-11-03,"Early",9,"2021","09","Esket",1,220,"Split",166.3375,23.24,52.65936,"2020-10-22",12
2020-11-03,"Early",180,"2021","09","Esket",3,220,"Combined",166.3375,23.24,52.65936,"2020-10-22",12
2020-11-03,"Early",102,"2021","09","Patras",2,220,"Split",166.3375,23.24,52.65936,"2020-10-22",12
2020-11-03,"Early",27,"2021","09","Alves",1,220,"Combined",166.3375,23.24,52.65936,"2020-10-22",12
2020-11-03,"Early",192,"2021","09","Esket",3,220,"Split",166.3375,23.24,52.65936,"2020-10-22",12
2020-11-03,"Early",68,"2021","09","Potenzial",2,176,"Split",166.3375,23.24,52.65936,"2020-10-22",12
2020-11-03,"Early",189,"2021","09","Pionier",3,220,"Combined",166.3375,23.24,52.65936,"2020-10-22",12
2020-11-03,"Early",38,"2021","09","Capone",1,176,"Combined",166.3375,23.24,52.65936,"2020-10-22",12
2020-11-03,"Early",154,"2021","09","Pionier",3,176,"Combined",166.3375,23.24,52.65936,"2020-10-22",12
2020-11-03,"Early",92,"2021","09","Alves",2,176,"Split",166.3375,23.24,52.65936,"2020-10-22",12
2020-11-03,"Early",69,"2021","09","Capone",2,176,"Split",166.3375,23.24,52.65936,"2020-10-22",12
2020-11-03,"Early",49,"2021","09","Torrild",1,176,"Split",166.3375,23.24,52.65936,"2020-10-22",12
2020-11-03,"Early",155,"2021","09","Patras",3,176,"Split",166.3375,23.24,52.65936,"2020-10-22",12
2020-11-03,"Early",51,"2021","09","Alves",1,176,"Combined",166.3375,23.24,52.65936,"2020-10-22",12
2020-11-03,"Early",111,"2021","09","Alves",2,220,"Combined",166.3375,23.24,52.65936,"2020-10-22",12
2020-11-03,"Early",122,"2021","09","Potenzial",2,220,"Combined",166.3375,23.24,52.65936,"2020-10-22",12
2020-11-03,"Early",188,"2021","09","Capone",3,220,"Combined",166.3375,23.24,52.65936,"2020-10-22",12
2020-11-03,"Early",62,"2021","09","Torrild",1,176,"Combined",166.3375,23.24,52.65936,"2020-10-22",12
2020-11-03,"Early",88,"2021","09","Alves",2,176,"Combined",166.3375,23.24,52.65936,"2020-10-22",12
2020-11-03,"Early",184,"2021","09","Torrild",3,220,"Split",166.3375,23.24,52.65936,"2020-10-22",12
2020-11-03,"Early",147,"2021","09","Potenzial",3,176,"Split",166.3375,23.24,52.65936,"2020-10-22",12
2020-11-03,"Early",3,"2021","09","Torrild",1,220,"Combined",166.3375,23.24,52.65936,"2020-10-22",12
2020-11-03,"Early",8,"2021","09","Torrild",1,220,"Split",166.3375,23.24,52.65936,"2020-10-22",12
2020-11-03,"Early",119,"2021","09","Esket",2,220,"Combined",166.3375,23.24,52.65936,"2020-10-22",12
2020-11-03,"Early",48,"2021","09","Patras",1,176,"Split",166.3375,23.24,52.65936,"2020-10-22",12
2020-11-03,"Early",19,"2021","09","Esket",1,220,"Combined",166.3375,23.24,52.65936,"2020-10-22",12
2020-11-03,"Early",72,"2021","09","Pionier",2,176,"Combined",166.3375,23.24,52.65936,"2020-10-22",12
2020-11-03,"Early",65,"2021","09","Torrild",2,176,"Combined",166.3375,23.24,52.65936,"2020-10-22",12
2020-11-03,"Early",172,"2021","09","Patras",3,220,"Combined",166.3375,23.24,52.65936,"2020-10-22",12
2020-11-03,"Early",146,"2021","09","Apertus",3,176,"Combined",166.3375,23.24,52.65936,"2020-10-22",12
2020-11-03,"Early",96,"2021","09","Potenzial",2,176,"Combined",166.3375,23.24,52.65936,"2020-10-22",12
2020-11-03,"Early",73,"2021","09","Patras",2,176,"Combined",166.3375,23.24,52.65936,"2020-10-22",12
2020-11-03,"Early",43,"2021","09","Patras",1,176,"Combined",166.3375,23.24,52.65936,"2020-10-22",12
2020-11-03,"Early",35,"2021","09","Potenzial",1,176,"Combined",166.3375,23.24,52.65936,"2020-10-22",12
2020-11-03,"Early",131,"2021","09","Pionier",3,176,"Split",166.3375,23.24,52.65936,"2020-10-22",12
2020-11-03,"Early",142,"2021","09","Torrild",3,176,"Split",166.3375,23.24,52.65936,"2020-10-22",12
2020-11-03,"Early",76,"2021","09","Torrild",2,176,"Split",166.3375,23.24,52.65936,"2020-10-22",12
2020-11-03,"Early",89,"2021","09","Apertus",2,176,"Combined",166.3375,23.24,52.65936,"2020-10-22",12
2020-11-03,"Early",1,"2021","09","Apertus",1,220,"Split",166.3375,23.24,52.65936,"2020-10-22",12
2020-11-03,"Early",41,"2021","09","Apertus",1,176,"Split",166.3375,23.24,52.65936,"2020-10-22",12
2020-11-03,"Early",77,"2021","09","Esket",2,176,"Split",166.3375,23.24,52.65936,"2020-10-22",12
2020-11-03,"Early",115,"2021","09","Torrild",2,220,"Split",166.3375,23.24,52.65936,"2020-10-22",12
2020-11-03,"Early",93,"2021","09","Pionier",2,176,"Split",166.3375,23.24,52.65936,"2020-10-22",12
2020-11-03,"Early",59,"2021","09","Esket",1,176,"Combined",166.3375,23.24,52.65936,"2020-10-22",12
2020-11-03,"Early",32,"2021","09","Alves",1,220,"Split",166.3375,23.24,52.65936,"2020-10-22",12
2020-11-03,"Early",158,"2021","09","Alves",3,176,"Split",166.3375,23.24,52.65936,"2020-10-22",12
2020-11-03,"Early",151,"2021","09","Potenzial",3,176,"Combined",166.3375,23.24,52.65936,"2020-10-22",12
2020-11-03,"Early",33,"2021","09","Alves",1,176,"Split",166.3375,23.24,52.65936,"2020-10-22",12
2020-11-03,"Early",139,"2021","09","Apertus",3,176,"Split",166.3375,23.24,52.65936,"2020-10-22",12
2020-11-03,"Early",110,"2021","09","Potenzial",2,220,"Split",166.3375,23.24,52.65936,"2020-10-22",12
2020-11-03,"Early",114,"2021","09","Patras",2,220,"Combined",166.3375,23.24,52.65936,"2020-10-22",12
2020-11-03,"Early",130,"2021","09","Esket",3,176,"Combined",166.3375,23.24,52.65936,"2020-10-22",12
2020-11-03,"Early",25,"2021","09","Potenzial",1,220,"Split",166.3375,23.24,52.65936,"2020-10-22",12
2020-11-03,"Early",107,"2021","09","Apertus",2,220,"Split",166.3375,23.24,52.65936,"2020-10-22",12
2020-11-03,"Early",176,"2021","09","Capone",3,220,"Split",166.3375,23.24,52.65936,"2020-10-22",12
2020-11-03,"Early",118,"2021","09","Pionier",2,220,"Split",166.3375,23.24,52.65936,"2020-10-22",12
2020-11-03,"Early",16,"2021","09","Pionier",1,220,"Split",166.3375,23.24,52.65936,"2020-10-22",12
2020-11-03,"Early",99,"2021","09","Capone",2,220,"Split",166.3375,23.24,52.65936,"2020-10-22",12
2020-11-03,"Early",126,"2021","09","Alves",2,220,"Split",166.3375,23.24,52.65936,"2020-10-22",12
2020-11-03,"Early",135,"2021","09","Alves",3,176,"Combined",166.3375,23.24,52.65936,"2020-10-22",12
2020-12-01,"Late",182,"2021","09","Torrild",3,220,"Combined",182.908333333333,8.78,83.64708,"2020-11-05",26
2020-12-01,"Late",124,"2021","09","Torrild",2,220,"Split",182.908333333333,8.78,83.64708,"2020-11-05",26
2020-12-01,"Late",29,"2021","09","Alves",1,220,"Combined",182.908333333333,8.78,83.64708,"2020-11-05",26
2020-12-01,"Late",160,"2021","09","Capone",3,176,"Combined",182.908333333333,8.78,83.64708,"2020-11-05",26
2020-12-01,"Late",153,"2021","09","Potenzial",3,176,"Combined",182.908333333333,8.78,83.64708,"2020-11-05",26
2020-12-01,"Late",63,"2021","09","Capone",1,176,"Split",182.908333333333,8.78,83.64708,"2020-11-05",26
2020-12-01,"Late",45,"2021","09","Esket",1,176,"Combined",182.908333333333,8.78,83.64708,"2020-11-05",26
2020-12-01,"Late",18,"2021","09","Pionier",1,220,"Split",182.908333333333,8.78,83.64708,"2020-11-05",26
2020-12-01,"Late",15,"2021","09","Capone",1,220,"Split",182.908333333333,8.78,83.64708,"2020-11-05",26
2020-12-01,"Late",132,"2021","09","Potenzial",3,176,"Split",182.908333333333,8.78,83.64708,"2020-11-05",26
2020-12-01,"Late",61,"2021","09","Torrild",1,176,"Combined",182.908333333333,8.78,83.64708,"2020-11-05",26
2020-12-01,"Late",47,"2021","09","Pionier",1,176,"Split",182.908333333333,8.78,83.64708,"2020-11-05",26
2020-12-01,"Late",117,"2021","09","Alves",2,220,"Split",182.908333333333,8.78,83.64708,"2020-11-05",26
2020-12-01,"Late",171,"2021","09","Alves",3,220,"Combined",182.908333333333,8.78,83.64708,"2020-11-05",26
2020-12-01,"Late",90,"2021","09","Potenzial",2,176,"Combined",182.908333333333,8.78,83.64708,"2020-11-05",26
2020-12-01,"Late",137,"2021","09","Alves",3,176,"Combined",182.908333333333,8.78,83.64708,"2020-11-05",26
2020-12-01,"Late",190,"2021","09","Pionier",3,220,"Combined",182.908333333333,8.78,83.64708,"2020-11-05",26
2020-12-01,"Late",186,"2021","09","Torrild",3,220,"Split",182.908333333333,8.78,83.64708,"2020-11-05",26
2020-12-01,"Late",42,"2021","09","Potenzial",1,176,"Split",182.908333333333,8.78,83.64708,"2020-11-05",26
2020-12-01,"Late",157,"2021","09","Apertus",3,176,"Split",182.908333333333,8.78,83.64708,"2020-11-05",26
2020-12-01,"Late",82,"2021","09","Torrild",2,176,"Combined",182.908333333333,8.78,83.64708,"2020-11-05",26
2020-12-01,"Late",128,"2021","09","Apertus",2,220,"Combined",182.908333333333,8.78,83.64708,"2020-11-05",26
2020-12-01,"Late",79,"2021","09","Capone",2,176,"Combined",182.908333333333,8.78,83.64708,"2020-11-05",26
2020-12-01,"Late",175,"2021","09","Capone",3,220,"Split",182.908333333333,8.78,83.64708,"2020-11-05",26
2020-12-01,"Late",187,"2021","09","Apertus",3,220,"Combined",182.908333333333,8.78,83.64708,"2020-11-05",26
2020-12-01,"Late",67,"2021","09","Apertus",2,176,"Split",182.908333333333,8.78,83.64708,"2020-11-05",26
2020-12-01,"Late",140,"2021","09","Capone",3,176,"Split",182.908333333333,8.78,83.64708,"2020-11-05",26
2020-12-01,"Late",86,"2021","09","Pionier",2,176,"Split",182.908333333333,8.78,83.64708,"2020-11-05",26
2020-12-01,"Late",100,"2021","09","Patras",2,220,"Split",182.908333333333,8.78,83.64708,"2020-11-05",26
2020-12-01,"Late",2,"2021","09","Patras",1,220,"Split",182.908333333333,8.78,83.64708,"2020-11-05",26
2020-12-01,"Late",74,"2021","09","Apertus",2,176,"Combined",182.908333333333,8.78,83.64708,"2020-11-05",26
2020-12-01,"Late",21,"2021","09","Torrild",1,220,"Combined",182.908333333333,8.78,83.64708,"2020-11-05",26
2020-12-01,"Late",70,"2021","09","Torrild",2,176,"Split",182.908333333333,8.78,83.64708,"2020-11-05",26
2020-12-01,"Late",5,"2021","09","Apertus",1,220,"Combined",182.908333333333,8.78,83.64708,"2020-11-05",26
2020-12-01,"Late",179,"2021","09","Patras",3,220,"Combined",182.908333333333,8.78,83.64708,"2020-11-05",26
2020-12-01,"Late",26,"2021","09","Esket",1,220,"Split",182.908333333333,8.78,83.64708,"2020-11-05",26
2020-12-01,"Late",183,"2021","09","Patras",3,220,"Split",182.908333333333,8.78,83.64708,"2020-11-05",26
2020-12-01,"Late",39,"2021","09","Apertus",1,176,"Split",182.908333333333,8.78,83.64708,"2020-11-05",26
2020-12-01,"Late",66,"2021","09","Pionier",2,176,"Combined",182.908333333333,8.78,83.64708,"2020-11-05",26
2020-12-01,"Late",91,"2021","09","Potenzial",2,176,"Split",182.908333333333,8.78,83.64708,"2020-11-05",26
2020-12-01,"Late",104,"2021","09","Patras",2,220,"Combined",182.908333333333,8.78,83.64708,"2020-11-05",26
2020-12-01,"Late",120,"2021","09","Capone",2,220,"Combined",182.908333333333,8.78,83.64708,"2020-11-05",26
2020-12-01,"Late",162,"2021","09","Apertus",3,220,"Split",182.908333333333,8.78,83.64708,"2020-11-05",26
2020-12-01,"Late",58,"2021","09","Alves",1,176,"Split",182.908333333333,8.78,83.64708,"2020-11-05",26
2020-12-01,"Late",163,"2021","09","Capone",3,220,"Combined",182.908333333333,8.78,83.64708,"2020-11-05",26
2020-12-01,"Late",145,"2021","09","Apertus",3,176,"Combined",182.908333333333,8.78,83.64708,"2020-11-05",26
2020-12-01,"Late",78,"2021","09","Alves",2,176,"Split",182.908333333333,8.78,83.64708,"2020-11-05",26
2020-12-01,"Late",116,"2021","09","Capone",2,220,"Split",182.908333333333,8.78,83.64708,"2020-11-05",26
2020-12-01,"Late",53,"2021","09","Alves",1,176,"Combined",182.908333333333,8.78,83.64708,"2020-11-05",26
2020-12-01,"Late",113,"2021","09","Potenzial",2,220,"Combined",182.908333333333,8.78,83.64708,"2020-11-05",26
2020-12-01,"Late",152,"2021","09","Torrild",3,176,"Combined",182.908333333333,8.78,83.64708,"2020-11-05",26
2020-12-01,"Late",125,"2021","09","Potenzial",2,220,"Split",182.908333333333,8.78,83.64708,"2020-11-05",26
2020-12-01,"Late",34,"2021","09","Esket",1,176,"Split",182.908333333333,8.78,83.64708,"2020-11-05",26
2020-12-01,"Late",191,"2021","09","Alves",3,220,"Split",182.908333333333,8.78,83.64708,"2020-11-05",26
2020-12-01,"Late",28,"2021","09","Potenzial",1,220,"Combined",182.908333333333,8.78,83.64708,"2020-11-05",26
2020-12-01,"Late",156,"2021","09","Esket",3,176,"Split",182.908333333333,8.78,83.64708,"2020-11-05",26
2020-12-01,"Late",12,"2021","09","Esket",1,220,"Combined",182.908333333333,8.78,83.64708,"2020-11-05",26
2020-12-01,"Late",50,"2021","09","Patras",1,176,"Split",182.908333333333,8.78,83.64708,"2020-11-05",26
2020-12-01,"Late",31,"2021","09","Potenzial",1,220,"Split",182.908333333333,8.78,83.64708,"2020-11-05",26
2020-12-01,"Late",95,"2021","09","Esket",2,176,"Combined",182.908333333333,8.78,83.64708,"2020-11-05",26
2020-12-01,"Late",37,"2021","09","Pionier",1,176,"Combined",182.908333333333,8.78,83.64708,"2020-11-05",26
2020-12-01,"Late",20,"2021","09","Pionier",1,220,"Combined",182.908333333333,8.78,83.64708,"2020-11-05",26
2020-12-01,"Late",174,"2021","09","Potenzial",3,220,"Combined",182.908333333333,8.78,83.64708,"2020-11-05",26
2020-12-01,"Late",141,"2021","09","Patras",3,176,"Split",182.908333333333,8.78,83.64708,"2020-11-05",26
2020-12-01,"Late",178,"2021","09","Esket",3,220,"Split",182.908333333333,8.78,83.64708,"2020-11-05",26
2020-12-01,"Late",133,"2021","09","Alves",3,176,"Split",182.908333333333,8.78,83.64708,"2020-11-05",26
2020-12-01,"Late",44,"2021","09","Apertus",1,176,"Combined",182.908333333333,8.78,83.64708,"2020-11-05",26
2020-12-01,"Late",101,"2021","09","Apertus",2,220,"Split",182.908333333333,8.78,83.64708,"2020-11-05",26
2020-12-01,"Late",60,"2021","09","Potenzial",1,176,"Combined",182.908333333333,8.78,83.64708,"2020-11-05",26
2020-12-01,"Late",36,"2021","09","Capone",1,176,"Combined",182.908333333333,8.78,83.64708,"2020-11-05",26
2020-12-01,"Late",136,"2021","09","Patras",3,176,"Combined",182.908333333333,8.78,83.64708,"2020-11-05",26
2020-12-01,"Late",71,"2021","09","Alves",2,176,"Combined",182.908333333333,8.78,83.64708,"2020-11-05",26
2020-12-01,"Late",23,"2021","09","Apertus",1,220,"Split",182.908333333333,8.78,83.64708,"2020-11-05",26
2020-12-01,"Late",109,"2021","09","Esket",2,220,"Split",182.908333333333,8.78,83.64708,"2020-11-05",26
2020-12-01,"Late",112,"2021","09","Esket",2,220,"Combined",182.908333333333,8.78,83.64708,"2020-11-05",26
2020-12-01,"Late",121,"2021","09","Alves",2,220,"Combined",182.908333333333,8.78,83.64708,"2020-11-05",26
2020-12-01,"Late",87,"2021","09","Patras",2,176,"Combined",182.908333333333,8.78,83.64708,"2020-11-05",26
2020-12-01,"Late",144,"2021","09","Esket",3,176,"Combined",182.908333333333,8.78,83.64708,"2020-11-05",26
2020-12-01,"Late",108,"2021","09","Pionier",2,220,"Split",182.908333333333,8.78,83.64708,"2020-11-05",26
2020-12-01,"Late",52,"2021","09","Patras",1,176,"Combined",182.908333333333,8.78,83.64708,"2020-11-05",26
2020-12-01,"Late",55,"2021","09","Torrild",1,176,"Split",182.908333333333,8.78,83.64708,"2020-11-05",26
2020-12-01,"Late",13,"2021","09","Capone",1,220,"Combined",182.908333333333,8.78,83.64708,"2020-11-05",26
2020-12-01,"Late",149,"2021","09","Pionier",3,176,"Split",182.908333333333,8.78,83.64708,"2020-11-05",26
2020-12-01,"Late",94,"2021","09","Esket",2,176,"Split",182.908333333333,8.78,83.64708,"2020-11-05",26
2020-12-01,"Late",105,"2021","09","Torrild",2,220,"Combined",182.908333333333,8.78,83.64708,"2020-11-05",26
2020-12-01,"Late",83,"2021","09","Patras",2,176,"Split",182.908333333333,8.78,83.64708,"2020-11-05",26
2020-12-01,"Late",129,"2021","09","Pionier",3,176,"Combined",182.908333333333,8.78,83.64708,"2020-11-05",26
2020-12-01,"Late",75,"2021","09","Capone",2,176,"Split",182.908333333333,8.78,83.64708,"2020-11-05",26
2020-12-01,"Late",148,"2021","09","Torrild",3,176,"Split",182.908333333333,8.78,83.64708,"2020-11-05",26
2020-12-01,"Late",4,"2021","09","Patras",1,220,"Combined",182.908333333333,8.78,83.64708,"2020-11-05",26
2020-12-01,"Late",7,"2021","09","Alves",1,220,"Split",182.908333333333,8.78,83.64708,"2020-11-05",26
2020-12-01,"Late",167,"2021","09","Pionier",3,220,"Split",182.908333333333,8.78,83.64708,"2020-11-05",26
2020-12-01,"Late",166,"2021","09","Esket",3,220,"Combined",182.908333333333,8.78,83.64708,"2020-11-05",26
2020-12-01,"Late",170,"2021","09","Potenzial",3,220,"Split",182.908333333333,8.78,83.64708,"2020-11-05",26
2020-12-01,"Late",10,"2021","09","Torrild",1,220,"Split",182.908333333333,8.78,83.64708,"2020-11-05",26
2020-12-01,"Late",97,"2021","09","Pionier",2,220,"Combined",182.908333333333,8.78,83.64708,"2020-11-05",26
2021-01-11,"Early",103,"2021","13","Torrild",2,220,"Combined",509.845833333333,69.8,210.62412,"2020-10-22",81
2021-01-11,"Early",185,"2021","13","Potenzial",3,220,"Split",509.845833333333,69.8,210.62412,"2020-10-22",81
2021-01-11,"Early",118,"2021","13","Pionier",2,220,"Split",509.845833333333,69.8,210.62412,"2020-10-22",81
2021-01-11,"Early",48,"2021","13","Patras",1,176,"Split",509.845833333333,69.8,210.62412,"2020-10-22",81
2021-01-11,"Early",46,"2021","13","Apertus",1,176,"Combined",509.845833333333,69.8,210.62412,"2020-10-22",81
2021-01-11,"Early",99,"2021","13","Capone",2,220,"Split",509.845833333333,69.8,210.62412,"2020-10-22",81
2021-01-11,"Early",9,"2021","13","Esket",1,220,"Split",509.845833333333,69.8,210.62412,"2020-10-22",81
2021-01-11,"Early",102,"2021","13","Patras",2,220,"Split",509.845833333333,69.8,210.62412,"2020-10-22",81
2021-01-11,"Early",173,"2021","13","Apertus",3,220,"Combined",509.845833333333,69.8,210.62412,"2020-10-22",81
2021-01-11,"Early",165,"2021","13","Potenzial",3,220,"Combined",509.845833333333,69.8,210.62412,"2020-10-22",81
2021-01-11,"Early",192,"2021","13","Esket",3,220,"Split",509.845833333333,69.8,210.62412,"2020-10-22",81
2021-01-11,"Early",151,"2021","13","Potenzial",3,176,"Combined",509.845833333333,69.8,210.62412,"2020-10-22",81
2021-01-11,"Early",8,"2021","13","Torrild",1,220,"Split",509.845833333333,69.8,210.62412,"2020-10-22",81
2021-01-11,"Early",6,"2021","13","Apertus",1,220,"Combined",509.845833333333,69.8,210.62412,"2020-10-22",81
2021-01-11,"Early",164,"2021","13","Alves",3,220,"Combined",509.845833333333,69.8,210.62412,"2020-10-22",81
2021-01-11,"Early",138,"2021","13","Torrild",3,176,"Combined",509.845833333333,69.8,210.62412,"2020-10-22",81
2021-01-11,"Early",77,"2021","13","Esket",2,176,"Split",509.845833333333,69.8,210.62412,"2020-10-22",81
2021-01-11,"Early",85,"2021","13","Patras",2,176,"Split",509.845833333333,69.8,210.62412,"2020-10-22",81
2021-01-11,"Early",68,"2021","13","Potenzial",2,176,"Split",509.845833333333,69.8,210.62412,"2020-10-22",81
2021-01-11,"Early",143,"2021","13","Patras",3,176,"Combined",509.845833333333,69.8,210.62412,"2020-10-22",81
2021-01-11,"Early",130,"2021","13","Esket",3,176,"Combined",509.845833333333,69.8,210.62412,"2020-10-22",81
2021-01-11,"Early",3,"2021","13","Torrild",1,220,"Combined",509.845833333333,69.8,210.62412,"2020-10-22",81
2021-01-11,"Early",76,"2021","13","Torrild",2,176,"Split",509.845833333333,69.8,210.62412,"2020-10-22",81
2021-01-11,"Early",96,"2021","13","Potenzial",2,176,"Combined",509.845833333333,69.8,210.62412,"2020-10-22",81
2021-01-11,"Early",57,"2021","13","Capone",1,176,"Split",509.845833333333,69.8,210.62412,"2020-10-22",81
2021-01-11,"Early",169,"2021","13","Pionier",3,220,"Split",509.845833333333,69.8,210.62412,"2020-10-22",81
2021-01-11,"Early",64,"2021","13","Pionier",1,176,"Split",509.845833333333,69.8,210.62412,"2020-10-22",81
2021-01-11,"Early",188,"2021","13","Capone",3,220,"Combined",509.845833333333,69.8,210.62412,"2020-10-22",81
2021-01-11,"Early",115,"2021","13","Torrild",2,220,"Split",509.845833333333,69.8,210.62412,"2020-10-22",81
2021-01-11,"Early",155,"2021","13","Patras",3,176,"Split",509.845833333333,69.8,210.62412,"2020-10-22",81
2021-01-11,"Early",150,"2021","13","Capone",3,176,"Split",509.845833333333,69.8,210.62412,"2020-10-22",81
2021-01-11,"Early",89,"2021","13","Apertus",2,176,"Combined",509.845833333333,69.8,210.62412,"2020-10-22",81
2021-01-11,"Early",59,"2021","13","Esket",1,176,"Combined",509.845833333333,69.8,210.62412,"2020-10-22",81
2021-01-11,"Early",159,"2021","13","Capone",3,176,"Combined",509.845833333333,69.8,210.62412,"2020-10-22",81
2021-01-11,"Early",32,"2021","13","Alves",1,220,"Split",509.845833333333,69.8,210.62412,"2020-10-22",81
2021-01-11,"Early",40,"2021","13","Potenzial",1,176,"Split",509.845833333333,69.8,210.62412,"2020-10-22",81
2021-01-11,"Early",72,"2021","13","Pionier",2,176,"Combined",509.845833333333,69.8,210.62412,"2020-10-22",81
2021-01-11,"Early",41,"2021","13","Apertus",1,176,"Split",509.845833333333,69.8,210.62412,"2020-10-22",81
2021-01-11,"Early",107,"2021","13","Apertus",2,220,"Split",509.845833333333,69.8,210.62412,"2020-10-22",81
2021-01-11,"Early",180,"2021","13","Esket",3,220,"Combined",509.845833333333,69.8,210.62412,"2020-10-22",81
2021-01-11,"Early",111,"2021","13","Alves",2,220,"Combined",509.845833333333,69.8,210.62412,"2020-10-22",81
2021-01-11,"Early",93,"2021","13","Pionier",2,176,"Split",509.845833333333,69.8,210.62412,"2020-10-22",81
2021-01-11,"Early",189,"2021","13","Pionier",3,220,"Combined",509.845833333333,69.8,210.62412,"2020-10-22",81
2021-01-11,"Early",33,"2021","13","Alves",1,176,"Split",509.845833333333,69.8,210.62412,"2020-10-22",81
2021-01-11,"Early",22,"2021","13","Patras",1,220,"Combined",509.845833333333,69.8,210.62412,"2020-10-22",81
2021-01-11,"Early",92,"2021","13","Alves",2,176,"Split",509.845833333333,69.8,210.62412,"2020-10-22",81
2021-01-11,"Early",17,"2021","13","Patras",1,220,"Split",509.845833333333,69.8,210.62412,"2020-10-22",81
2021-01-11,"Early",131,"2021","13","Pionier",3,176,"Split",509.845833333333,69.8,210.62412,"2020-10-22",81
2021-01-11,"Early",168,"2021","13","Apertus",3,220,"Split",509.845833333333,69.8,210.62412,"2020-10-22",81
2021-01-11,"Early",158,"2021","13","Alves",3,176,"Split",509.845833333333,69.8,210.62412,"2020-10-22",81
2021-01-11,"Early",176,"2021","13","Capone",3,220,"Split",509.845833333333,69.8,210.62412,"2020-10-22",81
2021-01-11,"Early",172,"2021","13","Patras",3,220,"Combined",509.845833333333,69.8,210.62412,"2020-10-22",81
2021-01-11,"Early",98,"2021","13","Capone",2,220,"Combined",509.845833333333,69.8,210.62412,"2020-10-22",81
2021-01-11,"Early",184,"2021","13","Torrild",3,220,"Split",509.845833333333,69.8,210.62412,"2020-10-22",81
2021-01-11,"Early",51,"2021","13","Alves",1,176,"Combined",509.845833333333,69.8,210.62412,"2020-10-22",81
2021-01-11,"Early",65,"2021","13","Torrild",2,176,"Combined",509.845833333333,69.8,210.62412,"2020-10-22",81
2021-01-11,"Early",122,"2021","13","Potenzial",2,220,"Combined",509.845833333333,69.8,210.62412,"2020-10-22",81
2021-01-11,"Early",142,"2021","13","Torrild",3,176,"Split",509.845833333333,69.8,210.62412,"2020-10-22",81
2021-01-11,"Early",1,"2021","13","Apertus",1,220,"Split",509.845833333333,69.8,210.62412,"2020-10-22",81
2021-01-11,"Early",134,"2021","13","Esket",3,176,"Split",509.845833333333,69.8,210.62412,"2020-10-22",81
2021-01-11,"Early",16,"2021","13","Pionier",1,220,"Split",509.845833333333,69.8,210.62412,"2020-10-22",81
2021-01-11,"Early",27,"2021","13","Alves",1,220,"Combined",509.845833333333,69.8,210.62412,"2020-10-22",81
2021-01-11,"Early",54,"2021","13","Pionier",1,176,"Combined",509.845833333333,69.8,210.62412,"2020-10-22",81
2021-01-11,"Early",139,"2021","13","Apertus",3,176,"Split",509.845833333333,69.8,210.62412,"2020-10-22",81
2021-01-11,"Early",146,"2021","13","Apertus",3,176,"Combined",509.845833333333,69.8,210.62412,"2020-10-22",81
2021-01-11,"Early",73,"2021","13","Patras",2,176,"Combined",509.845833333333,69.8,210.62412,"2020-10-22",81
2021-01-11,"Early",126,"2021","13","Alves",2,220,"Split",509.845833333333,69.8,210.62412,"2020-10-22",81
2021-01-11,"Early",19,"2021","13","Esket",1,220,"Combined",509.845833333333,69.8,210.62412,"2020-10-22",81
2021-01-11,"Early",80,"2021","13","Esket",2,176,"Combined",509.845833333333,69.8,210.62412,"2020-10-22",81
2021-01-11,"Early",161,"2021","13","Alves",3,220,"Split",509.845833333333,69.8,210.62412,"2020-10-22",81
2021-01-11,"Early",147,"2021","13","Potenzial",3,176,"Split",509.845833333333,69.8,210.62412,"2020-10-22",81
2021-01-11,"Early",49,"2021","13","Torrild",1,176,"Split",509.845833333333,69.8,210.62412,"2020-10-22",81
2021-01-11,"Early",84,"2021","13","Apertus",2,176,"Split",509.845833333333,69.8,210.62412,"2020-10-22",81
2021-01-11,"Early",154,"2021","13","Pionier",3,176,"Combined",509.845833333333,69.8,210.62412,"2020-10-22",81
2021-01-11,"Early",135,"2021","13","Alves",3,176,"Combined",509.845833333333,69.8,210.62412,"2020-10-22",81
2021-01-11,"Early",110,"2021","13","Potenzial",2,220,"Split",509.845833333333,69.8,210.62412,"2020-10-22",81
2021-01-18,"Early",119,"2021","13","Esket",2,220,"Combined",519.475,79.62,221.31072,"2020-10-22",88
2021-01-18,"Early",56,"2021","13","Esket",1,176,"Split",519.475,79.62,221.31072,"2020-10-22",88
2021-01-21,"Early",127,"2021","13","Pionier",2,220,"Combined",540.3375,85.45,228.33288,"2020-10-22",91
2021-01-21,"Early",177,"2021","13","Patras",3,220,"Split",540.3375,85.45,228.33288,"2020-10-22",91
2021-01-21,"Early",24,"2021","13","Capone",1,220,"Split",540.3375,85.45,228.33288,"2020-10-22",91
2021-01-21,"Early",69,"2021","13","Capone",2,176,"Split",540.3375,85.45,228.33288,"2020-10-22",91
2021-01-21,"Early",123,"2021","13","Esket",2,220,"Split",540.3375,85.45,228.33288,"2020-10-22",91
2021-01-21,"Early",11,"2021","13","Capone",1,220,"Combined",540.3375,85.45,228.33288,"2020-10-22",91
2021-01-21,"Early",106,"2021","13","Apertus",2,220,"Combined",540.3375,85.45,228.33288,"2020-10-22",91
2021-01-21,"Early",62,"2021","13","Torrild",1,176,"Combined",540.3375,85.45,228.33288,"2020-10-22",91
2021-01-21,"Early",88,"2021","13","Alves",2,176,"Combined",540.3375,85.45,228.33288,"2020-10-22",91
2021-01-21,"Early",114,"2021","13","Patras",2,220,"Combined",540.3375,85.45,228.33288,"2020-10-22",91
2021-01-21,"Early",35,"2021","13","Potenzial",1,176,"Combined",540.3375,85.45,228.33288,"2020-10-22",91
2021-01-21,"Early",181,"2021","13","Torrild",3,220,"Combined",540.3375,85.45,228.33288,"2020-10-22",91
2021-01-21,"Early",81,"2021","13","Capone",2,176,"Combined",540.3375,85.45,228.33288,"2020-10-22",91
2021-01-21,"Early",43,"2021","13","Patras",1,176,"Combined",540.3375,85.45,228.33288,"2020-10-22",91
2021-01-21,"Early",14,"2021","13","Pionier",1,220,"Combined",540.3375,85.45,228.33288,"2020-10-22",91
2021-01-21,"Early",38,"2021","13","Capone",1,176,"Combined",540.3375,85.45,228.33288,"2020-10-22",91
2021-01-21,"Early",30,"2021","13","Potenzial",1,220,"Combined",540.3375,85.45,228.33288,"2020-10-22",91
2021-01-21,"Early",25,"2021","13","Potenzial",1,220,"Split",540.3375,85.45,228.33288,"2020-10-22",91
2021-03-01,"Early",192,"2021","23","Esket",3,220,"Split",682.375,148.39,418.4658,"2020-10-22",130
2021-03-01,"Early",130,"2021","23","Esket",3,176,"Combined",682.375,148.39,418.4658,"2020-10-22",130
2021-03-01,"Early",77,"2021","23","Esket",2,176,"Split",682.375,148.39,418.4658,"2020-10-22",130
2021-03-01,"Early",123,"2021","23","Esket",2,220,"Split",682.375,148.39,418.4658,"2020-10-22",130
2021-03-01,"Late",136,"2021","13","Patras",3,176,"Combined",509.516666666667,125.15,358.8138,"2020-11-05",116
2021-03-01,"Late",75,"2021","13","Capone",2,176,"Split",509.516666666667,125.15,358.8138,"2020-11-05",116
2021-03-01,"Late",187,"2021","13","Apertus",3,220,"Combined",509.516666666667,125.15,358.8138,"2020-11-05",116
2021-03-01,"Late",104,"2021","13","Patras",2,220,"Combined",509.516666666667,125.15,358.8138,"2020-11-05",116
2021-03-01,"Late",162,"2021","13","Apertus",3,220,"Split",509.516666666667,125.15,358.8138,"2020-11-05",116
2021-03-01,"Late",157,"2021","13","Apertus",3,176,"Split",509.516666666667,125.15,358.8138,"2020-11-05",116
2021-03-01,"Late",23,"2021","13","Apertus",1,220,"Split",509.516666666667,125.15,358.8138,"2020-11-05",116
2021-03-01,"Late",18,"2021","13","Pionier",1,220,"Split",509.516666666667,125.15,358.8138,"2020-11-05",116
2021-03-01,"Late",95,"2021","13","Esket",2,176,"Combined",509.516666666667,125.15,358.8138,"2020-11-05",116
2021-03-01,"Late",29,"2021","13","Alves",1,220,"Combined",509.516666666667,125.15,358.8138,"2020-11-05",116
2021-03-01,"Late",71,"2021","13","Alves",2,176,"Combined",509.516666666667,125.15,358.8138,"2020-11-05",116
2021-03-01,"Late",101,"2021","13","Apertus",2,220,"Split",509.516666666667,125.15,358.8138,"2020-11-05",116
2021-03-01,"Late",183,"2021","13","Patras",3,220,"Split",509.516666666667,125.15,358.8138,"2020-11-05",116
2021-03-01,"Late",166,"2021","13","Esket",3,220,"Combined",509.516666666667,125.15,358.8138,"2020-11-05",116
2021-03-01,"Late",4,"2021","13","Patras",1,220,"Combined",509.516666666667,125.15,358.8138,"2020-11-05",116
2021-03-01,"Late",124,"2021","13","Torrild",2,220,"Split",509.516666666667,125.15,358.8138,"2020-11-05",116
2021-03-01,"Late",82,"2021","13","Torrild",2,176,"Combined",509.516666666667,125.15,358.8138,"2020-11-05",116
2021-03-01,"Late",74,"2021","13","Apertus",2,176,"Combined",509.516666666667,125.15,358.8138,"2020-11-05",116
2021-03-01,"Late",34,"2021","13","Esket",1,176,"Split",509.516666666667,125.15,358.8138,"2020-11-05",116
2021-03-01,"Late",63,"2021","13","Capone",1,176,"Split",509.516666666667,125.15,358.8138,"2020-11-05",116
2021-03-01,"Late",121,"2021","13","Alves",2,220,"Combined",509.516666666667,125.15,358.8138,"2020-11-05",116
2021-03-01,"Late",86,"2021","13","Pionier",2,176,"Split",509.516666666667,125.15,358.8138,"2020-11-05",116
2021-03-01,"Late",156,"2021","13","Esket",3,176,"Split",509.516666666667,125.15,358.8138,"2020-11-05",116
2021-03-01,"Late",160,"2021","13","Capone",3,176,"Combined",509.516666666667,125.15,358.8138,"2020-11-05",116
2021-03-01,"Late",83,"2021","13","Patras",2,176,"Split",509.516666666667,125.15,358.8138,"2020-11-05",116
2021-03-01,"Late",175,"2021","13","Capone",3,220,"Split",509.516666666667,125.15,358.8138,"2020-11-05",116
2021-03-01,"Late",128,"2021","13","Apertus",2,220,"Combined",509.516666666667,125.15,358.8138,"2020-11-05",116
2021-03-01,"Late",153,"2021","13","Potenzial",3,176,"Combined",509.516666666667,125.15,358.8138,"2020-11-05",116
2021-03-01,"Late",132,"2021","13","Potenzial",3,176,"Split",509.516666666667,125.15,358.8138,"2020-11-05",116
2021-03-01,"Late",186,"2021","13","Torrild",3,220,"Split",509.516666666667,125.15,358.8138,"2020-11-05",116
2021-03-01,"Late",100,"2021","13","Patras",2,220,"Split",509.516666666667,125.15,358.8138,"2020-11-05",116
2021-03-01,"Late",78,"2021","13","Alves",2,176,"Split",509.516666666667,125.15,358.8138,"2020-11-05",116
2021-03-01,"Late",144,"2021","13","Esket",3,176,"Combined",509.516666666667,125.15,358.8138,"2020-11-05",116
2021-03-01,"Late",171,"2021","13","Alves",3,220,"Combined",509.516666666667,125.15,358.8138,"2020-11-05",116
2021-03-01,"Late",61,"2021","13","Torrild",1,176,"Combined",509.516666666667,125.15,358.8138,"2020-11-05",116
2021-03-01,"Late",174,"2021","13","Potenzial",3,220,"Combined",509.516666666667,125.15,358.8138,"2020-11-05",116
2021-03-01,"Late",58,"2021","13","Alves",1,176,"Split",509.516666666667,125.15,358.8138,"2020-11-05",116
2021-03-01,"Late",113,"2021","13","Potenzial",2,220,"Combined",509.516666666667,125.15,358.8138,"2020-11-05",116
2021-03-01,"Late",191,"2021","13","Alves",3,220,"Split",509.516666666667,125.15,358.8138,"2020-11-05",116
2021-03-01,"Late",91,"2021","13","Potenzial",2,176,"Split",509.516666666667,125.15,358.8138,"2020-11-05",116
2021-03-01,"Late",87,"2021","13","Patras",2,176,"Combined",509.516666666667,125.15,358.8138,"2020-11-05",116
2021-03-01,"Late",140,"2021","13","Capone",3,176,"Split",509.516666666667,125.15,358.8138,"2020-11-05",116
2021-03-01,"Late",47,"2021","13","Pionier",1,176,"Split",509.516666666667,125.15,358.8138,"2020-11-05",116
2021-03-01,"Late",36,"2021","13","Capone",1,176,"Combined",509.516666666667,125.15,358.8138,"2020-11-05",116
2021-03-01,"Late",28,"2021","13","Potenzial",1,220,"Combined",509.516666666667,125.15,358.8138,"2020-11-05",116
2021-03-01,"Late",149,"2021","13","Pionier",3,176,"Split",509.516666666667,125.15,358.8138,"2020-11-05",116
2021-03-01,"Late",129,"2021","13","Pionier",3,176,"Combined",509.516666666667,125.15,358.8138,"2020-11-05",116
2021-03-01,"Late",79,"2021","13","Capone",2,176,"Combined",509.516666666667,125.15,358.8138,"2020-11-05",116
2021-03-01,"Late",163,"2021","13","Capone",3,220,"Combined",509.516666666667,125.15,358.8138,"2020-11-05",116
2021-03-01,"Late",37,"2021","13","Pionier",1,176,"Combined",509.516666666667,125.15,358.8138,"2020-11-05",116
2021-03-01,"Late",97,"2021","13","Pionier",2,220,"Combined",509.516666666667,125.15,358.8138,"2020-11-05",116
2021-03-01,"Late",94,"2021","13","Esket",2,176,"Split",509.516666666667,125.15,358.8138,"2020-11-05",116
2021-03-01,"Late",90,"2021","13","Potenzial",2,176,"Combined",509.516666666667,125.15,358.8138,"2020-11-05",116
2021-03-01,"Late",53,"2021","13","Alves",1,176,"Combined",509.516666666667,125.15,358.8138,"2020-11-05",116
2021-03-01,"Late",12,"2021","13","Esket",1,220,"Combined",509.516666666667,125.15,358.8138,"2020-11-05",116
2021-03-01,"Late",108,"2021","13","Pionier",2,220,"Split",509.516666666667,125.15,358.8138,"2020-11-05",116
2021-03-01,"Late",31,"2021","13","Potenzial",1,220,"Split",509.516666666667,125.15,358.8138,"2020-11-05",116
2021-03-01,"Late",15,"2021","13","Capone",1,220,"Split",509.516666666667,125.15,358.8138,"2020-11-05",116
2021-03-01,"Late",179,"2021","13","Patras",3,220,"Combined",509.516666666667,125.15,358.8138,"2020-11-05",116
2021-03-01,"Late",60,"2021","13","Potenzial",1,176,"Combined",509.516666666667,125.15,358.8138,"2020-11-05",116
2021-03-01,"Late",141,"2021","13","Patras",3,176,"Split",509.516666666667,125.15,358.8138,"2020-11-05",116
2021-03-01,"Late",125,"2021","13","Potenzial",2,220,"Split",509.516666666667,125.15,358.8138,"2020-11-05",116
2021-03-01,"Late",120,"2021","13","Capone",2,220,"Combined",509.516666666667,125.15,358.8138,"2020-11-05",116
2021-03-01,"Late",5,"2021","13","Apertus",1,220,"Combined",509.516666666667,125.15,358.8138,"2020-11-05",116
2021-03-01,"Late",133,"2021","13","Alves",3,176,"Split",509.516666666667,125.15,358.8138,"2020-11-05",116
2021-03-01,"Late",50,"2021","13","Patras",1,176,"Split",509.516666666667,125.15,358.8138,"2020-11-05",116
2021-03-01,"Late",52,"2021","13","Patras",1,176,"Combined",509.516666666667,125.15,358.8138,"2020-11-05",116
2021-03-01,"Late",7,"2021","13","Alves",1,220,"Split",509.516666666667,125.15,358.8138,"2020-11-05",116
2021-03-01,"Late",55,"2021","13","Torrild",1,176,"Split",509.516666666667,125.15,358.8138,"2020-11-05",116
2021-03-01,"Late",2,"2021","13","Patras",1,220,"Split",509.516666666667,125.15,358.8138,"2020-11-05",116
2021-03-01,"Late",66,"2021","13","Pionier",2,176,"Combined",509.516666666667,125.15,358.8138,"2020-11-05",116
2021-03-01,"Late",145,"2021","13","Apertus",3,176,"Combined",509.516666666667,125.15,358.8138,"2020-11-05",116
2021-03-01,"Late",148,"2021","13","Torrild",3,176,"Split",509.516666666667,125.15,358.8138,"2020-11-05",116
2021-03-01,"Late",13,"2021","13","Capone",1,220,"Combined",509.516666666667,125.15,358.8138,"2020-11-05",116
2021-03-01,"Late",44,"2021","13","Apertus",1,176,"Combined",509.516666666667,125.15,358.8138,"2020-11-05",116
2021-03-01,"Late",45,"2021","13","Esket",1,176,"Combined",509.516666666667,125.15,358.8138,"2020-11-05",116
2021-03-01,"Late",167,"2021","13","Pionier",3,220,"Split",509.516666666667,125.15,358.8138,"2020-11-05",116
2021-03-01,"Late",26,"2021","13","Esket",1,220,"Split",509.516666666667,125.15,358.8138,"2020-11-05",116
2021-03-01,"Late",70,"2021","13","Torrild",2,176,"Split",509.516666666667,125.15,358.8138,"2020-11-05",116
2021-03-01,"Late",170,"2021","13","Potenzial",3,220,"Split",509.516666666667,125.15,358.8138,"2020-11-05",116
2021-03-01,"Late",117,"2021","13","Alves",2,220,"Split",509.516666666667,125.15,358.8138,"2020-11-05",116
2021-03-01,"Late",116,"2021","13","Capone",2,220,"Split",509.516666666667,125.15,358.8138,"2020-11-05",116
2021-03-01,"Late",190,"2021","13","Pionier",3,220,"Combined",509.516666666667,125.15,358.8138,"2020-11-05",116
2021-03-01,"Late",67,"2021","13","Apertus",2,176,"Split",509.516666666667,125.15,358.8138,"2020-11-05",116
2021-03-01,"Late",105,"2021","13","Torrild",2,220,"Combined",509.516666666667,125.15,358.8138,"2020-11-05",116
2021-03-01,"Late",182,"2021","13","Torrild",3,220,"Combined",509.516666666667,125.15,358.8138,"2020-11-05",116
2021-03-01,"Late",20,"2021","13","Pionier",1,220,"Combined",509.516666666667,125.15,358.8138,"2020-11-05",116
2021-03-01,"Late",178,"2021","13","Esket",3,220,"Split",509.516666666667,125.15,358.8138,"2020-11-05",116
2021-03-01,"Late",10,"2021","13","Torrild",1,220,"Split",509.516666666667,125.15,358.8138,"2020-11-05",116
2021-03-01,"Late",39,"2021","13","Apertus",1,176,"Split",509.516666666667,125.15,358.8138,"2020-11-05",116
2021-03-01,"Late",21,"2021","13","Torrild",1,220,"Combined",509.516666666667,125.15,358.8138,"2020-11-05",116
2021-03-01,"Late",109,"2021","13","Esket",2,220,"Split",509.516666666667,125.15,358.8138,"2020-11-05",116
2021-03-01,"Late",137,"2021","13","Alves",3,176,"Combined",509.516666666667,125.15,358.8138,"2020-11-05",116
2021-03-01,"Late",42,"2021","13","Potenzial",1,176,"Split",509.516666666667,125.15,358.8138,"2020-11-05",116
2021-03-01,"Late",112,"2021","13","Esket",2,220,"Combined",509.516666666667,125.15,358.8138,"2020-11-05",116
2021-03-01,"Late",152,"2021","13","Torrild",3,176,"Combined",509.516666666667,125.15,358.8138,"2020-11-05",116
2021-03-17,"Early",14,"2021","23","Pionier",1,220,"Combined",752.529166666667,175.4,548.42112,"2020-10-22",146
2021-03-17,"Early",143,"2021","23","Patras",3,176,"Combined",752.529166666667,175.4,548.42112,"2020-10-22",146
2021-03-17,"Early",68,"2021","23","Potenzial",2,176,"Split",752.529166666667,175.4,548.42112,"2020-10-22",146
2021-03-17,"Early",41,"2021","23","Apertus",1,176,"Split",752.529166666667,175.4,548.42112,"2020-10-22",146
2021-03-17,"Early",169,"2021","23","Pionier",3,220,"Split",752.529166666667,175.4,548.42112,"2020-10-22",146
2021-03-17,"Early",134,"2021","23","Esket",3,176,"Split",752.529166666667,175.4,548.42112,"2020-10-22",146
2021-03-17,"Early",9,"2021","23","Esket",1,220,"Split",752.529166666667,175.4,548.42112,"2020-10-22",146
2021-03-17,"Early",119,"2021","23","Esket",2,220,"Combined",752.529166666667,175.4,548.42112,"2020-10-22",146
2021-03-17,"Early",180,"2021","23","Esket",3,220,"Combined",752.529166666667,175.4,548.42112,"2020-10-22",146
2021-03-17,"Early",161,"2021","23","Alves",3,220,"Split",752.529166666667,175.4,548.42112,"2020-10-22",146
2021-03-17,"Early",106,"2021","23","Apertus",2,220,"Combined",752.529166666667,175.4,548.42112,"2020-10-22",146
2021-03-17,"Early",111,"2021","23","Alves",2,220,"Combined",752.529166666667,175.4,548.42112,"2020-10-22",146
2021-03-17,"Early",24,"2021","23","Capone",1,220,"Split",752.529166666667,175.4,548.42112,"2020-10-22",146
2021-03-17,"Early",33,"2021","23","Alves",1,176,"Split",752.529166666667,175.4,548.42112,"2020-10-22",146
2021-03-17,"Early",147,"2021","23","Potenzial",3,176,"Split",752.529166666667,175.4,548.42112,"2020-10-22",146
2021-03-17,"Early",185,"2021","23","Potenzial",3,220,"Split",752.529166666667,175.4,548.42112,"2020-10-22",146
2021-03-17,"Early",46,"2021","23","Apertus",1,176,"Combined",752.529166666667,175.4,548.42112,"2020-10-22",146
2021-03-17,"Early",6,"2021","23","Apertus",1,220,"Combined",752.529166666667,175.4,548.42112,"2020-10-22",146
2021-03-17,"Early",64,"2021","23","Pionier",1,176,"Split",752.529166666667,175.4,548.42112,"2020-10-22",146
2021-03-17,"Early",139,"2021","23","Apertus",3,176,"Split",752.529166666667,175.4,548.42112,"2020-10-22",146
2021-03-17,"Early",56,"2021","23","Esket",1,176,"Split",752.529166666667,175.4,548.42112,"2020-10-22",146
2021-03-17,"Early",93,"2021","23","Pionier",2,176,"Split",752.529166666667,175.4,548.42112,"2020-10-22",146
2021-03-17,"Early",1,"2021","23","Apertus",1,220,"Split",752.529166666667,175.4,548.42112,"2020-10-22",146
2021-03-17,"Early",54,"2021","23","Pionier",1,176,"Combined",752.529166666667,175.4,548.42112,"2020-10-22",146
2021-03-17,"Early",154,"2021","23","Pionier",3,176,"Combined",752.529166666667,175.4,548.42112,"2020-10-22",146
2021-03-17,"Early",126,"2021","23","Alves",2,220,"Split",752.529166666667,175.4,548.42112,"2020-10-22",146
2021-03-17,"Early",3,"2021","23","Torrild",1,220,"Combined",752.529166666667,175.4,548.42112,"2020-10-22",146
2021-03-17,"Early",25,"2021","23","Potenzial",1,220,"Split",752.529166666667,175.4,548.42112,"2020-10-22",146
2021-03-17,"Early",188,"2021","23","Capone",3,220,"Combined",752.529166666667,175.4,548.42112,"2020-10-22",146
2021-03-17,"Early",98,"2021","23","Capone",2,220,"Combined",752.529166666667,175.4,548.42112,"2020-10-22",146
2021-03-17,"Early",131,"2021","23","Pionier",3,176,"Split",752.529166666667,175.4,548.42112,"2020-10-22",146
2021-03-17,"Early",40,"2021","23","Potenzial",1,176,"Split",752.529166666667,175.4,548.42112,"2020-10-22",146
2021-03-17,"Early",69,"2021","23","Capone",2,176,"Split",752.529166666667,175.4,548.42112,"2020-10-22",146
2021-03-17,"Early",19,"2021","23","Esket",1,220,"Combined",752.529166666667,175.4,548.42112,"2020-10-22",146
2021-03-17,"Early",17,"2021","23","Patras",1,220,"Split",752.529166666667,175.4,548.42112,"2020-10-22",146
2021-03-17,"Early",114,"2021","23","Patras",2,220,"Combined",752.529166666667,175.4,548.42112,"2020-10-22",146
2021-03-17,"Early",135,"2021","23","Alves",3,176,"Combined",752.529166666667,175.4,548.42112,"2020-10-22",146
2021-03-17,"Early",146,"2021","23","Apertus",3,176,"Combined",752.529166666667,175.4,548.42112,"2020-10-22",146
2021-03-17,"Early",107,"2021","23","Apertus",2,220,"Split",752.529166666667,175.4,548.42112,"2020-10-22",146
2021-03-17,"Early",80,"2021","23","Esket",2,176,"Combined",752.529166666667,175.4,548.42112,"2020-10-22",146
2021-03-17,"Early",99,"2021","23","Capone",2,220,"Split",752.529166666667,175.4,548.42112,"2020-10-22",146
2021-03-17,"Early",84,"2021","23","Apertus",2,176,"Split",752.529166666667,175.4,548.42112,"2020-10-22",146
2021-03-17,"Early",16,"2021","23","Pionier",1,220,"Split",752.529166666667,175.4,548.42112,"2020-10-22",146
2021-03-17,"Early",35,"2021","23","Potenzial",1,176,"Combined",752.529166666667,175.4,548.42112,"2020-10-22",146
2021-03-23,"Early",88,"2021","23","Alves",2,176,"Combined",775.033333333333,175.58,600.62832,"2020-10-22",152
2021-03-23,"Early",118,"2021","23","Pionier",2,220,"Split",775.033333333333,175.58,600.62832,"2020-10-22",152
2021-03-23,"Early",51,"2021","23","Alves",1,176,"Combined",775.033333333333,175.58,600.62832,"2020-10-22",152
2021-03-23,"Early",115,"2021","23","Torrild",2,220,"Split",775.033333333333,175.58,600.62832,"2020-10-22",152
2021-03-23,"Early",8,"2021","23","Torrild",1,220,"Split",775.033333333333,175.58,600.62832,"2020-10-22",152
2021-03-23,"Early",159,"2021","23","Capone",3,176,"Combined",775.033333333333,175.58,600.62832,"2020-10-22",152
2021-03-23,"Early",57,"2021","23","Capone",1,176,"Split",775.033333333333,175.58,600.62832,"2020-10-22",152
2021-03-23,"Early",32,"2021","23","Alves",1,220,"Split",775.033333333333,175.58,600.62832,"2020-10-22",152
2021-03-23,"Early",59,"2021","23","Esket",1,176,"Combined",775.033333333333,175.58,600.62832,"2020-10-22",152
2021-03-23,"Early",150,"2021","23","Capone",3,176,"Split",775.033333333333,175.58,600.62832,"2020-10-22",152
2021-03-23,"Early",168,"2021","23","Apertus",3,220,"Split",775.033333333333,175.58,600.62832,"2020-10-22",152
2021-03-23,"Early",92,"2021","23","Alves",2,176,"Split",775.033333333333,175.58,600.62832,"2020-10-22",152
2021-03-23,"Early",176,"2021","23","Capone",3,220,"Split",775.033333333333,175.58,600.62832,"2020-10-22",152
2021-03-23,"Early",173,"2021","23","Apertus",3,220,"Combined",775.033333333333,175.58,600.62832,"2020-10-22",152
2021-03-29,"Early",11,"2021","23","Capone",1,220,"Combined",829.804166666667,180.55,677.1672,"2020-10-22",158
2021-03-29,"Early",103,"2021","23","Torrild",2,220,"Combined",829.804166666667,180.55,677.1672,"2020-10-22",158
2021-03-29,"Early",38,"2021","23","Capone",1,176,"Combined",829.804166666667,180.55,677.1672,"2020-10-22",158
2021-03-29,"Early",151,"2021","23","Potenzial",3,176,"Combined",829.804166666667,180.55,677.1672,"2020-10-22",158
2021-03-29,"Early",177,"2021","23","Patras",3,220,"Split",829.804166666667,180.55,677.1672,"2020-10-22",158
2021-03-29,"Early",30,"2021","23","Potenzial",1,220,"Combined",829.804166666667,180.55,677.1672,"2020-10-22",158
2021-03-29,"Early",96,"2021","23","Potenzial",2,176,"Combined",829.804166666667,180.55,677.1672,"2020-10-22",158
2021-03-29,"Early",184,"2021","23","Torrild",3,220,"Split",829.804166666667,180.55,677.1672,"2020-10-22",158
2021-03-29,"Early",22,"2021","23","Patras",1,220,"Combined",829.804166666667,180.55,677.1672,"2020-10-22",158
2021-03-29,"Early",102,"2021","23","Patras",2,220,"Split",829.804166666667,180.55,677.1672,"2020-10-22",158
2021-03-29,"Early",189,"2021","23","Pionier",3,220,"Combined",829.804166666667,180.55,677.1672,"2020-10-22",158
2021-03-30,"Early",72,"2021","23","Pionier",2,176,"Combined",843.120833333333,180.55,695.98584,"2020-10-22",159
2021-03-30,"Early",172,"2021","23","Patras",3,220,"Combined",843.120833333333,180.55,695.98584,"2020-10-22",159
2021-03-30,"Early",164,"2021","23","Alves",3,220,"Combined",843.120833333333,180.55,695.98584,"2020-10-22",159
2021-03-30,"Early",127,"2021","23","Pionier",2,220,"Combined",843.120833333333,180.55,695.98584,"2020-10-22",159
2021-03-30,"Early",165,"2021","23","Potenzial",3,220,"Combined",843.120833333333,180.55,695.98584,"2020-10-22",159
2021-03-30,"Early",85,"2021","23","Patras",2,176,"Split",843.120833333333,180.55,695.98584,"2020-10-22",159
2021-03-30,"Early",142,"2021","23","Torrild",3,176,"Split",843.120833333333,180.55,695.98584,"2020-10-22",159
2021-03-30,"Early",89,"2021","23","Apertus",2,176,"Combined",843.120833333333,180.55,695.98584,"2020-10-22",159
2021-03-30,"Early",65,"2021","23","Torrild",2,176,"Combined",843.120833333333,180.55,695.98584,"2020-10-22",159
2021-03-30,"Early",110,"2021","23","Potenzial",2,220,"Split",843.120833333333,180.55,695.98584,"2020-10-22",159
2021-03-30,"Early",122,"2021","23","Potenzial",2,220,"Combined",843.120833333333,180.55,695.98584,"2020-10-22",159
2021-03-30,"Early",27,"2021","23","Alves",1,220,"Combined",843.120833333333,180.55,695.98584,"2020-10-22",159
2021-03-30,"Early",155,"2021","23","Patras",3,176,"Split",843.120833333333,180.55,695.98584,"2020-10-22",159
2021-03-30,"Early",48,"2021","23","Patras",1,176,"Split",843.120833333333,180.55,695.98584,"2020-10-22",159
2021-03-30,"Early",181,"2021","23","Torrild",3,220,"Combined",843.120833333333,180.55,695.98584,"2020-10-22",159
2021-03-30,"Early",81,"2021","23","Capone",2,176,"Combined",843.120833333333,180.55,695.98584,"2020-10-22",159
2021-03-30,"Early",49,"2021","23","Torrild",1,176,"Split",843.120833333333,180.55,695.98584,"2020-10-22",159
2021-03-30,"Early",158,"2021","23","Alves",3,176,"Split",843.120833333333,180.55,695.98584,"2020-10-22",159
2021-03-30,"Early",73,"2021","23","Patras",2,176,"Combined",843.120833333333,180.55,695.98584,"2020-10-22",159
2021-03-30,"Early",138,"2021","23","Torrild",3,176,"Combined",843.120833333333,180.55,695.98584,"2020-10-22",159
2021-03-30,"Early",62,"2021","23","Torrild",1,176,"Combined",843.120833333333,180.55,695.98584,"2020-10-22",159
2021-03-30,"Late",90,"2021","23","Potenzial",2,176,"Combined",670.2625,157.31,636.33384,"2020-11-05",145
2021-03-30,"Late",108,"2021","23","Pionier",2,220,"Split",670.2625,157.31,636.33384,"2020-11-05",145
2021-03-30,"Late",178,"2021","23","Esket",3,220,"Split",670.2625,157.31,636.33384,"2020-11-05",145
2021-03-30,"Late",109,"2021","23","Esket",2,220,"Split",670.2625,157.31,636.33384,"2020-11-05",145
2021-03-30,"Late",95,"2021","23","Esket",2,176,"Combined",670.2625,157.31,636.33384,"2020-11-05",145
2021-03-30,"Late",149,"2021","23","Pionier",3,176,"Split",670.2625,157.31,636.33384,"2020-11-05",145
2021-03-30,"Late",140,"2021","23","Capone",3,176,"Split",670.2625,157.31,636.33384,"2020-11-05",145
2021-03-30,"Late",78,"2021","23","Alves",2,176,"Split",670.2625,157.31,636.33384,"2020-11-05",145
2021-03-30,"Late",148,"2021","23","Torrild",3,176,"Split",670.2625,157.31,636.33384,"2020-11-05",145
2021-03-30,"Late",125,"2021","23","Potenzial",2,220,"Split",670.2625,157.31,636.33384,"2020-11-05",145
2021-03-30,"Late",15,"2021","23","Capone",1,220,"Split",670.2625,157.31,636.33384,"2020-11-05",145
2021-03-30,"Late",175,"2021","23","Capone",3,220,"Split",670.2625,157.31,636.33384,"2020-11-05",145
2021-03-30,"Late",171,"2021","23","Alves",3,220,"Combined",670.2625,157.31,636.33384,"2020-11-05",145
2021-04-07,"Late",100,"2021","23","Patras",2,220,"Split",719.9375,165.26,731.15712,"2020-11-05",153
2021-04-07,"Late",7,"2021","23","Alves",1,220,"Split",719.9375,165.26,731.15712,"2020-11-05",153
2021-04-07,"Late",190,"2021","23","Pionier",3,220,"Combined",719.9375,165.26,731.15712,"2020-11-05",153
2021-04-07,"Late",21,"2021","23","Torrild",1,220,"Combined",719.9375,165.26,731.15712,"2020-11-05",153
2021-04-07,"Late",4,"2021","23","Patras",1,220,"Combined",719.9375,165.26,731.15712,"2020-11-05",153
2021-04-07,"Late",167,"2021","23","Pionier",3,220,"Split",719.9375,165.26,731.15712,"2020-11-05",153
2021-04-07,"Late",174,"2021","23","Potenzial",3,220,"Combined",719.9375,165.26,731.15712,"2020-11-05",153
2021-04-07,"Late",186,"2021","23","Torrild",3,220,"Split",719.9375,165.26,731.15712,"2020-11-05",153
2021-04-07,"Late",71,"2021","23","Alves",2,176,"Combined",719.9375,165.26,731.15712,"2020-11-05",153
2021-04-07,"Late",2,"2021","23","Patras",1,220,"Split",719.9375,165.26,731.15712,"2020-11-05",153
2021-04-07,"Late",117,"2021","23","Alves",2,220,"Split",719.9375,165.26,731.15712,"2020-11-05",153
2021-04-07,"Late",191,"2021","23","Alves",3,220,"Split",719.9375,165.26,731.15712,"2020-11-05",153
2021-04-07,"Late",170,"2021","23","Potenzial",3,220,"Split",719.9375,165.26,731.15712,"2020-11-05",153
2021-04-07,"Late",91,"2021","23","Potenzial",2,176,"Split",719.9375,165.26,731.15712,"2020-11-05",153
2021-04-07,"Late",166,"2021","23","Esket",3,220,"Combined",719.9375,165.26,731.15712,"2020-11-05",153
2021-04-07,"Late",28,"2021","23","Potenzial",1,220,"Combined",719.9375,165.26,731.15712,"2020-11-05",153
2021-04-07,"Late",179,"2021","23","Patras",3,220,"Combined",719.9375,165.26,731.15712,"2020-11-05",153
2021-04-07,"Late",132,"2021","23","Potenzial",3,176,"Split",719.9375,165.26,731.15712,"2020-11-05",153
2021-04-07,"Late",124,"2021","23","Torrild",2,220,"Split",719.9375,165.26,731.15712,"2020-11-05",153
2021-04-07,"Late",101,"2021","23","Apertus",2,220,"Split",719.9375,165.26,731.15712,"2020-11-05",153
2021-04-07,"Late",70,"2021","23","Torrild",2,176,"Split",719.9375,165.26,731.15712,"2020-11-05",153
2021-04-07,"Late",97,"2021","23","Pionier",2,220,"Combined",719.9375,165.26,731.15712,"2020-11-05",153
2021-04-07,"Late",157,"2021","23","Apertus",3,176,"Split",719.9375,165.26,731.15712,"2020-11-05",153
2021-04-07,"Late",13,"2021","23","Capone",1,220,"Combined",719.9375,165.26,731.15712,"2020-11-05",153
2021-04-07,"Late",113,"2021","23","Potenzial",2,220,"Combined",719.9375,165.26,731.15712,"2020-11-05",153
2021-04-07,"Late",18,"2021","23","Pionier",1,220,"Split",719.9375,165.26,731.15712,"2020-11-05",153
2021-04-07,"Late",128,"2021","23","Apertus",2,220,"Combined",719.9375,165.26,731.15712,"2020-11-05",153
2021-04-07,"Late",137,"2021","23","Alves",3,176,"Combined",719.9375,165.26,731.15712,"2020-11-05",153
2021-04-07,"Late",10,"2021","23","Torrild",1,220,"Split",719.9375,165.26,731.15712,"2020-11-05",153
2021-04-07,"Late",105,"2021","23","Torrild",2,220,"Combined",719.9375,165.26,731.15712,"2020-11-05",153
2021-04-07,"Late",129,"2021","23","Pionier",3,176,"Combined",719.9375,165.26,731.15712,"2020-11-05",153
2021-04-07,"Late",26,"2021","23","Esket",1,220,"Split",719.9375,165.26,731.15712,"2020-11-05",153
2021-04-07,"Late",67,"2021","23","Apertus",2,176,"Split",719.9375,165.26,731.15712,"2020-11-05",153
2021-04-07,"Late",53,"2021","23","Alves",1,176,"Combined",719.9375,165.26,731.15712,"2020-11-05",153
2021-04-07,"Late",156,"2021","23","Esket",3,176,"Split",719.9375,165.26,731.15712,"2020-11-05",153
2021-04-07,"Late",82,"2021","23","Torrild",2,176,"Combined",719.9375,165.26,731.15712,"2020-11-05",153
2021-04-07,"Late",112,"2021","23","Esket",2,220,"Combined",719.9375,165.26,731.15712,"2020-11-05",153
2021-04-07,"Late",160,"2021","23","Capone",3,176,"Combined",719.9375,165.26,731.15712,"2020-11-05",153
2021-04-07,"Late",152,"2021","23","Torrild",3,176,"Combined",719.9375,165.26,731.15712,"2020-11-05",153
2021-04-07,"Late",63,"2021","23","Capone",1,176,"Split",719.9375,165.26,731.15712,"2020-11-05",153
2021-04-07,"Late",120,"2021","23","Capone",2,220,"Combined",719.9375,165.26,731.15712,"2020-11-05",153
2021-04-07,"Late",182,"2021","23","Torrild",3,220,"Combined",719.9375,165.26,731.15712,"2020-11-05",153
2021-04-07,"Late",153,"2021","23","Potenzial",3,176,"Combined",719.9375,165.26,731.15712,"2020-11-05",153
2021-04-07,"Late",55,"2021","23","Torrild",1,176,"Split",719.9375,165.26,731.15712,"2020-11-05",153
2021-04-07,"Late",44,"2021","23","Apertus",1,176,"Combined",719.9375,165.26,731.15712,"2020-11-05",153
2021-04-07,"Late",66,"2021","23","Pionier",2,176,"Combined",719.9375,165.26,731.15712,"2020-11-05",153
2021-04-13,"Early",43,"2021","23","Patras",1,176,"Combined",923.283333333333,198.84,847.95768,"2020-10-22",173
2021-04-13,"Early",76,"2021","23","Torrild",2,176,"Split",923.283333333333,198.84,847.95768,"2020-10-22",173
2021-04-13,"Late",37,"2021","23","Pionier",1,176,"Combined",750.425,175.6,788.30568,"2020-11-05",159
2021-04-13,"Late",23,"2021","23","Apertus",1,220,"Split",750.425,175.6,788.30568,"2020-11-05",159
2021-04-13,"Late",42,"2021","23","Potenzial",1,176,"Split",750.425,175.6,788.30568,"2020-11-05",159
2021-04-13,"Late",31,"2021","23","Potenzial",1,220,"Split",750.425,175.6,788.30568,"2020-11-05",159
2021-04-13,"Late",60,"2021","23","Potenzial",1,176,"Combined",750.425,175.6,788.30568,"2020-11-05",159
2021-04-13,"Late",83,"2021","23","Patras",2,176,"Split",750.425,175.6,788.30568,"2020-11-05",159
2021-04-13,"Late",12,"2021","23","Esket",1,220,"Combined",750.425,175.6,788.30568,"2020-11-05",159
2021-04-13,"Late",187,"2021","23","Apertus",3,220,"Combined",750.425,175.6,788.30568,"2020-11-05",159
2021-04-13,"Late",36,"2021","23","Capone",1,176,"Combined",750.425,175.6,788.30568,"2020-11-05",159
2021-04-13,"Late",133,"2021","23","Alves",3,176,"Split",750.425,175.6,788.30568,"2020-11-05",159
2021-04-13,"Late",34,"2021","23","Esket",1,176,"Split",750.425,175.6,788.30568,"2020-11-05",159
2021-04-13,"Late",5,"2021","23","Apertus",1,220,"Combined",750.425,175.6,788.30568,"2020-11-05",159
2021-04-13,"Late",39,"2021","23","Apertus",1,176,"Split",750.425,175.6,788.30568,"2020-11-05",159
2021-04-13,"Late",45,"2021","23","Esket",1,176,"Combined",750.425,175.6,788.30568,"2020-11-05",159
2021-04-13,"Late",183,"2021","23","Patras",3,220,"Split",750.425,175.6,788.30568,"2020-11-05",159
2021-04-13,"Late",29,"2021","23","Alves",1,220,"Combined",750.425,175.6,788.30568,"2020-11-05",159
2021-04-13,"Late",47,"2021","23","Pionier",1,176,"Split",750.425,175.6,788.30568,"2020-11-05",159
2021-04-13,"Late",58,"2021","23","Alves",1,176,"Split",750.425,175.6,788.30568,"2020-11-05",159
2021-04-13,"Late",79,"2021","23","Capone",2,176,"Combined",750.425,175.6,788.30568,"2020-11-05",159
2021-04-19,"Late",121,"2021","23","Alves",2,220,"Combined",792.7375,179.5,876.2436,"2020-11-05",165
2021-04-19,"Late",144,"2021","23","Esket",3,176,"Combined",792.7375,179.5,876.2436,"2020-11-05",165
2021-04-19,"Late",52,"2021","23","Patras",1,176,"Combined",792.7375,179.5,876.2436,"2020-11-05",165
2021-04-19,"Late",116,"2021","23","Capone",2,220,"Split",792.7375,179.5,876.2436,"2020-11-05",165
2021-04-19,"Late",20,"2021","23","Pionier",1,220,"Combined",792.7375,179.5,876.2436,"2020-11-05",165
2021-04-19,"Late",141,"2021","23","Patras",3,176,"Split",792.7375,179.5,876.2436,"2020-11-05",165
2021-04-19,"Late",75,"2021","23","Capone",2,176,"Split",792.7375,179.5,876.2436,"2020-11-05",165
2021-04-19,"Late",163,"2021","23","Capone",3,220,"Combined",792.7375,179.5,876.2436,"2020-11-05",165
2021-04-19,"Late",61,"2021","23","Torrild",1,176,"Combined",792.7375,179.5,876.2436,"2020-11-05",165
2021-04-19,"Late",145,"2021","23","Apertus",3,176,"Combined",792.7375,179.5,876.2436,"2020-11-05",165
2021-04-19,"Late",136,"2021","23","Patras",3,176,"Combined",792.7375,179.5,876.2436,"2020-11-05",165
2021-04-19,"Late",94,"2021","23","Esket",2,176,"Split",792.7375,179.5,876.2436,"2020-11-05",165
2021-04-19,"Late",162,"2021","23","Apertus",3,220,"Split",792.7375,179.5,876.2436,"2020-11-05",165
2021-04-19,"Late",87,"2021","23","Patras",2,176,"Combined",792.7375,179.5,876.2436,"2020-11-05",165
2021-04-19,"Late",50,"2021","23","Patras",1,176,"Split",792.7375,179.5,876.2436,"2020-11-05",165
2021-04-19,"Late",104,"2021","23","Patras",2,220,"Combined",792.7375,179.5,876.2436,"2020-11-05",165
2021-04-19,"Late",86,"2021","23","Pionier",2,176,"Split",792.7375,179.5,876.2436,"2020-11-05",165
2021-04-19,"Late",74,"2021","23","Apertus",2,176,"Combined",792.7375,179.5,876.2436,"2020-11-05",165
2021-04-26,"Early",65,"2021","31","Torrild",2,176,"Combined",1019.4,202.77,1077.07068,"2020-10-22",186
2021-04-26,"Early",134,"2021","31","Esket",3,176,"Split",1019.4,202.77,1077.07068,"2020-10-22",186
2021-04-26,"Early",155,"2021","31","Patras",3,176,"Split",1019.4,202.77,1077.07068,"2020-10-22",186
2021-04-26,"Early",180,"2021","31","Esket",3,220,"Combined",1019.4,202.77,1077.07068,"2020-10-22",186
2021-04-26,"Early",85,"2021","31","Patras",2,176,"Split",1019.4,202.77,1077.07068,"2020-10-22",186
2021-04-26,"Early",184,"2021","31","Torrild",3,220,"Split",1019.4,202.77,1077.07068,"2020-10-22",186
2021-04-26,"Early",8,"2021","31","Torrild",1,220,"Split",1019.4,202.77,1077.07068,"2020-10-22",186
2021-04-26,"Early",19,"2021","31","Esket",1,220,"Combined",1019.4,202.77,1077.07068,"2020-10-22",186
2021-04-26,"Early",119,"2021","31","Esket",2,220,"Combined",1019.4,202.77,1077.07068,"2020-10-22",186
2021-04-26,"Early",185,"2021","31","Potenzial",3,220,"Split",1019.4,202.77,1077.07068,"2020-10-22",186
2021-04-26,"Early",151,"2021","31","Potenzial",3,176,"Combined",1019.4,202.77,1077.07068,"2020-10-22",186
2021-04-26,"Early",181,"2021","31","Torrild",3,220,"Combined",1019.4,202.77,1077.07068,"2020-10-22",186
2021-04-26,"Early",33,"2021","31","Alves",1,176,"Split",1019.4,202.77,1077.07068,"2020-10-22",186
2021-04-26,"Early",92,"2021","31","Alves",2,176,"Split",1019.4,202.77,1077.07068,"2020-10-22",186
2021-04-26,"Early",192,"2021","31","Esket",3,220,"Split",1019.4,202.77,1077.07068,"2020-10-22",186
2021-04-26,"Early",3,"2021","31","Torrild",1,220,"Combined",1019.4,202.77,1077.07068,"2020-10-22",186
2021-04-26,"Early",143,"2021","31","Patras",3,176,"Combined",1019.4,202.77,1077.07068,"2020-10-22",186
2021-04-26,"Early",62,"2021","31","Torrild",1,176,"Combined",1019.4,202.77,1077.07068,"2020-10-22",186
2021-04-26,"Early",9,"2021","31","Esket",1,220,"Split",1019.4,202.77,1077.07068,"2020-10-22",186
2021-04-26,"Early",48,"2021","31","Patras",1,176,"Split",1019.4,202.77,1077.07068,"2020-10-22",186
2021-04-26,"Early",69,"2021","31","Capone",2,176,"Split",1019.4,202.77,1077.07068,"2020-10-22",186
2021-04-26,"Early",25,"2021","31","Potenzial",1,220,"Split",1019.4,202.77,1077.07068,"2020-10-22",186
2021-04-26,"Early",126,"2021","31","Alves",2,220,"Split",1019.4,202.77,1077.07068,"2020-10-22",186
2021-04-26,"Early",177,"2021","31","Patras",3,220,"Split",1019.4,202.77,1077.07068,"2020-10-22",186
2021-04-26,"Early",138,"2021","31","Torrild",3,176,"Combined",1019.4,202.77,1077.07068,"2020-10-22",186
2021-04-26,"Early",16,"2021","31","Pionier",1,220,"Split",1019.4,202.77,1077.07068,"2020-10-22",186
2021-04-26,"Early",56,"2021","31","Esket",1,176,"Split",1019.4,202.77,1077.07068,"2020-10-22",186
2021-04-26,"Early",135,"2021","31","Alves",3,176,"Combined",1019.4,202.77,1077.07068,"2020-10-22",186
2021-04-26,"Early",114,"2021","31","Patras",2,220,"Combined",1019.4,202.77,1077.07068,"2020-10-22",186
2021-04-26,"Early",76,"2021","31","Torrild",2,176,"Split",1019.4,202.77,1077.07068,"2020-10-22",186
2021-04-26,"Early",59,"2021","31","Esket",1,176,"Combined",1019.4,202.77,1077.07068,"2020-10-22",186
2021-04-26,"Early",161,"2021","31","Alves",3,220,"Split",1019.4,202.77,1077.07068,"2020-10-22",186
2021-04-26,"Early",115,"2021","31","Torrild",2,220,"Split",1019.4,202.77,1077.07068,"2020-10-22",186
2021-04-26,"Early",176,"2021","31","Capone",3,220,"Split",1019.4,202.77,1077.07068,"2020-10-22",186
2021-04-26,"Early",1,"2021","31","Apertus",1,220,"Split",1019.4,202.77,1077.07068,"2020-10-22",186
2021-04-26,"Early",103,"2021","31","Torrild",2,220,"Combined",1019.4,202.77,1077.07068,"2020-10-22",186
2021-04-26,"Early",147,"2021","31","Potenzial",3,176,"Split",1019.4,202.77,1077.07068,"2020-10-22",186
2021-04-26,"Early",142,"2021","31","Torrild",3,176,"Split",1019.4,202.77,1077.07068,"2020-10-22",186
2021-04-26,"Early",49,"2021","31","Torrild",1,176,"Split",1019.4,202.77,1077.07068,"2020-10-22",186
2021-04-26,"Late",148,"2021","31","Torrild",3,176,"Split",846.541666666667,179.53,1017.41868,"2020-11-05",172
2021-04-26,"Late",152,"2021","31","Torrild",3,176,"Combined",846.541666666667,179.53,1017.41868,"2020-11-05",172
2021-05-03,"Early",14,"2021","31","Pionier",1,220,"Combined",1081.425,210.39,1190.4714,"2020-10-22",193
2021-05-03,"Early",127,"2021","31","Pionier",2,220,"Combined",1081.425,210.39,1190.4714,"2020-10-22",193
2021-05-03,"Early",68,"2021","31","Potenzial",2,176,"Split",1081.425,210.39,1190.4714,"2020-10-22",193
2021-05-03,"Early",22,"2021","31","Patras",1,220,"Combined",1081.425,210.39,1190.4714,"2020-10-22",193
2021-05-03,"Early",102,"2021","31","Patras",2,220,"Split",1081.425,210.39,1190.4714,"2020-10-22",193
2021-05-03,"Early",30,"2021","31","Potenzial",1,220,"Combined",1081.425,210.39,1190.4714,"2020-10-22",193
2021-05-03,"Early",96,"2021","31","Potenzial",2,176,"Combined",1081.425,210.39,1190.4714,"2020-10-22",193
2021-05-03,"Early",130,"2021","31","Esket",3,176,"Combined",1081.425,210.39,1190.4714,"2020-10-22",193
2021-05-03,"Early",64,"2021","31","Pionier",1,176,"Split",1081.425,210.39,1190.4714,"2020-10-22",193
2021-05-03,"Early",98,"2021","31","Capone",2,220,"Combined",1081.425,210.39,1190.4714,"2020-10-22",193
2021-05-03,"Early",17,"2021","31","Patras",1,220,"Split",1081.425,210.39,1190.4714,"2020-10-22",193
2021-05-03,"Early",107,"2021","31","Apertus",2,220,"Split",1081.425,210.39,1190.4714,"2020-10-22",193
2021-05-03,"Early",164,"2021","31","Alves",3,220,"Combined",1081.425,210.39,1190.4714,"2020-10-22",193
2021-05-03,"Early",38,"2021","31","Capone",1,176,"Combined",1081.425,210.39,1190.4714,"2020-10-22",193
2021-05-03,"Early",168,"2021","31","Apertus",3,220,"Split",1081.425,210.39,1190.4714,"2020-10-22",193
2021-05-03,"Early",51,"2021","31","Alves",1,176,"Combined",1081.425,210.39,1190.4714,"2020-10-22",193
2021-05-03,"Early",118,"2021","31","Pionier",2,220,"Split",1081.425,210.39,1190.4714,"2020-10-22",193
2021-05-03,"Early",188,"2021","31","Capone",3,220,"Combined",1081.425,210.39,1190.4714,"2020-10-22",193
2021-05-03,"Early",72,"2021","31","Pionier",2,176,"Combined",1081.425,210.39,1190.4714,"2020-10-22",193
2021-05-03,"Early",99,"2021","31","Capone",2,220,"Split",1081.425,210.39,1190.4714,"2020-10-22",193
2021-05-03,"Early",111,"2021","31","Alves",2,220,"Combined",1081.425,210.39,1190.4714,"2020-10-22",193
2021-05-03,"Early",158,"2021","31","Alves",3,176,"Split",1081.425,210.39,1190.4714,"2020-10-22",193
2021-05-03,"Early",73,"2021","31","Patras",2,176,"Combined",1081.425,210.39,1190.4714,"2020-10-22",193
2021-05-03,"Early",169,"2021","31","Pionier",3,220,"Split",1081.425,210.39,1190.4714,"2020-10-22",193
2021-05-03,"Early",27,"2021","31","Alves",1,220,"Combined",1081.425,210.39,1190.4714,"2020-10-22",193
2021-05-03,"Early",122,"2021","31","Potenzial",2,220,"Combined",1081.425,210.39,1190.4714,"2020-10-22",193
2021-05-03,"Early",43,"2021","31","Patras",1,176,"Combined",1081.425,210.39,1190.4714,"2020-10-22",193
2021-05-03,"Early",110,"2021","31","Potenzial",2,220,"Split",1081.425,210.39,1190.4714,"2020-10-22",193
2021-05-03,"Early",11,"2021","31","Capone",1,220,"Combined",1081.425,210.39,1190.4714,"2020-10-22",193
2021-05-03,"Early",35,"2021","31","Potenzial",1,176,"Combined",1081.425,210.39,1190.4714,"2020-10-22",193
2021-05-03,"Early",32,"2021","31","Alves",1,220,"Split",1081.425,210.39,1190.4714,"2020-10-22",193
2021-05-03,"Early",88,"2021","31","Alves",2,176,"Combined",1081.425,210.39,1190.4714,"2020-10-22",193
2021-05-03,"Early",189,"2021","31","Pionier",3,220,"Combined",1081.425,210.39,1190.4714,"2020-10-22",193
2021-05-03,"Early",123,"2021","31","Esket",2,220,"Split",1081.425,210.39,1190.4714,"2020-10-22",193
2021-05-03,"Early",165,"2021","31","Potenzial",3,220,"Combined",1081.425,210.39,1190.4714,"2020-10-22",193
2021-05-03,"Early",154,"2021","31","Pionier",3,176,"Combined",1081.425,210.39,1190.4714,"2020-10-22",193
2021-05-03,"Early",24,"2021","31","Capone",1,220,"Split",1081.425,210.39,1190.4714,"2020-10-22",193
2021-05-03,"Early",172,"2021","31","Patras",3,220,"Combined",1081.425,210.39,1190.4714,"2020-10-22",193
2021-05-03,"Early",57,"2021","31","Capone",1,176,"Split",1081.425,210.39,1190.4714,"2020-10-22",193
2021-05-03,"Early",131,"2021","31","Pionier",3,176,"Split",1081.425,210.39,1190.4714,"2020-10-22",193
2021-05-03,"Early",41,"2021","31","Apertus",1,176,"Split",1081.425,210.39,1190.4714,"2020-10-22",193
2021-05-03,"Early",54,"2021","31","Pionier",1,176,"Combined",1081.425,210.39,1190.4714,"2020-10-22",193
2021-05-03,"Early",93,"2021","31","Pionier",2,176,"Split",1081.425,210.39,1190.4714,"2020-10-22",193
2021-05-03,"Early",150,"2021","31","Capone",3,176,"Split",1081.425,210.39,1190.4714,"2020-10-22",193
2021-05-03,"Early",80,"2021","31","Esket",2,176,"Combined",1081.425,210.39,1190.4714,"2020-10-22",193
2021-05-03,"Early",40,"2021","31","Potenzial",1,176,"Split",1081.425,210.39,1190.4714,"2020-10-22",193
2021-05-03,"Early",6,"2021","31","Apertus",1,220,"Combined",1081.425,210.39,1190.4714,"2020-10-22",193
2021-05-03,"Early",77,"2021","31","Esket",2,176,"Split",1081.425,210.39,1190.4714,"2020-10-22",193
2021-05-03,"Late",83,"2021","31","Patras",2,176,"Split",908.566666666667,187.15,1130.8194,"2020-11-05",179
2021-05-03,"Late",140,"2021","31","Capone",3,176,"Split",908.566666666667,187.15,1130.8194,"2020-11-05",179
2021-05-03,"Late",149,"2021","31","Pionier",3,176,"Split",908.566666666667,187.15,1130.8194,"2020-11-05",179
2021-05-03,"Late",26,"2021","31","Esket",1,220,"Split",908.566666666667,187.15,1130.8194,"2020-11-05",179
2021-05-03,"Late",117,"2021","31","Alves",2,220,"Split",908.566666666667,187.15,1130.8194,"2020-11-05",179
2021-05-03,"Late",121,"2021","31","Alves",2,220,"Combined",908.566666666667,187.15,1130.8194,"2020-11-05",179
2021-05-03,"Late",178,"2021","31","Esket",3,220,"Split",908.566666666667,187.15,1130.8194,"2020-11-05",179
2021-05-03,"Late",34,"2021","31","Esket",1,176,"Split",908.566666666667,187.15,1130.8194,"2020-11-05",179
2021-05-03,"Late",70,"2021","31","Torrild",2,176,"Split",908.566666666667,187.15,1130.8194,"2020-11-05",179
2021-05-03,"Late",36,"2021","31","Capone",1,176,"Combined",908.566666666667,187.15,1130.8194,"2020-11-05",179
2021-05-03,"Late",78,"2021","31","Alves",2,176,"Split",908.566666666667,187.15,1130.8194,"2020-11-05",179
2021-05-03,"Late",136,"2021","31","Patras",3,176,"Combined",908.566666666667,187.15,1130.8194,"2020-11-05",179
2021-05-03,"Late",63,"2021","31","Capone",1,176,"Split",908.566666666667,187.15,1130.8194,"2020-11-05",179
2021-05-03,"Late",55,"2021","31","Torrild",1,176,"Split",908.566666666667,187.15,1130.8194,"2020-11-05",179
2021-05-03,"Late",61,"2021","31","Torrild",1,176,"Combined",908.566666666667,187.15,1130.8194,"2020-11-05",179
2021-05-03,"Late",105,"2021","31","Torrild",2,220,"Combined",908.566666666667,187.15,1130.8194,"2020-11-05",179
2021-05-03,"Late",100,"2021","31","Patras",2,220,"Split",908.566666666667,187.15,1130.8194,"2020-11-05",179
2021-05-03,"Late",52,"2021","31","Patras",1,176,"Combined",908.566666666667,187.15,1130.8194,"2020-11-05",179
2021-05-03,"Late",29,"2021","31","Alves",1,220,"Combined",908.566666666667,187.15,1130.8194,"2020-11-05",179
2021-05-03,"Late",58,"2021","31","Alves",1,176,"Split",908.566666666667,187.15,1130.8194,"2020-11-05",179
2021-05-03,"Late",31,"2021","31","Potenzial",1,220,"Split",908.566666666667,187.15,1130.8194,"2020-11-05",179
2021-05-03,"Late",15,"2021","31","Capone",1,220,"Split",908.566666666667,187.15,1130.8194,"2020-11-05",179
2021-05-03,"Late",179,"2021","31","Patras",3,220,"Combined",908.566666666667,187.15,1130.8194,"2020-11-05",179
2021-05-03,"Late",125,"2021","31","Potenzial",2,220,"Split",908.566666666667,187.15,1130.8194,"2020-11-05",179
2021-05-03,"Late",2,"2021","31","Patras",1,220,"Split",908.566666666667,187.15,1130.8194,"2020-11-05",179
2021-05-03,"Late",53,"2021","31","Alves",1,176,"Combined",908.566666666667,187.15,1130.8194,"2020-11-05",179
2021-05-03,"Late",166,"2021","31","Esket",3,220,"Combined",908.566666666667,187.15,1130.8194,"2020-11-05",179
2021-05-03,"Late",79,"2021","31","Capone",2,176,"Combined",908.566666666667,187.15,1130.8194,"2020-11-05",179
2021-05-03,"Late",104,"2021","31","Patras",2,220,"Combined",908.566666666667,187.15,1130.8194,"2020-11-05",179
2021-05-03,"Late",45,"2021","31","Esket",1,176,"Combined",908.566666666667,187.15,1130.8194,"2020-11-05",179
2021-05-03,"Late",167,"2021","31","Pionier",3,220,"Split",908.566666666667,187.15,1130.8194,"2020-11-05",179
2021-05-03,"Late",112,"2021","31","Esket",2,220,"Combined",908.566666666667,187.15,1130.8194,"2020-11-05",179
2021-05-03,"Late",71,"2021","31","Alves",2,176,"Combined",908.566666666667,187.15,1130.8194,"2020-11-05",179
2021-05-03,"Late",141,"2021","31","Patras",3,176,"Split",908.566666666667,187.15,1130.8194,"2020-11-05",179
2021-05-03,"Late",82,"2021","31","Torrild",2,176,"Combined",908.566666666667,187.15,1130.8194,"2020-11-05",179
2021-05-03,"Late",60,"2021","31","Potenzial",1,176,"Combined",908.566666666667,187.15,1130.8194,"2020-11-05",179
2021-05-03,"Late",124,"2021","31","Torrild",2,220,"Split",908.566666666667,187.15,1130.8194,"2020-11-05",179
2021-05-03,"Late",39,"2021","31","Apertus",1,176,"Split",908.566666666667,187.15,1130.8194,"2020-11-05",179
2021-05-03,"Late",160,"2021","31","Capone",3,176,"Combined",908.566666666667,187.15,1130.8194,"2020-11-05",179
2021-05-03,"Late",116,"2021","31","Capone",2,220,"Split",908.566666666667,187.15,1130.8194,"2020-11-05",179
2021-05-03,"Late",132,"2021","31","Potenzial",3,176,"Split",908.566666666667,187.15,1130.8194,"2020-11-05",179
2021-05-03,"Late",95,"2021","31","Esket",2,176,"Combined",908.566666666667,187.15,1130.8194,"2020-11-05",179
2021-05-03,"Late",128,"2021","31","Apertus",2,220,"Combined",908.566666666667,187.15,1130.8194,"2020-11-05",179
2021-05-03,"Late",133,"2021","31","Alves",3,176,"Split",908.566666666667,187.15,1130.8194,"2020-11-05",179
2021-05-03,"Late",21,"2021","31","Torrild",1,220,"Combined",908.566666666667,187.15,1130.8194,"2020-11-05",179
2021-05-03,"Late",109,"2021","31","Esket",2,220,"Split",908.566666666667,187.15,1130.8194,"2020-11-05",179
2021-05-03,"Late",175,"2021","31","Capone",3,220,"Split",908.566666666667,187.15,1130.8194,"2020-11-05",179
2021-05-03,"Late",37,"2021","31","Pionier",1,176,"Combined",908.566666666667,187.15,1130.8194,"2020-11-05",179
2021-05-03,"Late",7,"2021","31","Alves",1,220,"Split",908.566666666667,187.15,1130.8194,"2020-11-05",179
2021-05-03,"Late",183,"2021","31","Patras",3,220,"Split",908.566666666667,187.15,1130.8194,"2020-11-05",179
2021-05-03,"Late",13,"2021","31","Capone",1,220,"Combined",908.566666666667,187.15,1130.8194,"2020-11-05",179
2021-05-03,"Late",186,"2021","31","Torrild",3,220,"Split",908.566666666667,187.15,1130.8194,"2020-11-05",179
2021-05-03,"Late",170,"2021","31","Potenzial",3,220,"Split",908.566666666667,187.15,1130.8194,"2020-11-05",179
2021-05-03,"Late",182,"2021","31","Torrild",3,220,"Combined",908.566666666667,187.15,1130.8194,"2020-11-05",179
2021-05-03,"Late",191,"2021","31","Alves",3,220,"Split",908.566666666667,187.15,1130.8194,"2020-11-05",179
2021-05-03,"Late",156,"2021","31","Esket",3,176,"Split",908.566666666667,187.15,1130.8194,"2020-11-05",179
2021-05-03,"Late",87,"2021","31","Patras",2,176,"Combined",908.566666666667,187.15,1130.8194,"2020-11-05",179
2021-05-03,"Late",42,"2021","31","Potenzial",1,176,"Split",908.566666666667,187.15,1130.8194,"2020-11-05",179
2021-05-03,"Late",113,"2021","31","Potenzial",2,220,"Combined",908.566666666667,187.15,1130.8194,"2020-11-05",179
2021-05-03,"Late",137,"2021","31","Alves",3,176,"Combined",908.566666666667,187.15,1130.8194,"2020-11-05",179
2021-05-03,"Late",4,"2021","31","Patras",1,220,"Combined",908.566666666667,187.15,1130.8194,"2020-11-05",179
2021-05-03,"Late",144,"2021","31","Esket",3,176,"Combined",908.566666666667,187.15,1130.8194,"2020-11-05",179
2021-05-03,"Late",10,"2021","31","Torrild",1,220,"Split",908.566666666667,187.15,1130.8194,"2020-11-05",179
2021-05-03,"Late",94,"2021","31","Esket",2,176,"Split",908.566666666667,187.15,1130.8194,"2020-11-05",179
2021-05-03,"Late",91,"2021","31","Potenzial",2,176,"Split",908.566666666667,187.15,1130.8194,"2020-11-05",179
2021-05-03,"Late",120,"2021","31","Capone",2,220,"Combined",908.566666666667,187.15,1130.8194,"2020-11-05",179
2021-05-03,"Late",28,"2021","31","Potenzial",1,220,"Combined",908.566666666667,187.15,1130.8194,"2020-11-05",179
2021-05-12,"Early",106,"2021","31","Apertus",2,220,"Combined",1189.80833333333,235.1,1335.91572,"2020-10-22",202
2021-05-12,"Early",139,"2021","31","Apertus",3,176,"Split",1189.80833333333,235.1,1335.91572,"2020-10-22",202
2021-05-12,"Early",46,"2021","31","Apertus",1,176,"Combined",1189.80833333333,235.1,1335.91572,"2020-10-22",202
2021-05-12,"Early",89,"2021","31","Apertus",2,176,"Combined",1189.80833333333,235.1,1335.91572,"2020-10-22",202
2021-05-12,"Early",173,"2021","31","Apertus",3,220,"Combined",1189.80833333333,235.1,1335.91572,"2020-10-22",202
2021-05-12,"Early",146,"2021","31","Apertus",3,176,"Combined",1189.80833333333,235.1,1335.91572,"2020-10-22",202
2021-05-12,"Early",84,"2021","31","Apertus",2,176,"Split",1189.80833333333,235.1,1335.91572,"2020-10-22",202
2021-05-12,"Early",81,"2021","31","Capone",2,176,"Combined",1189.80833333333,235.1,1335.91572,"2020-10-22",202
2021-05-12,"Early",159,"2021","31","Capone",3,176,"Combined",1189.80833333333,235.1,1335.91572,"2020-10-22",202
2021-05-12,"Late",187,"2021","31","Apertus",3,220,"Combined",1016.95,211.86,1276.26372,"2020-11-05",188
2021-05-12,"Late",145,"2021","31","Apertus",3,176,"Combined",1016.95,211.86,1276.26372,"2020-11-05",188
2021-05-12,"Late",66,"2021","31","Pionier",2,176,"Combined",1016.95,211.86,1276.26372,"2020-11-05",188
2021-05-12,"Late",162,"2021","31","Apertus",3,220,"Split",1016.95,211.86,1276.26372,"2020-11-05",188
2021-05-12,"Late",75,"2021","31","Capone",2,176,"Split",1016.95,211.86,1276.26372,"2020-11-05",188
2021-05-12,"Late",90,"2021","31","Potenzial",2,176,"Combined",1016.95,211.86,1276.26372,"2020-11-05",188
2021-05-12,"Late",129,"2021","31","Pionier",3,176,"Combined",1016.95,211.86,1276.26372,"2020-11-05",188
2021-05-12,"Late",86,"2021","31","Pionier",2,176,"Split",1016.95,211.86,1276.26372,"2020-11-05",188
2021-05-12,"Late",101,"2021","31","Apertus",2,220,"Split",1016.95,211.86,1276.26372,"2020-11-05",188
2021-05-12,"Late",97,"2021","31","Pionier",2,220,"Combined",1016.95,211.86,1276.26372,"2020-11-05",188
2021-05-12,"Late",108,"2021","31","Pionier",2,220,"Split",1016.95,211.86,1276.26372,"2020-11-05",188
2021-05-12,"Late",5,"2021","31","Apertus",1,220,"Combined",1016.95,211.86,1276.26372,"2020-11-05",188
2021-05-12,"Late",174,"2021","31","Potenzial",3,220,"Combined",1016.95,211.86,1276.26372,"2020-11-05",188
2021-05-12,"Late",157,"2021","31","Apertus",3,176,"Split",1016.95,211.86,1276.26372,"2020-11-05",188
2021-05-12,"Late",163,"2021","31","Capone",3,220,"Combined",1016.95,211.86,1276.26372,"2020-11-05",188
2021-05-12,"Late",171,"2021","31","Alves",3,220,"Combined",1016.95,211.86,1276.26372,"2020-11-05",188
2021-05-12,"Late",23,"2021","31","Apertus",1,220,"Split",1016.95,211.86,1276.26372,"2020-11-05",188
2021-05-12,"Late",18,"2021","31","Pionier",1,220,"Split",1016.95,211.86,1276.26372,"2020-11-05",188
2021-05-12,"Late",20,"2021","31","Pionier",1,220,"Combined",1016.95,211.86,1276.26372,"2020-11-05",188
2021-05-12,"Late",12,"2021","31","Esket",1,220,"Combined",1016.95,211.86,1276.26372,"2020-11-05",188
2021-05-12,"Late",190,"2021","31","Pionier",3,220,"Combined",1016.95,211.86,1276.26372,"2020-11-05",188
2021-05-12,"Late",47,"2021","31","Pionier",1,176,"Split",1016.95,211.86,1276.26372,"2020-11-05",188
2021-05-12,"Late",74,"2021","31","Apertus",2,176,"Combined",1016.95,211.86,1276.26372,"2020-11-05",188
2021-05-12,"Late",44,"2021","31","Apertus",1,176,"Combined",1016.95,211.86,1276.26372,"2020-11-05",188
2021-05-12,"Late",67,"2021","31","Apertus",2,176,"Split",1016.95,211.86,1276.26372,"2020-11-05",188
2021-05-12,"Late",153,"2021","31","Potenzial",3,176,"Combined",1016.95,211.86,1276.26372,"2020-11-05",188
2021-05-12,"Late",50,"2021","31","Patras",1,176,"Split",1016.95,211.86,1276.26372,"2020-11-05",188
2021-05-28,"Early",76,"2021","41","Torrild",2,176,"Split",1377.36666666667,261.39,1609.15104,"2020-10-22",218
2021-05-28,"Early",73,"2021","41","Patras",2,176,"Combined",1377.36666666667,261.39,1609.15104,"2020-10-22",218
2021-05-28,"Early",85,"2021","41","Patras",2,176,"Split",1377.36666666667,261.39,1609.15104,"2020-10-22",218
2021-05-28,"Early",92,"2021","41","Alves",2,176,"Split",1377.36666666667,261.39,1609.15104,"2020-10-22",218
2021-05-28,"Early",143,"2021","41","Patras",3,176,"Combined",1377.36666666667,261.39,1609.15104,"2020-10-22",218
2021-05-28,"Early",22,"2021","41","Patras",1,220,"Combined",1377.36666666667,261.39,1609.15104,"2020-10-22",218
2021-05-28,"Early",62,"2021","41","Torrild",1,176,"Combined",1377.36666666667,261.39,1609.15104,"2020-10-22",218
2021-05-28,"Early",161,"2021","41","Alves",3,220,"Split",1377.36666666667,261.39,1609.15104,"2020-10-22",218
2021-05-28,"Early",119,"2021","41","Esket",2,220,"Combined",1377.36666666667,261.39,1609.15104,"2020-10-22",218
2021-05-28,"Early",192,"2021","41","Esket",3,220,"Split",1377.36666666667,261.39,1609.15104,"2020-10-22",218
2021-05-28,"Early",130,"2021","41","Esket",3,176,"Combined",1377.36666666667,261.39,1609.15104,"2020-10-22",218
2021-05-28,"Early",43,"2021","41","Patras",1,176,"Combined",1377.36666666667,261.39,1609.15104,"2020-10-22",218
2021-05-28,"Early",19,"2021","41","Esket",1,220,"Combined",1377.36666666667,261.39,1609.15104,"2020-10-22",218
2021-05-28,"Early",181,"2021","41","Torrild",3,220,"Combined",1377.36666666667,261.39,1609.15104,"2020-10-22",218
2021-05-28,"Early",65,"2021","41","Torrild",2,176,"Combined",1377.36666666667,261.39,1609.15104,"2020-10-22",218
2021-05-28,"Early",111,"2021","41","Alves",2,220,"Combined",1377.36666666667,261.39,1609.15104,"2020-10-22",218
2021-05-28,"Early",11,"2021","41","Capone",1,220,"Combined",1377.36666666667,261.39,1609.15104,"2020-10-22",218
2021-05-28,"Early",142,"2021","41","Torrild",3,176,"Split",1377.36666666667,261.39,1609.15104,"2020-10-22",218
2021-05-28,"Early",188,"2021","41","Capone",3,220,"Combined",1377.36666666667,261.39,1609.15104,"2020-10-22",218
2021-05-28,"Early",3,"2021","41","Torrild",1,220,"Combined",1377.36666666667,261.39,1609.15104,"2020-10-22",218
2021-05-28,"Early",59,"2021","41","Esket",1,176,"Combined",1377.36666666667,261.39,1609.15104,"2020-10-22",218
2021-05-28,"Early",27,"2021","41","Alves",1,220,"Combined",1377.36666666667,261.39,1609.15104,"2020-10-22",218
2021-05-28,"Early",8,"2021","41","Torrild",1,220,"Split",1377.36666666667,261.39,1609.15104,"2020-10-22",218
2021-05-28,"Early",147,"2021","41","Potenzial",3,176,"Split",1377.36666666667,261.39,1609.15104,"2020-10-22",218
2021-05-28,"Early",68,"2021","41","Potenzial",2,176,"Split",1377.36666666667,261.39,1609.15104,"2020-10-22",218
2021-05-28,"Early",164,"2021","41","Alves",3,220,"Combined",1377.36666666667,261.39,1609.15104,"2020-10-22",218
2021-05-28,"Early",102,"2021","41","Patras",2,220,"Split",1377.36666666667,261.39,1609.15104,"2020-10-22",218
2021-05-28,"Early",51,"2021","41","Alves",1,176,"Combined",1377.36666666667,261.39,1609.15104,"2020-10-22",218
2021-05-28,"Early",81,"2021","41","Capone",2,176,"Combined",1377.36666666667,261.39,1609.15104,"2020-10-22",218
2021-05-28,"Early",114,"2021","41","Patras",2,220,"Combined",1377.36666666667,261.39,1609.15104,"2020-10-22",218
2021-05-28,"Early",56,"2021","41","Esket",1,176,"Split",1377.36666666667,261.39,1609.15104,"2020-10-22",218
2021-05-28,"Early",103,"2021","41","Torrild",2,220,"Combined",1377.36666666667,261.39,1609.15104,"2020-10-22",218
2021-05-28,"Early",122,"2021","41","Potenzial",2,220,"Combined",1377.36666666667,261.39,1609.15104,"2020-10-22",218
2021-05-28,"Early",17,"2021","41","Patras",1,220,"Split",1377.36666666667,261.39,1609.15104,"2020-10-22",218
2021-05-28,"Early",185,"2021","41","Potenzial",3,220,"Split",1377.36666666667,261.39,1609.15104,"2020-10-22",218
2021-05-28,"Early",155,"2021","41","Patras",3,176,"Split",1377.36666666667,261.39,1609.15104,"2020-10-22",218
2021-05-28,"Early",110,"2021","41","Potenzial",2,220,"Split",1377.36666666667,261.39,1609.15104,"2020-10-22",218
2021-05-28,"Early",172,"2021","41","Patras",3,220,"Combined",1377.36666666667,261.39,1609.15104,"2020-10-22",218
2021-05-28,"Early",123,"2021","41","Esket",2,220,"Split",1377.36666666667,261.39,1609.15104,"2020-10-22",218
2021-05-28,"Early",177,"2021","41","Patras",3,220,"Split",1377.36666666667,261.39,1609.15104,"2020-10-22",218
2021-05-28,"Early",126,"2021","41","Alves",2,220,"Split",1377.36666666667,261.39,1609.15104,"2020-10-22",218
2021-05-28,"Early",138,"2021","41","Torrild",3,176,"Combined",1377.36666666667,261.39,1609.15104,"2020-10-22",218
2021-05-28,"Early",32,"2021","41","Alves",1,220,"Split",1377.36666666667,261.39,1609.15104,"2020-10-22",218
2021-05-28,"Early",184,"2021","41","Torrild",3,220,"Split",1377.36666666667,261.39,1609.15104,"2020-10-22",218
2021-05-28,"Early",30,"2021","41","Potenzial",1,220,"Combined",1377.36666666667,261.39,1609.15104,"2020-10-22",218
2021-05-28,"Early",158,"2021","41","Alves",3,176,"Split",1377.36666666667,261.39,1609.15104,"2020-10-22",218
2021-05-28,"Early",180,"2021","41","Esket",3,220,"Combined",1377.36666666667,261.39,1609.15104,"2020-10-22",218
2021-05-28,"Early",135,"2021","41","Alves",3,176,"Combined",1377.36666666667,261.39,1609.15104,"2020-10-22",218
2021-05-28,"Early",35,"2021","41","Potenzial",1,176,"Combined",1377.36666666667,261.39,1609.15104,"2020-10-22",218
2021-05-28,"Early",77,"2021","41","Esket",2,176,"Split",1377.36666666667,261.39,1609.15104,"2020-10-22",218
2021-05-28,"Late",2,"2021","41","Patras",1,220,"Split",1204.50833333333,238.15,1549.49904,"2020-11-05",204
2021-05-28,"Late",52,"2021","41","Patras",1,176,"Combined",1204.50833333333,238.15,1549.49904,"2020-11-05",204
2021-05-28,"Late",183,"2021","41","Patras",3,220,"Split",1204.50833333333,238.15,1549.49904,"2020-11-05",204
2021-05-28,"Late",7,"2021","41","Alves",1,220,"Split",1204.50833333333,238.15,1549.49904,"2020-11-05",204
2021-05-28,"Late",179,"2021","41","Patras",3,220,"Combined",1204.50833333333,238.15,1549.49904,"2020-11-05",204
2021-05-28,"Late",133,"2021","41","Alves",3,176,"Split",1204.50833333333,238.15,1549.49904,"2020-11-05",204
2021-05-28,"Late",4,"2021","41","Patras",1,220,"Combined",1204.50833333333,238.15,1549.49904,"2020-11-05",204
2021-05-28,"Late",87,"2021","41","Patras",2,176,"Combined",1204.50833333333,238.15,1549.49904,"2020-11-05",204
2021-05-28,"Late",141,"2021","41","Patras",3,176,"Split",1204.50833333333,238.15,1549.49904,"2020-11-05",204
2021-05-28,"Late",70,"2021","41","Torrild",2,176,"Split",1204.50833333333,238.15,1549.49904,"2020-11-05",204
2021-05-28,"Late",60,"2021","41","Potenzial",1,176,"Combined",1204.50833333333,238.15,1549.49904,"2020-11-05",204
2021-05-28,"Late",100,"2021","41","Patras",2,220,"Split",1204.50833333333,238.15,1549.49904,"2020-11-05",204
2021-05-28,"Late",12,"2021","41","Esket",1,220,"Combined",1204.50833333333,238.15,1549.49904,"2020-11-05",204
2021-05-28,"Late",170,"2021","41","Potenzial",3,220,"Split",1204.50833333333,238.15,1549.49904,"2020-11-05",204
2021-05-28,"Late",83,"2021","41","Patras",2,176,"Split",1204.50833333333,238.15,1549.49904,"2020-11-05",204
2021-06-01,"Early",48,"2021","41","Patras",1,176,"Split",1435.45,261.39,1708.17732,"2020-10-22",222
2021-06-01,"Early",96,"2021","41","Potenzial",2,176,"Combined",1435.45,261.39,1708.17732,"2020-10-22",222
2021-06-01,"Early",98,"2021","41","Capone",2,220,"Combined",1435.45,261.39,1708.17732,"2020-10-22",222
2021-06-01,"Early",189,"2021","41","Pionier",3,220,"Combined",1435.45,261.39,1708.17732,"2020-10-22",222
2021-06-01,"Early",127,"2021","41","Pionier",2,220,"Combined",1435.45,261.39,1708.17732,"2020-10-22",222
2021-06-01,"Early",80,"2021","41","Esket",2,176,"Combined",1435.45,261.39,1708.17732,"2020-10-22",222
2021-06-01,"Early",64,"2021","41","Pionier",1,176,"Split",1435.45,261.39,1708.17732,"2020-10-22",222
2021-06-01,"Early",33,"2021","41","Alves",1,176,"Split",1435.45,261.39,1708.17732,"2020-10-22",222
2021-06-01,"Early",176,"2021","41","Capone",3,220,"Split",1435.45,261.39,1708.17732,"2020-10-22",222
2021-06-01,"Early",159,"2021","41","Capone",3,176,"Combined",1435.45,261.39,1708.17732,"2020-10-22",222
2021-06-01,"Early",40,"2021","41","Potenzial",1,176,"Split",1435.45,261.39,1708.17732,"2020-10-22",222
2021-06-01,"Early",9,"2021","41","Esket",1,220,"Split",1435.45,261.39,1708.17732,"2020-10-22",222
2021-06-01,"Early",16,"2021","41","Pionier",1,220,"Split",1435.45,261.39,1708.17732,"2020-10-22",222
2021-06-01,"Early",88,"2021","41","Alves",2,176,"Combined",1435.45,261.39,1708.17732,"2020-10-22",222
2021-06-01,"Early",41,"2021","41","Apertus",1,176,"Split",1435.45,261.39,1708.17732,"2020-10-22",222
2021-06-01,"Early",25,"2021","41","Potenzial",1,220,"Split",1435.45,261.39,1708.17732,"2020-10-22",222
2021-06-01,"Early",14,"2021","41","Pionier",1,220,"Combined",1435.45,261.39,1708.17732,"2020-10-22",222
2021-06-01,"Early",93,"2021","41","Pionier",2,176,"Split",1435.45,261.39,1708.17732,"2020-10-22",222
2021-06-01,"Early",57,"2021","41","Capone",1,176,"Split",1435.45,261.39,1708.17732,"2020-10-22",222
2021-06-01,"Early",154,"2021","41","Pionier",3,176,"Combined",1435.45,261.39,1708.17732,"2020-10-22",222
2021-06-01,"Early",99,"2021","41","Capone",2,220,"Split",1435.45,261.39,1708.17732,"2020-10-22",222
2021-06-01,"Early",54,"2021","41","Pionier",1,176,"Combined",1435.45,261.39,1708.17732,"2020-10-22",222
2021-06-01,"Early",24,"2021","41","Capone",1,220,"Split",1435.45,261.39,1708.17732,"2020-10-22",222
2021-06-01,"Early",134,"2021","41","Esket",3,176,"Split",1435.45,261.39,1708.17732,"2020-10-22",222
2021-06-01,"Early",38,"2021","41","Capone",1,176,"Combined",1435.45,261.39,1708.17732,"2020-10-22",222
2021-06-01,"Early",49,"2021","41","Torrild",1,176,"Split",1435.45,261.39,1708.17732,"2020-10-22",222
2021-06-01,"Early",115,"2021","41","Torrild",2,220,"Split",1435.45,261.39,1708.17732,"2020-10-22",222
2021-06-01,"Early",131,"2021","41","Pionier",3,176,"Split",1435.45,261.39,1708.17732,"2020-10-22",222
2021-06-01,"Early",6,"2021","41","Apertus",1,220,"Combined",1435.45,261.39,1708.17732,"2020-10-22",222
2021-06-01,"Early",169,"2021","41","Pionier",3,220,"Split",1435.45,261.39,1708.17732,"2020-10-22",222
2021-06-01,"Early",165,"2021","41","Potenzial",3,220,"Combined",1435.45,261.39,1708.17732,"2020-10-22",222
2021-06-01,"Early",72,"2021","41","Pionier",2,176,"Combined",1435.45,261.39,1708.17732,"2020-10-22",222
2021-06-01,"Early",151,"2021","41","Potenzial",3,176,"Combined",1435.45,261.39,1708.17732,"2020-10-22",222
2021-06-01,"Late",140,"2021","41","Capone",3,176,"Split",1262.59166666667,238.15,1648.52532,"2020-11-05",208
2021-06-01,"Late",61,"2021","41","Torrild",1,176,"Combined",1262.59166666667,238.15,1648.52532,"2020-11-05",208
2021-06-01,"Late",174,"2021","41","Potenzial",3,220,"Combined",1262.59166666667,238.15,1648.52532,"2020-11-05",208
2021-06-01,"Late",132,"2021","41","Potenzial",3,176,"Split",1262.59166666667,238.15,1648.52532,"2020-11-05",208
2021-06-01,"Late",58,"2021","41","Alves",1,176,"Split",1262.59166666667,238.15,1648.52532,"2020-11-05",208
2021-06-01,"Late",37,"2021","41","Pionier",1,176,"Combined",1262.59166666667,238.15,1648.52532,"2020-11-05",208
2021-06-01,"Late",153,"2021","41","Potenzial",3,176,"Combined",1262.59166666667,238.15,1648.52532,"2020-11-05",208
2021-06-01,"Late",191,"2021","41","Alves",3,220,"Split",1262.59166666667,238.15,1648.52532,"2020-11-05",208
2021-06-01,"Late",186,"2021","41","Torrild",3,220,"Split",1262.59166666667,238.15,1648.52532,"2020-11-05",208
2021-06-01,"Late",166,"2021","41","Esket",3,220,"Combined",1262.59166666667,238.15,1648.52532,"2020-11-05",208
2021-06-01,"Late",137,"2021","41","Alves",3,176,"Combined",1262.59166666667,238.15,1648.52532,"2020-11-05",208
2021-06-01,"Late",160,"2021","41","Capone",3,176,"Combined",1262.59166666667,238.15,1648.52532,"2020-11-05",208
2021-06-01,"Late",113,"2021","41","Potenzial",2,220,"Combined",1262.59166666667,238.15,1648.52532,"2020-11-05",208
2021-06-01,"Late",104,"2021","41","Patras",2,220,"Combined",1262.59166666667,238.15,1648.52532,"2020-11-05",208
2021-06-01,"Late",163,"2021","41","Capone",3,220,"Combined",1262.59166666667,238.15,1648.52532,"2020-11-05",208
2021-06-01,"Late",29,"2021","41","Alves",1,220,"Combined",1262.59166666667,238.15,1648.52532,"2020-11-05",208
2021-06-01,"Late",116,"2021","41","Capone",2,220,"Split",1262.59166666667,238.15,1648.52532,"2020-11-05",208
2021-06-01,"Late",167,"2021","41","Pionier",3,220,"Split",1262.59166666667,238.15,1648.52532,"2020-11-05",208
2021-06-01,"Late",15,"2021","41","Capone",1,220,"Split",1262.59166666667,238.15,1648.52532,"2020-11-05",208
2021-06-01,"Late",152,"2021","41","Torrild",3,176,"Combined",1262.59166666667,238.15,1648.52532,"2020-11-05",208
2021-06-01,"Late",91,"2021","41","Potenzial",2,176,"Split",1262.59166666667,238.15,1648.52532,"2020-11-05",208
2021-06-01,"Late",26,"2021","41","Esket",1,220,"Split",1262.59166666667,238.15,1648.52532,"2020-11-05",208
2021-06-01,"Late",82,"2021","41","Torrild",2,176,"Combined",1262.59166666667,238.15,1648.52532,"2020-11-05",208
2021-06-01,"Late",36,"2021","41","Capone",1,176,"Combined",1262.59166666667,238.15,1648.52532,"2020-11-05",208
2021-06-01,"Late",112,"2021","41","Esket",2,220,"Combined",1262.59166666667,238.15,1648.52532,"2020-11-05",208
2021-06-01,"Late",171,"2021","41","Alves",3,220,"Combined",1262.59166666667,238.15,1648.52532,"2020-11-05",208
2021-06-01,"Late",124,"2021","41","Torrild",2,220,"Split",1262.59166666667,238.15,1648.52532,"2020-11-05",208
2021-06-01,"Late",120,"2021","41","Capone",2,220,"Combined",1262.59166666667,238.15,1648.52532,"2020-11-05",208
2021-06-01,"Late",53,"2021","41","Alves",1,176,"Combined",1262.59166666667,238.15,1648.52532,"2020-11-05",208
2021-06-01,"Late",95,"2021","41","Esket",2,176,"Combined",1262.59166666667,238.15,1648.52532,"2020-11-05",208
2021-06-01,"Late",156,"2021","41","Esket",3,176,"Split",1262.59166666667,238.15,1648.52532,"2020-11-05",208
2021-06-01,"Late",13,"2021","41","Capone",1,220,"Combined",1262.59166666667,238.15,1648.52532,"2020-11-05",208
2021-06-01,"Late",125,"2021","41","Potenzial",2,220,"Split",1262.59166666667,238.15,1648.52532,"2020-11-05",208
2021-06-01,"Late",28,"2021","41","Potenzial",1,220,"Combined",1262.59166666667,238.15,1648.52532,"2020-11-05",208
2021-06-01,"Late",50,"2021","41","Patras",1,176,"Split",1262.59166666667,238.15,1648.52532,"2020-11-05",208
2021-06-01,"Late",42,"2021","41","Potenzial",1,176,"Split",1262.59166666667,238.15,1648.52532,"2020-11-05",208
2021-06-01,"Late",94,"2021","41","Esket",2,176,"Split",1262.59166666667,238.15,1648.52532,"2020-11-05",208
2021-06-01,"Late",109,"2021","41","Esket",2,220,"Split",1262.59166666667,238.15,1648.52532,"2020-11-05",208
2021-06-01,"Late",182,"2021","41","Torrild",3,220,"Combined",1262.59166666667,238.15,1648.52532,"2020-11-05",208
2021-06-01,"Late",63,"2021","41","Capone",1,176,"Split",1262.59166666667,238.15,1648.52532,"2020-11-05",208
2021-06-01,"Late",10,"2021","41","Torrild",1,220,"Split",1262.59166666667,238.15,1648.52532,"2020-11-05",208
2021-06-03,"Early",139,"2021","41","Apertus",3,176,"Split",1473.87083333333,264.16,1751.31936,"2020-10-22",224
2021-06-03,"Early",46,"2021","41","Apertus",1,176,"Combined",1473.87083333333,264.16,1751.31936,"2020-10-22",224
2021-06-03,"Early",89,"2021","41","Apertus",2,176,"Combined",1473.87083333333,264.16,1751.31936,"2020-10-22",224
2021-06-03,"Early",84,"2021","41","Apertus",2,176,"Split",1473.87083333333,264.16,1751.31936,"2020-10-22",224
2021-06-03,"Early",173,"2021","41","Apertus",3,220,"Combined",1473.87083333333,264.16,1751.31936,"2020-10-22",224
2021-06-03,"Early",1,"2021","41","Apertus",1,220,"Split",1473.87083333333,264.16,1751.31936,"2020-10-22",224
2021-06-03,"Early",143,"2021","51","Patras",3,176,"Combined",1473.87083333333,264.16,1751.31936,"2020-10-22",224
2021-06-03,"Early",118,"2021","41","Pionier",2,220,"Split",1473.87083333333,264.16,1751.31936,"2020-10-22",224
2021-06-03,"Early",106,"2021","41","Apertus",2,220,"Combined",1473.87083333333,264.16,1751.31936,"2020-10-22",224
2021-06-03,"Early",168,"2021","41","Apertus",3,220,"Split",1473.87083333333,264.16,1751.31936,"2020-10-22",224
2021-06-03,"Early",107,"2021","41","Apertus",2,220,"Split",1473.87083333333,264.16,1751.31936,"2020-10-22",224
2021-06-03,"Early",150,"2021","41","Capone",3,176,"Split",1473.87083333333,264.16,1751.31936,"2020-10-22",224
2021-06-03,"Early",69,"2021","41","Capone",2,176,"Split",1473.87083333333,264.16,1751.31936,"2020-10-22",224
2021-06-03,"Early",146,"2021","41","Apertus",3,176,"Combined",1473.87083333333,264.16,1751.31936,"2020-10-22",224
2021-06-03,"Late",162,"2021","41","Apertus",3,220,"Split",1301.0125,240.92,1691.66736,"2020-11-05",210
2021-06-03,"Late",34,"2021","41","Esket",1,176,"Split",1301.0125,240.92,1691.66736,"2020-11-05",210
2021-06-03,"Late",190,"2021","41","Pionier",3,220,"Combined",1301.0125,240.92,1691.66736,"2020-11-05",210
2021-06-03,"Late",79,"2021","41","Capone",2,176,"Combined",1301.0125,240.92,1691.66736,"2020-11-05",210
2021-06-03,"Late",75,"2021","41","Capone",2,176,"Split",1301.0125,240.92,1691.66736,"2020-11-05",210
2021-06-03,"Late",86,"2021","41","Pionier",2,176,"Split",1301.0125,240.92,1691.66736,"2020-11-05",210
2021-06-03,"Late",47,"2021","41","Pionier",1,176,"Split",1301.0125,240.92,1691.66736,"2020-11-05",210
2021-06-03,"Late",129,"2021","41","Pionier",3,176,"Combined",1301.0125,240.92,1691.66736,"2020-11-05",210
2021-06-03,"Late",18,"2021","41","Pionier",1,220,"Split",1301.0125,240.92,1691.66736,"2020-11-05",210
2021-06-03,"Late",97,"2021","41","Pionier",2,220,"Combined",1301.0125,240.92,1691.66736,"2020-11-05",210
2021-06-03,"Late",136,"2021","41","Patras",3,176,"Combined",1301.0125,240.92,1691.66736,"2020-11-05",210
2021-06-03,"Late",101,"2021","41","Apertus",2,220,"Split",1301.0125,240.92,1691.66736,"2020-11-05",210
2021-06-03,"Late",71,"2021","41","Alves",2,176,"Combined",1301.0125,240.92,1691.66736,"2020-11-05",210
2021-06-03,"Late",90,"2021","41","Potenzial",2,176,"Combined",1301.0125,240.92,1691.66736,"2020-11-05",210
2021-06-03,"Late",121,"2021","41","Alves",2,220,"Combined",1301.0125,240.92,1691.66736,"2020-11-05",210
2021-06-03,"Late",144,"2021","41","Esket",3,176,"Combined",1301.0125,240.92,1691.66736,"2020-11-05",210
2021-06-03,"Late",45,"2021","41","Esket",1,176,"Combined",1301.0125,240.92,1691.66736,"2020-11-05",210
2021-06-03,"Late",23,"2021","41","Apertus",1,220,"Split",1301.0125,240.92,1691.66736,"2020-11-05",210
2021-06-03,"Late",20,"2021","41","Pionier",1,220,"Combined",1301.0125,240.92,1691.66736,"2020-11-05",210
2021-06-03,"Late",149,"2021","41","Pionier",3,176,"Split",1301.0125,240.92,1691.66736,"2020-11-05",210
2021-06-03,"Late",66,"2021","41","Pionier",2,176,"Combined",1301.0125,240.92,1691.66736,"2020-11-05",210
2021-06-03,"Late",67,"2021","41","Apertus",2,176,"Split",1301.0125,240.92,1691.66736,"2020-11-05",210
2021-06-03,"Late",117,"2021","41","Alves",2,220,"Split",1301.0125,240.92,1691.66736,"2020-11-05",210
2021-06-03,"Late",108,"2021","41","Pionier",2,220,"Split",1301.0125,240.92,1691.66736,"2020-11-05",210
2021-06-03,"Late",31,"2021","41","Potenzial",1,220,"Split",1301.0125,240.92,1691.66736,"2020-11-05",210
2021-06-03,"Late",175,"2021","41","Capone",3,220,"Split",1301.0125,240.92,1691.66736,"2020-11-05",210
2021-06-03,"Late",148,"2021","41","Torrild",3,176,"Split",1301.0125,240.92,1691.66736,"2020-11-05",210
2021-06-03,"Late",105,"2021","41","Torrild",2,220,"Combined",1301.0125,240.92,1691.66736,"2020-11-05",210
2021-06-03,"Late",187,"2021","41","Apertus",3,220,"Combined",1301.0125,240.92,1691.66736,"2020-11-05",210
2021-06-03,"Late",74,"2021","41","Apertus",2,176,"Combined",1301.0125,240.92,1691.66736,"2020-11-05",210
2021-06-03,"Late",78,"2021","41","Alves",2,176,"Split",1301.0125,240.92,1691.66736,"2020-11-05",210
2021-06-03,"Late",128,"2021","41","Apertus",2,220,"Combined",1301.0125,240.92,1691.66736,"2020-11-05",210
2021-06-03,"Late",55,"2021","41","Torrild",1,176,"Split",1301.0125,240.92,1691.66736,"2020-11-05",210
2021-06-03,"Late",178,"2021","41","Esket",3,220,"Split",1301.0125,240.92,1691.66736,"2020-11-05",210
2021-06-03,"Late",21,"2021","41","Torrild",1,220,"Combined",1301.0125,240.92,1691.66736,"2020-11-05",210
2021-06-03,"Late",157,"2021","41","Apertus",3,176,"Split",1301.0125,240.92,1691.66736,"2020-11-05",210
2021-06-03,"Late",145,"2021","41","Apertus",3,176,"Combined",1301.0125,240.92,1691.66736,"2020-11-05",210
2021-06-03,"Late",39,"2021","41","Apertus",1,176,"Split",1301.0125,240.92,1691.66736,"2020-11-05",210
2021-06-03,"Late",5,"2021","41","Apertus",1,220,"Combined",1301.0125,240.92,1691.66736,"2020-11-05",210
2021-06-03,"Late",44,"2021","41","Apertus",1,176,"Combined",1301.0125,240.92,1691.66736,"2020-11-05",210
2021-06-05,"Early",48,"2021","51","Patras",1,176,"Split",1515.15833333333,271.24,1791.22968,"2020-10-22",226
2021-06-05,"Early",38,"2021","51","Capone",1,176,"Combined",1515.15833333333,271.24,1791.22968,"2020-10-22",226
2021-06-05,"Early",33,"2021","51","Alves",1,176,"Split",1515.15833333333,271.24,1791.22968,"2020-10-22",226
2021-06-05,"Early",114,"2021","51","Patras",2,220,"Combined",1515.15833333333,271.24,1791.22968,"2020-10-22",226
2021-06-05,"Early",96,"2021","51","Potenzial",2,176,"Combined",1515.15833333333,271.24,1791.22968,"2020-10-22",226
2021-06-05,"Early",155,"2021","51","Patras",3,176,"Split",1515.15833333333,271.24,1791.22968,"2020-10-22",226
2021-06-05,"Early",98,"2021","51","Capone",2,220,"Combined",1515.15833333333,271.24,1791.22968,"2020-10-22",226
2021-06-05,"Early",64,"2021","51","Pionier",1,176,"Split",1515.15833333333,271.24,1791.22968,"2020-10-22",226
2021-06-05,"Early",102,"2021","51","Patras",2,220,"Split",1515.15833333333,271.24,1791.22968,"2020-10-22",226
2021-06-05,"Early",54,"2021","51","Pionier",1,176,"Combined",1515.15833333333,271.24,1791.22968,"2020-10-22",226
2021-06-05,"Early",27,"2021","51","Alves",1,220,"Combined",1515.15833333333,271.24,1791.22968,"2020-10-22",226
2021-06-05,"Early",69,"2021","51","Capone",2,176,"Split",1515.15833333333,271.24,1791.22968,"2020-10-22",226
2021-06-05,"Early",115,"2021","51","Torrild",2,220,"Split",1515.15833333333,271.24,1791.22968,"2020-10-22",226
2021-06-05,"Early",22,"2021","51","Patras",1,220,"Combined",1515.15833333333,271.24,1791.22968,"2020-10-22",226
2021-06-05,"Early",159,"2021","51","Capone",3,176,"Combined",1515.15833333333,271.24,1791.22968,"2020-10-22",226
2021-06-05,"Early",142,"2021","51","Torrild",3,176,"Split",1515.15833333333,271.24,1791.22968,"2020-10-22",226
2021-06-05,"Early",147,"2021","51","Potenzial",3,176,"Split",1515.15833333333,271.24,1791.22968,"2020-10-22",226
2021-06-05,"Early",30,"2021","51","Potenzial",1,220,"Combined",1515.15833333333,271.24,1791.22968,"2020-10-22",226
2021-06-05,"Early",76,"2021","51","Torrild",2,176,"Split",1515.15833333333,271.24,1791.22968,"2020-10-22",226
2021-06-05,"Early",184,"2021","51","Torrild",3,220,"Split",1515.15833333333,271.24,1791.22968,"2020-10-22",226
2021-06-05,"Early",164,"2021","51","Alves",3,220,"Combined",1515.15833333333,271.24,1791.22968,"2020-10-22",226
2021-06-05,"Early",62,"2021","51","Torrild",1,176,"Combined",1515.15833333333,271.24,1791.22968,"2020-10-22",226
2021-06-05,"Early",130,"2021","51","Esket",3,176,"Combined",1515.15833333333,271.24,1791.22968,"2020-10-22",226
2021-06-05,"Early",14,"2021","51","Pionier",1,220,"Combined",1515.15833333333,271.24,1791.22968,"2020-10-22",226
2021-06-05,"Early",122,"2021","51","Potenzial",2,220,"Combined",1515.15833333333,271.24,1791.22968,"2020-10-22",226
2021-06-05,"Early",40,"2021","51","Potenzial",1,176,"Split",1515.15833333333,271.24,1791.22968,"2020-10-22",226
2021-06-05,"Early",43,"2021","51","Patras",1,176,"Combined",1515.15833333333,271.24,1791.22968,"2020-10-22",226
2021-06-05,"Early",180,"2021","51","Esket",3,220,"Combined",1515.15833333333,271.24,1791.22968,"2020-10-22",226
2021-06-05,"Early",176,"2021","51","Capone",3,220,"Split",1515.15833333333,271.24,1791.22968,"2020-10-22",226
2021-06-05,"Early",3,"2021","51","Torrild",1,220,"Combined",1515.15833333333,271.24,1791.22968,"2020-10-22",226
2021-06-05,"Early",181,"2021","51","Torrild",3,220,"Combined",1515.15833333333,271.24,1791.22968,"2020-10-22",226
2021-06-05,"Early",25,"2021","51","Potenzial",1,220,"Split",1515.15833333333,271.24,1791.22968,"2020-10-22",226
2021-06-05,"Early",65,"2021","51","Torrild",2,176,"Combined",1515.15833333333,271.24,1791.22968,"2020-10-22",226
2021-06-05,"Early",92,"2021","51","Alves",2,176,"Split",1515.15833333333,271.24,1791.22968,"2020-10-22",226
2021-06-05,"Early",135,"2021","51","Alves",3,176,"Combined",1515.15833333333,271.24,1791.22968,"2020-10-22",226
2021-06-05,"Early",110,"2021","51","Potenzial",2,220,"Split",1515.15833333333,271.24,1791.22968,"2020-10-22",226
2021-06-05,"Early",165,"2021","51","Potenzial",3,220,"Combined",1515.15833333333,271.24,1791.22968,"2020-10-22",226
2021-06-05,"Early",154,"2021","51","Pionier",3,176,"Combined",1515.15833333333,271.24,1791.22968,"2020-10-22",226
2021-06-05,"Early",138,"2021","51","Torrild",3,176,"Combined",1515.15833333333,271.24,1791.22968,"2020-10-22",226
2021-06-05,"Early",59,"2021","51","Esket",1,176,"Combined",1515.15833333333,271.24,1791.22968,"2020-10-22",226
2021-06-05,"Early",131,"2021","51","Pionier",3,176,"Split",1515.15833333333,271.24,1791.22968,"2020-10-22",226
2021-06-05,"Early",8,"2021","51","Torrild",1,220,"Split",1515.15833333333,271.24,1791.22968,"2020-10-22",226
2021-06-05,"Early",118,"2021","51","Pionier",2,220,"Split",1515.15833333333,271.24,1791.22968,"2020-10-22",226
2021-06-05,"Early",189,"2021","51","Pionier",3,220,"Combined",1515.15833333333,271.24,1791.22968,"2020-10-22",226
2021-06-05,"Early",49,"2021","51","Torrild",1,176,"Split",1515.15833333333,271.24,1791.22968,"2020-10-22",226
2021-06-05,"Early",17,"2021","51","Patras",1,220,"Split",1515.15833333333,271.24,1791.22968,"2020-10-22",226
2021-06-05,"Early",103,"2021","51","Torrild",2,220,"Combined",1515.15833333333,271.24,1791.22968,"2020-10-22",226
2021-06-05,"Early",68,"2021","51","Potenzial",2,176,"Split",1515.15833333333,271.24,1791.22968,"2020-10-22",226
2021-06-05,"Early",177,"2021","51","Patras",3,220,"Split",1515.15833333333,271.24,1791.22968,"2020-10-22",226
2021-06-05,"Early",93,"2021","51","Pionier",2,176,"Split",1515.15833333333,271.24,1791.22968,"2020-10-22",226
2021-06-05,"Early",73,"2021","51","Patras",2,176,"Combined",1515.15833333333,271.24,1791.22968,"2020-10-22",226
2021-06-05,"Early",185,"2021","51","Potenzial",3,220,"Split",1515.15833333333,271.24,1791.22968,"2020-10-22",226
2021-06-05,"Early",11,"2021","51","Capone",1,220,"Combined",1515.15833333333,271.24,1791.22968,"2020-10-22",226
2021-06-05,"Early",172,"2021","51","Patras",3,220,"Combined",1515.15833333333,271.24,1791.22968,"2020-10-22",226
2021-06-05,"Early",77,"2021","51","Esket",2,176,"Split",1515.15833333333,271.24,1791.22968,"2020-10-22",226
2021-06-05,"Early",134,"2021","51","Esket",3,176,"Split",1515.15833333333,271.24,1791.22968,"2020-10-22",226
2021-06-05,"Early",85,"2021","51","Patras",2,176,"Split",1515.15833333333,271.24,1791.22968,"2020-10-22",226
2021-06-05,"Early",169,"2021","51","Pionier",3,220,"Split",1515.15833333333,271.24,1791.22968,"2020-10-22",226
2021-06-05,"Early",35,"2021","51","Potenzial",1,176,"Combined",1515.15833333333,271.24,1791.22968,"2020-10-22",226
2021-06-05,"Early",150,"2021","51","Capone",3,176,"Split",1515.15833333333,271.24,1791.22968,"2020-10-22",226
2021-06-05,"Late",61,"2021","51","Torrild",1,176,"Combined",1342.3,248,1731.57768,"2020-11-05",212
2021-06-05,"Late",132,"2021","51","Potenzial",3,176,"Split",1342.3,248,1731.57768,"2020-11-05",212
2021-06-05,"Late",4,"2021","51","Patras",1,220,"Combined",1342.3,248,1731.57768,"2020-11-05",212
2021-06-05,"Late",90,"2021","51","Potenzial",2,176,"Combined",1342.3,248,1731.57768,"2020-11-05",212
2021-06-05,"Late",160,"2021","51","Capone",3,176,"Combined",1342.3,248,1731.57768,"2020-11-05",212
2021-06-05,"Late",87,"2021","51","Patras",2,176,"Combined",1342.3,248,1731.57768,"2020-11-05",212
2021-06-05,"Late",182,"2021","51","Torrild",3,220,"Combined",1342.3,248,1731.57768,"2020-11-05",212
2021-06-05,"Late",179,"2021","51","Patras",3,220,"Combined",1342.3,248,1731.57768,"2020-11-05",212
2021-06-05,"Late",183,"2021","51","Patras",3,220,"Split",1342.3,248,1731.57768,"2020-11-05",212
2021-06-05,"Late",124,"2021","51","Torrild",2,220,"Split",1342.3,248,1731.57768,"2020-11-05",212
2021-06-05,"Late",163,"2021","51","Capone",3,220,"Combined",1342.3,248,1731.57768,"2020-11-05",212
2021-06-05,"Late",136,"2021","51","Patras",3,176,"Combined",1342.3,248,1731.57768,"2020-11-05",212
2021-06-05,"Late",186,"2021","51","Torrild",3,220,"Split",1342.3,248,1731.57768,"2020-11-05",212
2021-06-05,"Late",100,"2021","51","Patras",2,220,"Split",1342.3,248,1731.57768,"2020-11-05",212
2021-06-05,"Late",153,"2021","51","Potenzial",3,176,"Combined",1342.3,248,1731.57768,"2020-11-05",212
2021-06-05,"Late",36,"2021","51","Capone",1,176,"Combined",1342.3,248,1731.57768,"2020-11-05",212
2021-06-05,"Late",141,"2021","51","Patras",3,176,"Split",1342.3,248,1731.57768,"2020-11-05",212
2021-06-05,"Late",125,"2021","51","Potenzial",2,220,"Split",1342.3,248,1731.57768,"2020-11-05",212
2021-06-05,"Late",60,"2021","51","Potenzial",1,176,"Combined",1342.3,248,1731.57768,"2020-11-05",212
2021-06-05,"Late",50,"2021","51","Patras",1,176,"Split",1342.3,248,1731.57768,"2020-11-05",212
2021-06-05,"Late",52,"2021","51","Patras",1,176,"Combined",1342.3,248,1731.57768,"2020-11-05",212
2021-06-07,"Early",119,"2021","51","Esket",2,220,"Combined",1548.1125,271.4,1811.27808,"2020-10-22",228
2021-06-07,"Early",88,"2021","51","Alves",2,176,"Combined",1548.1125,271.4,1811.27808,"2020-10-22",228
2021-06-07,"Early",57,"2021","51","Capone",1,176,"Split",1548.1125,271.4,1811.27808,"2020-10-22",228
2021-06-07,"Early",192,"2021","51","Esket",3,220,"Split",1548.1125,271.4,1811.27808,"2020-10-22",228
2021-06-07,"Early",123,"2021","51","Esket",2,220,"Split",1548.1125,271.4,1811.27808,"2020-10-22",228
2021-06-07,"Early",6,"2021","51","Apertus",1,220,"Combined",1548.1125,271.4,1811.27808,"2020-10-22",228
2021-06-07,"Early",56,"2021","51","Esket",1,176,"Split",1548.1125,271.4,1811.27808,"2020-10-22",228
2021-06-07,"Early",126,"2021","51","Alves",2,220,"Split",1548.1125,271.4,1811.27808,"2020-10-22",228
2021-06-07,"Early",24,"2021","51","Capone",1,220,"Split",1548.1125,271.4,1811.27808,"2020-10-22",228
2021-06-07,"Early",111,"2021","51","Alves",2,220,"Combined",1548.1125,271.4,1811.27808,"2020-10-22",228
2021-06-07,"Early",46,"2021","51","Apertus",1,176,"Combined",1548.1125,271.4,1811.27808,"2020-10-22",228
2021-06-07,"Early",81,"2021","51","Capone",2,176,"Combined",1548.1125,271.4,1811.27808,"2020-10-22",228
2021-06-07,"Early",151,"2021","51","Potenzial",3,176,"Combined",1548.1125,271.4,1811.27808,"2020-10-22",228
2021-06-07,"Early",1,"2021","51","Apertus",1,220,"Split",1548.1125,271.4,1811.27808,"2020-10-22",228
2021-06-07,"Early",72,"2021","51","Pionier",2,176,"Combined",1548.1125,271.4,1811.27808,"2020-10-22",228
2021-06-07,"Early",158,"2021","51","Alves",3,176,"Split",1548.1125,271.4,1811.27808,"2020-10-22",228
2021-06-07,"Early",99,"2021","51","Capone",2,220,"Split",1548.1125,271.4,1811.27808,"2020-10-22",228
2021-06-07,"Early",16,"2021","51","Pionier",1,220,"Split",1548.1125,271.4,1811.27808,"2020-10-22",228
2021-06-07,"Early",89,"2021","51","Apertus",2,176,"Combined",1548.1125,271.4,1811.27808,"2020-10-22",228
2021-06-07,"Early",127,"2021","51","Pionier",2,220,"Combined",1548.1125,271.4,1811.27808,"2020-10-22",228
2021-06-07,"Early",19,"2021","51","Esket",1,220,"Combined",1548.1125,271.4,1811.27808,"2020-10-22",228
2021-06-07,"Early",188,"2021","51","Capone",3,220,"Combined",1548.1125,271.4,1811.27808,"2020-10-22",228
2021-06-07,"Early",84,"2021","51","Apertus",2,176,"Split",1548.1125,271.4,1811.27808,"2020-10-22",228
2021-06-07,"Early",107,"2021","51","Apertus",2,220,"Split",1548.1125,271.4,1811.27808,"2020-10-22",228
2021-06-07,"Early",9,"2021","51","Esket",1,220,"Split",1548.1125,271.4,1811.27808,"2020-10-22",228
2021-06-07,"Early",80,"2021","51","Esket",2,176,"Combined",1548.1125,271.4,1811.27808,"2020-10-22",228
2021-06-07,"Early",168,"2021","51","Apertus",3,220,"Split",1548.1125,271.4,1811.27808,"2020-10-22",228
2021-06-07,"Early",146,"2021","51","Apertus",3,176,"Combined",1548.1125,271.4,1811.27808,"2020-10-22",228
2021-06-07,"Early",41,"2021","51","Apertus",1,176,"Split",1548.1125,271.4,1811.27808,"2020-10-22",228
2021-06-07,"Early",32,"2021","51","Alves",1,220,"Split",1548.1125,271.4,1811.27808,"2020-10-22",228
2021-06-07,"Early",51,"2021","51","Alves",1,176,"Combined",1548.1125,271.4,1811.27808,"2020-10-22",228
2021-06-07,"Early",161,"2021","51","Alves",3,220,"Split",1548.1125,271.4,1811.27808,"2020-10-22",228
2021-06-07,"Early",106,"2021","51","Apertus",2,220,"Combined",1548.1125,271.4,1811.27808,"2020-10-22",228
2021-06-07,"Early",139,"2021","51","Apertus",3,176,"Split",1548.1125,271.4,1811.27808,"2020-10-22",228
2021-06-07,"Late",86,"2021","51","Pionier",2,176,"Split",1375.25416666667,248.16,1751.62608,"2020-11-05",214
2021-06-07,"Late",166,"2021","51","Esket",3,220,"Combined",1375.25416666667,248.16,1751.62608,"2020-11-05",214
2021-06-07,"Late",2,"2021","51","Patras",1,220,"Split",1375.25416666667,248.16,1751.62608,"2020-11-05",214
2021-06-07,"Late",104,"2021","51","Patras",2,220,"Combined",1375.25416666667,248.16,1751.62608,"2020-11-05",214
2021-06-07,"Late",75,"2021","51","Capone",2,176,"Split",1375.25416666667,248.16,1751.62608,"2020-11-05",214
2021-06-07,"Late",63,"2021","51","Capone",1,176,"Split",1375.25416666667,248.16,1751.62608,"2020-11-05",214
2021-06-07,"Late",190,"2021","51","Pionier",3,220,"Combined",1375.25416666667,248.16,1751.62608,"2020-11-05",214
2021-06-07,"Late",97,"2021","51","Pionier",2,220,"Combined",1375.25416666667,248.16,1751.62608,"2020-11-05",214
2021-06-07,"Late",144,"2021","51","Esket",3,176,"Combined",1375.25416666667,248.16,1751.62608,"2020-11-05",214
2021-06-07,"Late",113,"2021","51","Potenzial",2,220,"Combined",1375.25416666667,248.16,1751.62608,"2020-11-05",214
2021-06-07,"Late",82,"2021","51","Torrild",2,176,"Combined",1375.25416666667,248.16,1751.62608,"2020-11-05",214
2021-06-07,"Late",13,"2021","51","Capone",1,220,"Combined",1375.25416666667,248.16,1751.62608,"2020-11-05",214
2021-06-07,"Late",129,"2021","51","Pionier",3,176,"Combined",1375.25416666667,248.16,1751.62608,"2020-11-05",214
2021-06-07,"Late",108,"2021","51","Pionier",2,220,"Split",1375.25416666667,248.16,1751.62608,"2020-11-05",214
2021-06-07,"Late",10,"2021","51","Torrild",1,220,"Split",1375.25416666667,248.16,1751.62608,"2020-11-05",214
2021-06-07,"Late",79,"2021","51","Capone",2,176,"Combined",1375.25416666667,248.16,1751.62608,"2020-11-05",214
2021-06-07,"Late",116,"2021","51","Capone",2,220,"Split",1375.25416666667,248.16,1751.62608,"2020-11-05",214
2021-06-07,"Late",95,"2021","51","Esket",2,176,"Combined",1375.25416666667,248.16,1751.62608,"2020-11-05",214
2021-06-07,"Late",21,"2021","51","Torrild",1,220,"Combined",1375.25416666667,248.16,1751.62608,"2020-11-05",214
2021-06-07,"Late",37,"2021","51","Pionier",1,176,"Combined",1375.25416666667,248.16,1751.62608,"2020-11-05",214
2021-06-07,"Late",47,"2021","51","Pionier",1,176,"Split",1375.25416666667,248.16,1751.62608,"2020-11-05",214
2021-06-07,"Late",117,"2021","51","Alves",2,220,"Split",1375.25416666667,248.16,1751.62608,"2020-11-05",214
2021-06-07,"Late",70,"2021","51","Torrild",2,176,"Split",1375.25416666667,248.16,1751.62608,"2020-11-05",214
2021-06-07,"Late",105,"2021","51","Torrild",2,220,"Combined",1375.25416666667,248.16,1751.62608,"2020-11-05",214
2021-06-07,"Late",148,"2021","51","Torrild",3,176,"Split",1375.25416666667,248.16,1751.62608,"2020-11-05",214
2021-06-07,"Late",31,"2021","51","Potenzial",1,220,"Split",1375.25416666667,248.16,1751.62608,"2020-11-05",214
2021-06-07,"Late",15,"2021","51","Capone",1,220,"Split",1375.25416666667,248.16,1751.62608,"2020-11-05",214
2021-06-07,"Late",55,"2021","51","Torrild",1,176,"Split",1375.25416666667,248.16,1751.62608,"2020-11-05",214
2021-06-07,"Late",137,"2021","51","Alves",3,176,"Combined",1375.25416666667,248.16,1751.62608,"2020-11-05",214
2021-06-07,"Late",152,"2021","51","Torrild",3,176,"Combined",1375.25416666667,248.16,1751.62608,"2020-11-05",214
2021-06-07,"Late",167,"2021","51","Pionier",3,220,"Split",1375.25416666667,248.16,1751.62608,"2020-11-05",214
2021-06-07,"Late",156,"2021","51","Esket",3,176,"Split",1375.25416666667,248.16,1751.62608,"2020-11-05",214
2021-06-07,"Late",149,"2021","51","Pionier",3,176,"Split",1375.25416666667,248.16,1751.62608,"2020-11-05",214
2021-06-07,"Late",170,"2021","51","Potenzial",3,220,"Split",1375.25416666667,248.16,1751.62608,"2020-11-05",214
2021-06-07,"Late",91,"2021","51","Potenzial",2,176,"Split",1375.25416666667,248.16,1751.62608,"2020-11-05",214
2021-06-07,"Late",66,"2021","51","Pionier",2,176,"Combined",1375.25416666667,248.16,1751.62608,"2020-11-05",214
2021-06-07,"Late",120,"2021","51","Capone",2,220,"Combined",1375.25416666667,248.16,1751.62608,"2020-11-05",214
2021-06-07,"Late",140,"2021","51","Capone",3,176,"Split",1375.25416666667,248.16,1751.62608,"2020-11-05",214
2021-06-07,"Late",42,"2021","51","Potenzial",1,176,"Split",1375.25416666667,248.16,1751.62608,"2020-11-05",214
2021-06-07,"Late",174,"2021","51","Potenzial",3,220,"Combined",1375.25416666667,248.16,1751.62608,"2020-11-05",214
2021-06-07,"Late",83,"2021","51","Patras",2,176,"Split",1375.25416666667,248.16,1751.62608,"2020-11-05",214
2021-06-07,"Late",53,"2021","51","Alves",1,176,"Combined",1375.25416666667,248.16,1751.62608,"2020-11-05",214
2021-06-07,"Late",133,"2021","51","Alves",3,176,"Split",1375.25416666667,248.16,1751.62608,"2020-11-05",214
2021-06-07,"Late",28,"2021","51","Potenzial",1,220,"Combined",1375.25416666667,248.16,1751.62608,"2020-11-05",214
2021-06-08,"Early",173,"2021","51","Apertus",3,220,"Combined",1566.5875,271.4,1831.70448,"2020-10-22",229
2021-06-08,"Late",191,"2021","51","Alves",3,220,"Split",1393.72916666667,248.16,1772.05248,"2020-11-05",215
2021-06-08,"Late",34,"2021","51","Esket",1,176,"Split",1393.72916666667,248.16,1772.05248,"2020-11-05",215
2021-06-08,"Late",94,"2021","51","Esket",2,176,"Split",1393.72916666667,248.16,1772.05248,"2020-11-05",215
2021-06-08,"Late",26,"2021","51","Esket",1,220,"Split",1393.72916666667,248.16,1772.05248,"2020-11-05",215
2021-06-08,"Late",71,"2021","51","Alves",2,176,"Combined",1393.72916666667,248.16,1772.05248,"2020-11-05",215
2021-06-08,"Late",162,"2021","51","Apertus",3,220,"Split",1393.72916666667,248.16,1772.05248,"2020-11-05",215
2021-06-08,"Late",157,"2021","51","Apertus",3,176,"Split",1393.72916666667,248.16,1772.05248,"2020-11-05",215
2021-06-08,"Late",20,"2021","51","Pionier",1,220,"Combined",1393.72916666667,248.16,1772.05248,"2020-11-05",215
2021-06-08,"Late",78,"2021","51","Alves",2,176,"Split",1393.72916666667,248.16,1772.05248,"2020-11-05",215
2021-06-08,"Late",12,"2021","51","Esket",1,220,"Combined",1393.72916666667,248.16,1772.05248,"2020-11-05",215
2021-06-08,"Late",18,"2021","51","Pionier",1,220,"Split",1393.72916666667,248.16,1772.05248,"2020-11-05",215
2021-06-08,"Late",128,"2021","51","Apertus",2,220,"Combined",1393.72916666667,248.16,1772.05248,"2020-11-05",215
2021-06-08,"Late",187,"2021","51","Apertus",3,220,"Combined",1393.72916666667,248.16,1772.05248,"2020-11-05",215
2021-06-08,"Late",45,"2021","51","Esket",1,176,"Combined",1393.72916666667,248.16,1772.05248,"2020-11-05",215
2021-06-08,"Late",109,"2021","51","Esket",2,220,"Split",1393.72916666667,248.16,1772.05248,"2020-11-05",215
2021-06-08,"Late",171,"2021","51","Alves",3,220,"Combined",1393.72916666667,248.16,1772.05248,"2020-11-05",215
2021-06-08,"Late",39,"2021","51","Apertus",1,176,"Split",1393.72916666667,248.16,1772.05248,"2020-11-05",215
2021-06-08,"Late",67,"2021","51","Apertus",2,176,"Split",1393.72916666667,248.16,1772.05248,"2020-11-05",215
2021-06-08,"Late",74,"2021","51","Apertus",2,176,"Combined",1393.72916666667,248.16,1772.05248,"2020-11-05",215
2021-06-08,"Late",178,"2021","51","Esket",3,220,"Split",1393.72916666667,248.16,1772.05248,"2020-11-05",215
2021-06-08,"Late",7,"2021","51","Alves",1,220,"Split",1393.72916666667,248.16,1772.05248,"2020-11-05",215
2021-06-08,"Late",5,"2021","51","Apertus",1,220,"Combined",1393.72916666667,248.16,1772.05248,"2020-11-05",215
2021-06-08,"Late",58,"2021","51","Alves",1,176,"Split",1393.72916666667,248.16,1772.05248,"2020-11-05",215
2021-06-08,"Late",112,"2021","51","Esket",2,220,"Combined",1393.72916666667,248.16,1772.05248,"2020-11-05",215
2021-06-08,"Late",121,"2021","51","Alves",2,220,"Combined",1393.72916666667,248.16,1772.05248,"2020-11-05",215
2021-06-08,"Late",29,"2021","51","Alves",1,220,"Combined",1393.72916666667,248.16,1772.05248,"2020-11-05",215
2021-06-08,"Late",101,"2021","51","Apertus",2,220,"Split",1393.72916666667,248.16,1772.05248,"2020-11-05",215
2021-06-08,"Late",175,"2021","51","Capone",3,220,"Split",1393.72916666667,248.16,1772.05248,"2020-11-05",215
2021-06-08,"Late",23,"2021","51","Apertus",1,220,"Split",1393.72916666667,248.16,1772.05248,"2020-11-05",215
2021-06-08,"Late",44,"2021","51","Apertus",1,176,"Combined",1393.72916666667,248.16,1772.05248,"2020-11-05",215
2021-06-08,"Late",145,"2021","51","Apertus",3,176,"Combined",1393.72916666667,248.16,1772.05248,"2020-11-05",215
2021-06-10,"Early",76,"2021","61","Torrild",2,176,"Split",1606.74583333333,272.8,1878.79896,"2020-10-22",231
2021-06-10,"Early",155,"2021","61","Patras",3,176,"Split",1606.74583333333,272.8,1878.79896,"2020-10-22",231
2021-06-10,"Early",22,"2021","61","Patras",1,220,"Combined",1606.74583333333,272.8,1878.79896,"2020-10-22",231
2021-06-10,"Early",192,"2021","61","Esket",3,220,"Split",1606.74583333333,272.8,1878.79896,"2020-10-22",231
2021-06-10,"Early",134,"2021","61","Esket",3,176,"Split",1606.74583333333,272.8,1878.79896,"2020-10-22",231
2021-06-10,"Early",185,"2021","61","Potenzial",3,220,"Split",1606.74583333333,272.8,1878.79896,"2020-10-22",231
2021-06-10,"Early",68,"2021","61","Potenzial",2,176,"Split",1606.74583333333,272.8,1878.79896,"2020-10-22",231
2021-06-10,"Early",3,"2021","61","Torrild",1,220,"Combined",1606.74583333333,272.8,1878.79896,"2020-10-22",231
2021-06-10,"Early",40,"2021","61","Potenzial",1,176,"Split",1606.74583333333,272.8,1878.79896,"2020-10-22",231
2021-06-10,"Early",30,"2021","61","Potenzial",1,220,"Combined",1606.74583333333,272.8,1878.79896,"2020-10-22",231
2021-06-10,"Early",172,"2021","61","Patras",3,220,"Combined",1606.74583333333,272.8,1878.79896,"2020-10-22",231
2021-06-10,"Early",8,"2021","61","Torrild",1,220,"Split",1606.74583333333,272.8,1878.79896,"2020-10-22",231
2021-06-10,"Early",161,"2021","61","Alves",3,220,"Split",1606.74583333333,272.8,1878.79896,"2020-10-22",231
2021-06-10,"Early",59,"2021","61","Esket",1,176,"Combined",1606.74583333333,272.8,1878.79896,"2020-10-22",231
2021-06-10,"Early",49,"2021","61","Torrild",1,176,"Split",1606.74583333333,272.8,1878.79896,"2020-10-22",231
2021-06-10,"Early",142,"2021","61","Torrild",3,176,"Split",1606.74583333333,272.8,1878.79896,"2020-10-22",231
2021-06-10,"Early",80,"2021","61","Esket",2,176,"Combined",1606.74583333333,272.8,1878.79896,"2020-10-22",231
2021-06-10,"Early",181,"2021","61","Torrild",3,220,"Combined",1606.74583333333,272.8,1878.79896,"2020-10-22",231
2021-06-10,"Early",33,"2021","61","Alves",1,176,"Split",1606.74583333333,272.8,1878.79896,"2020-10-22",231
2021-06-10,"Early",151,"2021","61","Potenzial",3,176,"Combined",1606.74583333333,272.8,1878.79896,"2020-10-22",231
2021-06-10,"Early",65,"2021","61","Torrild",2,176,"Combined",1606.74583333333,272.8,1878.79896,"2020-10-22",231
2021-06-10,"Early",110,"2021","61","Potenzial",2,220,"Split",1606.74583333333,272.8,1878.79896,"2020-10-22",231
2021-06-10,"Early",147,"2021","61","Potenzial",3,176,"Split",1606.74583333333,272.8,1878.79896,"2020-10-22",231
2021-06-10,"Early",143,"2021","61","Patras",3,176,"Combined",1606.74583333333,272.8,1878.79896,"2020-10-22",231
2021-06-10,"Early",62,"2021","61","Torrild",1,176,"Combined",1606.74583333333,272.8,1878.79896,"2020-10-22",231
2021-06-10,"Early",177,"2021","61","Patras",3,220,"Split",1606.74583333333,272.8,1878.79896,"2020-10-22",231
2021-06-10,"Early",92,"2021","61","Alves",2,176,"Split",1606.74583333333,272.8,1878.79896,"2020-10-22",231
2021-06-10,"Early",130,"2021","61","Esket",3,176,"Combined",1606.74583333333,272.8,1878.79896,"2020-10-22",231
2021-06-10,"Early",17,"2021","61","Patras",1,220,"Split",1606.74583333333,272.8,1878.79896,"2020-10-22",231
2021-06-10,"Early",122,"2021","61","Potenzial",2,220,"Combined",1606.74583333333,272.8,1878.79896,"2020-10-22",231
2021-06-10,"Early",48,"2021","61","Patras",1,176,"Split",1606.74583333333,272.8,1878.79896,"2020-10-22",231
2021-06-10,"Early",43,"2021","61","Patras",1,176,"Combined",1606.74583333333,272.8,1878.79896,"2020-10-22",231
2021-06-10,"Early",73,"2021","61","Patras",2,176,"Combined",1606.74583333333,272.8,1878.79896,"2020-10-22",231
2021-06-10,"Early",35,"2021","61","Potenzial",1,176,"Combined",1606.74583333333,272.8,1878.79896,"2020-10-22",231
2021-06-10,"Early",138,"2021","61","Torrild",3,176,"Combined",1606.74583333333,272.8,1878.79896,"2020-10-22",231
2021-06-10,"Early",184,"2021","61","Torrild",3,220,"Split",1606.74583333333,272.8,1878.79896,"2020-10-22",231
2021-06-10,"Early",135,"2021","61","Alves",3,176,"Combined",1606.74583333333,272.8,1878.79896,"2020-10-22",231
2021-06-10,"Early",103,"2021","61","Torrild",2,220,"Combined",1606.74583333333,272.8,1878.79896,"2020-10-22",231
2021-06-10,"Early",114,"2021","61","Patras",2,220,"Combined",1606.74583333333,272.8,1878.79896,"2020-10-22",231
2021-06-10,"Early",96,"2021","61","Potenzial",2,176,"Combined",1606.74583333333,272.8,1878.79896,"2020-10-22",231
2021-06-10,"Early",85,"2021","61","Patras",2,176,"Split",1606.74583333333,272.8,1878.79896,"2020-10-22",231
2021-06-10,"Late",90,"2021","61","Potenzial",2,176,"Combined",1433.8875,249.56,1819.14696,"2020-11-05",217
2021-06-10,"Late",52,"2021","61","Patras",1,176,"Combined",1433.8875,249.56,1819.14696,"2020-11-05",217
2021-06-10,"Late",182,"2021","61","Torrild",3,220,"Combined",1433.8875,249.56,1819.14696,"2020-11-05",217
2021-06-12,"Early",123,"2021","61","Esket",2,220,"Split",1644.9375,272.83,1921.76676,"2020-10-22",233
2021-06-12,"Early",168,"2021","61","Apertus",3,220,"Split",1644.9375,272.83,1921.76676,"2020-10-22",233
2021-06-12,"Early",56,"2021","61","Esket",1,176,"Split",1644.9375,272.83,1921.76676,"2020-10-22",233
2021-06-12,"Early",131,"2021","61","Pionier",3,176,"Split",1644.9375,272.83,1921.76676,"2020-10-22",233
2021-06-12,"Early",119,"2021","61","Esket",2,220,"Combined",1644.9375,272.83,1921.76676,"2020-10-22",233
2021-06-12,"Early",41,"2021","61","Apertus",1,176,"Split",1644.9375,272.83,1921.76676,"2020-10-22",233
2021-06-12,"Early",102,"2021","61","Patras",2,220,"Split",1644.9375,272.83,1921.76676,"2020-10-22",233
2021-06-12,"Early",111,"2021","61","Alves",2,220,"Combined",1644.9375,272.83,1921.76676,"2020-10-22",233
2021-06-12,"Early",180,"2021","61","Esket",3,220,"Combined",1644.9375,272.83,1921.76676,"2020-10-22",233
2021-06-12,"Early",126,"2021","61","Alves",2,220,"Split",1644.9375,272.83,1921.76676,"2020-10-22",233
2021-06-12,"Early",19,"2021","61","Esket",1,220,"Combined",1644.9375,272.83,1921.76676,"2020-10-22",233
2021-06-12,"Early",93,"2021","61","Pionier",2,176,"Split",1644.9375,272.83,1921.76676,"2020-10-22",233
2021-06-12,"Early",9,"2021","61","Esket",1,220,"Split",1644.9375,272.83,1921.76676,"2020-10-22",233
2021-06-12,"Early",27,"2021","61","Alves",1,220,"Combined",1644.9375,272.83,1921.76676,"2020-10-22",233
2021-06-12,"Early",146,"2021","61","Apertus",3,176,"Combined",1644.9375,272.83,1921.76676,"2020-10-22",233
2021-06-12,"Early",16,"2021","61","Pionier",1,220,"Split",1644.9375,272.83,1921.76676,"2020-10-22",233
2021-06-12,"Early",64,"2021","61","Pionier",1,176,"Split",1644.9375,272.83,1921.76676,"2020-10-22",233
2021-06-12,"Early",118,"2021","61","Pionier",2,220,"Split",1644.9375,272.83,1921.76676,"2020-10-22",233
2021-06-12,"Early",169,"2021","61","Pionier",3,220,"Split",1644.9375,272.83,1921.76676,"2020-10-22",233
2021-06-12,"Early",51,"2021","61","Alves",1,176,"Combined",1644.9375,272.83,1921.76676,"2020-10-22",233
2021-06-12,"Early",165,"2021","61","Potenzial",3,220,"Combined",1644.9375,272.83,1921.76676,"2020-10-22",233
2021-06-12,"Early",46,"2021","61","Apertus",1,176,"Combined",1644.9375,272.83,1921.76676,"2020-10-22",233
2021-06-12,"Early",14,"2021","61","Pionier",1,220,"Combined",1644.9375,272.83,1921.76676,"2020-10-22",233
2021-06-12,"Early",54,"2021","61","Pionier",1,176,"Combined",1644.9375,272.83,1921.76676,"2020-10-22",233
2021-06-12,"Early",77,"2021","61","Esket",2,176,"Split",1644.9375,272.83,1921.76676,"2020-10-22",233
2021-06-12,"Early",25,"2021","61","Potenzial",1,220,"Split",1644.9375,272.83,1921.76676,"2020-10-22",233
2021-06-12,"Early",154,"2021","61","Pionier",3,176,"Combined",1644.9375,272.83,1921.76676,"2020-10-22",233
2021-06-12,"Early",32,"2021","61","Alves",1,220,"Split",1644.9375,272.83,1921.76676,"2020-10-22",233
2021-06-12,"Early",6,"2021","61","Apertus",1,220,"Combined",1644.9375,272.83,1921.76676,"2020-10-22",233
2021-06-12,"Early",164,"2021","61","Alves",3,220,"Combined",1644.9375,272.83,1921.76676,"2020-10-22",233
2021-06-12,"Early",88,"2021","61","Alves",2,176,"Combined",1644.9375,272.83,1921.76676,"2020-10-22",233
2021-06-12,"Early",11,"2021","61","Capone",1,220,"Combined",1644.9375,272.83,1921.76676,"2020-10-22",233
2021-06-12,"Early",158,"2021","61","Alves",3,176,"Split",1644.9375,272.83,1921.76676,"2020-10-22",233
2021-06-12,"Late",162,"2021","61","Apertus",3,220,"Split",1472.07916666667,249.59,1862.11476,"2020-11-05",219
2021-06-12,"Late",28,"2021","61","Potenzial",1,220,"Combined",1472.07916666667,249.59,1862.11476,"2020-11-05",219
2021-06-12,"Late",7,"2021","61","Alves",1,220,"Split",1472.07916666667,249.59,1862.11476,"2020-11-05",219
2021-06-12,"Late",191,"2021","61","Alves",3,220,"Split",1472.07916666667,249.59,1862.11476,"2020-11-05",219
2021-06-12,"Late",178,"2021","61","Esket",3,220,"Split",1472.07916666667,249.59,1862.11476,"2020-11-05",219
2021-06-12,"Late",136,"2021","61","Patras",3,176,"Combined",1472.07916666667,249.59,1862.11476,"2020-11-05",219
2021-06-12,"Late",82,"2021","61","Torrild",2,176,"Combined",1472.07916666667,249.59,1862.11476,"2020-11-05",219
2021-06-12,"Late",71,"2021","61","Alves",2,176,"Combined",1472.07916666667,249.59,1862.11476,"2020-11-05",219
2021-06-12,"Late",4,"2021","61","Patras",1,220,"Combined",1472.07916666667,249.59,1862.11476,"2020-11-05",219
2021-06-12,"Late",23,"2021","61","Apertus",1,220,"Split",1472.07916666667,249.59,1862.11476,"2020-11-05",219
2021-06-12,"Late",18,"2021","61","Pionier",1,220,"Split",1472.07916666667,249.59,1862.11476,"2020-11-05",219
2021-06-12,"Late",70,"2021","61","Torrild",2,176,"Split",1472.07916666667,249.59,1862.11476,"2020-11-05",219
2021-06-12,"Late",58,"2021","61","Alves",1,176,"Split",1472.07916666667,249.59,1862.11476,"2020-11-05",219
2021-06-12,"Late",50,"2021","61","Patras",1,176,"Split",1472.07916666667,249.59,1862.11476,"2020-11-05",219
2021-06-12,"Late",157,"2021","61","Apertus",3,176,"Split",1472.07916666667,249.59,1862.11476,"2020-11-05",219
2021-06-12,"Late",153,"2021","61","Potenzial",3,176,"Combined",1472.07916666667,249.59,1862.11476,"2020-11-05",219
2021-06-12,"Late",78,"2021","61","Alves",2,176,"Split",1472.07916666667,249.59,1862.11476,"2020-11-05",219
2021-06-12,"Late",12,"2021","61","Esket",1,220,"Combined",1472.07916666667,249.59,1862.11476,"2020-11-05",219
2021-06-12,"Late",2,"2021","61","Patras",1,220,"Split",1472.07916666667,249.59,1862.11476,"2020-11-05",219
2021-06-12,"Late",171,"2021","61","Alves",3,220,"Combined",1472.07916666667,249.59,1862.11476,"2020-11-05",219
2021-06-12,"Late",124,"2021","61","Torrild",2,220,"Split",1472.07916666667,249.59,1862.11476,"2020-11-05",219
2021-06-12,"Late",137,"2021","61","Alves",3,176,"Combined",1472.07916666667,249.59,1862.11476,"2020-11-05",219
2021-06-12,"Late",10,"2021","61","Torrild",1,220,"Split",1472.07916666667,249.59,1862.11476,"2020-11-05",219
2021-06-12,"Late",61,"2021","61","Torrild",1,176,"Combined",1472.07916666667,249.59,1862.11476,"2020-11-05",219
2021-06-12,"Late",113,"2021","61","Potenzial",2,220,"Combined",1472.07916666667,249.59,1862.11476,"2020-11-05",219
2021-06-12,"Late",60,"2021","61","Potenzial",1,176,"Combined",1472.07916666667,249.59,1862.11476,"2020-11-05",219
2021-06-12,"Late",190,"2021","61","Pionier",3,220,"Combined",1472.07916666667,249.59,1862.11476,"2020-11-05",219
2021-06-12,"Late",141,"2021","61","Patras",3,176,"Split",1472.07916666667,249.59,1862.11476,"2020-11-05",219
2021-06-12,"Late",53,"2021","61","Alves",1,176,"Combined",1472.07916666667,249.59,1862.11476,"2020-11-05",219
2021-06-12,"Late",133,"2021","61","Alves",3,176,"Split",1472.07916666667,249.59,1862.11476,"2020-11-05",219
2021-06-12,"Late",167,"2021","61","Pionier",3,220,"Split",1472.07916666667,249.59,1862.11476,"2020-11-05",219
2021-06-12,"Late",179,"2021","61","Patras",3,220,"Combined",1472.07916666667,249.59,1862.11476,"2020-11-05",219
2021-06-12,"Late",145,"2021","61","Apertus",3,176,"Combined",1472.07916666667,249.59,1862.11476,"2020-11-05",219
2021-06-12,"Late",174,"2021","61","Potenzial",3,220,"Combined",1472.07916666667,249.59,1862.11476,"2020-11-05",219
2021-06-12,"Late",83,"2021","61","Patras",2,176,"Split",1472.07916666667,249.59,1862.11476,"2020-11-05",219
2021-06-12,"Late",29,"2021","61","Alves",1,220,"Combined",1472.07916666667,249.59,1862.11476,"2020-11-05",219
2021-06-12,"Late",132,"2021","61","Potenzial",3,176,"Split",1472.07916666667,249.59,1862.11476,"2020-11-05",219
2021-06-12,"Late",109,"2021","61","Esket",2,220,"Split",1472.07916666667,249.59,1862.11476,"2020-11-05",219
2021-06-12,"Late",42,"2021","61","Potenzial",1,176,"Split",1472.07916666667,249.59,1862.11476,"2020-11-05",219
2021-06-12,"Late",170,"2021","61","Potenzial",3,220,"Split",1472.07916666667,249.59,1862.11476,"2020-11-05",219
2021-06-12,"Late",5,"2021","61","Apertus",1,220,"Combined",1472.07916666667,249.59,1862.11476,"2020-11-05",219
2021-06-12,"Late",117,"2021","61","Alves",2,220,"Split",1472.07916666667,249.59,1862.11476,"2020-11-05",219
2021-06-12,"Late",166,"2021","61","Esket",3,220,"Combined",1472.07916666667,249.59,1862.11476,"2020-11-05",219
2021-06-12,"Late",112,"2021","61","Esket",2,220,"Combined",1472.07916666667,249.59,1862.11476,"2020-11-05",219
2021-06-12,"Late",125,"2021","61","Potenzial",2,220,"Split",1472.07916666667,249.59,1862.11476,"2020-11-05",219
2021-06-14,"Early",89,"2021","61","Apertus",2,176,"Combined",1679.35416666667,272.86,1978.27596,"2020-10-22",235
2021-06-14,"Early",99,"2021","61","Capone",2,220,"Split",1679.35416666667,272.86,1978.27596,"2020-10-22",235
2021-06-14,"Early",115,"2021","61","Torrild",2,220,"Split",1679.35416666667,272.86,1978.27596,"2020-10-22",235
2021-06-14,"Early",38,"2021","61","Capone",1,176,"Combined",1679.35416666667,272.86,1978.27596,"2020-10-22",235
2021-06-14,"Early",98,"2021","61","Capone",2,220,"Combined",1679.35416666667,272.86,1978.27596,"2020-10-22",235
2021-06-14,"Early",188,"2021","61","Capone",3,220,"Combined",1679.35416666667,272.86,1978.27596,"2020-10-22",235
2021-06-14,"Early",84,"2021","61","Apertus",2,176,"Split",1679.35416666667,272.86,1978.27596,"2020-10-22",235
2021-06-14,"Early",107,"2021","61","Apertus",2,220,"Split",1679.35416666667,272.86,1978.27596,"2020-10-22",235
2021-06-14,"Early",1,"2021","61","Apertus",1,220,"Split",1679.35416666667,272.86,1978.27596,"2020-10-22",235
2021-06-14,"Early",127,"2021","61","Pionier",2,220,"Combined",1679.35416666667,272.86,1978.27596,"2020-10-22",235
2021-06-14,"Early",189,"2021","61","Pionier",3,220,"Combined",1679.35416666667,272.86,1978.27596,"2020-10-22",235
2021-06-14,"Early",106,"2021","61","Apertus",2,220,"Combined",1679.35416666667,272.86,1978.27596,"2020-10-22",235
2021-06-14,"Early",24,"2021","61","Capone",1,220,"Split",1679.35416666667,272.86,1978.27596,"2020-10-22",235
2021-06-14,"Early",81,"2021","61","Capone",2,176,"Combined",1679.35416666667,272.86,1978.27596,"2020-10-22",235
2021-06-14,"Early",139,"2021","61","Apertus",3,176,"Split",1679.35416666667,272.86,1978.27596,"2020-10-22",235
2021-06-14,"Early",72,"2021","61","Pionier",2,176,"Combined",1679.35416666667,272.86,1978.27596,"2020-10-22",235
2021-06-14,"Early",57,"2021","61","Capone",1,176,"Split",1679.35416666667,272.86,1978.27596,"2020-10-22",235
2021-06-14,"Early",173,"2021","61","Apertus",3,220,"Combined",1679.35416666667,272.86,1978.27596,"2020-10-22",235
2021-06-14,"Early",69,"2021","61","Capone",2,176,"Split",1679.35416666667,272.86,1978.27596,"2020-10-22",235
2021-06-14,"Early",159,"2021","61","Capone",3,176,"Combined",1679.35416666667,272.86,1978.27596,"2020-10-22",235
2021-06-14,"Early",150,"2021","61","Capone",3,176,"Split",1679.35416666667,272.86,1978.27596,"2020-10-22",235
2021-06-14,"Early",176,"2021","61","Capone",3,220,"Split",1679.35416666667,272.86,1978.27596,"2020-10-22",235
2021-06-14,"Late",79,"2021","61","Capone",2,176,"Combined",1506.49583333333,249.62,1918.62396,"2020-11-05",221
2021-06-14,"Late",86,"2021","61","Pionier",2,176,"Split",1506.49583333333,249.62,1918.62396,"2020-11-05",221
2021-06-14,"Late",116,"2021","61","Capone",2,220,"Split",1506.49583333333,249.62,1918.62396,"2020-11-05",221
2021-06-14,"Late",160,"2021","61","Capone",3,176,"Combined",1506.49583333333,249.62,1918.62396,"2020-11-05",221
2021-06-14,"Late",74,"2021","61","Apertus",2,176,"Combined",1506.49583333333,249.62,1918.62396,"2020-11-05",221
2021-06-14,"Late",94,"2021","61","Esket",2,176,"Split",1506.49583333333,249.62,1918.62396,"2020-11-05",221
2021-06-14,"Late",39,"2021","61","Apertus",1,176,"Split",1506.49583333333,249.62,1918.62396,"2020-11-05",221
2021-06-14,"Late",34,"2021","61","Esket",1,176,"Split",1506.49583333333,249.62,1918.62396,"2020-11-05",221
2021-06-14,"Late",121,"2021","61","Alves",2,220,"Combined",1506.49583333333,249.62,1918.62396,"2020-11-05",221
2021-06-14,"Late",87,"2021","61","Patras",2,176,"Combined",1506.49583333333,249.62,1918.62396,"2020-11-05",221
2021-06-14,"Late",26,"2021","61","Esket",1,220,"Split",1506.49583333333,249.62,1918.62396,"2020-11-05",221
2021-06-14,"Late",140,"2021","61","Capone",3,176,"Split",1506.49583333333,249.62,1918.62396,"2020-11-05",221
2021-06-14,"Late",55,"2021","61","Torrild",1,176,"Split",1506.49583333333,249.62,1918.62396,"2020-11-05",221
2021-06-14,"Late",67,"2021","61","Apertus",2,176,"Split",1506.49583333333,249.62,1918.62396,"2020-11-05",221
2021-06-14,"Late",149,"2021","61","Pionier",3,176,"Split",1506.49583333333,249.62,1918.62396,"2020-11-05",221
2021-06-14,"Late",187,"2021","61","Apertus",3,220,"Combined",1506.49583333333,249.62,1918.62396,"2020-11-05",221
2021-06-14,"Late",15,"2021","61","Capone",1,220,"Split",1506.49583333333,249.62,1918.62396,"2020-11-05",221
2021-06-14,"Late",20,"2021","61","Pionier",1,220,"Combined",1506.49583333333,249.62,1918.62396,"2020-11-05",221
2021-06-14,"Late",75,"2021","61","Capone",2,176,"Split",1506.49583333333,249.62,1918.62396,"2020-11-05",221
2021-06-14,"Late",95,"2021","61","Esket",2,176,"Combined",1506.49583333333,249.62,1918.62396,"2020-11-05",221
2021-06-14,"Late",183,"2021","61","Patras",3,220,"Split",1506.49583333333,249.62,1918.62396,"2020-11-05",221
2021-06-14,"Late",45,"2021","61","Esket",1,176,"Combined",1506.49583333333,249.62,1918.62396,"2020-11-05",221
2021-06-14,"Late",175,"2021","61","Capone",3,220,"Split",1506.49583333333,249.62,1918.62396,"2020-11-05",221
2021-06-14,"Late",156,"2021","61","Esket",3,176,"Split",1506.49583333333,249.62,1918.62396,"2020-11-05",221
2021-06-14,"Late",37,"2021","61","Pionier",1,176,"Combined",1506.49583333333,249.62,1918.62396,"2020-11-05",221
2021-06-14,"Late",44,"2021","61","Apertus",1,176,"Combined",1506.49583333333,249.62,1918.62396,"2020-11-05",221
2021-06-14,"Late",101,"2021","61","Apertus",2,220,"Split",1506.49583333333,249.62,1918.62396,"2020-11-05",221
2021-06-14,"Late",91,"2021","61","Potenzial",2,176,"Split",1506.49583333333,249.62,1918.62396,"2020-11-05",221
2021-06-14,"Late",100,"2021","61","Patras",2,220,"Split",1506.49583333333,249.62,1918.62396,"2020-11-05",221
2021-06-14,"Late",104,"2021","61","Patras",2,220,"Combined",1506.49583333333,249.62,1918.62396,"2020-11-05",221
2021-06-14,"Late",36,"2021","61","Capone",1,176,"Combined",1506.49583333333,249.62,1918.62396,"2020-11-05",221
2021-06-14,"Late",129,"2021","61","Pionier",3,176,"Combined",1506.49583333333,249.62,1918.62396,"2020-11-05",221
2021-06-14,"Late",152,"2021","61","Torrild",3,176,"Combined",1506.49583333333,249.62,1918.62396,"2020-11-05",221
2021-06-14,"Late",47,"2021","61","Pionier",1,176,"Split",1506.49583333333,249.62,1918.62396,"2020-11-05",221
2021-06-14,"Late",128,"2021","61","Apertus",2,220,"Combined",1506.49583333333,249.62,1918.62396,"2020-11-05",221
2021-06-14,"Late",148,"2021","61","Torrild",3,176,"Split",1506.49583333333,249.62,1918.62396,"2020-11-05",221
2021-06-14,"Late",21,"2021","61","Torrild",1,220,"Combined",1506.49583333333,249.62,1918.62396,"2020-11-05",221
2021-06-14,"Late",144,"2021","61","Esket",3,176,"Combined",1506.49583333333,249.62,1918.62396,"2020-11-05",221
2021-06-14,"Late",63,"2021","61","Capone",1,176,"Split",1506.49583333333,249.62,1918.62396,"2020-11-05",221
2021-06-14,"Late",31,"2021","61","Potenzial",1,220,"Split",1506.49583333333,249.62,1918.62396,"2020-11-05",221
2021-06-14,"Late",108,"2021","61","Pionier",2,220,"Split",1506.49583333333,249.62,1918.62396,"2020-11-05",221
2021-06-14,"Late",105,"2021","61","Torrild",2,220,"Combined",1506.49583333333,249.62,1918.62396,"2020-11-05",221
2021-06-14,"Late",13,"2021","61","Capone",1,220,"Combined",1506.49583333333,249.62,1918.62396,"2020-11-05",221
2021-06-14,"Late",97,"2021","61","Pionier",2,220,"Combined",1506.49583333333,249.62,1918.62396,"2020-11-05",221
2021-06-14,"Late",163,"2021","61","Capone",3,220,"Combined",1506.49583333333,249.62,1918.62396,"2020-11-05",221
2021-06-14,"Late",186,"2021","61","Torrild",3,220,"Split",1506.49583333333,249.62,1918.62396,"2020-11-05",221
2021-06-14,"Late",120,"2021","61","Capone",2,220,"Combined",1506.49583333333,249.62,1918.62396,"2020-11-05",221
2021-06-14,"Late",66,"2021","61","Pionier",2,176,"Combined",1506.49583333333,249.62,1918.62396,"2020-11-05",221
2021-06-17,"Early",76,"2021","71","Torrild",2,176,"Split",1744.225,272.92,2059.06464,"2020-10-22",238
2021-06-17,"Early",27,"2021","71","Alves",1,220,"Combined",1744.225,272.92,2059.06464,"2020-10-22",238
2021-06-17,"Early",3,"2021","71","Torrild",1,220,"Combined",1744.225,272.92,2059.06464,"2020-10-22",238
2021-06-17,"Early",138,"2021","71","Torrild",3,176,"Combined",1744.225,272.92,2059.06464,"2020-10-22",238
2021-06-17,"Early",150,"2021","71","Capone",3,176,"Split",1744.225,272.92,2059.06464,"2020-10-22",238
2021-06-17,"Early",92,"2021","71","Alves",2,176,"Split",1744.225,272.92,2059.06464,"2020-10-22",238
2021-06-17,"Early",161,"2021","71","Alves",3,220,"Split",1744.225,272.92,2059.06464,"2020-10-22",238
2021-06-17,"Early",93,"2021","71","Pionier",2,176,"Split",1744.225,272.92,2059.06464,"2020-10-22",238
2021-06-17,"Early",181,"2021","71","Torrild",3,220,"Combined",1744.225,272.92,2059.06464,"2020-10-22",238
2021-06-17,"Early",1,"2021","71","Apertus",1,220,"Split",1744.225,272.92,2059.06464,"2020-10-22",238
2021-06-17,"Early",188,"2021","71","Capone",3,220,"Combined",1744.225,272.92,2059.06464,"2020-10-22",238
2021-06-17,"Late",70,"2021","71","Torrild",2,176,"Split",1571.36666666667,249.68,1999.41264,"2020-11-05",224
2021-06-17,"Late",148,"2021","71","Torrild",3,176,"Split",1571.36666666667,249.68,1999.41264,"2020-11-05",224
2021-06-17,"Late",79,"2021","71","Capone",2,176,"Combined",1571.36666666667,249.68,1999.41264,"2020-11-05",224
2021-06-17,"Late",28,"2021","71","Potenzial",1,220,"Combined",1571.36666666667,249.68,1999.41264,"2020-11-05",224
2021-06-17,"Late",74,"2021","71","Apertus",2,176,"Combined",1571.36666666667,249.68,1999.41264,"2020-11-05",224
2021-06-17,"Late",13,"2021","71","Capone",1,220,"Combined",1571.36666666667,249.68,1999.41264,"2020-11-05",224
2021-06-17,"Late",5,"2021","71","Apertus",1,220,"Combined",1571.36666666667,249.68,1999.41264,"2020-11-05",224
2021-06-17,"Late",101,"2021","71","Apertus",2,220,"Split",1571.36666666667,249.68,1999.41264,"2020-11-05",224
2021-06-17,"Late",15,"2021","71","Capone",1,220,"Split",1571.36666666667,249.68,1999.41264,"2020-11-05",224
2021-06-17,"Late",71,"2021","71","Alves",2,176,"Combined",1571.36666666667,249.68,1999.41264,"2020-11-05",224
2021-06-17,"Late",4,"2021","71","Patras",1,220,"Combined",1571.36666666667,249.68,1999.41264,"2020-11-05",224
2021-06-17,"Late",78,"2021","71","Alves",2,176,"Split",1571.36666666667,249.68,1999.41264,"2020-11-05",224
2021-06-18,"Early",172,"2021","71","Patras",3,220,"Combined",1770.45416666667,272.95,2084.78376,"2020-10-22",239
2021-06-18,"Early",102,"2021","71","Patras",2,220,"Split",1770.45416666667,272.95,2084.78376,"2020-10-22",239
2021-06-18,"Early",41,"2021","71","Apertus",1,176,"Split",1770.45416666667,272.95,2084.78376,"2020-10-22",239
2021-06-18,"Early",11,"2021","71","Capone",1,220,"Combined",1770.45416666667,272.95,2084.78376,"2020-10-22",239
2021-06-18,"Early",155,"2021","71","Patras",3,176,"Split",1770.45416666667,272.95,2084.78376,"2020-10-22",239
2021-06-18,"Early",40,"2021","71","Potenzial",1,176,"Split",1770.45416666667,272.95,2084.78376,"2020-10-22",239
2021-06-18,"Early",22,"2021","71","Patras",1,220,"Combined",1770.45416666667,272.95,2084.78376,"2020-10-22",239
2021-06-18,"Early",164,"2021","71","Alves",3,220,"Combined",1770.45416666667,272.95,2084.78376,"2020-10-22",239
2021-06-18,"Early",35,"2021","71","Potenzial",1,176,"Combined",1770.45416666667,272.95,2084.78376,"2020-10-22",239
2021-06-18,"Early",176,"2021","71","Capone",3,220,"Split",1770.45416666667,272.95,2084.78376,"2020-10-22",239
2021-06-18,"Early",114,"2021","71","Patras",2,220,"Combined",1770.45416666667,272.95,2084.78376,"2020-10-22",239
2021-06-18,"Early",134,"2021","71","Esket",3,176,"Split",1770.45416666667,272.95,2084.78376,"2020-10-22",239
2021-06-18,"Early",62,"2021","71","Torrild",1,176,"Combined",1770.45416666667,272.95,2084.78376,"2020-10-22",239
2021-06-18,"Early",119,"2021","71","Esket",2,220,"Combined",1770.45416666667,272.95,2084.78376,"2020-10-22",239
2021-06-18,"Early",185,"2021","71","Potenzial",3,220,"Split",1770.45416666667,272.95,2084.78376,"2020-10-22",239
2021-06-18,"Early",9,"2021","71","Esket",1,220,"Split",1770.45416666667,272.95,2084.78376,"2020-10-22",239
2021-06-18,"Early",103,"2021","71","Torrild",2,220,"Combined",1770.45416666667,272.95,2084.78376,"2020-10-22",239
2021-06-18,"Early",24,"2021","71","Capone",1,220,"Split",1770.45416666667,272.95,2084.78376,"2020-10-22",239
2021-06-18,"Early",17,"2021","71","Patras",1,220,"Split",1770.45416666667,272.95,2084.78376,"2020-10-22",239
2021-06-18,"Early",16,"2021","71","Pionier",1,220,"Split",1770.45416666667,272.95,2084.78376,"2020-10-22",239
2021-06-18,"Early",168,"2021","71","Apertus",3,220,"Split",1770.45416666667,272.95,2084.78376,"2020-10-22",239
2021-06-18,"Early",130,"2021","71","Esket",3,176,"Combined",1770.45416666667,272.95,2084.78376,"2020-10-22",239
2021-06-18,"Early",118,"2021","71","Pionier",2,220,"Split",1770.45416666667,272.95,2084.78376,"2020-10-22",239
2021-06-18,"Early",68,"2021","71","Potenzial",2,176,"Split",1770.45416666667,272.95,2084.78376,"2020-10-22",239
2021-06-18,"Early",115,"2021","71","Torrild",2,220,"Split",1770.45416666667,272.95,2084.78376,"2020-10-22",239
2021-06-18,"Early",81,"2021","71","Capone",2,176,"Combined",1770.45416666667,272.95,2084.78376,"2020-10-22",239
2021-06-18,"Early",14,"2021","71","Pionier",1,220,"Combined",1770.45416666667,272.95,2084.78376,"2020-10-22",239
2021-06-18,"Early",85,"2021","71","Patras",2,176,"Split",1770.45416666667,272.95,2084.78376,"2020-10-22",239
2021-06-18,"Early",49,"2021","71","Torrild",1,176,"Split",1770.45416666667,272.95,2084.78376,"2020-10-22",239
2021-06-18,"Early",107,"2021","71","Apertus",2,220,"Split",1770.45416666667,272.95,2084.78376,"2020-10-22",239
2021-06-18,"Early",56,"2021","71","Esket",1,176,"Split",1770.45416666667,272.95,2084.78376,"2020-10-22",239
2021-06-18,"Early",88,"2021","71","Alves",2,176,"Combined",1770.45416666667,272.95,2084.78376,"2020-10-22",239
2021-06-18,"Early",54,"2021","71","Pionier",1,176,"Combined",1770.45416666667,272.95,2084.78376,"2020-10-22",239
2021-06-18,"Early",73,"2021","71","Patras",2,176,"Combined",1770.45416666667,272.95,2084.78376,"2020-10-22",239
2021-06-18,"Early",65,"2021","71","Torrild",2,176,"Combined",1770.45416666667,272.95,2084.78376,"2020-10-22",239
2021-06-18,"Early",177,"2021","71","Patras",3,220,"Split",1770.45416666667,272.95,2084.78376,"2020-10-22",239
2021-06-18,"Early",59,"2021","71","Esket",1,176,"Combined",1770.45416666667,272.95,2084.78376,"2020-10-22",239
2021-06-18,"Early",142,"2021","71","Torrild",3,176,"Split",1770.45416666667,272.95,2084.78376,"2020-10-22",239
2021-06-18,"Early",110,"2021","71","Potenzial",2,220,"Split",1770.45416666667,272.95,2084.78376,"2020-10-22",239
2021-06-18,"Early",51,"2021","71","Alves",1,176,"Combined",1770.45416666667,272.95,2084.78376,"2020-10-22",239
2021-06-18,"Early",143,"2021","71","Patras",3,176,"Combined",1770.45416666667,272.95,2084.78376,"2020-10-22",239
2021-06-18,"Early",158,"2021","71","Alves",3,176,"Split",1770.45416666667,272.95,2084.78376,"2020-10-22",239
2021-06-18,"Early",38,"2021","71","Capone",1,176,"Combined",1770.45416666667,272.95,2084.78376,"2020-10-22",239
2021-06-18,"Early",135,"2021","71","Alves",3,176,"Combined",1770.45416666667,272.95,2084.78376,"2020-10-22",239
2021-06-18,"Early",139,"2021","71","Apertus",3,176,"Split",1770.45416666667,272.95,2084.78376,"2020-10-22",239
2021-06-18,"Early",6,"2021","71","Apertus",1,220,"Combined",1770.45416666667,272.95,2084.78376,"2020-10-22",239
2021-06-18,"Early",111,"2021","71","Alves",2,220,"Combined",1770.45416666667,272.95,2084.78376,"2020-10-22",239
2021-06-18,"Early",122,"2021","71","Potenzial",2,220,"Combined",1770.45416666667,272.95,2084.78376,"2020-10-22",239
2021-06-18,"Early",32,"2021","71","Alves",1,220,"Split",1770.45416666667,272.95,2084.78376,"2020-10-22",239
2021-06-18,"Early",19,"2021","71","Esket",1,220,"Combined",1770.45416666667,272.95,2084.78376,"2020-10-22",239
2021-06-18,"Early",46,"2021","71","Apertus",1,176,"Combined",1770.45416666667,272.95,2084.78376,"2020-10-22",239
2021-06-18,"Early",43,"2021","71","Patras",1,176,"Combined",1770.45416666667,272.95,2084.78376,"2020-10-22",239
2021-06-18,"Early",30,"2021","71","Potenzial",1,220,"Combined",1770.45416666667,272.95,2084.78376,"2020-10-22",239
2021-06-18,"Early",8,"2021","71","Torrild",1,220,"Split",1770.45416666667,272.95,2084.78376,"2020-10-22",239
2021-06-18,"Early",57,"2021","71","Capone",1,176,"Split",1770.45416666667,272.95,2084.78376,"2020-10-22",239
2021-06-18,"Early",173,"2021","71","Apertus",3,220,"Combined",1770.45416666667,272.95,2084.78376,"2020-10-22",239
2021-06-18,"Early",25,"2021","71","Potenzial",1,220,"Split",1770.45416666667,272.95,2084.78376,"2020-10-22",239
2021-06-18,"Early",98,"2021","71","Capone",2,220,"Combined",1770.45416666667,272.95,2084.78376,"2020-10-22",239
2021-06-18,"Late",52,"2021","71","Patras",1,176,"Combined",1597.59583333333,249.71,2025.13176,"2020-11-05",225
2021-06-18,"Late",136,"2021","71","Patras",3,176,"Combined",1597.59583333333,249.71,2025.13176,"2020-11-05",225
2021-06-18,"Late",140,"2021","71","Capone",3,176,"Split",1597.59583333333,249.71,2025.13176,"2020-11-05",225
2021-06-18,"Late",61,"2021","71","Torrild",1,176,"Combined",1597.59583333333,249.71,2025.13176,"2020-11-05",225
2021-06-18,"Late",178,"2021","71","Esket",3,220,"Split",1597.59583333333,249.71,2025.13176,"2020-11-05",225
2021-06-18,"Late",36,"2021","71","Capone",1,176,"Combined",1597.59583333333,249.71,2025.13176,"2020-11-05",225
2021-06-18,"Late",113,"2021","71","Potenzial",2,220,"Combined",1597.59583333333,249.71,2025.13176,"2020-11-05",225
2021-06-18,"Late",104,"2021","71","Patras",2,220,"Combined",1597.59583333333,249.71,2025.13176,"2020-11-05",225
2021-06-18,"Late",82,"2021","71","Torrild",2,176,"Combined",1597.59583333333,249.71,2025.13176,"2020-11-05",225
2021-06-18,"Late",97,"2021","71","Pionier",2,220,"Combined",1597.59583333333,249.71,2025.13176,"2020-11-05",225
2021-06-18,"Late",2,"2021","71","Patras",1,220,"Split",1597.59583333333,249.71,2025.13176,"2020-11-05",225
2021-06-18,"Late",12,"2021","71","Esket",1,220,"Combined",1597.59583333333,249.71,2025.13176,"2020-11-05",225
2021-06-18,"Late",34,"2021","71","Esket",1,176,"Split",1597.59583333333,249.71,2025.13176,"2020-11-05",225
2021-06-18,"Late",20,"2021","71","Pionier",1,220,"Combined",1597.59583333333,249.71,2025.13176,"2020-11-05",225
2021-06-18,"Late",10,"2021","71","Torrild",1,220,"Split",1597.59583333333,249.71,2025.13176,"2020-11-05",225
2021-06-18,"Late",187,"2021","71","Apertus",3,220,"Combined",1597.59583333333,249.71,2025.13176,"2020-11-05",225
2021-06-18,"Late",31,"2021","71","Potenzial",1,220,"Split",1597.59583333333,249.71,2025.13176,"2020-11-05",225
2021-06-18,"Late",75,"2021","71","Capone",2,176,"Split",1597.59583333333,249.71,2025.13176,"2020-11-05",225
2021-06-18,"Late",108,"2021","71","Pionier",2,220,"Split",1597.59583333333,249.71,2025.13176,"2020-11-05",225
2021-06-18,"Late",162,"2021","71","Apertus",3,220,"Split",1597.59583333333,249.71,2025.13176,"2020-11-05",225
2021-06-18,"Late",37,"2021","71","Pionier",1,176,"Combined",1597.59583333333,249.71,2025.13176,"2020-11-05",225
2021-06-18,"Late",23,"2021","71","Apertus",1,220,"Split",1597.59583333333,249.71,2025.13176,"2020-11-05",225
2021-06-18,"Late",39,"2021","71","Apertus",1,176,"Split",1597.59583333333,249.71,2025.13176,"2020-11-05",225
2021-06-18,"Late",175,"2021","71","Capone",3,220,"Split",1597.59583333333,249.71,2025.13176,"2020-11-05",225
2021-06-18,"Late",186,"2021","71","Torrild",3,220,"Split",1597.59583333333,249.71,2025.13176,"2020-11-05",225
2021-06-18,"Late",116,"2021","71","Capone",2,220,"Split",1597.59583333333,249.71,2025.13176,"2020-11-05",225
2021-06-18,"Late",117,"2021","71","Alves",2,220,"Split",1597.59583333333,249.71,2025.13176,"2020-11-05",225
2021-06-18,"Late",109,"2021","71","Esket",2,220,"Split",1597.59583333333,249.71,2025.13176,"2020-11-05",225
2021-06-18,"Late",55,"2021","71","Torrild",1,176,"Split",1597.59583333333,249.71,2025.13176,"2020-11-05",225
2021-06-18,"Late",60,"2021","71","Potenzial",1,176,"Combined",1597.59583333333,249.71,2025.13176,"2020-11-05",225
2021-06-18,"Late",87,"2021","71","Patras",2,176,"Combined",1597.59583333333,249.71,2025.13176,"2020-11-05",225
2021-06-18,"Late",18,"2021","71","Pionier",1,220,"Split",1597.59583333333,249.71,2025.13176,"2020-11-05",225
2021-06-18,"Late",45,"2021","71","Esket",1,176,"Combined",1597.59583333333,249.71,2025.13176,"2020-11-05",225
2021-06-18,"Late",157,"2021","71","Apertus",3,176,"Split",1597.59583333333,249.71,2025.13176,"2020-11-05",225
2021-06-18,"Late",156,"2021","71","Esket",3,176,"Split",1597.59583333333,249.71,2025.13176,"2020-11-05",225
2021-06-18,"Late",91,"2021","71","Potenzial",2,176,"Split",1597.59583333333,249.71,2025.13176,"2020-11-05",225
2021-06-18,"Late",179,"2021","71","Patras",3,220,"Combined",1597.59583333333,249.71,2025.13176,"2020-11-05",225
2021-06-18,"Late",132,"2021","71","Potenzial",3,176,"Split",1597.59583333333,249.71,2025.13176,"2020-11-05",225
2021-06-18,"Late",53,"2021","71","Alves",1,176,"Combined",1597.59583333333,249.71,2025.13176,"2020-11-05",225
2021-06-18,"Late",58,"2021","71","Alves",1,176,"Split",1597.59583333333,249.71,2025.13176,"2020-11-05",225
2021-06-18,"Late",149,"2021","71","Pionier",3,176,"Split",1597.59583333333,249.71,2025.13176,"2020-11-05",225
2021-06-18,"Late",121,"2021","71","Alves",2,220,"Combined",1597.59583333333,249.71,2025.13176,"2020-11-05",225
2021-06-18,"Late",50,"2021","71","Patras",1,176,"Split",1597.59583333333,249.71,2025.13176,"2020-11-05",225
2021-06-18,"Late",190,"2021","71","Pionier",3,220,"Combined",1597.59583333333,249.71,2025.13176,"2020-11-05",225
2021-06-18,"Late",83,"2021","71","Patras",2,176,"Split",1597.59583333333,249.71,2025.13176,"2020-11-05",225
2021-06-18,"Late",26,"2021","71","Esket",1,220,"Split",1597.59583333333,249.71,2025.13176,"2020-11-05",225
2021-06-18,"Late",171,"2021","71","Alves",3,220,"Combined",1597.59583333333,249.71,2025.13176,"2020-11-05",225
2021-06-18,"Late",182,"2021","71","Torrild",3,220,"Combined",1597.59583333333,249.71,2025.13176,"2020-11-05",225
2021-06-18,"Late",42,"2021","71","Potenzial",1,176,"Split",1597.59583333333,249.71,2025.13176,"2020-11-05",225
2021-06-18,"Late",167,"2021","71","Pionier",3,220,"Split",1597.59583333333,249.71,2025.13176,"2020-11-05",225
2021-06-18,"Late",7,"2021","71","Alves",1,220,"Split",1597.59583333333,249.71,2025.13176,"2020-11-05",225
2021-06-18,"Late",137,"2021","71","Alves",3,176,"Combined",1597.59583333333,249.71,2025.13176,"2020-11-05",225
2021-06-18,"Late",29,"2021","71","Alves",1,220,"Combined",1597.59583333333,249.71,2025.13176,"2020-11-05",225
2021-06-18,"Late",141,"2021","71","Patras",3,176,"Split",1597.59583333333,249.71,2025.13176,"2020-11-05",225
2021-06-18,"Late",191,"2021","71","Alves",3,220,"Split",1597.59583333333,249.71,2025.13176,"2020-11-05",225
2021-06-18,"Late",21,"2021","71","Torrild",1,220,"Combined",1597.59583333333,249.71,2025.13176,"2020-11-05",225
2021-06-18,"Late",67,"2021","71","Apertus",2,176,"Split",1597.59583333333,249.71,2025.13176,"2020-11-05",225
2021-06-18,"Late",120,"2021","71","Capone",2,220,"Combined",1597.59583333333,249.71,2025.13176,"2020-11-05",225
2021-06-20,"Early",99,"2021","71","Capone",2,220,"Split",1818.67083333333,293.71,2136.6882,"2020-10-22",241
2021-06-20,"Early",189,"2021","71","Pionier",3,220,"Combined",1818.67083333333,293.71,2136.6882,"2020-10-22",241
2021-06-20,"Early",48,"2021","71","Patras",1,176,"Split",1818.67083333333,293.71,2136.6882,"2020-10-22",241
2021-06-20,"Early",106,"2021","71","Apertus",2,220,"Combined",1818.67083333333,293.71,2136.6882,"2020-10-22",241
2021-06-20,"Early",146,"2021","71","Apertus",3,176,"Combined",1818.67083333333,293.71,2136.6882,"2020-10-22",241
2021-06-20,"Early",165,"2021","71","Potenzial",3,220,"Combined",1818.67083333333,293.71,2136.6882,"2020-10-22",241
2021-06-20,"Early",84,"2021","71","Apertus",2,176,"Split",1818.67083333333,293.71,2136.6882,"2020-10-22",241
2021-06-20,"Early",72,"2021","71","Pionier",2,176,"Combined",1818.67083333333,293.71,2136.6882,"2020-10-22",241
2021-06-20,"Early",159,"2021","71","Capone",3,176,"Combined",1818.67083333333,293.71,2136.6882,"2020-10-22",241
2021-06-20,"Early",33,"2021","71","Alves",1,176,"Split",1818.67083333333,293.71,2136.6882,"2020-10-22",241
2021-06-20,"Early",69,"2021","71","Capone",2,176,"Split",1818.67083333333,293.71,2136.6882,"2020-10-22",241
2021-06-20,"Early",64,"2021","71","Pionier",1,176,"Split",1818.67083333333,293.71,2136.6882,"2020-10-22",241
2021-06-20,"Early",192,"2021","71","Esket",3,220,"Split",1818.67083333333,293.71,2136.6882,"2020-10-22",241
2021-06-20,"Early",131,"2021","71","Pionier",3,176,"Split",1818.67083333333,293.71,2136.6882,"2020-10-22",241
2021-06-20,"Early",180,"2021","71","Esket",3,220,"Combined",1818.67083333333,293.71,2136.6882,"2020-10-22",241
2021-06-20,"Early",126,"2021","71","Alves",2,220,"Split",1818.67083333333,293.71,2136.6882,"2020-10-22",241
2021-06-20,"Early",127,"2021","71","Pionier",2,220,"Combined",1818.67083333333,293.71,2136.6882,"2020-10-22",241
2021-06-20,"Early",154,"2021","71","Pionier",3,176,"Combined",1818.67083333333,293.71,2136.6882,"2020-10-22",241
2021-06-20,"Early",123,"2021","71","Esket",2,220,"Split",1818.67083333333,293.71,2136.6882,"2020-10-22",241
2021-06-20,"Early",151,"2021","71","Potenzial",3,176,"Combined",1818.67083333333,293.71,2136.6882,"2020-10-22",241
2021-06-20,"Early",96,"2021","71","Potenzial",2,176,"Combined",1818.67083333333,293.71,2136.6882,"2020-10-22",241
2021-06-20,"Early",184,"2021","71","Torrild",3,220,"Split",1818.67083333333,293.71,2136.6882,"2020-10-22",241
2021-06-20,"Early",89,"2021","71","Apertus",2,176,"Combined",1818.67083333333,293.71,2136.6882,"2020-10-22",241
2021-06-20,"Early",77,"2021","71","Esket",2,176,"Split",1818.67083333333,293.71,2136.6882,"2020-10-22",241
2021-06-20,"Early",169,"2021","71","Pionier",3,220,"Split",1818.67083333333,293.71,2136.6882,"2020-10-22",241
2021-06-20,"Early",80,"2021","71","Esket",2,176,"Combined",1818.67083333333,293.71,2136.6882,"2020-10-22",241
2021-06-20,"Early",147,"2021","71","Potenzial",3,176,"Split",1818.67083333333,293.71,2136.6882,"2020-10-22",241
2021-06-20,"Late",66,"2021","71","Pionier",2,176,"Combined",1645.8125,270.47,2077.0362,"2020-11-05",227
2021-06-20,"Late",105,"2021","71","Torrild",2,220,"Combined",1645.8125,270.47,2077.0362,"2020-11-05",227
2021-06-20,"Late",153,"2021","71","Potenzial",3,176,"Combined",1645.8125,270.47,2077.0362,"2020-11-05",227
2021-06-20,"Late",163,"2021","71","Capone",3,220,"Combined",1645.8125,270.47,2077.0362,"2020-11-05",227
2021-06-20,"Late",166,"2021","71","Esket",3,220,"Combined",1645.8125,270.47,2077.0362,"2020-11-05",227
2021-06-20,"Late",145,"2021","71","Apertus",3,176,"Combined",1645.8125,270.47,2077.0362,"2020-11-05",227
2021-06-20,"Late",170,"2021","71","Potenzial",3,220,"Split",1645.8125,270.47,2077.0362,"2020-11-05",227
2021-06-20,"Late",160,"2021","71","Capone",3,176,"Combined",1645.8125,270.47,2077.0362,"2020-11-05",227
2021-06-20,"Late",112,"2021","71","Esket",2,220,"Combined",1645.8125,270.47,2077.0362,"2020-11-05",227
2021-06-20,"Late",133,"2021","71","Alves",3,176,"Split",1645.8125,270.47,2077.0362,"2020-11-05",227
2021-06-20,"Late",63,"2021","71","Capone",1,176,"Split",1645.8125,270.47,2077.0362,"2020-11-05",227
2021-06-20,"Late",47,"2021","71","Pionier",1,176,"Split",1645.8125,270.47,2077.0362,"2020-11-05",227
2021-06-20,"Late",100,"2021","71","Patras",2,220,"Split",1645.8125,270.47,2077.0362,"2020-11-05",227
2021-06-20,"Late",174,"2021","71","Potenzial",3,220,"Combined",1645.8125,270.47,2077.0362,"2020-11-05",227
2021-06-20,"Late",128,"2021","71","Apertus",2,220,"Combined",1645.8125,270.47,2077.0362,"2020-11-05",227
2021-06-20,"Late",124,"2021","71","Torrild",2,220,"Split",1645.8125,270.47,2077.0362,"2020-11-05",227
2021-06-20,"Late",129,"2021","71","Pionier",3,176,"Combined",1645.8125,270.47,2077.0362,"2020-11-05",227
2021-06-20,"Late",125,"2021","71","Potenzial",2,220,"Split",1645.8125,270.47,2077.0362,"2020-11-05",227
2021-06-20,"Late",144,"2021","71","Esket",3,176,"Combined",1645.8125,270.47,2077.0362,"2020-11-05",227
2021-06-20,"Late",94,"2021","71","Esket",2,176,"Split",1645.8125,270.47,2077.0362,"2020-11-05",227
2021-06-20,"Late",95,"2021","71","Esket",2,176,"Combined",1645.8125,270.47,2077.0362,"2020-11-05",227
2021-06-20,"Late",86,"2021","71","Pionier",2,176,"Split",1645.8125,270.47,2077.0362,"2020-11-05",227
2021-06-20,"Late",44,"2021","71","Apertus",1,176,"Combined",1645.8125,270.47,2077.0362,"2020-11-05",227
2021-06-20,"Late",183,"2021","71","Patras",3,220,"Split",1645.8125,270.47,2077.0362,"2020-11-05",227
2021-06-20,"Late",90,"2021","71","Potenzial",2,176,"Combined",1645.8125,270.47,2077.0362,"2020-11-05",227
2021-06-20,"Late",152,"2021","71","Torrild",3,176,"Combined",1645.8125,270.47,2077.0362,"2020-11-05",227
2021-06-24,"Early",62,"2021","77","Torrild",1,176,"Combined",1887.47916666667,310.4,2195.9694,"2020-10-22",245
2021-06-24,"Early",17,"2021","77","Patras",1,220,"Split",1887.47916666667,310.4,2195.9694,"2020-10-22",245
2021-06-24,"Early",161,"2021","77","Alves",3,220,"Split",1887.47916666667,310.4,2195.9694,"2020-10-22",245
2021-06-24,"Early",150,"2021","77","Capone",3,176,"Split",1887.47916666667,310.4,2195.9694,"2020-10-22",245
2021-06-24,"Early",151,"2021","77","Potenzial",3,176,"Combined",1887.47916666667,310.4,2195.9694,"2020-10-22",245
2021-06-24,"Early",184,"2021","77","Torrild",3,220,"Split",1887.47916666667,310.4,2195.9694,"2020-10-22",245
2021-06-24,"Early",81,"2021","77","Capone",2,176,"Combined",1887.47916666667,310.4,2195.9694,"2020-10-22",245
2021-06-24,"Early",92,"2021","77","Alves",2,176,"Split",1887.47916666667,310.4,2195.9694,"2020-10-22",245
2021-06-24,"Early",48,"2021","77","Patras",1,176,"Split",1887.47916666667,310.4,2195.9694,"2020-10-22",245
2021-06-24,"Early",177,"2021","77","Patras",3,220,"Split",1887.47916666667,310.4,2195.9694,"2020-10-22",245
2021-06-24,"Late",157,"2021","77","Apertus",3,176,"Split",1714.62083333333,287.16,2136.3174,"2020-11-05",231
2021-06-24,"Late",183,"2021","77","Patras",3,220,"Split",1714.62083333333,287.16,2136.3174,"2020-11-05",231
2021-06-24,"Late",26,"2021","77","Esket",1,220,"Split",1714.62083333333,287.16,2136.3174,"2020-11-05",231
2021-06-24,"Late",140,"2021","77","Capone",3,176,"Split",1714.62083333333,287.16,2136.3174,"2020-11-05",231
2021-06-26,"Early",119,"2021","77","Esket",2,220,"Combined",1924.42916666667,310.44,2238.09192,"2020-10-22",247
2021-06-26,"Early",72,"2021","77","Pionier",2,176,"Combined",1924.42916666667,310.44,2238.09192,"2020-10-22",247
2021-06-26,"Early",35,"2021","77","Potenzial",1,176,"Combined",1924.42916666667,310.44,2238.09192,"2020-10-22",247
2021-06-26,"Early",96,"2021","77","Potenzial",2,176,"Combined",1924.42916666667,310.44,2238.09192,"2020-10-22",247
2021-06-26,"Early",158,"2021","77","Alves",3,176,"Split",1924.42916666667,310.44,2238.09192,"2020-10-22",247
2021-06-26,"Early",22,"2021","77","Patras",1,220,"Combined",1924.42916666667,310.44,2238.09192,"2020-10-22",247
2021-06-26,"Early",135,"2021","77","Alves",3,176,"Combined",1924.42916666667,310.44,2238.09192,"2020-10-22",247
2021-06-26,"Early",106,"2021","77","Apertus",2,220,"Combined",1924.42916666667,310.44,2238.09192,"2020-10-22",247
2021-06-26,"Early",9,"2021","77","Esket",1,220,"Split",1924.42916666667,310.44,2238.09192,"2020-10-22",247
2021-06-26,"Early",164,"2021","77","Alves",3,220,"Combined",1924.42916666667,310.44,2238.09192,"2020-10-22",247
2021-06-26,"Early",88,"2021","77","Alves",2,176,"Combined",1924.42916666667,310.44,2238.09192,"2020-10-22",247
2021-06-26,"Early",59,"2021","77","Esket",1,176,"Combined",1924.42916666667,310.44,2238.09192,"2020-10-22",247
2021-06-26,"Early",126,"2021","77","Alves",2,220,"Split",1924.42916666667,310.44,2238.09192,"2020-10-22",247
2021-06-26,"Early",3,"2021","77","Torrild",1,220,"Combined",1924.42916666667,310.44,2238.09192,"2020-10-22",247
2021-06-26,"Early",110,"2021","77","Potenzial",2,220,"Split",1924.42916666667,310.44,2238.09192,"2020-10-22",247
2021-06-26,"Early",147,"2021","77","Potenzial",3,176,"Split",1924.42916666667,310.44,2238.09192,"2020-10-22",247
2021-06-26,"Early",99,"2021","77","Capone",2,220,"Split",1924.42916666667,310.44,2238.09192,"2020-10-22",247
2021-06-26,"Early",25,"2021","77","Potenzial",1,220,"Split",1924.42916666667,310.44,2238.09192,"2020-10-22",247
2021-06-26,"Early",122,"2021","77","Potenzial",2,220,"Combined",1924.42916666667,310.44,2238.09192,"2020-10-22",247
2021-06-26,"Early",43,"2021","77","Patras",1,176,"Combined",1924.42916666667,310.44,2238.09192,"2020-10-22",247
2021-06-26,"Early",85,"2021","77","Patras",2,176,"Split",1924.42916666667,310.44,2238.09192,"2020-10-22",247
2021-06-26,"Early",134,"2021","77","Esket",3,176,"Split",1924.42916666667,310.44,2238.09192,"2020-10-22",247
2021-06-26,"Early",98,"2021","77","Capone",2,220,"Combined",1924.42916666667,310.44,2238.09192,"2020-10-22",247
2021-06-26,"Early",69,"2021","77","Capone",2,176,"Split",1924.42916666667,310.44,2238.09192,"2020-10-22",247
2021-06-26,"Early",65,"2021","77","Torrild",2,176,"Combined",1924.42916666667,310.44,2238.09192,"2020-10-22",247
2021-06-26,"Early",114,"2021","77","Patras",2,220,"Combined",1924.42916666667,310.44,2238.09192,"2020-10-22",247
2021-06-26,"Early",73,"2021","77","Patras",2,176,"Combined",1924.42916666667,310.44,2238.09192,"2020-10-22",247
2021-06-26,"Early",130,"2021","77","Esket",3,176,"Combined",1924.42916666667,310.44,2238.09192,"2020-10-22",247
2021-06-26,"Early",127,"2021","77","Pionier",2,220,"Combined",1924.42916666667,310.44,2238.09192,"2020-10-22",247
2021-06-26,"Early",27,"2021","77","Alves",1,220,"Combined",1924.42916666667,310.44,2238.09192,"2020-10-22",247
2021-06-26,"Early",46,"2021","77","Apertus",1,176,"Combined",1924.42916666667,310.44,2238.09192,"2020-10-22",247
2021-06-26,"Early",102,"2021","77","Patras",2,220,"Split",1924.42916666667,310.44,2238.09192,"2020-10-22",247
2021-06-26,"Early",188,"2021","77","Capone",3,220,"Combined",1924.42916666667,310.44,2238.09192,"2020-10-22",247
2021-06-26,"Early",54,"2021","77","Pionier",1,176,"Combined",1924.42916666667,310.44,2238.09192,"2020-10-22",247
2021-06-26,"Early",40,"2021","77","Potenzial",1,176,"Split",1924.42916666667,310.44,2238.09192,"2020-10-22",247
2021-06-26,"Early",1,"2021","77","Apertus",1,220,"Split",1924.42916666667,310.44,2238.09192,"2020-10-22",247
2021-06-26,"Early",185,"2021","77","Potenzial",3,220,"Split",1924.42916666667,310.44,2238.09192,"2020-10-22",247
2021-06-26,"Early",38,"2021","77","Capone",1,176,"Combined",1924.42916666667,310.44,2238.09192,"2020-10-22",247
2021-06-26,"Early",146,"2021","77","Apertus",3,176,"Combined",1924.42916666667,310.44,2238.09192,"2020-10-22",247
2021-06-26,"Early",24,"2021","77","Capone",1,220,"Split",1924.42916666667,310.44,2238.09192,"2020-10-22",247
2021-06-26,"Early",76,"2021","77","Torrild",2,176,"Split",1924.42916666667,310.44,2238.09192,"2020-10-22",247
2021-06-26,"Early",172,"2021","77","Patras",3,220,"Combined",1924.42916666667,310.44,2238.09192,"2020-10-22",247
2021-06-26,"Early",159,"2021","77","Capone",3,176,"Combined",1924.42916666667,310.44,2238.09192,"2020-10-22",247
2021-06-26,"Early",155,"2021","77","Patras",3,176,"Split",1924.42916666667,310.44,2238.09192,"2020-10-22",247
2021-06-26,"Early",173,"2021","77","Apertus",3,220,"Combined",1924.42916666667,310.44,2238.09192,"2020-10-22",247
2021-06-26,"Early",64,"2021","77","Pionier",1,176,"Split",1924.42916666667,310.44,2238.09192,"2020-10-22",247
2021-06-26,"Early",68,"2021","77","Potenzial",2,176,"Split",1924.42916666667,310.44,2238.09192,"2020-10-22",247
2021-06-26,"Early",77,"2021","77","Esket",2,176,"Split",1924.42916666667,310.44,2238.09192,"2020-10-22",247
2021-06-26,"Early",176,"2021","77","Capone",3,220,"Split",1924.42916666667,310.44,2238.09192,"2020-10-22",247
2021-06-26,"Early",16,"2021","77","Pionier",1,220,"Split",1924.42916666667,310.44,2238.09192,"2020-10-22",247
2021-06-26,"Early",139,"2021","77","Apertus",3,176,"Split",1924.42916666667,310.44,2238.09192,"2020-10-22",247
2021-06-26,"Early",41,"2021","77","Apertus",1,176,"Split",1924.42916666667,310.44,2238.09192,"2020-10-22",247
2021-06-26,"Early",169,"2021","77","Pionier",3,220,"Split",1924.42916666667,310.44,2238.09192,"2020-10-22",247
2021-06-26,"Early",57,"2021","77","Capone",1,176,"Split",1924.42916666667,310.44,2238.09192,"2020-10-22",247
2021-06-26,"Early",33,"2021","77","Alves",1,176,"Split",1924.42916666667,310.44,2238.09192,"2020-10-22",247
2021-06-26,"Early",168,"2021","77","Apertus",3,220,"Split",1924.42916666667,310.44,2238.09192,"2020-10-22",247
2021-06-26,"Early",89,"2021","77","Apertus",2,176,"Combined",1924.42916666667,310.44,2238.09192,"2020-10-22",247
2021-06-26,"Early",107,"2021","77","Apertus",2,220,"Split",1924.42916666667,310.44,2238.09192,"2020-10-22",247
2021-06-26,"Early",189,"2021","77","Pionier",3,220,"Combined",1924.42916666667,310.44,2238.09192,"2020-10-22",247
2021-06-26,"Early",138,"2021","77","Torrild",3,176,"Combined",1924.42916666667,310.44,2238.09192,"2020-10-22",247
2021-06-26,"Early",93,"2021","77","Pionier",2,176,"Split",1924.42916666667,310.44,2238.09192,"2020-10-22",247
2021-06-26,"Early",30,"2021","77","Potenzial",1,220,"Combined",1924.42916666667,310.44,2238.09192,"2020-10-22",247
2021-06-26,"Early",154,"2021","77","Pionier",3,176,"Combined",1924.42916666667,310.44,2238.09192,"2020-10-22",247
2021-06-26,"Early",180,"2021","77","Esket",3,220,"Combined",1924.42916666667,310.44,2238.09192,"2020-10-22",247
2021-06-26,"Early",80,"2021","77","Esket",2,176,"Combined",1924.42916666667,310.44,2238.09192,"2020-10-22",247
2021-06-26,"Early",49,"2021","77","Torrild",1,176,"Split",1924.42916666667,310.44,2238.09192,"2020-10-22",247
2021-06-26,"Early",111,"2021","77","Alves",2,220,"Combined",1924.42916666667,310.44,2238.09192,"2020-10-22",247
2021-06-26,"Early",143,"2021","77","Patras",3,176,"Combined",1924.42916666667,310.44,2238.09192,"2020-10-22",247
2021-06-26,"Early",8,"2021","77","Torrild",1,220,"Split",1924.42916666667,310.44,2238.09192,"2020-10-22",247
2021-06-26,"Early",118,"2021","77","Pionier",2,220,"Split",1924.42916666667,310.44,2238.09192,"2020-10-22",247
2021-06-26,"Early",51,"2021","77","Alves",1,176,"Combined",1924.42916666667,310.44,2238.09192,"2020-10-22",247
2021-06-26,"Early",84,"2021","77","Apertus",2,176,"Split",1924.42916666667,310.44,2238.09192,"2020-10-22",247
2021-06-26,"Early",11,"2021","77","Capone",1,220,"Combined",1924.42916666667,310.44,2238.09192,"2020-10-22",247
2021-06-26,"Early",123,"2021","77","Esket",2,220,"Split",1924.42916666667,310.44,2238.09192,"2020-10-22",247
2021-06-26,"Early",181,"2021","77","Torrild",3,220,"Combined",1924.42916666667,310.44,2238.09192,"2020-10-22",247
2021-06-26,"Early",115,"2021","77","Torrild",2,220,"Split",1924.42916666667,310.44,2238.09192,"2020-10-22",247
2021-06-26,"Early",19,"2021","77","Esket",1,220,"Combined",1924.42916666667,310.44,2238.09192,"2020-10-22",247
2021-06-26,"Early",6,"2021","77","Apertus",1,220,"Combined",1924.42916666667,310.44,2238.09192,"2020-10-22",247
2021-06-26,"Early",14,"2021","77","Pionier",1,220,"Combined",1924.42916666667,310.44,2238.09192,"2020-10-22",247
2021-06-26,"Early",165,"2021","77","Potenzial",3,220,"Combined",1924.42916666667,310.44,2238.09192,"2020-10-22",247
2021-06-26,"Early",32,"2021","77","Alves",1,220,"Split",1924.42916666667,310.44,2238.09192,"2020-10-22",247
2021-06-26,"Early",131,"2021","77","Pionier",3,176,"Split",1924.42916666667,310.44,2238.09192,"2020-10-22",247
2021-06-26,"Early",103,"2021","77","Torrild",2,220,"Combined",1924.42916666667,310.44,2238.09192,"2020-10-22",247
2021-06-26,"Early",142,"2021","77","Torrild",3,176,"Split",1924.42916666667,310.44,2238.09192,"2020-10-22",247
2021-06-26,"Early",192,"2021","77","Esket",3,220,"Split",1924.42916666667,310.44,2238.09192,"2020-10-22",247
2021-06-26,"Early",56,"2021","77","Esket",1,176,"Split",1924.42916666667,310.44,2238.09192,"2020-10-22",247
2021-06-26,"Late",132,"2021","77","Potenzial",3,176,"Split",1751.57083333333,287.2,2178.43992,"2020-11-05",233
2021-06-26,"Late",104,"2021","77","Patras",2,220,"Combined",1751.57083333333,287.2,2178.43992,"2020-11-05",233
2021-06-26,"Late",70,"2021","77","Torrild",2,176,"Split",1751.57083333333,287.2,2178.43992,"2020-11-05",233
2021-06-26,"Late",75,"2021","77","Capone",2,176,"Split",1751.57083333333,287.2,2178.43992,"2020-11-05",233
2021-06-26,"Late",13,"2021","77","Capone",1,220,"Combined",1751.57083333333,287.2,2178.43992,"2020-11-05",233
2021-06-26,"Late",136,"2021","77","Patras",3,176,"Combined",1751.57083333333,287.2,2178.43992,"2020-11-05",233
2021-06-26,"Late",108,"2021","77","Pionier",2,220,"Split",1751.57083333333,287.2,2178.43992,"2020-11-05",233
2021-06-26,"Late",18,"2021","77","Pionier",1,220,"Split",1751.57083333333,287.2,2178.43992,"2020-11-05",233
2021-06-26,"Late",34,"2021","77","Esket",1,176,"Split",1751.57083333333,287.2,2178.43992,"2020-11-05",233
2021-06-26,"Late",160,"2021","77","Capone",3,176,"Combined",1751.57083333333,287.2,2178.43992,"2020-11-05",233
2021-06-26,"Late",187,"2021","77","Apertus",3,220,"Combined",1751.57083333333,287.2,2178.43992,"2020-11-05",233
2021-06-26,"Late",36,"2021","77","Capone",1,176,"Combined",1751.57083333333,287.2,2178.43992,"2020-11-05",233
2021-06-26,"Late",166,"2021","77","Esket",3,220,"Combined",1751.57083333333,287.2,2178.43992,"2020-11-05",233
2021-06-26,"Late",79,"2021","77","Capone",2,176,"Combined",1751.57083333333,287.2,2178.43992,"2020-11-05",233
2021-06-26,"Late",179,"2021","77","Patras",3,220,"Combined",1751.57083333333,287.2,2178.43992,"2020-11-05",233
2021-06-26,"Late",100,"2021","77","Patras",2,220,"Split",1751.57083333333,287.2,2178.43992,"2020-11-05",233
2021-06-26,"Late",175,"2021","77","Capone",3,220,"Split",1751.57083333333,287.2,2178.43992,"2020-11-05",233
2021-06-26,"Late",45,"2021","77","Esket",1,176,"Combined",1751.57083333333,287.2,2178.43992,"2020-11-05",233
2021-06-26,"Late",20,"2021","77","Pionier",1,220,"Combined",1751.57083333333,287.2,2178.43992,"2020-11-05",233
2021-06-26,"Late",12,"2021","77","Esket",1,220,"Combined",1751.57083333333,287.2,2178.43992,"2020-11-05",233
2021-06-26,"Late",66,"2021","77","Pionier",2,176,"Combined",1751.57083333333,287.2,2178.43992,"2020-11-05",233
2021-06-26,"Late",94,"2021","77","Esket",2,176,"Split",1751.57083333333,287.2,2178.43992,"2020-11-05",233
2021-06-26,"Late",37,"2021","77","Pionier",1,176,"Combined",1751.57083333333,287.2,2178.43992,"2020-11-05",233
2021-06-26,"Late",162,"2021","77","Apertus",3,220,"Split",1751.57083333333,287.2,2178.43992,"2020-11-05",233
2021-06-26,"Late",171,"2021","77","Alves",3,220,"Combined",1751.57083333333,287.2,2178.43992,"2020-11-05",233
2021-06-26,"Late",47,"2021","77","Pionier",1,176,"Split",1751.57083333333,287.2,2178.43992,"2020-11-05",233
2021-06-26,"Late",15,"2021","77","Capone",1,220,"Split",1751.57083333333,287.2,2178.43992,"2020-11-05",233
2021-06-26,"Late",44,"2021","77","Apertus",1,176,"Combined",1751.57083333333,287.2,2178.43992,"2020-11-05",233
2021-06-26,"Late",124,"2021","77","Torrild",2,220,"Split",1751.57083333333,287.2,2178.43992,"2020-11-05",233
2021-06-26,"Late",2,"2021","77","Patras",1,220,"Split",1751.57083333333,287.2,2178.43992,"2020-11-05",233
2021-06-26,"Late",153,"2021","77","Potenzial",3,176,"Combined",1751.57083333333,287.2,2178.43992,"2020-11-05",233
2021-06-26,"Late",125,"2021","77","Potenzial",2,220,"Split",1751.57083333333,287.2,2178.43992,"2020-11-05",233
2021-06-26,"Late",145,"2021","77","Apertus",3,176,"Combined",1751.57083333333,287.2,2178.43992,"2020-11-05",233
2021-06-26,"Late",105,"2021","77","Torrild",2,220,"Combined",1751.57083333333,287.2,2178.43992,"2020-11-05",233
2021-06-26,"Late",101,"2021","77","Apertus",2,220,"Split",1751.57083333333,287.2,2178.43992,"2020-11-05",233
2021-06-26,"Late",86,"2021","77","Pionier",2,176,"Split",1751.57083333333,287.2,2178.43992,"2020-11-05",233
2021-06-26,"Late",7,"2021","77","Alves",1,220,"Split",1751.57083333333,287.2,2178.43992,"2020-11-05",233
2021-06-26,"Late",117,"2021","77","Alves",2,220,"Split",1751.57083333333,287.2,2178.43992,"2020-11-05",233
2021-06-26,"Late",83,"2021","77","Patras",2,176,"Split",1751.57083333333,287.2,2178.43992,"2020-11-05",233
2021-06-26,"Late",190,"2021","77","Pionier",3,220,"Combined",1751.57083333333,287.2,2178.43992,"2020-11-05",233
2021-06-26,"Late",87,"2021","77","Patras",2,176,"Combined",1751.57083333333,287.2,2178.43992,"2020-11-05",233
2021-06-26,"Late",52,"2021","77","Patras",1,176,"Combined",1751.57083333333,287.2,2178.43992,"2020-11-05",233
2021-06-26,"Late",78,"2021","77","Alves",2,176,"Split",1751.57083333333,287.2,2178.43992,"2020-11-05",233
2021-06-26,"Late",74,"2021","77","Apertus",2,176,"Combined",1751.57083333333,287.2,2178.43992,"2020-11-05",233
2021-06-26,"Late",4,"2021","77","Patras",1,220,"Combined",1751.57083333333,287.2,2178.43992,"2020-11-05",233
2021-06-26,"Late",97,"2021","77","Pionier",2,220,"Combined",1751.57083333333,287.2,2178.43992,"2020-11-05",233
2021-06-26,"Late",63,"2021","77","Capone",1,176,"Split",1751.57083333333,287.2,2178.43992,"2020-11-05",233
2021-06-26,"Late",53,"2021","77","Alves",1,176,"Combined",1751.57083333333,287.2,2178.43992,"2020-11-05",233
2021-06-26,"Late",133,"2021","77","Alves",3,176,"Split",1751.57083333333,287.2,2178.43992,"2020-11-05",233
2021-06-26,"Late",82,"2021","77","Torrild",2,176,"Combined",1751.57083333333,287.2,2178.43992,"2020-11-05",233
2021-06-26,"Late",170,"2021","77","Potenzial",3,220,"Split",1751.57083333333,287.2,2178.43992,"2020-11-05",233
2021-06-26,"Late",113,"2021","77","Potenzial",2,220,"Combined",1751.57083333333,287.2,2178.43992,"2020-11-05",233
2021-06-26,"Late",23,"2021","77","Apertus",1,220,"Split",1751.57083333333,287.2,2178.43992,"2020-11-05",233
2021-06-26,"Late",174,"2021","77","Potenzial",3,220,"Combined",1751.57083333333,287.2,2178.43992,"2020-11-05",233
2021-06-26,"Late",109,"2021","77","Esket",2,220,"Split",1751.57083333333,287.2,2178.43992,"2020-11-05",233
2021-06-26,"Late",137,"2021","77","Alves",3,176,"Combined",1751.57083333333,287.2,2178.43992,"2020-11-05",233
2021-06-26,"Late",58,"2021","77","Alves",1,176,"Split",1751.57083333333,287.2,2178.43992,"2020-11-05",233
2021-06-26,"Late",31,"2021","77","Potenzial",1,220,"Split",1751.57083333333,287.2,2178.43992,"2020-11-05",233
2021-06-26,"Late",90,"2021","77","Potenzial",2,176,"Combined",1751.57083333333,287.2,2178.43992,"2020-11-05",233
2021-06-26,"Late",39,"2021","77","Apertus",1,176,"Split",1751.57083333333,287.2,2178.43992,"2020-11-05",233
2021-06-26,"Late",120,"2021","77","Capone",2,220,"Combined",1751.57083333333,287.2,2178.43992,"2020-11-05",233
2021-06-26,"Late",128,"2021","77","Apertus",2,220,"Combined",1751.57083333333,287.2,2178.43992,"2020-11-05",233
2021-06-26,"Late",50,"2021","77","Patras",1,176,"Split",1751.57083333333,287.2,2178.43992,"2020-11-05",233
2021-06-26,"Late",61,"2021","77","Torrild",1,176,"Combined",1751.57083333333,287.2,2178.43992,"2020-11-05",233
2021-06-26,"Late",178,"2021","77","Esket",3,220,"Split",1751.57083333333,287.2,2178.43992,"2020-11-05",233
2021-06-26,"Late",144,"2021","77","Esket",3,176,"Combined",1751.57083333333,287.2,2178.43992,"2020-11-05",233
2021-06-26,"Late",28,"2021","77","Potenzial",1,220,"Combined",1751.57083333333,287.2,2178.43992,"2020-11-05",233
2021-06-26,"Late",156,"2021","77","Esket",3,176,"Split",1751.57083333333,287.2,2178.43992,"2020-11-05",233
2021-06-26,"Late",121,"2021","77","Alves",2,220,"Combined",1751.57083333333,287.2,2178.43992,"2020-11-05",233
2021-06-26,"Late",149,"2021","77","Pionier",3,176,"Split",1751.57083333333,287.2,2178.43992,"2020-11-05",233
2021-06-26,"Late",152,"2021","77","Torrild",3,176,"Combined",1751.57083333333,287.2,2178.43992,"2020-11-05",233
2021-06-26,"Late",21,"2021","77","Torrild",1,220,"Combined",1751.57083333333,287.2,2178.43992,"2020-11-05",233
2021-06-26,"Late",5,"2021","77","Apertus",1,220,"Combined",1751.57083333333,287.2,2178.43992,"2020-11-05",233
2021-06-26,"Late",116,"2021","77","Capone",2,220,"Split",1751.57083333333,287.2,2178.43992,"2020-11-05",233
2021-06-26,"Late",71,"2021","77","Alves",2,176,"Combined",1751.57083333333,287.2,2178.43992,"2020-11-05",233
2021-06-26,"Late",60,"2021","77","Potenzial",1,176,"Combined",1751.57083333333,287.2,2178.43992,"2020-11-05",233
2021-06-26,"Late",55,"2021","77","Torrild",1,176,"Split",1751.57083333333,287.2,2178.43992,"2020-11-05",233
2021-06-26,"Late",112,"2021","77","Esket",2,220,"Combined",1751.57083333333,287.2,2178.43992,"2020-11-05",233
2021-06-26,"Late",163,"2021","77","Capone",3,220,"Combined",1751.57083333333,287.2,2178.43992,"2020-11-05",233
2021-06-26,"Late",91,"2021","77","Potenzial",2,176,"Split",1751.57083333333,287.2,2178.43992,"2020-11-05",233
2021-06-26,"Late",42,"2021","77","Potenzial",1,176,"Split",1751.57083333333,287.2,2178.43992,"2020-11-05",233
2021-06-26,"Late",167,"2021","77","Pionier",3,220,"Split",1751.57083333333,287.2,2178.43992,"2020-11-05",233
2021-06-26,"Late",67,"2021","77","Apertus",2,176,"Split",1751.57083333333,287.2,2178.43992,"2020-11-05",233
2021-06-26,"Late",191,"2021","77","Alves",3,220,"Split",1751.57083333333,287.2,2178.43992,"2020-11-05",233
2021-06-26,"Late",186,"2021","77","Torrild",3,220,"Split",1751.57083333333,287.2,2178.43992,"2020-11-05",233
2021-06-26,"Late",95,"2021","77","Esket",2,176,"Combined",1751.57083333333,287.2,2178.43992,"2020-11-05",233
2021-06-26,"Late",141,"2021","77","Patras",3,176,"Split",1751.57083333333,287.2,2178.43992,"2020-11-05",233
2021-06-26,"Late",129,"2021","77","Pionier",3,176,"Combined",1751.57083333333,287.2,2178.43992,"2020-11-05",233
2021-06-26,"Late",148,"2021","77","Torrild",3,176,"Split",1751.57083333333,287.2,2178.43992,"2020-11-05",233
2021-06-26,"Late",182,"2021","77","Torrild",3,220,"Combined",1751.57083333333,287.2,2178.43992,"2020-11-05",233
2021-06-26,"Late",29,"2021","77","Alves",1,220,"Combined",1751.57083333333,287.2,2178.43992,"2020-11-05",233
2021-06-26,"Late",10,"2021","77","Torrild",1,220,"Split",1751.57083333333,287.2,2178.43992,"2020-11-05",233
2021-07-15,"Early",3,"2021","87","Torrild",1,220,"Combined",2288.43333333333,378.58,2540.1564,"2020-10-22",266
2021-07-15,"Early",158,"2021","87","Alves",3,176,"Split",2288.43333333333,378.58,2540.1564,"2020-10-22",266
2021-07-15,"Early",92,"2021","87","Alves",2,176,"Split",2288.43333333333,378.58,2540.1564,"2020-10-22",266
2021-07-17,"Early",51,"2021","87","Alves",1,176,"Combined",2328.00416666667,378.67,2574.459,"2020-10-22",268
2021-07-17,"Early",40,"2021","87","Potenzial",1,176,"Split",2328.00416666667,378.67,2574.459,"2020-10-22",268
2021-07-17,"Early",180,"2021","87","Esket",3,220,"Combined",2328.00416666667,378.67,2574.459,"2020-10-22",268
2021-07-17,"Early",165,"2021","87","Potenzial",3,220,"Combined",2328.00416666667,378.67,2574.459,"2020-10-22",268
2021-07-17,"Early",134,"2021","87","Esket",3,176,"Split",2328.00416666667,378.67,2574.459,"2020-10-22",268
2021-07-17,"Early",27,"2021","87","Alves",1,220,"Combined",2328.00416666667,378.67,2574.459,"2020-10-22",268
2021-07-17,"Early",172,"2021","87","Patras",3,220,"Combined",2328.00416666667,378.67,2574.459,"2020-10-22",268
2021-07-17,"Early",181,"2021","87","Torrild",3,220,"Combined",2328.00416666667,378.67,2574.459,"2020-10-22",268
2021-07-17,"Early",30,"2021","87","Potenzial",1,220,"Combined",2328.00416666667,378.67,2574.459,"2020-10-22",268
2021-07-17,"Early",135,"2021","87","Alves",3,176,"Combined",2328.00416666667,378.67,2574.459,"2020-10-22",268
2021-07-17,"Early",138,"2021","87","Torrild",3,176,"Combined",2328.00416666667,378.67,2574.459,"2020-10-22",268
2021-07-17,"Early",65,"2021","87","Torrild",2,176,"Combined",2328.00416666667,378.67,2574.459,"2020-10-22",268
2021-07-17,"Early",56,"2021","87","Esket",1,176,"Split",2328.00416666667,378.67,2574.459,"2020-10-22",268
2021-07-17,"Early",76,"2021","87","Torrild",2,176,"Split",2328.00416666667,378.67,2574.459,"2020-10-22",268
2021-07-17,"Early",22,"2021","87","Patras",1,220,"Combined",2328.00416666667,378.67,2574.459,"2020-10-22",268
2021-07-17,"Early",142,"2021","87","Torrild",3,176,"Split",2328.00416666667,378.67,2574.459,"2020-10-22",268
2021-07-17,"Early",161,"2021","87","Alves",3,220,"Split",2328.00416666667,378.67,2574.459,"2020-10-22",268
2021-07-17,"Early",110,"2021","87","Potenzial",2,220,"Split",2328.00416666667,378.67,2574.459,"2020-10-22",268
2021-07-17,"Early",68,"2021","87","Potenzial",2,176,"Split",2328.00416666667,378.67,2574.459,"2020-10-22",268
2021-07-17,"Early",33,"2021","87","Alves",1,176,"Split",2328.00416666667,378.67,2574.459,"2020-10-22",268
2021-07-17,"Early",8,"2021","87","Torrild",1,220,"Split",2328.00416666667,378.67,2574.459,"2020-10-22",268
2021-07-17,"Early",62,"2021","87","Torrild",1,176,"Combined",2328.00416666667,378.67,2574.459,"2020-10-22",268
2021-07-17,"Early",151,"2021","87","Potenzial",3,176,"Combined",2328.00416666667,378.67,2574.459,"2020-10-22",268
2021-07-17,"Early",115,"2021","87","Torrild",2,220,"Split",2328.00416666667,378.67,2574.459,"2020-10-22",268
2021-07-17,"Early",49,"2021","87","Torrild",1,176,"Split",2328.00416666667,378.67,2574.459,"2020-10-22",268
2021-07-17,"Early",155,"2021","87","Patras",3,176,"Split",2328.00416666667,378.67,2574.459,"2020-10-22",268
2021-07-17,"Early",88,"2021","87","Alves",2,176,"Combined",2328.00416666667,378.67,2574.459,"2020-10-22",268
2021-07-17,"Early",123,"2021","87","Esket",2,220,"Split",2328.00416666667,378.67,2574.459,"2020-10-22",268
2021-07-17,"Early",177,"2021","87","Patras",3,220,"Split",2328.00416666667,378.67,2574.459,"2020-10-22",268
2021-07-17,"Early",85,"2021","87","Patras",2,176,"Split",2328.00416666667,378.67,2574.459,"2020-10-22",268
2021-07-17,"Early",77,"2021","87","Esket",2,176,"Split",2328.00416666667,378.67,2574.459,"2020-10-22",268
2021-07-17,"Early",122,"2021","87","Potenzial",2,220,"Combined",2328.00416666667,378.67,2574.459,"2020-10-22",268
2021-07-17,"Early",154,"2021","87","Pionier",3,176,"Combined",2328.00416666667,378.67,2574.459,"2020-10-22",268
2021-07-17,"Early",147,"2021","87","Potenzial",3,176,"Split",2328.00416666667,378.67,2574.459,"2020-10-22",268
2021-07-17,"Early",96,"2021","87","Potenzial",2,176,"Combined",2328.00416666667,378.67,2574.459,"2020-10-22",268
2021-07-17,"Early",73,"2021","87","Patras",2,176,"Combined",2328.00416666667,378.67,2574.459,"2020-10-22",268
2021-07-17,"Early",114,"2021","87","Patras",2,220,"Combined",2328.00416666667,378.67,2574.459,"2020-10-22",268
2021-07-17,"Early",184,"2021","87","Torrild",3,220,"Split",2328.00416666667,378.67,2574.459,"2020-10-22",268
2021-07-17,"Early",164,"2021","87","Alves",3,220,"Combined",2328.00416666667,378.67,2574.459,"2020-10-22",268
2021-07-17,"Early",48,"2021","87","Patras",1,176,"Split",2328.00416666667,378.67,2574.459,"2020-10-22",268
2021-07-17,"Early",54,"2021","87","Pionier",1,176,"Combined",2328.00416666667,378.67,2574.459,"2020-10-22",268
2021-07-17,"Early",103,"2021","87","Torrild",2,220,"Combined",2328.00416666667,378.67,2574.459,"2020-10-22",268
2021-07-17,"Early",143,"2021","87","Patras",3,176,"Combined",2328.00416666667,378.67,2574.459,"2020-10-22",268
2021-07-17,"Late",170,"2021","87","Potenzial",3,220,"Split",2155.14583333333,355.43,2514.807,"2020-11-05",254
2021-07-17,"Late",104,"2021","87","Patras",2,220,"Combined",2155.14583333333,355.43,2514.807,"2020-11-05",254
2021-07-17,"Late",50,"2021","87","Patras",1,176,"Split",2155.14583333333,355.43,2514.807,"2020-11-05",254
2021-07-17,"Late",95,"2021","87","Esket",2,176,"Combined",2155.14583333333,355.43,2514.807,"2020-11-05",254
2021-07-17,"Late",7,"2021","87","Alves",1,220,"Split",2155.14583333333,355.43,2514.807,"2020-11-05",254
2021-07-17,"Late",157,"2021","87","Apertus",3,176,"Split",2155.14583333333,355.43,2514.807,"2020-11-05",254
2021-07-17,"Late",71,"2021","87","Alves",2,176,"Combined",2155.14583333333,355.43,2514.807,"2020-11-05",254
2021-07-17,"Late",60,"2021","87","Potenzial",1,176,"Combined",2155.14583333333,355.43,2514.807,"2020-11-05",254
2021-07-17,"Late",191,"2021","87","Alves",3,220,"Split",2155.14583333333,355.43,2514.807,"2020-11-05",254
2021-07-17,"Late",55,"2021","87","Torrild",1,176,"Split",2155.14583333333,355.43,2514.807,"2020-11-05",254
2021-07-17,"Late",121,"2021","87","Alves",2,220,"Combined",2155.14583333333,355.43,2514.807,"2020-11-05",254
2021-07-17,"Late",83,"2021","87","Patras",2,176,"Split",2155.14583333333,355.43,2514.807,"2020-11-05",254
2021-07-17,"Late",178,"2021","87","Esket",3,220,"Split",2155.14583333333,355.43,2514.807,"2020-11-05",254
2021-07-17,"Late",58,"2021","87","Alves",1,176,"Split",2155.14583333333,355.43,2514.807,"2020-11-05",254
2021-07-17,"Late",136,"2021","87","Patras",3,176,"Combined",2155.14583333333,355.43,2514.807,"2020-11-05",254
2021-07-17,"Late",141,"2021","87","Patras",3,176,"Split",2155.14583333333,355.43,2514.807,"2020-11-05",254
2021-07-17,"Late",148,"2021","87","Torrild",3,176,"Split",2155.14583333333,355.43,2514.807,"2020-11-05",254
2021-07-17,"Late",90,"2021","87","Potenzial",2,176,"Combined",2155.14583333333,355.43,2514.807,"2020-11-05",254
2021-07-17,"Late",53,"2021","87","Alves",1,176,"Combined",2155.14583333333,355.43,2514.807,"2020-11-05",254
2021-07-17,"Late",78,"2021","87","Alves",2,176,"Split",2155.14583333333,355.43,2514.807,"2020-11-05",254
2021-07-17,"Late",47,"2021","87","Pionier",1,176,"Split",2155.14583333333,355.43,2514.807,"2020-11-05",254
2021-07-17,"Late",179,"2021","87","Patras",3,220,"Combined",2155.14583333333,355.43,2514.807,"2020-11-05",254
2021-07-17,"Late",153,"2021","87","Potenzial",3,176,"Combined",2155.14583333333,355.43,2514.807,"2020-11-05",254
2021-07-17,"Late",137,"2021","87","Alves",3,176,"Combined",2155.14583333333,355.43,2514.807,"2020-11-05",254
2021-07-17,"Late",133,"2021","87","Alves",3,176,"Split",2155.14583333333,355.43,2514.807,"2020-11-05",254
2021-07-17,"Late",61,"2021","87","Torrild",1,176,"Combined",2155.14583333333,355.43,2514.807,"2020-11-05",254
2021-07-17,"Late",52,"2021","87","Patras",1,176,"Combined",2155.14583333333,355.43,2514.807,"2020-11-05",254
2021-07-17,"Late",171,"2021","87","Alves",3,220,"Combined",2155.14583333333,355.43,2514.807,"2020-11-05",254
2021-07-17,"Late",186,"2021","87","Torrild",3,220,"Split",2155.14583333333,355.43,2514.807,"2020-11-05",254
2021-07-19,"Early",89,"2021","87","Apertus",2,176,"Combined",2365.24583333333,378.7,2612.79324,"2020-10-22",270
2021-07-19,"Early",93,"2021","87","Pionier",2,176,"Split",2365.24583333333,378.7,2612.79324,"2020-10-22",270
2021-07-19,"Early",43,"2021","87","Patras",1,176,"Combined",2365.24583333333,378.7,2612.79324,"2020-10-22",270
2021-07-19,"Early",146,"2021","87","Apertus",3,176,"Combined",2365.24583333333,378.7,2612.79324,"2020-10-22",270
2021-07-19,"Early",64,"2021","87","Pionier",1,176,"Split",2365.24583333333,378.7,2612.79324,"2020-10-22",270
2021-07-19,"Early",25,"2021","87","Potenzial",1,220,"Split",2365.24583333333,378.7,2612.79324,"2020-10-22",270
2021-07-19,"Early",59,"2021","87","Esket",1,176,"Combined",2365.24583333333,378.7,2612.79324,"2020-10-22",270
2021-07-19,"Early",131,"2021","87","Pionier",3,176,"Split",2365.24583333333,378.7,2612.79324,"2020-10-22",270
2021-07-19,"Early",69,"2021","87","Capone",2,176,"Split",2365.24583333333,378.7,2612.79324,"2020-10-22",270
2021-07-19,"Early",9,"2021","87","Esket",1,220,"Split",2365.24583333333,378.7,2612.79324,"2020-10-22",270
2021-07-19,"Early",139,"2021","87","Apertus",3,176,"Split",2365.24583333333,378.7,2612.79324,"2020-10-22",270
2021-07-19,"Early",130,"2021","87","Esket",3,176,"Combined",2365.24583333333,378.7,2612.79324,"2020-10-22",270
2021-07-19,"Early",80,"2021","87","Esket",2,176,"Combined",2365.24583333333,378.7,2612.79324,"2020-10-22",270
2021-07-19,"Early",41,"2021","87","Apertus",1,176,"Split",2365.24583333333,378.7,2612.79324,"2020-10-22",270
2021-07-19,"Early",168,"2021","87","Apertus",3,220,"Split",2365.24583333333,378.7,2612.79324,"2020-10-22",270
2021-07-19,"Early",106,"2021","87","Apertus",2,220,"Combined",2365.24583333333,378.7,2612.79324,"2020-10-22",270
2021-07-19,"Early",35,"2021","87","Potenzial",1,176,"Combined",2365.24583333333,378.7,2612.79324,"2020-10-22",270
2021-07-19,"Early",119,"2021","87","Esket",2,220,"Combined",2365.24583333333,378.7,2612.79324,"2020-10-22",270
2021-07-19,"Early",84,"2021","87","Apertus",2,176,"Split",2365.24583333333,378.7,2612.79324,"2020-10-22",270
2021-07-19,"Early",17,"2021","87","Patras",1,220,"Split",2365.24583333333,378.7,2612.79324,"2020-10-22",270
2021-07-19,"Early",102,"2021","87","Patras",2,220,"Split",2365.24583333333,378.7,2612.79324,"2020-10-22",270
2021-07-19,"Early",72,"2021","87","Pionier",2,176,"Combined",2365.24583333333,378.7,2612.79324,"2020-10-22",270
2021-07-19,"Early",38,"2021","87","Capone",1,176,"Combined",2365.24583333333,378.7,2612.79324,"2020-10-22",270
2021-07-19,"Early",11,"2021","87","Capone",1,220,"Combined",2365.24583333333,378.7,2612.79324,"2020-10-22",270
2021-07-19,"Early",192,"2021","87","Esket",3,220,"Split",2365.24583333333,378.7,2612.79324,"2020-10-22",270
2021-07-19,"Early",111,"2021","87","Alves",2,220,"Combined",2365.24583333333,378.7,2612.79324,"2020-10-22",270
2021-07-19,"Early",185,"2021","87","Potenzial",3,220,"Split",2365.24583333333,378.7,2612.79324,"2020-10-22",270
2021-07-19,"Late",21,"2021","87","Torrild",1,220,"Combined",2192.3875,355.46,2553.14124,"2020-11-05",256
2021-07-19,"Late",174,"2021","87","Potenzial",3,220,"Combined",2192.3875,355.46,2553.14124,"2020-11-05",256
2021-07-19,"Late",82,"2021","87","Torrild",2,176,"Combined",2192.3875,355.46,2553.14124,"2020-11-05",256
2021-07-19,"Late",34,"2021","87","Esket",1,176,"Split",2192.3875,355.46,2553.14124,"2020-11-05",256
2021-07-19,"Late",42,"2021","87","Potenzial",1,176,"Split",2192.3875,355.46,2553.14124,"2020-11-05",256
2021-07-19,"Late",117,"2021","87","Alves",2,220,"Split",2192.3875,355.46,2553.14124,"2020-11-05",256
2021-07-19,"Late",26,"2021","87","Esket",1,220,"Split",2192.3875,355.46,2553.14124,"2020-11-05",256
2021-07-19,"Late",28,"2021","87","Potenzial",1,220,"Combined",2192.3875,355.46,2553.14124,"2020-11-05",256
2021-07-19,"Late",187,"2021","87","Apertus",3,220,"Combined",2192.3875,355.46,2553.14124,"2020-11-05",256
2021-07-19,"Late",2,"2021","87","Patras",1,220,"Split",2192.3875,355.46,2553.14124,"2020-11-05",256
2021-07-19,"Late",140,"2021","87","Capone",3,176,"Split",2192.3875,355.46,2553.14124,"2020-11-05",256
2021-07-19,"Late",94,"2021","87","Esket",2,176,"Split",2192.3875,355.46,2553.14124,"2020-11-05",256
2021-07-19,"Late",113,"2021","87","Potenzial",2,220,"Combined",2192.3875,355.46,2553.14124,"2020-11-05",256
2021-07-19,"Late",132,"2021","87","Potenzial",3,176,"Split",2192.3875,355.46,2553.14124,"2020-11-05",256
2021-07-19,"Late",37,"2021","87","Pionier",1,176,"Combined",2192.3875,355.46,2553.14124,"2020-11-05",256
2021-07-19,"Late",91,"2021","87","Potenzial",2,176,"Split",2192.3875,355.46,2553.14124,"2020-11-05",256
2021-07-19,"Late",182,"2021","87","Torrild",3,220,"Combined",2192.3875,355.46,2553.14124,"2020-11-05",256
2021-07-19,"Late",152,"2021","87","Torrild",3,176,"Combined",2192.3875,355.46,2553.14124,"2020-11-05",256
2021-07-19,"Late",45,"2021","87","Esket",1,176,"Combined",2192.3875,355.46,2553.14124,"2020-11-05",256
2021-07-19,"Late",100,"2021","87","Patras",2,220,"Split",2192.3875,355.46,2553.14124,"2020-11-05",256
2021-07-19,"Late",156,"2021","87","Esket",3,176,"Split",2192.3875,355.46,2553.14124,"2020-11-05",256
2021-07-19,"Late",144,"2021","87","Esket",3,176,"Combined",2192.3875,355.46,2553.14124,"2020-11-05",256
2021-07-19,"Late",105,"2021","87","Torrild",2,220,"Combined",2192.3875,355.46,2553.14124,"2020-11-05",256
2021-07-19,"Late",183,"2021","87","Patras",3,220,"Split",2192.3875,355.46,2553.14124,"2020-11-05",256
2021-07-19,"Late",39,"2021","87","Apertus",1,176,"Split",2192.3875,355.46,2553.14124,"2020-11-05",256
2021-07-19,"Late",66,"2021","87","Pionier",2,176,"Combined",2192.3875,355.46,2553.14124,"2020-11-05",256
2021-07-19,"Late",29,"2021","87","Alves",1,220,"Combined",2192.3875,355.46,2553.14124,"2020-11-05",256
2021-07-19,"Late",36,"2021","87","Capone",1,176,"Combined",2192.3875,355.46,2553.14124,"2020-11-05",256
2021-07-19,"Late",4,"2021","87","Patras",1,220,"Combined",2192.3875,355.46,2553.14124,"2020-11-05",256
2021-07-19,"Late",67,"2021","87","Apertus",2,176,"Split",2192.3875,355.46,2553.14124,"2020-11-05",256
2021-07-19,"Late",87,"2021","87","Patras",2,176,"Combined",2192.3875,355.46,2553.14124,"2020-11-05",256
2021-07-19,"Late",124,"2021","87","Torrild",2,220,"Split",2192.3875,355.46,2553.14124,"2020-11-05",256
2021-07-19,"Late",31,"2021","87","Potenzial",1,220,"Split",2192.3875,355.46,2553.14124,"2020-11-05",256
2021-07-19,"Late",10,"2021","87","Torrild",1,220,"Split",2192.3875,355.46,2553.14124,"2020-11-05",256
2021-07-19,"Late",74,"2021","87","Apertus",2,176,"Combined",2192.3875,355.46,2553.14124,"2020-11-05",256
2021-07-23,"Early",16,"2021","87","Pionier",1,220,"Split",2437.55833333333,378.73,2681.25552,"2020-10-22",274
2021-07-23,"Early",118,"2021","87","Pionier",2,220,"Split",2437.55833333333,378.73,2681.25552,"2020-10-22",274
2021-07-23,"Early",46,"2021","87","Apertus",1,176,"Combined",2437.55833333333,378.73,2681.25552,"2020-10-22",274
2021-07-23,"Early",1,"2021","87","Apertus",1,220,"Split",2437.55833333333,378.73,2681.25552,"2020-10-22",274
2021-07-23,"Early",126,"2021","87","Alves",2,220,"Split",2437.55833333333,378.73,2681.25552,"2020-10-22",274
2021-07-23,"Early",188,"2021","87","Capone",3,220,"Combined",2437.55833333333,378.73,2681.25552,"2020-10-22",274
2021-07-23,"Early",19,"2021","87","Esket",1,220,"Combined",2437.55833333333,378.73,2681.25552,"2020-10-22",274
2021-07-23,"Early",107,"2021","87","Apertus",2,220,"Split",2437.55833333333,378.73,2681.25552,"2020-10-22",274
2021-07-23,"Early",159,"2021","87","Capone",3,176,"Combined",2437.55833333333,378.73,2681.25552,"2020-10-22",274
2021-07-23,"Early",32,"2021","87","Alves",1,220,"Split",2437.55833333333,378.73,2681.25552,"2020-10-22",274
2021-07-23,"Early",150,"2021","87","Capone",3,176,"Split",2437.55833333333,378.73,2681.25552,"2020-10-22",274
2021-07-23,"Early",57,"2021","87","Capone",1,176,"Split",2437.55833333333,378.73,2681.25552,"2020-10-22",274
2021-07-23,"Early",189,"2021","87","Pionier",3,220,"Combined",2437.55833333333,378.73,2681.25552,"2020-10-22",274
2021-07-23,"Early",169,"2021","87","Pionier",3,220,"Split",2437.55833333333,378.73,2681.25552,"2020-10-22",274
2021-07-23,"Early",81,"2021","87","Capone",2,176,"Combined",2437.55833333333,378.73,2681.25552,"2020-10-22",274
2021-07-23,"Early",6,"2021","87","Apertus",1,220,"Combined",2437.55833333333,378.73,2681.25552,"2020-10-22",274
2021-07-23,"Early",99,"2021","87","Capone",2,220,"Split",2437.55833333333,378.73,2681.25552,"2020-10-22",274
2021-07-23,"Late",12,"2021","87","Esket",1,220,"Combined",2264.7,355.49,2621.60352,"2020-11-05",260
2021-07-23,"Late",166,"2021","87","Esket",3,220,"Combined",2264.7,355.49,2621.60352,"2020-11-05",260
2021-07-23,"Late",5,"2021","87","Apertus",1,220,"Combined",2264.7,355.49,2621.60352,"2020-11-05",260
2021-07-23,"Late",109,"2021","87","Esket",2,220,"Split",2264.7,355.49,2621.60352,"2020-11-05",260
2021-07-23,"Late",18,"2021","87","Pionier",1,220,"Split",2264.7,355.49,2621.60352,"2020-11-05",260
2021-07-23,"Late",175,"2021","87","Capone",3,220,"Split",2264.7,355.49,2621.60352,"2020-11-05",260
2021-07-23,"Late",101,"2021","87","Apertus",2,220,"Split",2264.7,355.49,2621.60352,"2020-11-05",260
2021-07-23,"Late",70,"2021","87","Torrild",2,176,"Split",2264.7,355.49,2621.60352,"2020-11-05",260
2021-07-23,"Late",125,"2021","87","Potenzial",2,220,"Split",2264.7,355.49,2621.60352,"2020-11-05",260
2021-07-23,"Late",149,"2021","87","Pionier",3,176,"Split",2264.7,355.49,2621.60352,"2020-11-05",260
2021-07-23,"Late",160,"2021","87","Capone",3,176,"Combined",2264.7,355.49,2621.60352,"2020-11-05",260
2021-07-23,"Late",20,"2021","87","Pionier",1,220,"Combined",2264.7,355.49,2621.60352,"2020-11-05",260
2021-07-23,"Late",129,"2021","87","Pionier",3,176,"Combined",2264.7,355.49,2621.60352,"2020-11-05",260
2021-07-26,"Early",173,"2021","87","Apertus",3,220,"Combined",2500.4,385.79,2742.40044,"2020-10-22",277
2021-07-26,"Early",127,"2021","87","Pionier",2,220,"Combined",2500.4,385.79,2742.40044,"2020-10-22",277
2021-07-26,"Early",98,"2021","87","Capone",2,220,"Combined",2500.4,385.79,2742.40044,"2020-10-22",277
2021-07-26,"Early",176,"2021","87","Capone",3,220,"Split",2500.4,385.79,2742.40044,"2020-10-22",277
2021-07-26,"Early",24,"2021","87","Capone",1,220,"Split",2500.4,385.79,2742.40044,"2020-10-22",277
2021-07-26,"Early",14,"2021","87","Pionier",1,220,"Combined",2500.4,385.79,2742.40044,"2020-10-22",277
2021-07-26,"Late",97,"2021","87","Pionier",2,220,"Combined",2327.54166666667,362.55,2682.74844,"2020-11-05",263
2021-07-26,"Late",79,"2021","87","Capone",2,176,"Combined",2327.54166666667,362.55,2682.74844,"2020-11-05",263
2021-07-26,"Late",116,"2021","87","Capone",2,220,"Split",2327.54166666667,362.55,2682.74844,"2020-11-05",263
2021-07-26,"Late",108,"2021","87","Pionier",2,220,"Split",2327.54166666667,362.55,2682.74844,"2020-11-05",263
2021-07-26,"Late",145,"2021","87","Apertus",3,176,"Combined",2327.54166666667,362.55,2682.74844,"2020-11-05",263
2021-07-26,"Late",112,"2021","87","Esket",2,220,"Combined",2327.54166666667,362.55,2682.74844,"2020-11-05",263
2021-07-26,"Late",44,"2021","87","Apertus",1,176,"Combined",2327.54166666667,362.55,2682.74844,"2020-11-05",263
2021-07-26,"Late",13,"2021","87","Capone",1,220,"Combined",2327.54166666667,362.55,2682.74844,"2020-11-05",263
2021-07-26,"Late",120,"2021","87","Capone",2,220,"Combined",2327.54166666667,362.55,2682.74844,"2020-11-05",263
2021-07-26,"Late",15,"2021","87","Capone",1,220,"Split",2327.54166666667,362.55,2682.74844,"2020-11-05",263
2021-07-26,"Late",162,"2021","87","Apertus",3,220,"Split",2327.54166666667,362.55,2682.74844,"2020-11-05",263
2021-07-26,"Late",86,"2021","87","Pionier",2,176,"Split",2327.54166666667,362.55,2682.74844,"2020-11-05",263
2021-07-26,"Late",190,"2021","87","Pionier",3,220,"Combined",2327.54166666667,362.55,2682.74844,"2020-11-05",263
2021-07-26,"Late",167,"2021","87","Pionier",3,220,"Split",2327.54166666667,362.55,2682.74844,"2020-11-05",263
2021-07-26,"Late",63,"2021","87","Capone",1,176,"Split",2327.54166666667,362.55,2682.74844,"2020-11-05",263
2021-07-26,"Late",75,"2021","87","Capone",2,176,"Split",2327.54166666667,362.55,2682.74844,"2020-11-05",263
2021-07-26,"Late",163,"2021","87","Capone",3,220,"Combined",2327.54166666667,362.55,2682.74844,"2020-11-05",263
2021-07-26,"Late",128,"2021","87","Apertus",2,220,"Combined",2327.54166666667,362.55,2682.74844,"2020-11-05",263
2021-07-26,"Late",23,"2021","87","Apertus",1,220,"Split",2327.54166666667,362.55,2682.74844,"2020-11-05",263
