"DayTime","y","m","d","DailyMean_Temperature","Acc_Temperature","Acc_Percipitation","Acc_Radiation","DailySum_Percipitation","DailySum_Radiation","sowing_date","DFG_year","sowingD","Das","Daily_TQ","Acc_TQ"
2018-10-25,2018,10,25,11.7208333333333,11.7208333333333,1.38,2.67948,1.38,2.67948,"Early","DFG2019",2018-10-25,0,0.228608318521152,0.228608318521152
2018-11-08,2018,11,8,9.725,9.725,0.06,4.31964,0.06,4.31964,"Late","DFG2019",2018-11-08,0,0.444178920308483,0.444178920308483
2019-10-24,2019,10,24,13.7208333333333,13.7208333333333,0.12,6.61104,0.12,6.61104,"Early","DFG2020",2019-10-24,0,0.481824962040694,0.481824962040694
2019-11-13,2019,11,13,4.50416666666667,4.50416666666667,0,2.65932,0,2.65932,"Late","DFG2020",2019-11-13,0,0.590413320999074,0.590413320999074
2020-10-22,2020,10,22,15.8958333333333,15.8958333333333,0.1,6.1578,0.1,6.1578,"Early","DFG2021",2020-10-22,0,0.387384534731325,0.387384534731325
2020-11-05,2020,11,5,5.7375,5.7375,0.09,6.92388,0.09,6.92388,"Late","DFG2021",2020-11-05,0,1.20677647058824,1.20677647058824
2018-10-26,2018,10,26,9.81666666666667,21.5375,4.53,5.69736,3.15,3.01788,"Early","DFG2019",2018-10-25,1,0.307424108658744,0.536032427179896
2018-11-09,2018,11,9,10.0625,19.7875,1.25,8.42724,1.19,4.1076,"Late","DFG2019",2018-11-08,1,0.408208695652174,0.852387615960657
2019-10-25,2019,10,25,14.1958333333333,27.9166666666667,0.12,13.80924,0,7.1982,"Early","DFG2020",2019-10-24,1,0.507064279424715,0.988889241465409
2019-11-14,2019,11,14,5.125,9.62916666666667,0,8.5374,0,5.87808,"Late","DFG2020",2019-11-13,1,1.14694243902439,1.73735576002346
2020-10-23,2020,10,23,12.7125,28.6083333333333,5.18,8.09316,5.08,1.93536,"Early","DFG2021",2020-10-22,1,0.152240707964602,0.539625242695926
2020-11-06,2020,11,6,8.92083333333333,14.6583333333333,0.09,12.6162,0,5.69232,"Late","DFG2021",2020-11-05,1,0.638092853806633,1.84486932439487
2018-10-27,2018,10,27,6.72083333333333,28.2583333333333,4.53,11.43756,0,5.7402,"Early","DFG2019",2018-10-25,2,0.854090514569126,1.39012294174902
2018-11-10,2018,11,10,11.2041666666667,30.9916666666667,1.73,10.2258,0.48,1.79856,"Late","DFG2019",2018-11-08,2,0.160525994793603,1.01291361075426
2019-10-26,2019,10,26,15.7416666666667,43.6583333333333,0.12,21.33936,0,7.53012,"Early","DFG2020",2019-10-24,2,0.478355955532026,1.46724519699743
2019-11-15,2019,11,15,4.64583333333333,14.275,0,9.67536,0,1.13796,"Late","DFG2020",2019-11-13,2,0.244942062780269,1.98229782280373
2020-10-24,2020,10,24,13.5833333333333,42.1916666666667,5.78,12.94236,0.6,4.8492,"Early","DFG2021",2020-10-22,2,0.356996319018406,0.896621561714332
2020-11-07,2020,11,7,7.62916666666667,22.2875,0.09,19.39896,0,6.78276,"Late","DFG2021",2020-11-05,2,0.889056471873293,2.73392579626816
2018-10-28,2018,10,28,3.7625,32.0208333333333,4.53,14.93316,0,3.4956,"Early","DFG2019",2018-10-25,3,0.929063122923588,2.31918606467261
2018-11-11,2018,11,11,12.6541666666667,43.6458333333333,2.07,13.55688,0.34,3.33108,"Late","DFG2019",2018-11-08,3,0.26323977609483,1.27615338684909
2019-10-27,2019,10,27,10.6083333333333,54.2666666666667,1.26,25.70832,1.14,4.36896,"Early","DFG2020",2019-10-24,3,0.41184226237235,1.87908745936979
2019-11-16,2019,11,16,4.40416666666667,18.6791666666667,5.02,12.24396,5.02,2.5686,"Late","DFG2020",2019-11-13,3,0.583220435193945,2.56551825799768
2020-10-25,2020,10,25,13.3,55.4916666666667,7.7,15.8346,1.92,2.89224,"Early","DFG2021",2020-10-22,3,0.217461654135338,1.11408321584967
2020-11-08,2020,11,8,7.80416666666667,30.0916666666667,0.12,25.44372,0.03,6.04476,"Late","DFG2021",2020-11-05,3,0.774555472504004,3.50848126877216
2018-10-29,2018,10,29,4.3625,36.3833333333333,4.59,16.18452,0.06,1.25136,"Early","DFG2019",2018-10-25,4,0.286844699140401,2.60603076381301
2018-11-12,2018,11,12,13.0375,56.6833333333333,3.63,17.6994,1.56,4.14252,"Late","DFG2019",2018-11-08,4,0.31773883029722,1.59389221714631
2019-10-28,2019,10,28,7.5375,61.8041666666667,1.43,31.94244,0.17,6.23412,"Early","DFG2020",2019-10-24,4,0.827080597014925,2.70616805638471
2019-11-17,2019,11,17,2.84166666666667,21.5208333333333,6.12,14.02416,1.1,1.7802,"Late","DFG2020",2019-11-13,4,0.626463343108504,3.19198160110618
2020-10-26,2020,10,26,10.4375,65.9291666666667,8.61,17.82216,0.91,1.98756,"Early","DFG2021",2020-10-22,4,0.190424910179641,1.30450812602931
2020-11-09,2020,11,9,4.89166666666667,34.9833333333333,0.18,29.55276,0.06,4.10904,"Late","DFG2021",2020-11-05,4,0.840008177172061,4.34848944594423
2018-10-30,2018,10,30,6.9125,43.2958333333333,5.09,18.78264,0.5,2.59812,"Early","DFG2019",2018-10-25,5,0.375858227848101,2.98188899166111
2018-11-13,2018,11,13,10.3833333333333,67.0666666666667,4.62,20.58264,0.99,2.88324,"Late","DFG2019",2018-11-08,5,0.277679614767256,1.87157183191357
2019-10-29,2019,10,29,6.2875,68.0916666666667,1.43,39.93948,0,7.99704,"Early","DFG2020",2019-10-24,5,1.27189502982107,3.97806308620578
2019-11-18,2019,11,18,5.42083333333333,26.9416666666667,8.42,14.8986,2.3,0.87444,"Late","DFG2020",2019-11-13,5,0.161310991544966,3.35329259265115
2020-10-27,2020,10,27,9.91666666666667,75.8458333333333,8.61,21.81384,0,3.99168,"Early","DFG2021",2020-10-22,5,0.402522352941176,1.70703047897049
2020-11-10,2020,11,10,4.00833333333333,38.9916666666667,0.18,31.13172,0,1.57896,"Late","DFG2021",2020-11-05,5,0.393919334719335,4.74240878066356
2018-10-31,2018,10,31,9.4125,52.7083333333333,5.09,25.93152,0,7.14888,"Early","DFG2019",2018-10-25,6,0.759509163346613,3.74139815500773
2018-11-14,2018,11,14,8.53333333333333,75.6,4.62,26.6382,0,6.05556,"Late","DFG2019",2018-11-08,6,0.7096359375,2.58120776941357
2019-10-30,2019,10,30,3.71666666666667,71.8083333333333,1.43,48.88908,0,8.9496,"Early","DFG2020",2019-10-24,6,2.40796412556054,6.38602721176632
2019-11-19,2019,11,19,5.0875,32.0291666666667,9.62,16.77636,1.2,1.87776,"Late","DFG2020",2019-11-13,6,0.369092874692875,3.72238546734402
2020-10-28,2020,10,28,11.7916666666667,87.6375,8.61,27.89604,0,6.0822,"Early","DFG2021",2020-10-22,6,0.515804946996465,2.22283542596695
2020-11-11,2020,11,11,7.57916666666667,46.5708333333333,0.18,33.72516,0,2.59344,"Late","DFG2021",2020-11-05,6,0.34218009895547,5.08458887961903
2018-11-01,2018,11,1,7.67916666666667,60.3875,5.09,29.46816,0,3.53664,"Early","DFG2019",2018-10-25,7,0.46054997287032,4.20194812787805
2018-11-15,2018,11,15,4.99583333333333,80.5958333333333,4.74,32.62428,0.12,5.98608,"Late","DFG2019",2018-11-08,7,1.19821451209341,3.77942228150698
2019-10-31,2019,10,31,2.125,73.9333333333333,1.46,57.22416,0.03,8.33508,"Early","DFG2020",2019-10-24,7,3.92239058823529,10.3084178000016
2019-11-20,2019,11,20,3.65,35.6791666666667,9.68,18.42552,0.06,1.64916,"Late","DFG2020",2019-11-13,7,0.451824657534247,4.17421012487827
2020-10-29,2020,10,29,9.97916666666667,97.6166666666667,11.84,33.93828,3.23,6.04224,"Early","DFG2021",2020-10-22,7,0.605485427974948,2.8283208539419
2020-11-12,2020,11,12,8,54.5708333333333,0.27,36.927,0.09,3.20184,"Late","DFG2021",2020-11-05,7,0.40023,5.48481887961903
2018-11-02,2018,11,2,9.025,69.4125,5.09,32.78304,0,3.31488,"Early","DFG2019",2018-10-25,8,0.36729972299169,4.56924785086974
2018-11-16,2018,11,16,4.37916666666667,84.975,4.77,38.37348,0.03,5.7492,"Late","DFG2019",2018-11-08,8,1.31285252140818,5.09227480291516
2019-11-01,2019,11,1,3.96666666666667,77.9,2.52,60.57684,1.06,3.35268,"Early","DFG2020",2019-10-24,8,0.845213445378151,11.1536312453798
2019-11-21,2019,11,21,4.6375,40.3166666666667,10.14,19.14372,0.46,0.7182,"Late","DFG2020",2019-11-13,8,0.154867924528302,4.32907804940657
2020-10-30,2020,10,30,12.9708333333333,110.5875,20.07,35.28828,8.23,1.35,"Early","DFG2021",2020-10-22,8,0.104079665917122,2.93240051985902
2020-11-13,2020,11,13,8.5875,63.1583333333333,0.3,41.37012,0.03,4.44312,"Late","DFG2021",2020-11-05,8,0.517393886462882,6.00221276608191
2018-11-03,2018,11,3,5.6875,75.1,5.09,40.06296,0,7.27992,"Early","DFG2019",2018-10-25,9,1.27998593406593,5.84923378493567
2018-11-17,2018,11,17,1.56666666666667,86.5416666666667,4.8,43.16184,0.03,4.78836,"Late","DFG2019",2018-11-08,9,3.05639999999999,8.14867480291515
2019-11-02,2019,11,2,12.8083333333333,90.7083333333333,5.43,63.68652,2.91,3.10968,"Early","DFG2020",2019-10-24,9,0.242785686402083,11.3964169317818
2019-11-22,2019,11,22,5.36666666666667,45.6833333333333,10.14,22.08096,0,2.93724,"Late","DFG2020",2019-11-13,9,0.547311801242236,4.87638985064881
2020-10-31,2020,10,31,13.4083333333333,123.995833333333,21.07,38.21328,1,2.925,"Early","DFG2021",2020-10-22,9,0.218147917961467,3.15054843782049
2020-11-14,2020,11,14,12.3875,75.5458333333333,0.51,44.31096,0.21,2.94084,"Late","DFG2021",2020-11-05,9,0.237403834510595,6.23961660059251
2018-11-04,2018,11,4,7.4375,82.5375,5.12,43.52544,0.03,3.46248,"Early","DFG2019",2018-10-25,10,0.465543529411765,6.31477731434743
2018-11-18,2018,11,18,0.370833333333333,86.9125,4.92,46.46952,0.12,3.30768,"Late","DFG2019",2018-11-08,10,8.91958651685394,17.0682613197691
2019-11-03,2019,11,3,12.1458333333333,102.854166666667,5.64,68.07384,0.21,4.38732,"Early","DFG2020",2019-10-24,10,0.361220171526588,11.7576371033084
2019-11-23,2019,11,23,5.7375,51.4208333333333,10.14,23.508,0,1.42704,"Late","DFG2020",2019-11-13,10,0.248721568627451,5.12511141927626
2020-11-01,2020,11,1,14.5916666666667,138.5875,21.16,41.80212,0.09,3.58884,"Early","DFG2021",2020-10-22,10,0.245951342090234,3.39649977991072
2020-11-15,2020,11,15,13.4458333333333,88.9916666666667,0.77,48.80088,0.26,4.48992,"Late","DFG2021",2020-11-05,10,0.333926495196778,6.57354309578929
2018-11-05,2018,11,5,10.0916666666667,92.6291666666667,5.12,45.50652,0,1.98108,"Early","DFG2019",2018-10-25,11,0.196308505367464,6.5110858197149
2018-11-19,2018,11,19,4.2875,91.2,5.17,48.33072,0.25,1.8612,"Late","DFG2019",2018-11-08,11,0.434099125364432,17.5023604451335
2019-11-04,2019,11,4,11.0666666666667,113.920833333333,7.42,71.80956,1.78,3.73572,"Early","DFG2020",2019-10-24,11,0.337565060240963,12.0952021635494
2019-11-24,2019,11,24,4.45833333333333,55.8791666666667,10.14,24.28848,0,0.78048,"Late","DFG2020",2019-11-13,11,0.175060934579439,5.3001723538557
2020-11-02,2020,11,2,17.5291666666667,156.116666666667,23.24,45.88308,2.08,4.08096,"Early","DFG2021",2020-10-22,11,0.232809698122177,3.6293094780329
2020-11-16,2020,11,16,10.3833333333333,99.375,0.77,51.45228,0,2.6514,"Late","DFG2021",2020-11-05,11,0.255351524879616,6.8288946206689
2018-11-06,2018,11,6,10.2916666666667,102.920833333333,5.18,50.364,0.06,4.85748,"Early","DFG2019",2018-10-25,12,0.471981862348177,6.98306768206308
2018-11-20,2018,11,20,2.15416666666667,93.3541666666667,5.62,49.08024,0.45,0.74952,"Late","DFG2019",2018-11-08,12,0.347939651837524,17.850300096971
2019-11-05,2019,11,5,9.22083333333333,123.141666666667,10.25,73.89612,2.83,2.08656,"Early","DFG2020",2019-10-24,12,0.226287573429733,12.3214897369791
2019-11-25,2019,11,25,4.1125,59.9916666666667,10.14,25.37316,0,1.08468,"Late","DFG2020",2019-11-13,12,0.263751975683891,5.56392432953959
2020-11-03,2020,11,3,10.2208333333333,166.3375,23.24,52.65936,0,6.77628,"Early","DFG2021",2020-10-22,12,0.662987036282106,4.29229651431501
2020-11-17,2020,11,17,10.5041666666667,109.879166666667,0.95,52.23528,0.18,0.783,"Late","DFG2021",2020-11-05,12,0.074541848472828,6.90343646914173
2018-11-07,2018,11,7,11.275,114.195833333333,5.27,56.87244,0.09,6.50844,"Early","DFG2019",2018-10-25,13,0.577245232815964,7.56031291487904
2018-11-21,2018,11,21,1.65,95.0041666666667,5.62,50.43528,0,1.35504,"Late","DFG2019",2018-11-08,13,0.821236363636364,18.6715364606074
2019-11-06,2019,11,6,7.35833333333333,130.5,14.26,76.9266,4.01,3.03048,"Early","DFG2020",2019-10-24,13,0.411843261608154,12.7333329985873
2019-11-26,2019,11,26,8,67.9916666666667,10.26,27.7236,0.12,2.35044,"Late","DFG2020",2019-11-13,13,0.293805,5.85772932953959
2020-11-04,2020,11,4,6.52083333333333,172.858333333333,23.24,59.652,0,6.99264,"Early","DFG2021",2020-10-22,13,1.07235373801917,5.36465025233418
2020-11-18,2020,11,18,11.0166666666667,120.895833333333,0.95,55.31184,0,3.07656,"Late","DFG2021",2020-11-05,13,0.279264145234492,7.18270061437622
2018-11-08,2018,11,8,9.725,123.920833333333,5.33,61.19208,0.06,4.31964,"Early","DFG2019",2018-10-25,14,0.444178920308483,8.00449183518752
2018-11-22,2018,11,22,1.50416666666667,96.5083333333333,5.68,51.21252,0.06,0.77724,"Late","DFG2019",2018-11-08,14,0.516724653739611,19.188261114347
2019-11-07,2019,11,7,7.55416666666667,138.054166666667,14.91,80.433,0.65,3.5064,"Early","DFG2020",2019-10-24,14,0.464167677881963,13.1975006764693
2019-11-27,2019,11,27,9.4875,77.4791666666667,11.76,29.14128,1.5,1.41768,"Late","DFG2020",2019-11-13,14,0.149426086956522,6.00715541649611
2020-11-05,2020,11,5,5.7375,178.595833333333,23.33,66.57588,0.09,6.92388,"Early","DFG2021",2020-10-22,14,1.20677647058824,6.57142672292241
2020-11-19,2020,11,19,8.49583333333333,129.391666666667,2.58,57.30264,1.63,1.9908,"Late","DFG2021",2020-11-05,14,0.234326630701324,7.41702724507755
2018-11-09,2018,11,9,10.0625,133.983333333333,6.52,65.29968,1.19,4.1076,"Early","DFG2019",2018-10-25,15,0.408208695652174,8.4127005308397
2018-11-23,2018,11,23,2.61666666666667,99.125,5.68,53.20332,0,1.9908,"Late","DFG2019",2018-11-08,15,0.760815286624203,19.9490764009712
2019-11-08,2019,11,8,6.42083333333333,144.475,17.89,83.85372,2.98,3.42072,"Early","DFG2020",2019-10-24,15,0.532753277092797,13.730253953562
2019-11-28,2019,11,28,9.72083333333333,87.2,16.97,30.18492,5.21,1.04364,"Late","DFG2020",2019-11-13,15,0.10736116588084,6.11451658237695
2020-11-06,2020,11,6,8.92083333333333,187.516666666667,23.33,72.2682,0,5.69232,"Early","DFG2021",2020-10-22,15,0.638092853806633,7.20951957672904
2020-11-20,2020,11,20,3.49166666666667,132.883333333333,2.67,59.886,0.09,2.58336,"Late","DFG2021",2020-11-05,15,0.739864439140811,8.15689168421836
2018-11-10,2018,11,10,11.2041666666667,145.1875,7,67.09824,0.48,1.79856,"Early","DFG2019",2018-10-25,16,0.160525994793603,8.5732265256333
2018-11-24,2018,11,24,0.879166666666667,100.004166666667,6.84,54.2358,1.16,1.03248,"Late","DFG2019",2018-11-08,16,1.17438483412322,21.1234612350944
2019-11-09,2019,11,9,5.85,150.325,19.51,88.19928,1.62,4.34556,"Early","DFG2020",2019-10-24,16,0.742830769230769,14.4730847227928
2019-11-29,2019,11,29,5.17083333333333,92.3708333333333,18.15,33.24852,1.18,3.0636,"Late","DFG2020",2019-11-13,16,0.592477034649477,6.70699361702643
2020-11-07,2020,11,7,7.62916666666667,195.145833333333,23.33,79.05096,0,6.78276,"Early","DFG2021",2020-10-22,16,0.889056471873293,8.09857604860234
2020-11-21,2020,11,21,4.80833333333333,137.691666666667,2.67,61.69284,0,1.80684,"Late","DFG2021",2020-11-05,16,0.375772616984402,8.53266430120276
2018-11-11,2018,11,11,12.6541666666667,157.841666666667,7.34,70.42932,0.34,3.33108,"Early","DFG2019",2018-10-25,17,0.26323977609483,8.83646630172813
2018-11-25,2018,11,25,3.24583333333333,103.25,10.88,54.89712,4.04,0.66132,"Late","DFG2019",2018-11-08,17,0.203744287548139,21.3272055226426
2019-11-10,2019,11,10,2.79166666666667,153.116666666667,19.63,94.73256,0.12,6.53328,"Early","DFG2020",2019-10-24,17,2.34027940298507,16.8133641257779
2019-11-30,2019,11,30,2.80416666666667,95.175,18.15,37.2204,0,3.97188,"Late","DFG2020",2019-11-13,17,1.41642080237741,8.12341441940384
2020-11-08,2020,11,8,7.80416666666667,202.95,23.36,85.09572,0.03,6.04476,"Early","DFG2021",2020-10-22,17,0.774555472504004,8.87313152110634
2020-11-22,2020,11,22,7.94166666666667,145.633333333333,2.82,63.13644,0.15,1.4436,"Late","DFG2021",2020-11-05,17,0.181775445960126,8.71443974716288
2018-11-12,2018,11,12,13.0375,170.879166666667,8.9,74.57184,1.56,4.14252,"Early","DFG2019",2018-10-25,18,0.31773883029722,9.15420513202535
2018-11-26,2018,11,26,3.03333333333333,106.283333333333,10.88,56.18556,0,1.28844,"Late","DFG2019",2018-11-08,18,0.42476043956044,21.751965962203
2019-11-11,2019,11,11,3.52083333333333,156.6375,19.72,98.9658,0.09,4.23324,"Early","DFG2020",2019-10-24,18,1.20234035502959,18.0157044808075
2019-12-01,2019,12,1,0,95.175,18.21,39.33504,0.06,2.11464,"Late","DFG2020",2019-11-13,18,0,8.12341441940384
2020-11-09,2020,11,9,4.89166666666667,207.841666666667,23.42,89.20476,0.06,4.10904,"Early","DFG2021",2020-10-22,18,0.840008177172061,9.7131396982784
2020-11-23,2020,11,23,5.20833333333333,150.841666666667,2.82,68.1372,0,5.00076,"Late","DFG2021",2020-11-05,18,0.96014592,9.67458566716289
2018-11-13,2018,11,13,10.3833333333333,181.2625,9.89,77.45508,0.99,2.88324,"Early","DFG2019",2018-10-25,19,0.277679614767256,9.4318847467926
2018-11-27,2018,11,27,0.158333333333333,106.441666666667,10.88,58.45212,0,2.26656,"Late","DFG2019",2018-11-08,19,14.3151157894737,36.0670817516767
2019-11-12,2019,11,12,5.09583333333333,161.733333333333,19.72,102.4776,0,3.5118,"Early","DFG2020",2019-10-24,19,0.689151267375307,18.7048557481828
2019-12-02,2019,12,2,3.09583333333333,98.2708333333333,19.21,42.13548,1,2.80044,"Late","DFG2020",2019-11-13,19,0.904583580080755,9.02799799948459
2020-11-10,2020,11,10,4.00833333333333,211.85,23.42,90.78372,0,1.57896,"Early","DFG2021",2020-10-22,19,0.393919334719335,10.1070590329977
2020-11-24,2020,11,24,5.09166666666667,155.933333333333,2.85,70.55748,0.03,2.42028,"Late","DFG2021",2020-11-05,19,0.475341407528641,10.1499270746915
2018-11-14,2018,11,14,8.53333333333333,189.795833333333,9.89,83.51064,0,6.05556,"Early","DFG2019",2018-10-25,20,0.7096359375,10.1415206842926
2018-11-28,2018,11,28,9.48676900924816e-18,106.441666666667,11.14,61.99596,0.26,3.54384,"Late","DFG2019",2018-11-08,20,0,36.0670817516767
2019-11-13,2019,11,13,4.50416666666667,166.2375,19.72,105.13692,0,2.65932,"Early","DFG2020",2019-10-24,20,0.590413320999074,19.2952690691819
2019-12-03,2019,12,3,4.825,103.095833333333,19.21,44.0352,0,1.89972,"Late","DFG2020",2019-11-13,20,0.393724352331606,9.4217223518162
2020-11-11,2020,11,11,7.57916666666667,219.429166666667,23.42,93.37716,0,2.59344,"Early","DFG2021",2020-10-22,20,0.34218009895547,10.4492391319532
2020-11-25,2020,11,25,4.65416666666667,160.5875,2.85,75.36492,0,4.80744,"Late","DFG2021",2020-11-05,20,1.03293249776186,11.1828595724534
2018-11-15,2018,11,15,4.99583333333333,194.791666666667,10.01,89.49672,0.12,5.98608,"Early","DFG2019",2018-10-25,21,1.19821451209341,11.339735196386
2018-11-29,2018,11,29,5.725,112.166666666667,11.47,62.97984,0.33,0.98388,"Late","DFG2019",2018-11-08,21,0.171856768558952,36.2389385202357
2019-11-14,2019,11,14,5.125,171.3625,19.72,111.015,0,5.87808,"Early","DFG2020",2019-10-24,21,1.14694243902439,20.4422115082062
2019-12-04,2019,12,4,1.92083333333333,105.016666666667,19.21,48.1374,0,4.1022,"Late","DFG2020",2019-11-13,21,2.13563557483731,11.5573579266535
2020-11-12,2020,11,12,8,227.429166666667,23.51,96.579,0.09,3.20184,"Early","DFG2021",2020-10-22,21,0.40023,10.8494691319532
2020-11-26,2020,11,26,6.29166666666667,166.879166666667,3.56,75.96288,0.71,0.59796,"Late","DFG2021",2020-11-05,21,0.0950399999999999,11.2778995724534
2018-11-16,2018,11,16,4.37916666666667,199.170833333333,10.04,95.24592,0.03,5.7492,"Early","DFG2019",2018-10-25,22,1.31285252140818,12.6525877177942
2018-11-30,2018,11,30,6.57083333333333,118.7375,11.47,64.50624,0,1.5264,"Late","DFG2019",2018-11-08,22,0.23229930247305,36.4712378227087
2019-11-15,2019,11,15,4.64583333333333,176.008333333333,19.72,112.15296,0,1.13796,"Early","DFG2020",2019-10-24,22,0.244942062780269,20.6871535709865
2019-12-05,2019,12,5,1.69166666666667,106.708333333333,19.21,52.79292,0,4.65552,"Late","DFG2020",2019-11-13,22,2.75203152709359,14.3093894537471
2020-11-13,2020,11,13,8.5875,236.016666666667,23.54,101.02212,0.03,4.44312,"Early","DFG2021",2020-10-22,22,0.517393886462882,11.3668630184161
2020-11-27,2020,11,27,5.83333333333333,172.7125,3.59,77.07852,0.03,1.11564,"Late","DFG2021",2020-11-05,22,0.191252571428572,11.469152143882
2018-11-17,2018,11,17,1.56666666666667,200.7375,10.07,100.03428,0.03,4.78836,"Early","DFG2019",2018-10-25,23,3.05639999999999,15.7089877177942
2018-12-01,2018,12,1,7.54166666666667,126.279166666667,11.53,68.4324,0.06,3.92616,"Late","DFG2019",2018-11-08,23,0.520595801104972,36.9918336238137
2019-11-16,2019,11,16,4.40416666666667,180.4125,24.74,114.72156,5.02,2.5686,"Early","DFG2020",2019-10-24,23,0.583220435193945,21.2703740061805
2019-12-06,2019,12,6,3.85833333333333,110.566666666667,20.13,53.49528,0.92,0.70236,"Late","DFG2020",2019-11-13,23,0.182037149028078,14.4914266027752
2020-11-14,2020,11,14,12.3875,248.404166666667,23.75,103.96296,0.21,2.94084,"Early","DFG2021",2020-10-22,23,0.237403834510595,11.6042668529267
2020-11-28,2020,11,28,3.76666666666667,176.479166666667,3.59,77.67756,0,0.59904,"Late","DFG2021",2020-11-05,23,0.159037168141593,11.6281893120236
2018-11-18,2018,11,18,0.370833333333333,201.108333333333,10.19,103.34196,0.12,3.30768,"Early","DFG2019",2018-10-25,24,8.91958651685394,24.6285742346481
2018-12-02,2018,12,2,10.0375,136.316666666667,17.1,69.03288,5.57,0.60048,"Late","DFG2019",2018-11-08,24,0.0598236612702366,37.0516572850839
2019-11-17,2019,11,17,2.84166666666667,183.254166666667,25.84,116.50176,1.1,1.7802,"Early","DFG2020",2019-10-24,24,0.626463343108504,21.896837349289
2019-12-07,2019,12,7,8.49583333333333,119.0625,20.81,55.24092,0.68,1.74564,"Late","DFG2020",2019-11-13,24,0.205470132417852,14.696896735193
2020-11-15,2020,11,15,13.4458333333333,261.85,24.01,108.45288,0.26,4.48992,"Early","DFG2021",2020-10-22,24,0.333926495196778,11.9381933481235
2020-11-29,2020,11,29,1.3875,177.866666666667,3.59,79.59312,0,1.91556,"Late","DFG2021",2020-11-05,24,1.38058378378378,13.0087730958073
2018-11-19,2018,11,19,4.2875,205.395833333333,10.44,105.20316,0.25,1.8612,"Early","DFG2019",2018-10-25,25,0.434099125364432,25.0626733600126
2018-12-03,2018,12,3,11.5625,147.879166666667,20.23,71.919,3.13,2.88612,"Late","DFG2019",2018-11-08,25,0.249610378378378,37.3012676634623
2019-11-18,2019,11,18,5.42083333333333,188.675,28.14,117.3762,2.3,0.87444,"Early","DFG2020",2019-10-24,25,0.161310991544966,22.0581483408339
2019-12-08,2019,12,8,8.95,128.0125,21.04,55.80252,0.23,0.5616,"Late","DFG2020",2019-11-13,25,0.0627486033519553,14.759645338545
2020-11-16,2020,11,16,10.3833333333333,272.233333333333,24.01,111.10428,0,2.6514,"Early","DFG2021",2020-10-22,25,0.255351524879616,12.1935448730031
2020-11-30,2020,11,30,1.975,179.841666666667,6.99,82.61316,3.4,3.02004,"Late","DFG2021",2020-11-05,25,1.52913417721519,14.5379072730225
2018-11-20,2018,11,20,2.15416666666667,207.55,10.89,105.95268,0.45,0.74952,"Early","DFG2019",2018-10-25,26,0.347939651837524,25.4106130118501
2018-12-04,2018,12,4,5.19583333333333,153.075,21.74,75.77316,1.51,3.85416,"Late","DFG2019",2018-11-08,26,0.74177898957498,38.0430466530373
2019-11-19,2019,11,19,5.0875,193.7625,29.34,119.25396,1.2,1.87776,"Early","DFG2020",2019-10-24,26,0.369092874692875,22.4272412155268
2019-12-09,2019,12,9,6.42083333333333,134.433333333333,22.13,57.54564,1.09,1.74312,"Late","DFG2020",2019-11-13,26,0.271478780012979,15.031124118558
2020-11-17,2020,11,17,10.5041666666667,282.7375,24.19,111.88728,0.18,0.783,"Early","DFG2021",2020-10-22,26,0.074541848472828,12.2680867214759
2020-12-01,2020,12,1,3.06666666666667,182.908333333333,8.78,83.64708,1.79,1.03392,"Late","DFG2021",2020-11-05,26,0.337147826086956,14.8750550991095
2018-11-21,2018,11,21,1.65,209.2,10.89,107.30772,0,1.35504,"Early","DFG2019",2018-10-25,27,0.821236363636364,26.2318493754865
2018-12-05,2018,12,5,2.97083333333333,156.045833333333,23.78,79.31124,2.04,3.53808,"Late","DFG2019",2018-11-08,27,1.19093856942497,39.2339852224623
2019-11-20,2019,11,20,3.65,197.4125,29.4,120.90312,0.06,1.64916,"Early","DFG2020",2019-10-24,27,0.451824657534247,22.8790658730611
2019-12-10,2019,12,10,3.77916666666667,138.2125,22.13,61.12296,0,3.57732,"Late","DFG2020",2019-11-13,27,0.946589636163174,15.9777137547211
2020-11-18,2020,11,18,11.0166666666667,293.754166666667,24.19,114.96384,0,3.07656,"Early","DFG2021",2020-10-22,27,0.279264145234492,12.5473508667104
2020-12-02,2020,12,2,2.72916666666667,185.6375,8.78,84.43224,0,0.78516,"Late","DFG2021",2020-11-05,27,0.287692213740458,15.1627473128499
2018-11-22,2018,11,22,1.50416666666667,210.704166666667,10.95,108.08496,0.06,0.77724,"Early","DFG2019",2018-10-25,28,0.516724653739611,26.7485740292261
2018-12-06,2018,12,6,8.1,164.145833333333,24.56,80.2818,0.78,0.97056,"Late","DFG2019",2018-11-08,28,0.119822222222222,39.3538074446845
2019-11-21,2019,11,21,4.6375,202.05,29.86,121.62132,0.46,0.7182,"Early","DFG2020",2019-10-24,28,0.154867924528302,23.0339337975894
2019-12-11,2019,12,11,3.26666666666667,141.479166666667,28.81,61.64892,6.68,0.52596,"Late","DFG2020",2019-11-13,28,0.161008163265306,16.1387219179864
2020-11-19,2020,11,19,8.49583333333333,302.25,25.82,116.95464,1.63,1.9908,"Early","DFG2021",2020-10-22,28,0.234326630701324,12.7816774974117
2020-12-03,2020,12,3,2.27083333333333,187.908333333333,8.78,86.06268,0,1.63044,"Late","DFG2021",2020-11-05,28,0.717991926605506,15.8807392394554
2018-11-23,2018,11,23,2.61666666666667,213.320833333333,10.95,110.07576,0,1.9908,"Early","DFG2019",2018-10-25,29,0.760815286624203,27.5093893158503
2018-12-07,2018,12,7,10.8791666666667,175.025,28.51,80.81028,3.95,0.52848,"Late","DFG2019",2018-11-08,29,0.0485772500957486,39.4023846947802
2019-11-22,2019,11,22,5.36666666666667,207.416666666667,29.86,124.55856,0,2.93724,"Early","DFG2020",2019-10-24,29,0.547311801242236,23.5812455988316
2019-12-12,2019,12,12,3.59583333333333,145.075,28.87,62.9406,0.06,1.29168,"Late","DFG2020",2019-11-13,29,0.359215758980302,16.4979376769667
2020-11-20,2020,11,20,3.49166666666667,305.741666666667,25.91,119.538,0.09,2.58336,"Early","DFG2021",2020-10-22,29,0.739864439140811,13.5215419365525
2020-12-04,2020,12,4,3.6875,191.595833333333,8.91,87.64416,0.13,1.58148,"Late","DFG2021",2020-11-05,29,0.42887593220339,16.3096151716588
2018-11-24,2018,11,24,0.879166666666667,214.2,12.11,111.10824,1.16,1.03248,"Early","DFG2019",2018-10-25,30,1.17438483412322,28.6837741499735
2018-12-08,2018,12,8,7.4125,182.4375,30.09,82.15488,1.58,1.3446,"Late","DFG2019",2018-11-08,30,0.18139629005059,39.5837809848308
2019-11-23,2019,11,23,5.7375,213.154166666667,29.86,125.9856,0,1.42704,"Early","DFG2020",2019-10-24,30,0.248721568627451,23.829967167459
2019-12-13,2019,12,13,2.09583333333333,147.170833333333,31.44,64.05588,2.57,1.11528,"Late","DFG2020",2019-11-13,30,0.532141550695826,17.0300792276626
2020-11-21,2020,11,21,4.80833333333333,310.55,25.91,121.34484,0,1.80684,"Early","DFG2021",2020-10-22,30,0.375772616984402,13.8973145535369
2020-12-05,2020,12,5,2.3875,193.983333333333,9.19,89.4438,0.28,1.79964,"Late","DFG2021",2020-11-05,30,0.753775916230366,17.0633910878892
2018-11-25,2018,11,25,3.24583333333333,217.445833333333,16.15,111.76956,4.04,0.66132,"Early","DFG2019",2018-10-25,31,0.203744287548139,28.8875184375216
2018-12-09,2018,12,9,7.19166666666667,189.629166666667,36.48,83.57076,6.39,1.41588,"Late","DFG2019",2018-11-08,31,0.196877867902665,39.7806588527335
2019-11-24,2019,11,24,4.45833333333333,217.6125,29.86,126.76608,0,0.78048,"Early","DFG2020",2019-10-24,31,0.175060934579439,24.0050281020385
2019-12-14,2019,12,14,4.82083333333333,151.991666666667,33.57,65.78784,2.13,1.73196,"Late","DFG2020",2019-11-13,31,0.359265687121867,17.3893449147844
2020-11-22,2020,11,22,7.94166666666667,318.491666666667,26.06,122.78844,0.15,1.4436,"Early","DFG2021",2020-10-22,31,0.181775445960126,14.0790899994971
2020-12-06,2020,12,6,2.85,196.833333333333,9.77,90.34452,0.58,0.90072,"Late","DFG2021",2020-11-05,31,0.316042105263158,17.3794331931524
2018-11-26,2018,11,26,3.03333333333333,220.479166666667,16.15,113.058,0,1.28844,"Early","DFG2019",2018-10-25,32,0.42476043956044,29.3122788770821
2018-12-10,2018,12,10,4.54166666666667,194.170833333333,41.44,85.23612,4.96,1.66536,"Late","DFG2019",2018-11-08,32,0.366684770642202,40.1473436233757
2019-11-25,2019,11,25,4.1125,221.725,29.86,127.85076,0,1.08468,"Early","DFG2020",2019-10-24,32,0.263751975683891,24.2687800777224
2019-12-15,2019,12,15,6.72083333333333,158.7125,35.42,69.14448,1.85,3.35664,"Late","DFG2020",2019-11-13,32,0.499438065716057,17.8887829805005
2020-11-23,2020,11,23,5.20833333333333,323.7,26.06,127.7892,0,5.00076,"Early","DFG2021",2020-10-22,32,0.96014592,15.0392359194971
2020-12-07,2020,12,7,3.61666666666667,200.45,10.27,91.13076,0.5,0.78624,"Late","DFG2021",2020-11-05,32,0.217393548387097,17.5968267415395
2018-11-27,2018,11,27,0.158333333333333,220.6375,16.15,115.32456,0,2.26656,"Early","DFG2019",2018-10-25,33,14.3151157894737,43.6273946665558
2018-12-11,2018,12,11,4.39583333333333,198.566666666667,42,88.41996,0.56,3.18384,"Late","DFG2019",2018-11-08,33,0.724285876777252,40.871629500153
2019-11-26,2019,11,26,8,229.725,29.98,130.2012,0.12,2.35044,"Early","DFG2020",2019-10-24,33,0.293805,24.5625850777224
2019-12-16,2019,12,16,7.18333333333333,165.895833333333,35.42,70.11,0,0.96552,"Late","DFG2020",2019-11-13,33,0.134411136890951,18.0231941173915
2020-11-24,2020,11,24,5.09166666666667,328.791666666667,26.09,130.20948,0.03,2.42028,"Early","DFG2021",2020-10-22,33,0.475341407528641,15.5145773270257
2020-12-08,2020,12,8,2.5875,203.0375,10.27,94.55004,0,3.41928,"Late","DFG2021",2020-11-05,33,1.32146086956522,18.9182876111047
2018-11-28,2018,11,28,9.48676900924816e-18,220.6375,16.41,118.8684,0.26,3.54384,"Early","DFG2019",2018-10-25,34,0,43.6273946665558
2018-12-12,2018,12,12,3.20416666666667,201.770833333333,42.23,90.10548,0.23,1.68552,"Late","DFG2019",2018-11-08,34,0.526040052015604,41.3976695521686
2019-11-27,2019,11,27,9.4875,239.2125,31.48,131.61888,1.5,1.41768,"Early","DFG2020",2019-10-24,34,0.149426086956522,24.7120111646789
2019-12-17,2019,12,17,10.7375,176.633333333333,37.63,73.11744,2.21,3.00744,"Late","DFG2020",2019-11-13,34,0.280087543655413,18.3032816610469
2020-11-25,2020,11,25,4.65416666666667,333.445833333333,26.09,135.01692,0,4.80744,"Early","DFG2021",2020-10-22,34,1.03293249776186,16.5475098247876
2020-12-09,2020,12,9,1.925,204.9625,10.3,95.1696,0.03,0.61956,"Late","DFG2021",2020-11-05,34,0.321849350649351,19.240136961754
2018-11-29,2018,11,29,5.725,226.3625,16.74,119.85228,0.33,0.98388,"Early","DFG2019",2018-10-25,35,0.171856768558952,43.7992514351147
2018-12-13,2018,12,13,1.74583333333333,203.516666666667,42.26,90.85536,0.03,0.74988,"Late","DFG2019",2018-11-08,35,0.429525536992841,41.8271950891614
2019-11-28,2019,11,28,9.72083333333333,248.933333333333,36.69,132.66252,5.21,1.04364,"Early","DFG2020",2019-10-24,35,0.10736116588084,24.8193723305597
2019-12-18,2019,12,18,6.85833333333333,183.491666666667,37.95,76.2498,0.32,3.13236,"Late","DFG2020",2019-11-13,35,0.456723207776428,18.7600048688233
2020-11-26,2020,11,26,6.29166666666667,339.7375,26.8,135.61488,0.71,0.59796,"Early","DFG2021",2020-10-22,35,0.0950399999999999,16.6425498247876
2020-12-10,2020,12,10,2.15416666666667,207.116666666667,10.64,95.6502,0.34,0.4806,"Late","DFG2021",2020-11-05,35,0.223102514506769,19.4632394762608
2018-11-30,2018,11,30,6.57083333333333,232.933333333333,16.74,121.37868,0,1.5264,"Early","DFG2019",2018-10-25,36,0.23229930247305,44.0315507375878
2018-12-14,2018,12,14,0.641666666666667,204.158333333333,42.26,92.38608,0,1.53072,"Late","DFG2019",2018-11-08,36,2.38553766233766,44.2127327514991
2019-11-29,2019,11,29,5.17083333333333,254.104166666667,37.87,135.72612,1.18,3.0636,"Early","DFG2020",2019-10-24,36,0.592477034649477,25.4118493652092
2019-12-19,2019,12,19,8.07916666666667,191.570833333333,38.04,79.6986,0.09,3.4488,"Late","DFG2020",2019-11-13,36,0.426875709128417,19.1868805779517
2020-11-27,2020,11,27,5.83333333333333,345.570833333333,26.83,136.73052,0.03,1.11564,"Early","DFG2021",2020-10-22,36,0.191252571428572,16.8338023962161
2020-12-11,2020,12,11,2.81666666666667,209.933333333333,10.64,96.87384,0,1.22364,"Late","DFG2021",2020-11-05,36,0.434428402366863,19.8976678786277
2018-12-01,2018,12,1,7.54166666666667,240.475,16.8,125.30484,0.06,3.92616,"Early","DFG2019",2018-10-25,37,0.520595801104972,44.5521465386928
2018-12-15,2018,12,15,0,204.158333333333,42.26,93.00924,0,0.62316,"Late","DFG2019",2018-11-08,37,0,44.2127327514991
2019-11-30,2019,11,30,2.80416666666667,256.908333333333,37.87,139.698,0,3.97188,"Early","DFG2020",2019-10-24,37,1.41642080237741,26.8282701675866
2019-12-20,2019,12,20,7.9375,199.508333333333,38.5,81.24912,0.46,1.55052,"Late","DFG2020",2019-11-13,37,0.195341102362205,19.3822216803139
2020-11-28,2020,11,28,3.76666666666667,349.3375,26.83,137.32956,0,0.59904,"Early","DFG2021",2020-10-22,37,0.159037168141593,16.9928395643577
2020-12-12,2020,12,12,3.91666666666667,213.85,10.64,98.26236,0,1.38852,"Late","DFG2021",2020-11-05,37,0.354515744680851,20.2521836233085
2018-12-02,2018,12,2,10.0375,250.5125,22.37,125.90532,5.57,0.60048,"Early","DFG2019",2018-10-25,38,0.0598236612702366,44.611970199963
2018-12-16,2018,12,16,0,204.158333333333,42.29,94.1418,0.03,1.13256,"Late","DFG2019",2018-11-08,38,0,44.2127327514991
2019-12-01,2019,12,1,0,256.908333333333,37.93,141.81264,0.06,2.11464,"Early","DFG2020",2019-10-24,38,0,26.8282701675866
2019-12-21,2019,12,21,7.0625,206.570833333333,38.5,84.68424,0,3.43512,"Late","DFG2020",2019-11-13,38,0.486388672566372,19.8686103528803
2020-11-29,2020,11,29,1.3875,350.725,26.83,139.24512,0,1.91556,"Early","DFG2021",2020-10-22,38,1.38058378378378,18.3734233481415
2020-12-13,2020,12,13,6.02916666666667,219.879166666667,11.05,99.62172,0.41,1.35936,"Late","DFG2021",2020-11-05,38,0.22546399447132,20.4776476177798
2018-12-03,2018,12,3,11.5625,262.075,25.5,128.79144,3.13,2.88612,"Early","DFG2019",2018-10-25,39,0.249610378378378,44.8615805783414
2018-12-17,2018,12,17,3.17916666666667,207.3375,42.74,95.86908,0.45,1.72728,"Late","DFG2019",2018-11-08,39,0.543312188728702,44.7560449402278
2019-12-02,2019,12,2,3.09583333333333,260.004166666667,38.93,144.61308,1,2.80044,"Early","DFG2020",2019-10-24,39,0.904583580080755,27.7328537476674
2019-12-22,2019,12,22,7.02916666666667,213.6,39.37,86.20128,0.87,1.51704,"Late","DFG2020",2019-11-13,39,0.215820746887967,20.0844310997683
2020-11-30,2020,11,30,1.975,352.7,30.23,142.26516,3.4,3.02004,"Early","DFG2021",2020-10-22,39,1.52913417721519,19.9025575253567
2020-12-14,2020,12,14,7.0875,226.966666666667,11.12,101.51208,0.07,1.89036,"Late","DFG2021",2020-11-05,39,0.26671746031746,20.7443650780973
2018-12-04,2018,12,4,5.19583333333333,267.270833333333,27.01,132.6456,1.51,3.85416,"Early","DFG2019",2018-10-25,40,0.74177898957498,45.6033595679163
2018-12-18,2018,12,18,4.78333333333333,212.120833333333,42.77,97.9884,0.03,2.11932,"Late","DFG2019",2018-11-08,40,0.443063414634147,45.1991083548619
2019-12-03,2019,12,3,4.825,264.829166666667,38.93,146.5128,0,1.89972,"Early","DFG2020",2019-10-24,40,0.393724352331606,28.126578099999
2019-12-23,2019,12,23,7.32083333333333,220.920833333333,39.82,88.09524,0.45,1.89396,"Late","DFG2020",2019-11-13,40,0.258708252703472,20.3431393524717
2020-12-01,2020,12,1,3.06666666666667,355.766666666667,32.02,143.29908,1.79,1.03392,"Early","DFG2021",2020-10-22,40,0.337147826086956,20.2397053514437
2020-12-15,2020,12,15,7.98333333333333,234.95,11.59,102.69324,0.47,1.18116,"Late","DFG2021",2020-11-05,40,0.147953235908142,20.8923183140054
2018-12-05,2018,12,5,2.97083333333333,270.241666666667,29.05,136.18368,2.04,3.53808,"Early","DFG2019",2018-10-25,41,1.19093856942497,46.7942981373413
2018-12-19,2018,12,19,4.34583333333333,216.466666666667,42.77,99.20268,0,1.21428,"Late","DFG2019",2018-11-08,41,0.279412464046021,45.4785208189079
2019-12-04,2019,12,4,1.92083333333333,266.75,38.93,150.615,0,4.1022,"Early","DFG2020",2019-10-24,41,2.13563557483731,30.2622136748363
2019-12-24,2019,12,24,6.8,227.720833333333,44.27,88.93764,4.45,0.8424,"Late","DFG2020",2019-11-13,41,0.123882352941176,20.4670217054129
2020-12-02,2020,12,2,2.72916666666667,358.495833333333,32.02,144.08424,0,0.78516,"Early","DFG2021",2020-10-22,41,0.287692213740458,20.5273975651841
2020-12-16,2020,12,16,7.37916666666667,242.329166666667,11.62,105.58548,0.03,2.89224,"Late","DFG2021",2020-11-05,41,0.391946696781479,21.2842650107869
2018-12-06,2018,12,6,8.1,278.341666666667,29.83,137.15424,0.78,0.97056,"Early","DFG2019",2018-10-25,42,0.119822222222222,46.9141203595635
2018-12-20,2018,12,20,5.99166666666667,222.458333333333,44.1,100.49436,1.33,1.29168,"Late","DFG2019",2018-11-08,42,0.215579415855355,45.6941002347633
2019-12-05,2019,12,5,1.69166666666667,268.441666666667,38.93,155.27052,0,4.65552,"Early","DFG2020",2019-10-24,42,2.75203152709359,33.0142452019299
2019-12-25,2019,12,25,6.43333333333333,234.154166666667,46.41,90.10584,2.14,1.1682,"Late","DFG2020",2019-11-13,42,0.181585492227979,20.6486071976409
2020-12-03,2020,12,3,2.27083333333333,360.766666666667,32.02,145.71468,0,1.63044,"Early","DFG2021",2020-10-22,42,0.717991926605506,21.2453894917896
2020-12-17,2020,12,17,8.1125,250.441666666667,11.75,106.75656,0.13,1.17108,"Late","DFG2021",2020-11-05,42,0.14435500770416,21.4286200184911
2018-12-07,2018,12,7,10.8791666666667,289.220833333333,33.78,137.68272,3.95,0.52848,"Early","DFG2019",2018-10-25,43,0.0485772500957486,46.9626976096593
2018-12-21,2018,12,21,6.75833333333333,229.216666666667,48.77,100.7712,4.67,0.27684,"Late","DFG2019",2018-11-08,43,0.0409627620221948,45.7350629967855
2019-12-06,2019,12,6,3.85833333333333,272.3,39.85,155.97288,0.92,0.70236,"Early","DFG2020",2019-10-24,43,0.182037149028078,33.196282350958
2019-12-26,2019,12,26,4.5375,238.691666666667,46.5,92.25396,0.09,2.14812,"Late","DFG2020",2019-11-13,43,0.473414876033058,21.1220220736739
2020-12-04,2020,12,4,3.6875,364.454166666667,32.15,147.29616,0.13,1.58148,"Early","DFG2021",2020-10-22,43,0.42887593220339,21.674265423993
2020-12-18,2020,12,18,6.26666666666667,256.708333333333,11.75,109.9998,0,3.24324,"Late","DFG2021",2020-11-05,43,0.51753829787234,21.9461583163634
2018-12-08,2018,12,8,7.4125,296.633333333333,35.36,139.02732,1.58,1.3446,"Early","DFG2019",2018-10-25,44,0.18139629005059,47.1440938997099
2018-12-22,2018,12,22,7.49166666666667,236.708333333333,59.67,101.78676,10.9,1.01556,"Late","DFG2019",2018-11-08,44,0.135558620689655,45.8706216174751
2019-12-07,2019,12,7,8.49583333333333,280.795833333333,40.53,157.71852,0.68,1.74564,"Early","DFG2020",2019-10-24,44,0.205470132417852,33.4017524833758
2019-12-27,2019,12,27,2.0625,240.754166666667,46.5,94.27464,0,2.02068,"Late","DFG2020",2019-11-13,44,0.979723636363636,22.1017457100376
2020-12-05,2020,12,5,2.3875,366.841666666667,32.43,149.0958,0.28,1.79964,"Early","DFG2021",2020-10-22,44,0.753775916230366,22.4280413402234
2020-12-19,2020,12,19,6.53333333333333,263.241666666667,11.81,113.41656,0.06,3.41676,"Late","DFG2021",2020-11-05,44,0.522973469387755,22.4691317857512
2018-12-09,2018,12,9,7.19166666666667,303.825,41.75,140.4432,6.39,1.41588,"Early","DFG2019",2018-10-25,45,0.196877867902665,47.3409717676125
2018-12-23,2018,12,23,6.82916666666667,243.5375,67.45,102.7008,7.78,0.91404,"Late","DFG2019",2018-11-08,45,0.133843563148261,46.0044651806234
2019-12-08,2019,12,8,8.95,289.745833333333,40.76,158.28012,0.23,0.5616,"Early","DFG2020",2019-10-24,45,0.0627486033519553,33.4645010867278
2019-12-28,2019,12,28,0,240.754166666667,46.5,96.83712,0,2.56248,"Late","DFG2020",2019-11-13,45,0,22.1017457100376
2020-12-06,2020,12,6,2.85,369.691666666667,33.01,149.99652,0.58,0.90072,"Early","DFG2021",2020-10-22,45,0.316042105263158,22.7440834454865
2020-12-20,2020,12,20,6.81666666666667,270.058333333333,12,114.55128,0.19,1.13472,"Late","DFG2021",2020-11-05,45,0.166462591687041,22.6355943774382
2018-12-10,2018,12,10,4.54166666666667,308.366666666667,46.71,142.10856,4.96,1.66536,"Early","DFG2019",2018-10-25,46,0.366684770642202,47.7076565382547
2018-12-24,2018,12,24,3.5,247.0375,68.26,104.62788,0.81,1.92708,"Late","DFG2019",2018-11-08,46,0.550594285714286,46.5550594663377
2019-12-09,2019,12,9,6.42083333333333,296.166666666667,41.85,160.02324,1.09,1.74312,"Early","DFG2020",2019-10-24,46,0.271478780012979,33.7359798667407
2019-12-29,2019,12,29,0.933333333333333,241.6875,46.5,99.45,0,2.61288,"Late","DFG2020",2019-11-13,46,2.79951428571429,24.9012599957519
2020-12-07,2020,12,7,3.61666666666667,373.308333333333,33.51,150.78276,0.5,0.78624,"Early","DFG2021",2020-10-22,46,0.217393548387097,22.9614769938736
2020-12-21,2020,12,21,6.725,276.783333333333,14.13,116.97048,2.13,2.4192,"Late","DFG2021",2020-11-05,46,0.359732342007435,22.9953267194456
2018-12-11,2018,12,11,4.39583333333333,312.7625,47.27,145.2924,0.56,3.18384,"Early","DFG2019",2018-10-25,47,0.724285876777252,48.431942415032
2018-12-25,2018,12,25,5.24166666666667,252.279166666667,68.26,105.72624,0,1.09836,"Late","DFG2019",2018-11-08,47,0.209544038155803,46.7646035044935
2019-12-10,2019,12,10,3.77916666666667,299.945833333333,41.85,163.60056,0,3.57732,"Early","DFG2020",2019-10-24,47,0.946589636163174,34.6825695029039
2019-12-30,2019,12,30,4.8,246.4875,46.5,102.55536,0,3.10536,"Late","DFG2020",2019-11-13,47,0.64695,25.5482099957519
2020-12-08,2020,12,8,2.5875,375.895833333333,33.51,154.20204,0,3.41928,"Early","DFG2021",2020-10-22,47,1.32146086956522,24.2829378634388
2020-12-22,2020,12,22,10.4958333333333,287.279166666667,22.35,118.20204,8.22,1.23156,"Late","DFG2021",2020-11-05,47,0.117337991266376,23.112664710712
2018-12-12,2018,12,12,3.20416666666667,315.966666666667,47.5,146.97792,0.23,1.68552,"Early","DFG2019",2018-10-25,48,0.526040052015604,48.9579824670476
2018-12-26,2018,12,26,4.05,256.329166666667,68.53,106.04484,0.27,0.3186,"Late","DFG2019",2018-11-08,48,0.0786666666666667,46.8432701711601
2019-12-11,2019,12,11,3.26666666666667,303.2125,48.53,164.12652,6.68,0.52596,"Early","DFG2020",2019-10-24,48,0.161008163265306,34.8435776661692
2019-12-31,2019,12,31,5.05,251.5375,46.95,104.8446,0.45,2.28924,"Late","DFG2020",2019-11-13,48,0.453314851485148,26.001524847237
2020-12-09,2020,12,9,1.925,377.820833333333,33.54,154.8216,0.03,0.61956,"Early","DFG2021",2020-10-22,48,0.321849350649351,24.6047872140882
2020-12-23,2020,12,23,9.2875,296.566666666667,27.16,118.91916,4.81,0.71712,"Late","DFG2021",2020-11-05,48,0.0772134589502019,23.1898781696622
2018-12-13,2018,12,13,1.74583333333333,317.7125,47.53,147.7278,0.03,0.74988,"Early","DFG2019",2018-10-25,49,0.429525536992841,49.3875080040404
2018-12-27,2018,12,27,3.89166666666667,260.220833333333,68.53,108.3564,0,2.31156,"Late","DFG2019",2018-11-08,49,0.59397687366167,47.4372470448218
2019-12-12,2019,12,12,3.59583333333333,306.808333333333,48.59,165.4182,0.06,1.29168,"Early","DFG2020",2019-10-24,49,0.359215758980302,35.2027934251495
2020-01-01,2020,1,1,0.970833333333333,252.508333333333,46.95,108.89352,0,4.04892,"Late","DFG2020",2019-11-13,49,4.17056137339056,30.1720862206276
2020-12-10,2020,12,10,2.15416666666667,379.975,33.88,155.3022,0.34,0.4806,"Early","DFG2021",2020-10-22,49,0.223102514506769,24.827889728595
2020-12-24,2020,12,24,5.7,302.266666666667,30.2,119.92428,3.04,1.00512,"Late","DFG2021",2020-11-05,49,0.176336842105263,23.3662150117675
2018-12-14,2018,12,14,0.641666666666667,318.354166666667,47.53,149.25852,0,1.53072,"Early","DFG2019",2018-10-25,50,2.38553766233766,51.7730456663781
2018-12-28,2018,12,28,4.43333333333333,264.654166666667,68.59,109.13364,0.06,0.77724,"Late","DFG2019",2018-11-08,50,0.175317293233083,47.6125643380549
2019-12-13,2019,12,13,2.09583333333333,308.904166666667,51.16,166.53348,2.57,1.11528,"Early","DFG2020",2019-10-24,50,0.532141550695826,35.7349349758454
2020-01-02,2020,1,2,1.60833333333333,254.116666666667,46.95,112.7466,0,3.85308,"Late","DFG2020",2019-11-13,50,2.39569740932643,32.567783629954
2020-12-11,2020,12,11,2.81666666666667,382.791666666667,33.88,156.52584,0,1.22364,"Early","DFG2021",2020-10-22,50,0.434428402366863,25.2623181309618
2020-12-25,2020,12,25,1.4875,303.754166666667,30.2,123.38856,0,3.46428,"Late","DFG2021",2020-11-05,50,2.32892773109244,25.6951427428599
2018-12-15,2018,12,15,0,318.354166666667,47.53,149.88168,0,0.62316,"Early","DFG2019",2018-10-25,51,0,51.7730456663781
2018-12-29,2018,12,29,5.9875,270.641666666667,71.56,111.02832,2.97,1.89468,"Late","DFG2019",2018-11-08,51,0.316439248434238,47.9290035864891
2019-12-14,2019,12,14,4.82083333333333,313.725,53.29,168.26544,2.13,1.73196,"Early","DFG2020",2019-10-24,51,0.359265687121867,36.0942006629672
2020-01-03,2020,1,3,5.62916666666667,259.745833333333,49.96,113.40612,3.01,0.65952,"Late","DFG2020",2019-11-13,51,0.117161213915618,32.6849448438696
2020-12-12,2020,12,12,3.91666666666667,386.708333333333,33.88,157.91436,0,1.38852,"Early","DFG2021",2020-10-22,51,0.354515744680851,25.6168338756427
2020-12-26,2020,12,26,2.42083333333333,306.175,30.23,125.14788,0.03,1.75932,"Late","DFG2021",2020-11-05,51,0.726741480206542,26.4218842230665
2018-12-16,2018,12,16,0,318.354166666667,47.56,151.01424,0.03,1.13256,"Early","DFG2019",2018-10-25,52,0,51.7730456663781
2018-12-30,2018,12,30,7.15416666666667,277.795833333333,71.87,112.38408,0.31,1.35576,"Late","DFG2019",2018-11-08,52,0.189506348281887,48.118509934771
2019-12-15,2019,12,15,6.72083333333333,320.445833333333,55.14,171.62208,1.85,3.35664,"Early","DFG2020",2019-10-24,52,0.499438065716057,36.5936387286833
2020-01-04,2020,1,4,4.69166666666667,264.4375,53.9,113.91624,3.94,0.51012,"Late","DFG2020",2019-11-13,52,0.108728952042629,32.7936737959122
2020-12-13,2020,12,13,6.02916666666667,392.7375,34.29,159.27372,0.41,1.35936,"Early","DFG2021",2020-10-22,52,0.22546399447132,25.842297870114
2020-12-27,2020,12,27,3.25416666666667,309.429166666667,32.47,126.24048,2.24,1.0926,"Late","DFG2021",2020-11-05,52,0.335754161331626,26.7576383843981
2018-12-17,2018,12,17,3.17916666666667,321.533333333333,48.01,152.74152,0.45,1.72728,"Early","DFG2019",2018-10-25,53,0.543312188728702,52.3163578551068
2018-12-31,2018,12,31,7.79583333333333,285.591666666667,72.55,113.38992,0.68,1.00584,"Late","DFG2019",2018-11-08,53,0.129022768572956,48.247532703344
2019-12-16,2019,12,16,7.18333333333333,327.629166666667,55.14,172.5876,0,0.96552,"Early","DFG2020",2019-10-24,53,0.134411136890951,36.7280498655742
2020-01-05,2020,1,5,3.45833333333333,267.895833333333,53.9,115.15932,0,1.24308,"Late","DFG2020",2019-11-13,53,0.359444819277109,33.1531186151894
2020-12-14,2020,12,14,7.0875,399.825,34.36,161.16408,0.07,1.89036,"Early","DFG2021",2020-10-22,53,0.26671746031746,26.1090153304315
2020-12-28,2020,12,28,3.975,313.404166666667,33.38,128.457,0.91,2.21652,"Late","DFG2021",2020-11-05,53,0.557615094339623,27.3152534787377
2018-12-18,2018,12,18,4.78333333333333,326.316666666667,48.04,154.86084,0.03,2.11932,"Early","DFG2019",2018-10-25,54,0.443063414634147,52.7594212697409
2019-01-01,2019,1,1,6.75416666666667,292.345833333333,73.34,115.18488,0.79,1.79496,"Late","DFG2019",2018-11-08,54,0.265755953115361,48.5132886564593
2019-12-17,2019,12,17,10.7375,338.366666666667,57.35,175.59504,2.21,3.00744,"Early","DFG2020",2019-10-24,54,0.280087543655413,37.0081374092296
2020-01-06,2020,1,6,4.2375,272.133333333333,53.9,115.72668,0,0.56736,"Late","DFG2020",2019-11-13,54,0.133890265486726,33.2870088806761
2020-12-15,2020,12,15,7.98333333333333,407.808333333333,34.83,162.34524,0.47,1.18116,"Early","DFG2021",2020-10-22,54,0.147953235908142,26.2569685663396
2020-12-29,2020,12,29,2.88333333333333,316.2875,33.38,130.86576,0,2.40876,"Late","DFG2021",2020-11-05,54,0.83540809248555,28.1506615712233
2018-12-19,2018,12,19,4.34583333333333,330.6625,48.04,156.07512,0,1.21428,"Early","DFG2019",2018-10-25,55,0.279412464046021,53.038833733787
2019-01-02,2019,1,2,2.46666666666667,294.8125,74.09,119.38248,0.75,4.1976,"Late","DFG2019",2018-11-08,55,1.70172972972973,50.2150183861891
2019-12-18,2019,12,18,6.85833333333333,345.225,57.67,178.7274,0.32,3.13236,"Early","DFG2020",2019-10-24,55,0.456723207776428,37.4648606170061
2020-01-07,2020,1,7,4.92916666666667,277.0625,54.08,118.00368,0.18,2.277,"Late","DFG2020",2019-11-13,55,0.461944209636517,33.7489530903126
2020-12-16,2020,12,16,7.37916666666667,415.1875,34.86,165.23748,0.03,2.89224,"Early","DFG2021",2020-10-22,55,0.391946696781479,26.6489152631211
2020-12-30,2020,12,30,3.175,319.4625,33.41,133.35192,0.03,2.48616,"Late","DFG2021",2020-11-05,55,0.783042519685039,28.9337040909083
2018-12-20,2018,12,20,5.99166666666667,336.654166666667,49.37,157.3668,1.33,1.29168,"Early","DFG2019",2018-10-25,56,0.215579415855355,53.2544131496423
2019-01-03,2019,1,3,0.116666666666667,294.929166666667,74.09,121.87224,0,2.48976,"Late","DFG2019",2018-11-08,56,21.3407999999999,71.555818386189
2019-12-19,2019,12,19,8.07916666666667,353.304166666667,57.76,182.1762,0.09,3.4488,"Early","DFG2020",2019-10-24,56,0.426875709128417,37.8917363261345
2020-01-08,2020,1,8,7.4375,284.5,54.83,118.66572,0.75,0.66204,"Late","DFG2020",2019-11-13,56,0.089013781512605,33.8379668718252
2020-12-17,2020,12,17,8.1125,423.3,34.99,166.40856,0.13,1.17108,"Early","DFG2021",2020-10-22,56,0.14435500770416,26.7932702708252
2020-12-31,2020,12,31,2.27083333333333,321.733333333333,33.41,134.83656,0,1.48464,"Late","DFG2021",2020-11-05,56,0.65378642201835,29.5874905129266
2018-12-21,2018,12,21,6.75833333333333,343.4125,54.04,157.64364,4.67,0.27684,"Early","DFG2019",2018-10-25,57,0.0409627620221948,53.2953759116645
2019-01-04,2019,1,4,2.75833333333333,297.6875,75.38,122.73588,1.29,0.86364,"Late","DFG2019",2018-11-08,57,0.313102114803626,71.8689205009926
2019-12-20,2019,12,20,7.9375,361.241666666667,58.22,183.72672,0.46,1.55052,"Early","DFG2020",2019-10-24,57,0.195341102362205,38.0870774284967
2020-01-09,2020,1,9,10.1375,294.6375,56.88,119.20752,2.05,0.5418,"Late","DFG2020",2019-11-13,57,0.0534451294697904,33.891412001295
2020-12-18,2020,12,18,6.26666666666667,429.566666666667,34.99,169.6518,0,3.24324,"Early","DFG2021",2020-10-22,57,0.51753829787234,27.3108085686976
2021-01-01,2021,1,1,1.75,323.483333333333,33.41,137.02932,0,2.19276,"Late","DFG2021",2020-11-05,57,1.25300571428571,30.8404962272124
2018-12-22,2018,12,22,7.49166666666667,350.904166666667,64.94,158.6592,10.9,1.01556,"Early","DFG2019",2018-10-25,58,0.135558620689655,53.4309345323542
2019-01-05,2019,1,5,7.0375,304.725,78.25,123.70752,2.87,0.97164,"Late","DFG2019",2018-11-08,58,0.138066074600355,72.006986575593
2019-12-21,2019,12,21,7.0625,368.304166666667,58.22,187.16184,0,3.43512,"Early","DFG2020",2019-10-24,58,0.486388672566372,38.5734661010631
2020-01-10,2020,1,10,8.17083333333333,302.808333333333,58.08,120.8016,1.2,1.59408,"Late","DFG2020",2019-11-13,58,0.195093931667517,34.0865059329625
2020-12-19,2020,12,19,6.53333333333333,436.1,35.05,173.06856,0.06,3.41676,"Early","DFG2021",2020-10-22,58,0.522973469387755,27.8337820380853
2021-01-02,2021,1,2,3.0625,326.545833333333,33.41,139.15404,0,2.12472,"Late","DFG2021",2020-11-05,58,0.69378612244898,31.5342823496613
2018-12-23,2018,12,23,6.82916666666667,357.733333333333,72.72,159.57324,7.78,0.91404,"Early","DFG2019",2018-10-25,59,0.133843563148261,53.5647780955024
2019-01-06,2019,1,6,6.2,310.925,78.81,124.84044,0.56,1.13292,"Late","DFG2019",2018-11-08,59,0.182729032258064,72.1897156078511
2019-12-22,2019,12,22,7.02916666666667,375.333333333333,59.09,188.67888,0.87,1.51704,"Early","DFG2020",2019-10-24,59,0.215820746887967,38.789286847951
2020-01-11,2020,1,11,3.80416666666667,306.6125,58.11,124.18848,0.03,3.38688,"Late","DFG2020",2019-11-13,59,0.890307995618838,34.9768139285814
2020-12-20,2020,12,20,6.81666666666667,442.916666666667,35.24,174.20328,0.19,1.13472,"Early","DFG2021",2020-10-22,59,0.166462591687041,28.0002446297724
2021-01-03,2021,1,3,1.875,328.420833333333,38.3,139.82328,4.89,0.66924,"Late","DFG2021",2020-11-05,59,0.356928,31.8912103496613
2018-12-24,2018,12,24,3.5,361.233333333333,73.53,161.50032,0.81,1.92708,"Early","DFG2019",2018-10-25,60,0.550594285714286,54.1153723812167
2019-01-07,2019,1,7,5.83333333333333,316.758333333333,81.37,125.95104,2.56,1.1106,"Late","DFG2019",2018-11-08,60,0.190388571428572,72.3801041792796
2019-12-23,2019,12,23,7.32083333333333,382.654166666667,59.54,190.57284,0.45,1.89396,"Early","DFG2020",2019-10-24,60,0.258708252703472,39.0479951006545
2020-01-12,2020,1,12,5.25416666666667,311.866666666667,58.48,126.85248,0.37,2.664,"Late","DFG2020",2019-11-13,60,0.507026169706582,35.4838400982879
2020-12-21,2020,12,21,6.725,449.641666666667,37.37,176.62248,2.13,2.4192,"Early","DFG2021",2020-10-22,60,0.359732342007435,28.3599769717798
2021-01-04,2021,1,4,1.025,329.445833333333,40.25,140.68548,1.95,0.8622,"Late","DFG2021",2020-11-05,60,0.841170731707317,32.7323810813687
2018-12-25,2018,12,25,5.24166666666667,366.475,73.53,162.59868,0,1.09836,"Early","DFG2019",2018-10-25,61,0.209544038155803,54.3249164193725
2019-01-08,2019,1,8,5.80416666666667,322.5625,87.25,127.40328,5.88,1.45224,"Late","DFG2019",2018-11-08,61,0.250206460875807,72.6303106401554
2019-12-24,2019,12,24,6.8,389.454166666667,63.99,191.41524,4.45,0.8424,"Early","DFG2020",2019-10-24,61,0.123882352941176,39.1718774535957
2020-01-13,2020,1,13,6.4125,318.279166666667,58.99,129.38868,0.51,2.5362,"Late","DFG2020",2019-11-13,61,0.395508771929825,35.8793488702178
2020-12-22,2020,12,22,10.4958333333333,460.1375,45.59,177.85404,8.22,1.23156,"Early","DFG2021",2020-10-22,61,0.117337991266376,28.4773149630462
2021-01-05,2021,1,5,1.89583333333333,331.341666666667,41.53,141.18192,1.28,0.49644,"Late","DFG2021",2020-11-05,61,0.261858461538462,32.9942395429071
2018-12-26,2018,12,26,4.05,370.525,73.8,162.91728,0.27,0.3186,"Early","DFG2019",2018-10-25,62,0.0786666666666667,54.4035830860392
2019-01-09,2019,1,9,2.5,325.0625,87.37,128.17008,0.12,0.7668,"Late","DFG2019",2018-11-08,62,0.30672,72.9370306401554
2019-12-25,2019,12,25,6.43333333333333,395.8875,66.13,192.58344,2.14,1.1682,"Early","DFG2020",2019-10-24,62,0.181585492227979,39.3534629458237
2020-01-14,2020,1,14,9.5375,327.816666666667,58.99,130.05864,0,0.66996,"Late","DFG2020",2019-11-13,62,0.0702448230668414,35.9495936932846
2020-12-23,2020,12,23,9.2875,469.425,50.4,178.57116,4.81,0.71712,"Early","DFG2021",2020-10-22,62,0.0772134589502019,28.5545284219964
2021-01-06,2021,1,6,1.29583333333333,332.6375,43.84,142.62552,2.31,1.4436,"Late","DFG2021",2020-11-05,62,1.11403215434084,34.108271697248
2018-12-27,2018,12,27,3.89166666666667,374.416666666667,73.8,165.22884,0,2.31156,"Early","DFG2019",2018-10-25,63,0.59397687366167,54.9975599597009
2019-01-10,2019,1,10,0.575,325.6375,88.05,129.59532,0.68,1.42524,"Late","DFG2019",2018-11-08,63,2.47867826086956,75.415708901025
2019-12-26,2019,12,26,4.5375,400.425,66.22,194.73156,0.09,2.14812,"Early","DFG2020",2019-10-24,63,0.473414876033058,39.8268778218567
2020-01-15,2020,1,15,11.0916666666667,338.908333333333,59.57,134.06328,0.58,4.00464,"Late","DFG2020",2019-11-13,63,0.361049436513898,36.3106431297985
2020-12-24,2020,12,24,5.7,475.125,53.44,179.57628,3.04,1.00512,"Early","DFG2021",2020-10-22,63,0.176336842105263,28.7308652641017
2021-01-07,2021,1,7,0.566666666666667,333.204166666667,44.63,144.28296,0.79,1.65744,"Late","DFG2021",2020-11-05,63,2.92489411764706,37.033165814895
2018-12-28,2018,12,28,4.43333333333333,378.85,73.86,166.00608,0.06,0.77724,"Early","DFG2019",2018-10-25,64,0.175317293233083,55.1728772529339
2019-01-11,2019,1,11,4.09166666666667,329.729166666667,88.81,130.446,0.76,0.85068,"Late","DFG2019",2018-11-08,64,0.20790549898167,75.6236144000067
2019-12-27,2019,12,27,2.0625,402.4875,66.22,196.75224,0,2.02068,"Early","DFG2020",2019-10-24,64,0.979723636363636,40.8066014582204
2020-01-16,2020,1,16,7.02083333333333,345.929166666667,59.57,138.7926,0,4.72932,"Late","DFG2020",2019-11-13,64,0.67361234421365,36.9842554740121
2020-12-25,2020,12,25,1.4875,476.6125,53.44,183.04056,0,3.46428,"Early","DFG2021",2020-10-22,64,2.32892773109244,31.0597929951941
2021-01-08,2021,1,8,0.6125,333.816666666667,45.74,145.37232,1.11,1.08936,"Late","DFG2021",2020-11-05,64,1.77854693877551,38.8117127536705
2018-12-29,2018,12,29,5.9875,384.8375,76.83,167.90076,2.97,1.89468,"Early","DFG2019",2018-10-25,65,0.316439248434238,55.4893165013682
2019-01-12,2019,1,12,6.01666666666667,335.745833333333,91.08,131.29884,2.27,0.85284,"Late","DFG2019",2018-11-08,65,0.141746260387812,75.7653606603945
2019-12-28,2019,12,28,0,402.4875,66.22,199.31472,0,2.56248,"Early","DFG2020",2019-10-24,65,0,40.8066014582204
2020-01-17,2020,1,17,7.80833333333333,353.7375,59.68,143.26704,0.11,4.47444,"Late","DFG2020",2019-11-13,65,0.57303393810032,37.5572894121125
2020-12-26,2020,12,26,2.42083333333333,479.033333333333,53.47,184.79988,0.03,1.75932,"Early","DFG2021",2020-10-22,65,0.726741480206542,31.7865344754006
2021-01-09,2021,1,9,0,333.816666666667,45.8,146.44512,0.06,1.0728,"Late","DFG2021",2020-11-05,65,0,38.8117127536705
2018-12-30,2018,12,30,7.15416666666667,391.991666666667,77.14,169.25652,0.31,1.35576,"Early","DFG2019",2018-10-25,66,0.189506348281887,55.6788228496501
2019-01-13,2019,1,13,7.375,343.120833333333,97.96,132.27408,6.88,0.97524,"Late","DFG2019",2018-11-08,66,0.13223593220339,75.8975965925979
2019-12-29,2019,12,29,0.933333333333333,403.420833333333,66.22,201.9276,0,2.61288,"Early","DFG2020",2019-10-24,66,2.79951428571429,43.6061157439346
2020-01-18,2020,1,18,4.87916666666667,358.616666666667,59.71,145.88352,0.03,2.61648,"Late","DFG2020",2019-11-13,66,0.536255508112724,38.0935449202252
2020-12-27,2020,12,27,3.25416666666667,482.2875,55.71,185.89248,2.24,1.0926,"Early","DFG2021",2020-10-22,66,0.335754161331626,32.1222886367323
2021-01-10,2021,1,10,0.85,334.666666666667,45.8,150.32052,0,3.8754,"Late","DFG2021",2020-11-05,66,4.55929411764706,43.3710068713176
2018-12-31,2018,12,31,7.79583333333333,399.7875,77.82,170.26236,0.68,1.00584,"Early","DFG2019",2018-10-25,67,0.129022768572956,55.807845618223
2019-01-14,2019,1,14,3.14583333333333,346.266666666667,98.57,134.84664,0.61,2.57256,"Late","DFG2019",2018-11-08,67,0.817767417218544,76.7153640098164
2019-12-30,2019,12,30,4.8,408.220833333333,66.22,205.03296,0,3.10536,"Early","DFG2020",2019-10-24,67,0.64695,44.2530657439346
2020-01-19,2020,1,19,3.49583333333333,362.1125,60.2,148.98168,0.49,3.09816,"Late","DFG2020",2019-11-13,67,0.886243623361145,38.9797885435863
2020-12-28,2020,12,28,3.975,486.2625,56.62,188.109,0.91,2.21652,"Early","DFG2021",2020-10-22,67,0.557615094339623,32.6799037310719
2021-01-11,2021,1,11,2.32083333333333,336.9875,46.56,150.97212,0.76,0.6516,"Late","DFG2021",2020-11-05,67,0.280761220825853,43.6517680921434
2019-01-01,2019,1,1,6.75416666666667,406.541666666667,78.61,172.05732,0.79,1.79496,"Early","DFG2019",2018-10-25,68,0.265755953115361,56.0736015713384
2019-01-15,2019,1,15,4.84583333333333,351.1125,98.57,135.97344,0,1.1268,"Late","DFG2019",2018-11-08,68,0.232529664660361,76.9478936744768
2019-12-31,2019,12,31,5.05,413.270833333333,66.67,207.3222,0.45,2.28924,"Early","DFG2020",2019-10-24,68,0.453314851485148,44.7063805954198
2020-01-20,2020,1,20,3.11666666666667,365.229166666667,60.23,152.7174,0.03,3.73572,"Late","DFG2020",2019-11-13,68,1.19862673796791,40.1784152815542
2020-12-29,2020,12,29,2.88333333333333,489.145833333333,56.62,190.51776,0,2.40876,"Early","DFG2021",2020-10-22,68,0.83540809248555,33.5153118235574
2021-01-12,2021,1,12,3.35,340.3375,52.71,152.38944,6.15,1.41732,"Late","DFG2021",2020-11-05,68,0.423080597014925,44.0748486891584
2019-01-02,2019,1,2,2.46666666666667,409.008333333333,79.36,176.25492,0.75,4.1976,"Early","DFG2019",2018-10-25,69,1.70172972972973,57.7753313010681
2019-01-16,2019,1,16,5.95416666666667,357.066666666667,98.57,137.12112,0,1.14768,"Late","DFG2019",2018-11-08,69,0.192752414275717,77.1406460887525
2020-01-01,2020,1,1,0.970833333333333,414.241666666667,66.67,211.37112,0,4.04892,"Early","DFG2020",2019-10-24,69,4.17056137339056,48.8769419688103
2020-01-21,2020,1,21,1.37083333333333,366.6,60.23,158.45508,0,5.73768,"Late","DFG2020",2019-11-13,69,4.1855416413374,44.3639569228916
2020-12-30,2020,12,30,3.175,492.320833333333,56.65,193.00392,0.03,2.48616,"Early","DFG2021",2020-10-22,69,0.783042519685039,34.2983543432425
2021-01-13,2021,1,13,2.34166666666667,342.679166666667,54.38,153.98388,1.67,1.59444,"Late","DFG2021",2020-11-05,69,0.680899644128113,44.7557483332865
2019-01-03,2019,1,3,0.116666666666667,409.125,79.36,178.74468,0,2.48976,"Early","DFG2019",2018-10-25,70,21.3407999999999,79.1161313010681
2019-01-17,2019,1,17,3.66666666666667,360.733333333333,100.82,139.29768,2.25,2.17656,"Late","DFG2019",2018-11-08,70,0.593607272727272,77.7342533614798
2020-01-02,2020,1,2,1.60833333333333,415.85,66.67,215.2242,0,3.85308,"Early","DFG2020",2019-10-24,70,2.39569740932643,51.2726393781368
2020-01-22,2020,1,22,3.30833333333333,369.908333333333,60.26,159.86268,0.03,1.4076,"Late","DFG2020",2019-11-13,70,0.425471032745592,44.7894279556372
2020-12-31,2020,12,31,2.27083333333333,494.591666666667,56.65,194.48856,0,1.48464,"Early","DFG2021",2020-10-22,70,0.65378642201835,34.9521407652608
2021-01-14,2021,1,14,0.741666666666667,343.420833333333,54.38,155.45088,0,1.467,"Late","DFG2021",2020-11-05,70,1.97797752808989,46.7337258613764
2019-01-04,2019,1,4,2.75833333333333,411.883333333333,80.65,179.60832,1.29,0.86364,"Early","DFG2019",2018-10-25,71,0.313102114803626,79.4292334158717
2019-01-18,2019,1,18,0.175,360.908333333333,100.92,144.47988,0.1,5.1822,"Late","DFG2019",2018-11-08,71,29.6125714285714,107.346824790051
2020-01-03,2020,1,3,5.62916666666667,421.479166666667,69.68,215.88372,3.01,0.65952,"Early","DFG2020",2019-10-24,71,0.117161213915618,51.3898005920524
2020-01-23,2020,1,23,2.59166666666667,372.5,60.26,162.13536,0,2.27268,"Late","DFG2020",2019-11-13,71,0.876918327974275,45.6663462836115
2021-01-01,2021,1,1,1.75,496.341666666667,56.65,196.68132,0,2.19276,"Early","DFG2021",2020-10-22,71,1.25300571428571,36.2051464795465
2021-01-15,2021,1,15,0,343.420833333333,54.83,156.249,0.45,0.79812,"Late","DFG2021",2020-11-05,71,0,46.7337258613764
2019-01-05,2019,1,5,7.0375,418.920833333333,83.52,180.57996,2.87,0.97164,"Early","DFG2019",2018-10-25,72,0.138066074600355,79.567299490472
2019-01-19,2019,1,19,0,360.908333333333,100.92,149.95692,0,5.47704,"Late","DFG2019",2018-11-08,72,0,107.346824790051
2020-01-04,2020,1,4,4.69166666666667,426.170833333333,73.62,216.39384,3.94,0.51012,"Early","DFG2020",2019-10-24,72,0.108728952042629,51.498529544095
2020-01-24,2020,1,24,0,372.5,60.26,163.09872,0,0.96336,"Late","DFG2020",2019-11-13,72,0,45.6663462836115
2021-01-02,2021,1,2,3.0625,499.404166666667,56.65,198.80604,0,2.12472,"Early","DFG2021",2020-10-22,72,0.69378612244898,36.8989326019955
2021-01-16,2021,1,16,0,343.420833333333,54.83,157.84308,0,1.59408,"Late","DFG2021",2020-11-05,72,0,46.7337258613764
2019-01-06,2019,1,6,6.2,425.120833333333,84.08,181.71288,0.56,1.13292,"Early","DFG2019",2018-10-25,73,0.182729032258064,79.7500285227301
2019-01-20,2019,1,20,0,360.908333333333,100.92,152.09784,0,2.14092,"Late","DFG2019",2018-11-08,73,0,107.346824790051
2020-01-05,2020,1,5,3.45833333333333,429.629166666667,73.62,217.63692,0,1.24308,"Early","DFG2020",2019-10-24,73,0.359444819277109,51.8579743633721
2020-01-25,2020,1,25,0.125,372.625,60.26,164.84904,0,1.75032,"Late","DFG2020",2019-11-13,73,14.00256,59.6689062836115
2021-01-03,2021,1,3,1.875,501.279166666667,61.54,199.47528,4.89,0.66924,"Early","DFG2021",2020-10-22,73,0.356928,37.2558606019955
2021-01-17,2021,1,17,0,343.420833333333,55.55,159.78204,0.72,1.93896,"Late","DFG2021",2020-11-05,73,0,46.7337258613764
2019-01-07,2019,1,7,5.83333333333333,430.954166666667,86.64,182.82348,2.56,1.1106,"Early","DFG2019",2018-10-25,74,0.190388571428572,79.9404170941587
2019-01-21,2019,1,21,0,360.908333333333,100.92,159.16716,0,7.06932,"Late","DFG2019",2018-11-08,74,0,107.346824790051
2020-01-06,2020,1,6,4.2375,433.866666666667,73.62,218.20428,0,0.56736,"Early","DFG2020",2019-10-24,74,0.133890265486726,51.9918646288589
2020-01-26,2020,1,26,2.65,375.275,60.32,168.2532,0.06,3.40416,"Late","DFG2020",2019-11-13,74,1.28458867924528,60.9534949628568
2021-01-04,2021,1,4,1.025,502.304166666667,63.49,200.33748,1.95,0.8622,"Early","DFG2021",2020-10-22,74,0.841170731707317,38.0970313337028
2021-01-18,2021,1,18,3.19583333333333,346.616666666667,56.38,161.65872,0.83,1.87668,"Late","DFG2021",2020-11-05,74,0.587227118644068,47.3209529800204
2019-01-08,2019,1,8,5.80416666666667,436.758333333333,92.52,184.27572,5.88,1.45224,"Early","DFG2019",2018-10-25,75,0.250206460875807,80.1906235550345
2019-01-22,2019,1,22,0,360.908333333333,100.92,164.66472,0,5.49756,"Late","DFG2019",2018-11-08,75,0,107.346824790051
2020-01-07,2020,1,7,4.92916666666667,438.795833333333,73.8,220.48128,0.18,2.277,"Early","DFG2020",2019-10-24,75,0.461944209636517,52.4538088384954
2020-01-27,2020,1,27,6.08333333333333,381.358333333333,61.41,169.53588,1.09,1.28268,"Late","DFG2020",2019-11-13,75,0.210851506849315,61.1643464697061
2021-01-05,2021,1,5,1.89583333333333,504.2,64.77,200.83392,1.28,0.49644,"Early","DFG2021",2020-10-22,75,0.261858461538462,38.3588897952413
2021-01-19,2021,1,19,5.39583333333333,352.0125,60.84,162.54648,4.46,0.88776,"Late","DFG2021",2020-11-05,75,0.16452694980695,47.4854799298274
2019-01-09,2019,1,9,2.5,439.258333333333,92.64,185.04252,0.12,0.7668,"Early","DFG2019",2018-10-25,76,0.30672,80.4973435550345
2019-01-23,2019,1,23,0,360.908333333333,100.92,168.25788,0,3.59316,"Late","DFG2019",2018-11-08,76,0,107.346824790051
2020-01-08,2020,1,8,7.4375,446.233333333333,74.55,221.14332,0.75,0.66204,"Early","DFG2020",2019-10-24,76,0.089013781512605,52.542822620008
2020-01-28,2020,1,28,5.24583333333333,386.604166666667,63,171.51804,1.59,1.98216,"Late","DFG2020",2019-11-13,76,0.377854169976172,61.5422006396823
2021-01-06,2021,1,6,1.29583333333333,505.495833333333,67.08,202.27752,2.31,1.4436,"Early","DFG2021",2020-10-22,76,1.11403215434084,39.4729219495821
2021-01-20,2021,1,20,7.425,359.4375,60.84,165.22704,0,2.68056,"Late","DFG2021",2020-11-05,76,0.361018181818182,47.8464981116456
2019-01-10,2019,1,10,0.575,439.833333333333,93.32,186.46776,0.68,1.42524,"Early","DFG2019",2018-10-25,77,2.47867826086956,82.976021815904
2019-01-24,2019,1,24,0,360.908333333333,100.92,171.162,0,2.90412,"Late","DFG2019",2018-11-08,77,0,107.346824790051
2020-01-09,2020,1,9,10.1375,456.370833333333,76.6,221.68512,2.05,0.5418,"Early","DFG2020",2019-10-24,77,0.0534451294697904,52.5962677494778
2020-01-29,2020,1,29,4.25,390.854166666667,63.96,173.62332,0.96,2.10528,"Late","DFG2020",2019-11-13,77,0.49536,62.0375606396823
2021-01-07,2021,1,7,0.566666666666667,506.0625,67.87,203.93496,0.79,1.65744,"Early","DFG2021",2020-10-22,77,2.92489411764706,42.3978160672292
2021-01-21,2021,1,21,8.04166666666667,367.479166666667,62.21,168.68088,1.37,3.45384,"Late","DFG2021",2020-11-05,77,0.429493056994818,48.2759911686404
2019-01-11,2019,1,11,4.09166666666667,443.925,94.08,187.31844,0.76,0.85068,"Early","DFG2019",2018-10-25,78,0.20790549898167,83.1839273148857
2019-01-25,2019,1,25,0,360.908333333333,102.71,173.20428,1.79,2.04228,"Late","DFG2019",2018-11-08,78,0,107.346824790051
2020-01-10,2020,1,10,8.17083333333333,464.541666666667,77.8,223.2792,1.2,1.59408,"Early","DFG2020",2019-10-24,78,0.195093931667517,52.7913616811453
2020-01-30,2020,1,30,7.28333333333333,398.1375,64.02,175.93308,0.06,2.30976,"Late","DFG2020",2019-11-13,78,0.317129519450801,62.3546901591331
2021-01-08,2021,1,8,0.6125,506.675,68.98,205.02432,1.11,1.08936,"Early","DFG2021",2020-10-22,78,1.77854693877551,44.1763630060047
2021-01-22,2021,1,22,5.14583333333333,372.625,63.07,171.03312,0.86,2.35224,"Late","DFG2021",2020-11-05,78,0.457115465587045,48.7331066342274
2019-01-12,2019,1,12,6.01666666666667,449.941666666667,96.35,188.17128,2.27,0.85284,"Early","DFG2019",2018-10-25,79,0.141746260387812,83.3256735752735
2019-01-26,2019,1,26,4.225,365.133333333333,115.9,174.0438,13.19,0.83952,"Late","DFG2019",2018-11-08,79,0.198702958579882,107.545527748631
2020-01-11,2020,1,11,3.80416666666667,468.345833333333,77.83,226.66608,0.03,3.38688,"Early","DFG2020",2019-10-24,79,0.890307995618838,53.6816696767641
2020-01-31,2020,1,31,11.5666666666667,409.704166666667,64.05,179.52804,0.03,3.59496,"Late","DFG2020",2019-11-13,79,0.310803458213256,62.6654936173463
2021-01-09,2021,1,9,0,506.675,69.04,206.09712,0.06,1.0728,"Early","DFG2021",2020-10-22,79,0,44.1763630060047
2021-01-23,2021,1,23,1.9625,374.5875,63.07,174.26088,0,3.22776,"Late","DFG2021",2020-11-05,79,1.64471847133758,50.377825105565
2019-01-13,2019,1,13,7.375,457.316666666667,103.23,189.14652,6.88,0.97524,"Early","DFG2019",2018-10-25,80,0.13223593220339,83.4579095074769
2019-01-27,2019,1,27,4.91666666666667,370.05,116.68,177.27804,0.78,3.23424,"Late","DFG2019",2018-11-08,80,0.657811525423728,108.203339274055
2020-01-12,2020,1,12,5.25416666666667,473.6,78.2,229.33008,0.37,2.664,"Early","DFG2020",2019-10-24,80,0.507026169706582,54.1886958464707
2020-02-01,2020,2,1,10.7541666666667,420.458333333333,66.3,180.67752,2.25,1.14948,"Late","DFG2020",2019-11-13,80,0.106886943045331,62.7723805603917
2021-01-10,2021,1,10,0.85,507.525,69.04,209.97252,0,3.8754,"Early","DFG2021",2020-10-22,80,4.55929411764706,48.7356571236518
2021-01-24,2021,1,24,1.15416666666667,375.741666666667,64.22,176.1282,1.15,1.86732,"Late","DFG2021",2020-11-05,80,1.61789458483754,51.9957196904025
2019-01-14,2019,1,14,3.14583333333333,460.4625,103.84,191.71908,0.61,2.57256,"Early","DFG2019",2018-10-25,81,0.817767417218544,84.2756769246955
2019-01-28,2019,1,28,2.32916666666667,372.379166666667,118.32,179.29152,1.64,2.01348,"Late","DFG2019",2018-11-08,81,0.864463685152056,109.067802959207
2020-01-13,2020,1,13,6.4125,480.0125,78.71,231.86628,0.51,2.5362,"Early","DFG2020",2019-10-24,81,0.395508771929825,54.5842046184005
2020-02-02,2020,2,2,7.6625,428.120833333333,71.15,181.81188,4.85,1.13436,"Late","DFG2020",2019-11-13,81,0.148040456769984,62.9204210171617
2021-01-11,2021,1,11,2.32083333333333,509.845833333333,69.8,210.62412,0.76,0.6516,"Early","DFG2021",2020-10-22,81,0.280761220825853,49.0164183444776
2021-01-25,2021,1,25,0.420833333333333,376.1625,64.22,180.59184,0,4.46364,"Late","DFG2021",2020-11-05,81,10.6066693069307,62.6023889973333
2019-01-15,2019,1,15,4.84583333333333,465.308333333333,103.84,192.84588,0,1.1268,"Early","DFG2019",2018-10-25,82,0.232529664660361,84.5082065893558
2019-01-29,2019,1,29,1.00416666666667,373.383333333333,118.54,182.78964,0.22,3.49812,"Late","DFG2019",2018-11-08,82,3.4836049792531,112.55140793846
2020-01-14,2020,1,14,9.5375,489.55,78.71,232.53624,0,0.66996,"Early","DFG2020",2019-10-24,82,0.0702448230668414,54.6544494414674
2020-02-03,2020,2,3,8.50833333333333,436.629166666667,78.06,184.71744,6.91,2.90556,"Late","DFG2020",2019-11-13,82,0.341495788442703,63.2619168056044
2021-01-12,2021,1,12,3.35,513.195833333333,75.95,212.04144,6.15,1.41732,"Early","DFG2021",2020-10-22,82,0.423080597014925,49.4394989414925
2021-01-26,2021,1,26,0.783333333333333,376.945833333333,66.24,182.91744,2.02,2.3256,"Late","DFG2021",2020-11-05,82,2.96885106382979,65.571240061163
2019-01-16,2019,1,16,5.95416666666667,471.2625,103.84,193.99356,0,1.14768,"Early","DFG2019",2018-10-25,83,0.192752414275717,84.7009590036315
2019-01-30,2019,1,30,0,373.383333333333,118.54,185.68224,0,2.8926,"Late","DFG2019",2018-11-08,83,0,112.55140793846
2020-01-15,2020,1,15,11.0916666666667,500.641666666667,79.29,236.54088,0.58,4.00464,"Early","DFG2020",2019-10-24,83,0.361049436513898,55.0154988779813
2020-02-04,2020,2,4,4.91666666666667,441.545833333333,79.07,189.59616,1.01,4.87872,"Late","DFG2020",2019-11-13,83,0.992282033898304,64.2541988395027
2021-01-13,2021,1,13,2.34166666666667,515.5375,77.62,213.63588,1.67,1.59444,"Early","DFG2021",2020-10-22,83,0.680899644128113,50.1203985856206
2021-01-27,2021,1,27,1.65,378.595833333333,67.59,185.34672,1.35,2.42928,"Late","DFG2021",2020-11-05,83,1.47229090909091,67.0435309702539
2019-01-17,2019,1,17,3.66666666666667,474.929166666667,106.09,196.17012,2.25,2.17656,"Early","DFG2019",2018-10-25,84,0.593607272727272,85.2945662763588
2019-01-31,2019,1,31,1.175,374.558333333333,118.54,192.03624,0,6.354,"Late","DFG2019",2018-11-08,84,5.40765957446809,117.959067512928
2020-01-16,2020,1,16,7.02083333333333,507.6625,79.29,241.2702,0,4.72932,"Early","DFG2020",2019-10-24,84,0.67361234421365,55.6891112221949
2020-02-05,2020,2,5,2.70833333333333,444.254166666667,79.07,197.181,0,7.58484,"Late","DFG2020",2019-11-13,84,2.80055630769231,67.054755147195
2021-01-14,2021,1,14,0.741666666666667,516.279166666667,77.62,215.10288,0,1.467,"Early","DFG2021",2020-10-22,84,1.97797752808989,52.0983761137105
2021-01-28,2021,1,28,2.56666666666667,381.1625,69.84,186.40836,2.25,1.06164,"Late","DFG2021",2020-11-05,84,0.413625974025973,67.4571569442799
2019-01-18,2019,1,18,0.175,475.104166666667,106.19,201.35232,0.1,5.1822,"Early","DFG2019",2018-10-25,85,29.6125714285714,114.90713770493
2019-02-01,2019,2,1,0.216666666666667,374.775,118.76,195.91884,0.22,3.8826,"Late","DFG2019",2018-11-08,85,17.9196923076923,135.87875982062
2020-01-17,2020,1,17,7.80833333333333,515.470833333333,79.4,245.74464,0.11,4.47444,"Early","DFG2020",2019-10-24,85,0.57303393810032,56.2621451602952
2020-02-06,2020,2,6,4.20416666666667,448.458333333333,79.07,198.61848,0,1.43748,"Late","DFG2020",2019-11-13,85,0.341917938553022,67.396673085748
2021-01-15,2021,1,15,0,516.279166666667,78.07,215.901,0.45,0.79812,"Early","DFG2021",2020-10-22,85,0,52.0983761137105
2021-01-29,2021,1,29,0.170833333333333,381.333333333333,85.35,187.41168,15.51,1.00332,"Late","DFG2021",2020-11-05,85,5.87309268292684,73.3302496272068
2019-01-19,2019,1,19,0,475.104166666667,106.19,206.82936,0,5.47704,"Early","DFG2019",2018-10-25,86,0,114.90713770493
2019-02-02,2019,2,2,0.0125,374.7875,120.72,197.25408,1.96,1.33524,"Late","DFG2019",2018-11-08,86,0,135.87875982062
2020-01-18,2020,1,18,4.87916666666667,520.35,79.43,248.36112,0.03,2.61648,"Early","DFG2020",2019-10-24,86,0.536255508112724,56.798400668408
2020-02-07,2020,2,7,4.5375,452.995833333333,79.07,201.47292,0,2.85444,"Late","DFG2020",2019-11-13,86,0.629077685950413,68.0257507716984
2021-01-16,2021,1,16,0,516.279166666667,78.07,217.49508,0,1.59408,"Early","DFG2021",2020-10-22,86,0,52.0983761137105
2021-01-30,2021,1,30,0,381.333333333333,85.84,189.6822,0.49,2.27052,"Late","DFG2021",2020-11-05,86,0,73.3302496272068
2019-01-20,2019,1,20,0,475.104166666667,106.19,208.97028,0,2.14092,"Early","DFG2019",2018-10-25,87,0,114.90713770493
2019-02-03,2019,2,3,0.704166666666667,375.491666666667,120.72,201.54384,0,4.28976,"Late","DFG2019",2018-11-08,87,6.09196686390532,141.970726684526
2020-01-19,2020,1,19,3.49583333333333,523.845833333333,79.92,251.45928,0.49,3.09816,"Early","DFG2020",2019-10-24,87,0.886243623361145,57.6846442917691
2020-02-08,2020,2,8,5.20416666666667,458.2,79.07,205.92216,0,4.44924,"Late","DFG2020",2019-11-13,87,0.854938030424339,68.8806888021227
2021-01-17,2021,1,17,0,516.279166666667,78.79,219.43404,0.72,1.93896,"Early","DFG2021",2020-10-22,87,0,52.0983761137105
2021-01-31,2021,1,31,0,381.333333333333,85.84,197.28864,0,7.60644,"Late","DFG2021",2020-11-05,87,0,73.3302496272068
2019-01-21,2019,1,21,0,475.104166666667,106.19,216.0396,0,7.06932,"Early","DFG2019",2018-10-25,88,0,114.90713770493
2019-02-04,2019,2,4,1.69583333333333,377.1875,120.72,207.09432,0,5.55048,"Late","DFG2019",2018-11-08,88,3.27301031941033,145.243737003936
2020-01-20,2020,1,20,3.11666666666667,526.9625,79.95,255.195,0.03,3.73572,"Early","DFG2020",2019-10-24,88,1.19862673796791,58.883271029737
2020-02-09,2020,2,9,9.50416666666667,467.704166666667,82.93,209.38104,3.86,3.45888,"Late","DFG2020",2019-11-13,88,0.363933011836913,69.2446218139597
2021-01-18,2021,1,18,3.19583333333333,519.475,79.62,221.31072,0.83,1.87668,"Early","DFG2021",2020-10-22,88,0.587227118644068,52.6856032323546
2021-02-01,2021,2,1,0,381.333333333333,86.23,200.17656,0.39,2.88792,"Late","DFG2021",2020-11-05,88,0,73.3302496272068
2019-01-22,2019,1,22,0,475.104166666667,106.19,221.53716,0,5.49756,"Early","DFG2019",2018-10-25,89,0,114.90713770493
2019-02-05,2019,2,5,2.7,379.8875,120.72,208.458,0,1.36368,"Late","DFG2019",2018-11-08,89,0.505066666666667,145.748803670603
2020-01-21,2020,1,21,1.37083333333333,528.333333333333,79.95,260.93268,0,5.73768,"Early","DFG2020",2019-10-24,89,4.1855416413374,63.0688126710744
2020-02-10,2020,2,10,6.83333333333333,474.5375,94.49,213.38712,11.56,4.00608,"Late","DFG2020",2019-11-13,89,0.586255609756098,69.8308774237157
2021-01-19,2021,1,19,5.39583333333333,524.870833333333,84.08,222.19848,4.46,0.88776,"Early","DFG2021",2020-10-22,89,0.16452694980695,52.8501301821616
2021-02-02,2021,2,2,0.979166666666667,382.3125,94.7,201.89664,8.47,1.72008,"Late","DFG2021",2020-11-05,89,1.75667744680851,75.0869270740153
2019-01-23,2019,1,23,0,475.104166666667,106.19,225.13032,0,3.59316,"Early","DFG2019",2018-10-25,90,0,114.90713770493
2019-02-06,2019,2,6,4.00833333333333,383.895833333333,120.72,212.19084,0,3.73284,"Late","DFG2019",2018-11-08,90,0.931269854469855,146.680073525072
2020-01-22,2020,1,22,3.30833333333333,531.641666666667,79.98,262.34028,0.03,1.4076,"Early","DFG2020",2019-10-24,90,0.425471032745592,63.49428370382
2020-02-11,2020,2,11,4.07083333333333,478.608333333333,97.45,216.68184,2.96,3.29472,"Late","DFG2020",2019-11-13,90,0.809347799385876,70.6402252231016
2021-01-20,2021,1,20,7.425,532.295833333333,84.08,224.87904,0,2.68056,"Early","DFG2021",2020-10-22,90,0.361018181818182,53.2111483639797
2021-02-03,2021,2,3,6.60416666666667,388.916666666667,104.73,203.3352,10.03,1.43856,"Late","DFG2021",2020-11-05,90,0.217826119873817,75.3047531938891
2019-01-24,2019,1,24,0,475.104166666667,106.19,228.03444,0,2.90412,"Early","DFG2019",2018-10-25,91,0,114.90713770493
2019-02-07,2019,2,7,4.73333333333333,388.629166666667,120.78,217.00404,0.06,4.8132,"Late","DFG2019",2018-11-08,91,1.01687323943662,147.696946764509
2020-01-23,2020,1,23,2.59166666666667,534.233333333333,79.98,264.61296,0,2.27268,"Early","DFG2020",2019-10-24,91,0.876918327974275,64.3712020317943
2020-02-12,2020,2,12,4.17916666666667,482.7875,97.48,223.29792,0.03,6.61608,"Late","DFG2020",2019-11-13,91,1.58310987038883,72.2233350934905
2021-01-21,2021,1,21,8.04166666666667,540.3375,85.45,228.33288,1.37,3.45384,"Early","DFG2021",2020-10-22,91,0.429493056994818,53.6406414209746
2021-02-04,2021,2,4,4.05416666666667,392.970833333333,106.44,204.86952,1.71,1.53432,"Late","DFG2021",2020-11-05,91,0.378455087358684,75.6832082812478
2019-01-25,2019,1,25,0,475.104166666667,107.98,230.07672,1.79,2.04228,"Early","DFG2019",2018-10-25,92,0,114.90713770493
2019-02-08,2019,2,8,6.8625,395.491666666667,120.78,220.9086,0,3.90456,"Late","DFG2019",2018-11-08,92,0.568970491803279,148.265917256312
2020-01-24,2020,1,24,0,534.233333333333,79.98,265.57632,0,0.96336,"Early","DFG2020",2019-10-24,92,0,64.3712020317943
2020-02-13,2020,2,13,3.09583333333333,485.883333333333,100.37,224.75808,2.89,1.46016,"Late","DFG2020",2019-11-13,92,0.4716532974428,72.6949883909333
2021-01-22,2021,1,22,5.14583333333333,545.483333333333,86.31,230.68512,0.86,2.35224,"Early","DFG2021",2020-10-22,92,0.457115465587045,54.0977568865616
2021-02-05,2021,2,5,2.10833333333333,395.079166666667,111.8,205.69716,5.36,0.82764,"Late","DFG2021",2020-11-05,92,0.392556521739131,76.0757648029869
2019-01-26,2019,1,26,4.225,479.329166666667,121.17,230.91624,13.19,0.83952,"Early","DFG2019",2018-10-25,93,0.198702958579882,115.10584066351
2019-02-09,2019,2,9,7.94166666666667,403.433333333333,122.05,224.72676,1.27,3.81816,"Late","DFG2019",2018-11-08,93,0.480775655823714,148.746692912136
2020-01-25,2020,1,25,0.125,534.358333333333,79.98,267.32664,0,1.75032,"Early","DFG2020",2019-10-24,93,14.00256,78.3737620317943
2020-02-14,2020,2,14,6.10833333333333,491.991666666667,100.61,227.85408,0.24,3.096,"Late","DFG2020",2019-11-13,93,0.506848567530696,73.201836958464
2021-01-23,2021,1,23,1.9625,547.445833333333,86.31,233.91288,0,3.22776,"Early","DFG2021",2020-10-22,93,1.64471847133758,55.7424753578992
2021-02-06,2021,2,6,0,395.079166666667,111.86,206.865,0.06,1.16784,"Late","DFG2021",2020-11-05,93,0,76.0757648029869
2019-01-27,2019,1,27,4.91666666666667,484.245833333333,121.95,234.15048,0.78,3.23424,"Early","DFG2019",2018-10-25,94,0.657811525423728,115.763652188934
2019-02-10,2019,2,10,6.9875,410.420833333333,129.28,226.00512,7.23,1.27836,"Late","DFG2019",2018-11-08,94,0.182949552772809,148.929642464909
2020-01-26,2020,1,26,2.65,537.008333333333,80.04,270.7308,0.06,3.40416,"Early","DFG2020",2019-10-24,94,1.28458867924528,79.6583507110396
2020-02-15,2020,2,15,8.02916666666667,500.020833333333,100.61,233.83368,0,5.9796,"Late","DFG2020",2019-11-13,94,0.744734820965231,73.9465717794292
2021-01-24,2021,1,24,1.15416666666667,548.6,87.46,235.7802,1.15,1.86732,"Early","DFG2021",2020-10-22,94,1.61789458483754,57.3603699427367
2021-02-07,2021,2,7,0,395.079166666667,114.17,208.60776,2.31,1.74276,"Late","DFG2021",2020-11-05,94,0,76.0757648029869
2019-01-28,2019,1,28,2.32916666666667,486.575,123.59,236.16396,1.64,2.01348,"Early","DFG2019",2018-10-25,95,0.864463685152056,116.628115874086
2019-02-11,2019,2,11,5.01666666666667,415.4375,130.14,230.45724,0.86,4.45212,"Late","DFG2019",2018-11-08,95,0.887465780730896,149.81710824564
2020-01-27,2020,1,27,6.08333333333333,543.091666666667,81.13,272.01348,1.09,1.28268,"Early","DFG2020",2019-10-24,95,0.210851506849315,79.8692022178889
2020-02-16,2020,2,16,12.6666666666667,512.6875,102.75,235.69668,2.14,1.863,"Late","DFG2020",2019-11-13,95,0.147078947368421,74.0936507267976
2021-01-25,2021,1,25,0.420833333333333,549.020833333333,87.46,240.24384,0,4.46364,"Early","DFG2021",2020-10-22,95,10.6066693069307,67.9670392496674
2021-02-08,2021,2,8,0,395.079166666667,118.01,211.13316,3.84,2.5254,"Late","DFG2021",2020-11-05,95,0,76.0757648029869
2019-01-29,2019,1,29,1.00416666666667,487.579166666667,123.81,239.66208,0.22,3.49812,"Early","DFG2019",2018-10-25,96,3.4836049792531,120.111720853339
2019-02-12,2019,2,12,4.27916666666667,419.716666666667,130.14,236.02788,0,5.57064,"Late","DFG2019",2018-11-08,96,1.30180486854917,151.118913114189
2020-01-28,2020,1,28,5.24583333333333,548.3375,82.72,273.99564,1.59,1.98216,"Early","DFG2020",2019-10-24,96,0.377854169976172,80.2470563878651
2020-02-17,2020,2,17,8.0125,520.7,104.88,241.85376,2.13,6.15708,"Late","DFG2020",2019-11-13,96,0.768434321372855,74.8620850481705
2021-01-26,2021,1,26,0.783333333333333,549.804166666667,89.48,242.56944,2.02,2.3256,"Early","DFG2021",2020-10-22,96,2.96885106382979,70.9358903134972
2021-02-09,2021,2,9,0,395.079166666667,118.3,217.50876,0.29,6.3756,"Late","DFG2021",2020-11-05,96,0,76.0757648029869
2019-01-30,2019,1,30,0,487.579166666667,123.81,242.55468,0,2.8926,"Early","DFG2019",2018-10-25,97,0,120.111720853339
2019-02-13,2019,2,13,6.2875,426.004166666667,130.14,238.31208,0,2.2842,"Late","DFG2019",2018-11-08,97,0.363292246520875,151.48220536071
2020-01-29,2020,1,29,4.25,552.5875,83.68,276.10092,0.96,2.10528,"Early","DFG2020",2019-10-24,97,0.49536,80.7424163878651
2020-02-18,2020,2,18,6.6875,527.3875,106.69,248.58036,1.81,6.7266,"Late","DFG2020",2019-11-13,97,1.00584672897196,75.8679317771424
2021-01-27,2021,1,27,1.65,551.454166666667,90.83,244.99872,1.35,2.42928,"Early","DFG2021",2020-10-22,97,1.47229090909091,72.4081812225881
2021-02-10,2021,2,10,0,395.079166666667,118.33,222.41412,0.03,4.90536,"Late","DFG2021",2020-11-05,97,0,76.0757648029869
2019-01-31,2019,1,31,1.175,488.754166666667,123.81,248.90868,0,6.354,"Early","DFG2019",2018-10-25,98,5.40765957446809,125.519380427807
2019-02-14,2019,2,14,5.42916666666667,431.433333333333,130.14,246.45744,0,8.14536,"Late","DFG2019",2018-11-08,98,1.50029654643131,152.982501907141
2020-01-30,2020,1,30,7.28333333333333,559.870833333333,83.74,278.41068,0.06,2.30976,"Early","DFG2020",2019-10-24,98,0.317129519450801,81.0595459073159
2020-02-19,2020,2,19,5.225,532.6125,110.2,253.3392,3.51,4.75884,"Late","DFG2020",2019-11-13,98,0.910782775119617,76.778714552262
2021-01-28,2021,1,28,2.56666666666667,554.020833333333,93.08,246.06036,2.25,1.06164,"Early","DFG2021",2020-10-22,98,0.413625974025973,72.8218071966141
2021-02-11,2021,2,11,0,395.079166666667,118.36,230.71464,0.03,8.30052,"Late","DFG2021",2020-11-05,98,0,76.0757648029869
2019-02-01,2019,2,1,0.216666666666667,488.970833333333,124.03,252.79128,0.22,3.8826,"Early","DFG2019",2018-10-25,99,17.9196923076923,143.439072735499
2019-02-15,2019,2,15,6.92083333333333,438.354166666667,130.14,255.37644,0,8.919,"Late","DFG2019",2018-11-08,99,1.28871763997592,154.271219547117
2020-01-31,2020,1,31,11.5666666666667,571.4375,83.77,282.00564,0.03,3.59496,"Early","DFG2020",2019-10-24,99,0.310803458213256,81.3703493655291
2020-02-20,2020,2,20,6.15,538.7625,113.76,256.28256,3.56,2.94336,"Late","DFG2020",2019-11-13,99,0.478595121951219,77.2573096742133
2021-01-29,2021,1,29,0.170833333333333,554.191666666667,108.59,247.06368,15.51,1.00332,"Early","DFG2021",2020-10-22,99,5.87309268292684,78.6948998795409
2021-02-12,2021,2,12,0,395.079166666667,118.45,237.91068,0.09,7.19604,"Late","DFG2021",2020-11-05,99,0,76.0757648029869
2019-02-02,2019,2,2,0.0125,488.983333333333,125.99,254.12652,1.96,1.33524,"Early","DFG2019",2018-10-25,100,0,143.439072735499
2019-02-16,2019,2,16,8.64166666666667,446.995833333333,130.14,264.6522,0,9.27576,"Late","DFG2019",2018-11-08,100,1.0733762777242,155.344595824841
2020-02-01,2020,2,1,10.7541666666667,582.191666666667,86.02,283.15512,2.25,1.14948,"Early","DFG2020",2019-10-24,100,0.106886943045331,81.4772363085744
2020-02-21,2020,2,21,6.29583333333333,545.058333333333,113.85,262.84104,0.09,6.55848,"Late","DFG2020",2019-11-13,100,1.04171753805427,78.2990272122675
2021-01-30,2021,1,30,0,554.191666666667,109.08,249.3342,0.49,2.27052,"Early","DFG2021",2020-10-22,100,0,78.6948998795409
2021-02-13,2021,2,13,0,395.079166666667,118.48,243.96228,0.03,6.0516,"Late","DFG2021",2020-11-05,100,0,76.0757648029869
2019-02-03,2019,2,3,0.704166666666667,489.6875,125.99,258.41628,0,4.28976,"Early","DFG2019",2018-10-25,101,6.09196686390532,149.531039599405
2019-02-17,2019,2,17,7.25833333333333,454.254166666667,130.14,273.12552,0,8.47332,"Late","DFG2019",2018-11-08,101,1.16739196326062,156.511987788102
2020-02-02,2020,2,2,7.6625,589.854166666667,90.87,284.28948,4.85,1.13436,"Early","DFG2020",2019-10-24,101,0.148040456769984,81.6252767653444
2020-02-22,2020,2,22,8.575,553.633333333333,119.9,267.17076,6.05,4.32972,"Late","DFG2020",2019-11-13,101,0.50492361516035,78.8039508274279
2021-01-31,2021,1,31,0,554.191666666667,109.08,256.94064,0,7.60644,"Early","DFG2021",2020-10-22,101,0,78.6948998795409
2021-02-14,2021,2,14,0,395.079166666667,118.55,251.83224,0.07,7.86996,"Late","DFG2021",2020-11-05,101,0,76.0757648029869
2019-02-04,2019,2,4,1.69583333333333,491.383333333333,125.99,263.96676,0,5.55048,"Early","DFG2019",2018-10-25,102,3.27301031941033,152.804049918815
2019-02-18,2019,2,18,8.6,462.854166666667,130.14,282.5064,0,9.38088,"Late","DFG2019",2018-11-08,102,1.0908,157.602787788102
2020-02-03,2020,2,3,8.50833333333333,598.3625,97.78,287.19504,6.91,2.90556,"Early","DFG2020",2019-10-24,102,0.341495788442703,81.9667725537871
2020-02-23,2020,2,23,7.85,561.483333333333,131.8,269.00424,11.9,1.83348,"Late","DFG2020",2019-11-13,102,0.233564331210191,79.0375151586381
2021-02-01,2021,2,1,0,554.191666666667,109.47,259.82856,0.39,2.88792,"Early","DFG2021",2020-10-22,102,0,78.6948998795409
2021-02-15,2021,2,15,0,395.079166666667,120.48,254.81808,1.93,2.98584,"Late","DFG2021",2020-11-05,102,0,76.0757648029869
2019-02-05,2019,2,5,2.7,494.083333333333,125.99,265.33044,0,1.36368,"Early","DFG2019",2018-10-25,103,0.505066666666667,153.309116585482
2019-02-19,2019,2,19,7.65833333333333,470.5125,130.73,288.12708,0.59,5.62068,"Late","DFG2019",2018-11-08,103,0.733929923830251,158.336717711932
2020-02-04,2020,2,4,4.91666666666667,603.279166666667,98.79,292.07376,1.01,4.87872,"Early","DFG2020",2019-10-24,103,0.992282033898304,82.9590545876854
2020-02-24,2020,2,24,6.175,567.658333333333,138.07,271.97964,6.27,2.9754,"Late","DFG2020",2019-11-13,103,0.481846153846154,79.5193613124842
2021-02-02,2021,2,2,0.979166666666667,555.170833333333,117.94,261.54864,8.47,1.72008,"Early","DFG2021",2020-10-22,103,1.75667744680851,80.4515773263495
2021-02-16,2021,2,16,3.51666666666667,398.595833333333,120.61,259.63884,0.13,4.82076,"Late","DFG2021",2020-11-05,103,1.37083222748815,77.446597030475
2019-02-06,2019,2,6,4.00833333333333,498.091666666667,125.99,269.06328,0,3.73284,"Early","DFG2019",2018-10-25,104,0.931269854469855,154.240386439952
2019-02-20,2019,2,20,6.95,477.4625,130.73,294.1506,0,6.02352,"Late","DFG2019",2018-11-08,104,0.866693525179856,159.203411237112
2020-02-05,2020,2,5,2.70833333333333,605.9875,98.79,299.6586,0,7.58484,"Early","DFG2020",2019-10-24,104,2.80055630769231,85.7596108953777
2020-02-25,2020,2,25,7.30833333333333,574.966666666667,139.81,279.76752,1.74,7.78788,"Late","DFG2020",2019-11-13,104,1.06561641961232,80.5849777320965
2021-02-03,2021,2,3,6.60416666666667,561.775,127.97,262.9872,10.03,1.43856,"Early","DFG2021",2020-10-22,104,0.217826119873817,80.6694034462233
2021-02-17,2021,2,17,6.51666666666667,405.1125,121.57,267.3414,0.96,7.70256,"Late","DFG2021",2020-11-05,104,1.18197851662404,78.6285755470991
2019-02-07,2019,2,7,4.73333333333333,502.825,126.05,273.87648,0.06,4.8132,"Early","DFG2019",2018-10-25,105,1.01687323943662,155.257259679388
2019-02-21,2019,2,21,8.75833333333333,486.220833333333,131.26,298.77552,0.53,4.62492,"Late","DFG2019",2018-11-08,105,0.528059372026641,159.731470609139
2020-02-06,2020,2,6,4.20416666666667,610.191666666667,98.79,301.09608,0,1.43748,"Early","DFG2020",2019-10-24,105,0.341917938553022,86.1015288339308
2020-02-26,2020,2,26,3.10416666666667,578.070833333333,148.35,283.92372,8.54,4.1562,"Late","DFG2020",2019-11-13,105,1.33891006711409,81.9238877992106
2021-02-04,2021,2,4,4.05416666666667,565.829166666667,129.68,264.52152,1.71,1.53432,"Early","DFG2021",2020-10-22,105,0.378455087358684,81.0478585335819
2021-02-18,2021,2,18,7.36666666666667,412.479166666667,123.15,272.64564,1.58,5.30424,"Late","DFG2021",2020-11-05,105,0.72003257918552,79.3486081262846
2019-02-08,2019,2,8,6.8625,509.6875,126.05,277.78104,0,3.90456,"Early","DFG2019",2018-10-25,106,0.568970491803279,155.826230171191
2019-02-22,2019,2,22,5.65416666666667,491.875,131.26,301.1256,0,2.35008,"Late","DFG2019",2018-11-08,106,0.415636845983787,160.147107455122
2020-02-07,2020,2,7,4.5375,614.729166666667,98.79,303.95052,0,2.85444,"Early","DFG2020",2019-10-24,106,0.629077685950413,86.7306065198812
2020-02-27,2020,2,27,3.42916666666667,581.5,148.69,289.3986,0.34,5.47488,"Late","DFG2020",2019-11-13,106,1.59656281895504,83.5204506181657
2021-02-05,2021,2,5,2.10833333333333,567.9375,135.04,265.34916,5.36,0.82764,"Early","DFG2021",2020-10-22,106,0.392556521739131,81.4404150553211
2021-02-19,2021,2,19,7.29583333333333,419.775,123.18,281.6784,0.03,9.03276,"Late","DFG2021",2020-11-05,106,1.23807104511708,80.5866791714017
2019-02-09,2019,2,9,7.94166666666667,517.629166666667,127.32,281.5992,1.27,3.81816,"Early","DFG2019",2018-10-25,107,0.480775655823714,156.307005827015
2019-02-23,2019,2,23,2.99583333333333,494.870833333333,131.26,311.2794,0,10.1538,"Late","DFG2019",2018-11-08,107,3.3893073713491,163.536414826472
2020-02-08,2020,2,8,5.20416666666667,619.933333333333,98.79,308.39976,0,4.44924,"Early","DFG2020",2019-10-24,107,0.854938030424339,87.5855445503055
2020-02-28,2020,2,28,4.175,585.675,155.57,298.81044,6.88,9.41184,"Late","DFG2020",2019-11-13,107,2.25433293413174,85.7747835522974
2021-02-06,2021,2,6,0,567.9375,135.1,266.517,0.06,1.16784,"Early","DFG2021",2020-10-22,107,0,81.4404150553211
2021-02-20,2021,2,20,9.77916666666667,429.554166666667,123.18,290.44584,0,8.76744,"Late","DFG2021",2020-11-05,107,0.896542650191734,81.4832218215934
2019-02-10,2019,2,10,6.9875,524.616666666667,134.55,282.87756,7.23,1.27836,"Early","DFG2019",2018-10-25,108,0.182949552772809,156.489955379788
2019-02-24,2019,2,24,6.02916666666667,500.9,131.26,322.02972,0,10.75032,"Late","DFG2019",2018-11-08,108,1.78305238424326,165.319467210715
2020-02-09,2020,2,9,9.50416666666667,629.4375,102.65,311.85864,3.86,3.45888,"Early","DFG2020",2019-10-24,108,0.363933011836913,87.9494775621424
2020-02-29,2020,2,29,8.0875,593.7625,157.95,306.71424,2.38,7.9038,"Late","DFG2020",2019-11-13,108,0.977285935085008,86.7520694873824
2021-02-07,2021,2,7,0,567.9375,137.41,268.25976,2.31,1.74276,"Early","DFG2021",2020-10-22,108,0,81.4404150553211
2021-02-21,2021,2,21,11.7875,441.341666666667,123.18,300.88656,0,10.44072,"Late","DFG2021",2020-11-05,108,0.88574506892895,82.3689668905224
2019-02-11,2019,2,11,5.01666666666667,529.633333333333,135.41,287.32968,0.86,4.45212,"Early","DFG2019",2018-10-25,109,0.887465780730896,157.377421160519
2019-02-25,2019,2,25,6.78333333333333,507.683333333333,131.26,332.80884,0,10.77912,"Late","DFG2019",2018-11-08,109,1.58905945945946,166.908526670174
2020-02-10,2020,2,10,6.83333333333333,636.270833333333,114.21,315.86472,11.56,4.00608,"Early","DFG2020",2019-10-24,109,0.586255609756098,88.5357331718985
2020-03-01,2020,3,1,6.80833333333333,600.570833333333,161.44,314.43444,3.49,7.7202,"Late","DFG2020",2019-11-13,109,1.13393390452876,87.8860033919112
2021-02-08,2021,2,8,0,567.9375,141.25,270.78516,3.84,2.5254,"Early","DFG2021",2020-10-22,109,0,81.4404150553211
2021-02-22,2021,2,22,10.8416666666667,452.183333333333,123.18,310.78152,0,9.89496,"Late","DFG2021",2020-11-05,109,0.912678862413525,83.2816457529359
2019-02-12,2019,2,12,4.27916666666667,533.9125,135.41,292.90032,0,5.57064,"Early","DFG2019",2018-10-25,110,1.30180486854917,158.679226029068
2019-02-26,2019,2,26,6.52083333333333,514.204166666667,131.26,343.97676,0,11.16792,"Late","DFG2019",2018-11-08,110,1.71265226837061,168.621178938545
2020-02-11,2020,2,11,4.07083333333333,640.341666666667,117.17,319.15944,2.96,3.29472,"Early","DFG2020",2019-10-24,110,0.809347799385876,89.3450809712844
2020-03-02,2020,3,2,6.7375,607.308333333333,163.6,325.09224,2.16,10.6578,"Late","DFG2020",2019-11-13,110,1.58186270871985,89.467866100631
2021-02-09,2021,2,9,0,567.9375,141.54,277.16076,0.29,6.3756,"Early","DFG2021",2020-10-22,110,0,81.4404150553211
2021-02-23,2021,2,23,12.3708333333333,464.554166666667,123.18,318.86892,0,8.0874,"Late","DFG2021",2020-11-05,110,0.653747389693501,83.9353931426294
2019-02-13,2019,2,13,6.2875,540.2,135.41,295.18452,0,2.2842,"Early","DFG2019",2018-10-25,111,0.363292246520875,159.042518275589
2019-02-27,2019,2,27,7.79166666666667,521.995833333333,131.26,355.52664,0,11.54988,"Late","DFG2019",2018-11-08,111,1.48233754010695,170.103516478652
2020-02-12,2020,2,12,4.17916666666667,644.520833333333,117.2,325.77552,0.03,6.61608,"Early","DFG2020",2019-10-24,111,1.58310987038883,90.9281908416732
2020-03-03,2020,3,3,5.2125,612.520833333333,167.78,333.04104,4.18,7.9488,"Late","DFG2020",2019-11-13,111,1.52494964028777,90.9928157409188
2021-02-10,2021,2,10,0,567.9375,141.57,282.06612,0.03,4.90536,"Early","DFG2021",2020-10-22,111,0,81.4404150553211
2021-02-24,2021,2,24,13.6333333333333,478.1875,123.18,328.58712,0,9.7182,"Late","DFG2021",2020-11-05,111,0.712826405867972,84.6482195484974
2019-02-14,2019,2,14,5.42916666666667,545.629166666667,135.41,303.32988,0,8.14536,"Early","DFG2019",2018-10-25,112,1.50029654643131,160.54281482202
2019-02-28,2019,2,28,8.40416666666667,530.4,131.6,363.28968,0.34,7.76304,"Late","DFG2019",2018-11-08,112,0.923713237481408,171.027229716133
2020-02-13,2020,2,13,3.09583333333333,647.616666666667,120.09,327.23568,2.89,1.46016,"Early","DFG2020",2019-10-24,112,0.4716532974428,91.399844139116
2020-03-04,2020,3,4,3.64583333333333,616.166666666667,169.21,338.69736,1.43,5.65632,"Late","DFG2020",2019-11-13,112,1.55144777142857,92.5442635123474
2021-02-11,2021,2,11,0,567.9375,141.6,290.36664,0.03,8.30052,"Early","DFG2021",2020-10-22,112,0,81.4404150553211
2021-02-25,2021,2,25,12.5083333333333,490.695833333333,123.58,338.79744,0.4,10.21032,"Late","DFG2021",2020-11-05,112,0.816281412391741,85.4645009608891
2019-02-15,2019,2,15,6.92083333333333,552.55,135.41,312.24888,0,8.919,"Early","DFG2019",2018-10-25,113,1.28871763997592,161.831532461996
2019-03-01,2019,3,1,6.4875,536.8875,132.41,365.18292,0.81,1.89324,"Late","DFG2019",2018-11-08,113,0.291828901734104,171.319058617867
2020-02-14,2020,2,14,6.10833333333333,653.725,120.33,330.33168,0.24,3.096,"Early","DFG2020",2019-10-24,113,0.506848567530696,91.9066927066467
2020-03-05,2020,3,5,5.51666666666667,621.683333333333,170.29,344.95884,1.08,6.26148,"Late","DFG2020",2019-11-13,113,1.13501148036254,93.6792749927099
2021-02-12,2021,2,12,0,567.9375,141.69,297.56268,0.09,7.19604,"Early","DFG2021",2020-10-22,113,0,81.4404150553211
2021-02-26,2021,2,26,7.30833333333333,498.004166666667,125.06,346.21416,1.48,7.41672,"Late","DFG2021",2020-11-05,113,1.01483055872292,86.479331519612
2019-02-16,2019,2,16,8.64166666666667,561.191666666667,135.41,321.52464,0,9.27576,"Early","DFG2019",2018-10-25,114,1.0733762777242,162.90490873972
2019-03-02,2019,3,2,5.99166666666667,542.879166666667,132.41,370.15632,0,4.9734,"Late","DFG2019",2018-11-08,114,0.830052851182197,172.14911146905
2020-02-15,2020,2,15,8.02916666666667,661.754166666667,120.33,336.31128,0,5.9796,"Early","DFG2020",2019-10-24,114,0.744734820965231,92.651427527612
2020-03-06,2020,3,6,4.525,626.208333333333,180.18,347.0904,9.89,2.13156,"Late","DFG2020",2019-11-13,114,0.471062983425414,94.1503379761353
2021-02-13,2021,2,13,0,567.9375,141.72,303.61428,0.03,6.0516,"Early","DFG2021",2020-10-22,114,0,81.4404150553211
2021-02-27,2021,2,27,4.5875,502.591666666667,125.06,348.27408,0,2.05992,"Late","DFG2021",2020-11-05,114,0.449028882833787,86.9283604024458
2019-02-17,2019,2,17,7.25833333333333,568.45,135.41,329.99796,0,8.47332,"Early","DFG2019",2018-10-25,115,1.16739196326062,164.072300702981
2019-03-03,2019,3,3,10.4375,553.316666666667,132.67,372.546,0.26,2.38968,"Late","DFG2019",2018-11-08,115,0.228951377245509,172.378062846295
2020-02-16,2020,2,16,12.6666666666667,674.420833333333,122.47,338.17428,2.14,1.863,"Early","DFG2020",2019-10-24,115,0.147078947368421,92.7985064749804
2020-03-07,2020,3,7,4.77083333333333,630.979166666667,180.18,352.827,0,5.7366,"Late","DFG2020",2019-11-13,115,1.20243144104804,95.3527694171834
2021-02-14,2021,2,14,0,567.9375,141.79,311.48424,0.07,7.86996,"Early","DFG2021",2020-10-22,115,0,81.4404150553211
2021-02-28,2021,2,28,3.32083333333333,505.9125,125.09,351.9594,0.03,3.68532,"Late","DFG2021",2020-11-05,115,1.10975759096612,88.0381179934119
2019-02-18,2019,2,18,8.6,577.05,135.41,339.37884,0,9.38088,"Early","DFG2019",2018-10-25,116,1.0908,165.163100702981
2019-03-04,2019,3,4,9.1875,562.504166666667,134.81,378.75708,2.14,6.21108,"Late","DFG2019",2018-11-08,116,0.676035918367347,173.054098764662
2020-02-17,2020,2,17,8.0125,682.433333333333,124.6,344.33136,2.13,6.15708,"Early","DFG2020",2019-10-24,116,0.768434321372855,93.5669407963533
2020-03-08,2020,3,8,8.27083333333333,639.25,180.18,360.61884,0,7.79184,"Late","DFG2020",2019-11-13,116,0.942086448362721,96.2948558655461
2021-02-15,2021,2,15,0,567.9375,143.72,314.47008,1.93,2.98584,"Early","DFG2021",2020-10-22,116,0,81.4404150553211
2021-03-01,2021,3,1,3.60416666666667,509.516666666667,125.15,358.8138,0.06,6.8544,"Late","DFG2021",2020-11-05,116,1.90179884393063,89.9399168373426
2019-02-19,2019,2,19,7.65833333333333,584.708333333333,136,344.99952,0.59,5.62068,"Early","DFG2019",2018-10-25,117,0.733929923830251,165.897030626811
2019-03-05,2019,3,5,5.82083333333333,568.325,136.12,386.36856,1.31,7.61148,"Late","DFG2019",2018-11-08,117,1.30762720114531,174.361725965808
2020-02-18,2020,2,18,6.6875,689.120833333333,126.41,351.05796,1.81,6.7266,"Early","DFG2020",2019-10-24,117,1.00584672897196,94.5727875253252
2020-03-09,2020,3,9,7.78333333333333,647.033333333333,180.37,367.80552,0.19,7.18668,"Late","DFG2020",2019-11-13,117,0.923342184154176,97.2181980497003
2021-02-16,2021,2,16,3.51666666666667,571.454166666667,143.85,319.29084,0.13,4.82076,"Early","DFG2021",2020-10-22,117,1.37083222748815,82.8112472828092
2021-03-02,2021,3,2,3.80833333333333,513.325,125.21,368.80632,0.06,9.99252,"Late","DFG2021",2020-11-05,117,2.62385645514223,92.5637732924848
2019-02-20,2019,2,20,6.95,591.658333333333,136,351.02304,0,6.02352,"Early","DFG2019",2018-10-25,118,0.866693525179856,166.763724151991
2019-03-06,2019,3,6,8.55416666666667,576.879166666667,136.12,392.2038,0,5.83524,"Late","DFG2019",2018-11-08,118,0.68215177788602,175.043877743694
2020-02-19,2020,2,19,5.225,694.345833333333,129.92,355.8168,3.51,4.75884,"Early","DFG2020",2019-10-24,118,0.910782775119617,95.4835703004448
2020-03-10,2020,3,10,8.55833333333333,655.591666666667,186.06,370.64916,5.69,2.84364,"Late","DFG2020",2019-11-13,118,0.332265628042843,97.5504636777431
2021-02-17,2021,2,17,6.51666666666667,577.970833333333,144.81,326.9934,0.96,7.70256,"Early","DFG2021",2020-10-22,118,1.18197851662404,83.9932257994333
2021-03-03,2021,3,3,7.35416666666667,520.679166666667,125.21,377.97696,0,9.17064,"Late","DFG2021",2020-11-05,118,1.24699920679887,93.8107724992837
2019-02-21,2019,2,21,8.75833333333333,600.416666666667,136.53,355.64796,0.53,4.62492,"Early","DFG2019",2018-10-25,119,0.528059372026641,167.291783524018
2019-03-07,2019,3,7,10.6208333333333,587.5,136.97,402.4008,0.85,10.197,"Late","DFG2019",2018-11-08,119,0.960094154570423,176.003971898264
2020-02-20,2020,2,20,6.15,700.495833333333,133.48,358.76016,3.56,2.94336,"Early","DFG2020",2019-10-24,119,0.478595121951219,95.962165422396
2020-03-11,2020,3,11,10.5833333333333,666.175,187.94,377.3952,1.88,6.74604,"Late","DFG2020",2019-11-13,119,0.637421102362207,98.1878847801053
2021-02-18,2021,2,18,7.36666666666667,585.3375,146.39,332.29764,1.58,5.30424,"Early","DFG2021",2020-10-22,119,0.72003257918552,84.7132583786188
2021-03-04,2021,3,4,3.06666666666667,523.745833333333,125.34,380.15532,0.13,2.17836,"Late","DFG2021",2020-11-05,119,0.710334782608695,94.5211072818924
2019-02-22,2019,2,22,5.65416666666667,606.070833333333,136.53,357.99804,0,2.35008,"Early","DFG2019",2018-10-25,120,0.415636845983787,167.707420370002
2019-03-08,2019,3,8,7.20833333333333,594.708333333333,137.1,408.69072,0.13,6.28992,"Late","DFG2019",2018-11-08,120,0.872590057803469,176.876561956068
2020-02-21,2020,2,21,6.29583333333333,706.791666666667,133.57,365.31864,0.09,6.55848,"Early","DFG2020",2019-10-24,120,1.04171753805427,97.0038829604503
2020-03-12,2020,3,12,9.3,675.475,189.67,390.2616,1.73,12.8664,"Late","DFG2020",2019-11-13,120,1.38348387096774,99.5713686510731
2021-02-19,2021,2,19,7.29583333333333,592.633333333333,146.42,341.3304,0.03,9.03276,"Early","DFG2021",2020-10-22,120,1.23807104511708,85.9513294237359
2021-03-05,2021,3,5,1.5875,525.333333333333,125.34,392.04,0,11.88468,"Late","DFG2021",2020-11-05,120,7.4864125984252,102.007519880318
2019-02-23,2019,2,23,2.99583333333333,609.066666666667,136.53,368.15184,0,10.1538,"Early","DFG2019",2018-10-25,121,3.3893073713491,171.096727741351
2019-03-09,2019,3,9,7.62083333333333,602.329166666667,143.4,415.37556,6.3,6.68484,"Late","DFG2019",2018-11-08,121,0.877179661016949,177.753741617085
2020-02-22,2020,2,22,8.575,715.366666666667,139.62,369.64836,6.05,4.32972,"Early","DFG2020",2019-10-24,121,0.50492361516035,97.5088065756107
2020-03-13,2020,3,13,6.24583333333333,681.720833333333,190.78,400.71312,1.11,10.45152,"Late","DFG2020",2019-11-13,121,1.67335877251501,101.244727423588
2021-02-20,2021,2,20,9.77916666666667,602.4125,146.42,350.09784,0,8.76744,"Early","DFG2021",2020-10-22,121,0.896542650191734,86.8478720739276
2021-03-06,2021,3,6,1.76666666666667,527.1,125.34,399.00132,0,6.96132,"Late","DFG2021",2020-11-05,121,3.94036981132075,105.947889691638
2019-02-24,2019,2,24,6.02916666666667,615.095833333333,136.53,378.90216,0,10.75032,"Early","DFG2019",2018-10-25,122,1.78305238424326,172.879780125594
2019-03-10,2019,3,10,3.9625,606.291666666667,161.67,417.60648,18.27,2.23092,"Late","DFG2019",2018-11-08,122,0.563008201892744,178.316749818977
2020-02-23,2020,2,23,7.85,723.216666666667,151.52,371.48184,11.9,1.83348,"Early","DFG2020",2019-10-24,122,0.233564331210191,97.7423709068209
2020-03-14,2020,3,14,4.69166666666667,686.4125,190.78,414.61704,0,13.90392,"Late","DFG2020",2019-11-13,122,2.96353534635879,104.208262769947
2021-02-21,2021,2,21,11.7875,614.2,146.42,360.53856,0,10.44072,"Early","DFG2021",2020-10-22,122,0.88574506892895,87.7336171428565
2021-03-07,2021,3,7,2.75416666666667,529.854166666667,125.5,403.9002,0.16,4.89888,"Late","DFG2021",2020-11-05,122,1.77871588502269,107.726605576661
2019-02-25,2019,2,25,6.78333333333333,621.879166666667,136.53,389.68128,0,10.77912,"Early","DFG2019",2018-10-25,123,1.58905945945946,174.468839585053
2019-03-11,2019,3,11,3.5875,609.879166666667,165.16,424.78452,3.49,7.17804,"Late","DFG2019",2018-11-08,123,2.00084738675958,180.317597205737
2020-02-24,2020,2,24,6.175,729.391666666667,157.79,374.45724,6.27,2.9754,"Early","DFG2020",2019-10-24,123,0.481846153846154,98.224217060667
2020-03-15,2020,3,15,8.725,695.1375,190.78,427.27212,0,12.65508,"Late","DFG2020",2019-11-13,123,1.45043896848138,105.658701738428
2021-02-22,2021,2,22,10.8416666666667,625.041666666667,146.42,370.43352,0,9.89496,"Early","DFG2021",2020-10-22,123,0.912678862413525,88.6462960052701
2021-03-08,2021,3,8,2.9,532.754166666667,125.57,417.45996,0.07,13.55976,"Late","DFG2021",2020-11-05,123,4.67577931034483,112.402384887006
2019-02-26,2019,2,26,6.52083333333333,628.4,136.53,400.8492,0,11.16792,"Early","DFG2019",2018-10-25,124,1.71265226837061,176.181491853424
2019-03-12,2019,3,12,6.17916666666667,616.058333333333,165.19,431.41788,0.03,6.63336,"Late","DFG2019",2018-11-08,124,1.07350397842212,181.391101184159
2020-02-25,2020,2,25,7.30833333333333,736.7,159.53,382.24512,1.74,7.78788,"Early","DFG2020",2019-10-24,124,1.06561641961232,99.2898334802793
2020-03-16,2020,3,16,9.98333333333333,705.120833333333,190.78,440.66664,0,13.39452,"Late","DFG2020",2019-11-13,124,1.34168814691152,107.00038988534
2021-02-23,2021,2,23,12.3708333333333,637.4125,146.42,378.52092,0,8.0874,"Early","DFG2021",2020-10-22,124,0.653747389693501,89.3000433949636
2021-03-09,2021,3,9,2.22916666666667,534.983333333333,129.46,419.9184,3.89,2.45844,"Late","DFG2021",2020-11-05,124,1.10285158878504,113.505236475791
2019-02-27,2019,2,27,7.79166666666667,636.191666666667,136.53,412.39908,0,11.54988,"Early","DFG2019",2018-10-25,125,1.48233754010695,177.663829393531
2019-03-13,2019,3,13,6.00416666666667,622.0625,168.9,435.51396,3.71,4.09608,"Late","DFG2019",2018-11-08,125,0.682206245662734,182.073307429822
2020-02-26,2020,2,26,3.10416666666667,739.804166666667,168.07,386.40132,8.54,4.1562,"Early","DFG2020",2019-10-24,125,1.33891006711409,100.628743547393
2020-03-17,2020,3,17,9.975,715.095833333333,190.78,455.38164,0,14.715,"Late","DFG2020",2019-11-13,125,1.47518796992481,108.475577855265
2021-02-24,2021,2,24,13.6333333333333,651.045833333333,146.42,388.23912,0,9.7182,"Early","DFG2021",2020-10-22,125,0.712826405867972,90.0128698008316
2021-03-10,2021,3,10,5.3375,540.320833333333,129.73,428.04144,0.27,8.12304,"Late","DFG2021",2020-11-05,125,1.52188103044496,115.027117506236
2019-02-28,2019,2,28,8.40416666666667,644.595833333333,136.87,420.16212,0.34,7.76304,"Early","DFG2019",2018-10-25,126,0.923713237481408,178.587542631012
2019-03-14,2019,3,14,6.25416666666667,628.316666666667,176.55,438.33816,7.65,2.8242,"Late","DFG2019",2018-11-08,126,0.451570952698201,182.52487838252
2020-02-27,2020,2,27,3.42916666666667,743.233333333333,168.41,391.8762,0.34,5.47488,"Early","DFG2020",2019-10-24,126,1.59656281895504,102.225306366348
2020-03-18,2020,3,18,10.6791666666667,725.775,190.78,468.66636,0,13.28472,"Late","DFG2020",2019-11-13,126,1.24398470542333,109.719562560688
2021-02-25,2021,2,25,12.5083333333333,663.554166666667,146.82,398.44944,0.4,10.21032,"Early","DFG2021",2020-10-22,126,0.816281412391741,90.8291512132233
2021-03-11,2021,3,11,8.3625,548.683333333333,135.39,435.66012,5.66,7.61868,"Late","DFG2021",2020-11-05,126,0.911052914798206,115.938170421034
2019-03-01,2019,3,1,6.4875,651.083333333333,137.68,422.05536,0.81,1.89324,"Early","DFG2019",2018-10-25,127,0.291828901734104,178.879371532746
2019-03-15,2019,3,15,8.0125,636.329166666667,176.9,442.53864,0.35,4.20048,"Late","DFG2019",2018-11-08,127,0.524240873634945,183.049119256155
2020-02-28,2020,2,28,4.175,747.408333333333,175.29,401.28804,6.88,9.41184,"Early","DFG2020",2019-10-24,127,2.25433293413174,104.47963930048
2020-03-19,2020,3,19,10.1333333333333,735.908333333333,190.78,477.9378,0,9.27144,"Late","DFG2020",2019-11-13,127,0.914944736842108,110.63450729753
2021-02-26,2021,2,26,7.30833333333333,670.8625,148.3,405.86616,1.48,7.41672,"Early","DFG2021",2020-10-22,127,1.01483055872292,91.8439817719462
2021-03-12,2021,3,12,6.69583333333333,555.379166666667,138.8,446.967,3.41,11.30688,"Late","DFG2021",2020-11-05,127,1.68864418170504,117.626814602739
2019-03-02,2019,3,2,5.99166666666667,657.075,137.68,427.02876,0,4.9734,"Early","DFG2019",2018-10-25,128,0.830052851182197,179.709424383929
2019-03-16,2019,3,16,8.0875,644.416666666667,179.64,445.167,2.74,2.62836,"Late","DFG2019",2018-11-08,128,0.324990417310665,183.374109673466
2020-02-29,2020,2,29,8.0875,755.495833333333,177.67,409.19184,2.38,7.9038,"Early","DFG2020",2019-10-24,128,0.977285935085008,105.456925235565
2020-03-20,2020,3,20,7.1,743.008333333333,194.72,481.78044,3.94,3.84264,"Late","DFG2020",2019-11-13,128,0.541216901408451,111.175724198938
2021-02-27,2021,2,27,4.5875,675.45,148.3,407.92608,0,2.05992,"Early","DFG2021",2020-10-22,128,0.449028882833787,92.29301065478
2021-03-13,2021,3,13,5.92916666666667,561.308333333333,146.63,452.26224,7.83,5.29524,"Late","DFG2021",2020-11-05,128,0.893083345045678,118.519897947785
2019-03-03,2019,3,3,10.4375,667.5125,137.94,429.41844,0.26,2.38968,"Early","DFG2019",2018-10-25,129,0.228951377245509,179.938375761174
2019-03-17,2019,3,17,7.57916666666667,651.995833333333,180.63,451.26216,0.99,6.09516,"Late","DFG2019",2018-11-08,129,0.804199230346344,184.178308903812
2020-03-01,2020,3,1,6.80833333333333,762.304166666667,181.16,416.91204,3.49,7.7202,"Early","DFG2020",2019-10-24,129,1.13393390452876,106.590859140094
2020-03-21,2020,3,21,3.3,746.308333333333,194.72,493.0362,0,11.25576,"Late","DFG2020",2019-11-13,129,3.41083636363636,114.586560562575
2021-02-28,2021,2,28,3.32083333333333,678.770833333333,148.33,411.6114,0.03,3.68532,"Early","DFG2021",2020-10-22,129,1.10975759096612,93.4027682457461
2021-03-14,2021,3,14,5.74166666666667,567.05,147.99,462.14604,1.36,9.8838,"Late","DFG2021",2020-11-05,129,1.72141654571843,120.241314493503
2019-03-04,2019,3,4,9.1875,676.7,140.08,435.62952,2.14,6.21108,"Early","DFG2019",2018-10-25,130,0.676035918367347,180.614411679541
2019-03-18,2019,3,18,4.69583333333333,656.691666666667,184.53,461.72304,3.9,10.46088,"Late","DFG2019",2018-11-08,130,2.22769405501331,186.406002958825
2020-03-02,2020,3,2,6.7375,769.041666666667,183.32,427.56984,2.16,10.6578,"Early","DFG2020",2019-10-24,130,1.58186270871985,108.172721848814
2020-03-22,2020,3,22,2.04166666666667,748.35,194.72,510.73236,0,17.69616,"Late","DFG2020",2019-11-13,130,8.6675069387755,123.25406750135
2021-03-01,2021,3,1,3.60416666666667,682.375,148.39,418.4658,0.06,6.8544,"Early","DFG2021",2020-10-22,130,1.90179884393063,95.3045670896768
2021-03-15,2021,3,15,4.875,571.925,151.25,470.142,3.26,7.99596,"Late","DFG2021",2020-11-05,130,1.64019692307692,121.88151141658
2019-03-05,2019,3,5,5.82083333333333,682.520833333333,141.39,443.241,1.31,7.61148,"Early","DFG2019",2018-10-25,131,1.30762720114531,181.922038880687
2019-03-19,2019,3,19,4.37916666666667,661.070833333333,184.53,472.83192,0,11.10888,"Late","DFG2019",2018-11-08,131,2.53675661274976,188.942759571575
2020-03-03,2020,3,3,5.2125,774.254166666667,187.5,435.51864,4.18,7.9488,"Early","DFG2020",2019-10-24,131,1.52494964028777,109.697671489102
2020-03-23,2020,3,23,1.78333333333333,750.133333333333,194.72,528.40044,0,17.66808,"Late","DFG2020",2019-11-13,131,9.90733457943927,133.16140208079
2021-03-02,2021,3,2,3.80833333333333,686.183333333333,148.45,428.45832,0.06,9.99252,"Early","DFG2021",2020-10-22,131,2.62385645514223,97.928423544819
2021-03-16,2021,3,16,4.40833333333333,576.333333333333,151.44,479.5452,0.19,9.4032,"Late","DFG2021",2020-11-05,131,2.13305103969754,124.014562456278
2019-03-06,2019,3,6,8.55416666666667,691.075,141.39,449.07624,0,5.83524,"Early","DFG2019",2018-10-25,132,0.68215177788602,182.604190658573
2019-03-20,2019,3,20,6.92916666666667,668,184.53,483.62508,0,10.79316,"Late","DFG2019",2018-11-08,132,1.55764185207456,190.50040142365
2020-03-04,2020,3,4,3.64583333333333,777.9,188.93,441.17496,1.43,5.65632,"Early","DFG2020",2019-10-24,132,1.55144777142857,111.24911926053
2020-03-24,2020,3,24,2.83333333333333,752.966666666667,194.72,546.08832,0,17.68788,"Late","DFG2020",2019-11-13,132,6.2427811764706,139.40418325726
2021-03-03,2021,3,3,7.35416666666667,693.5375,148.45,437.62896,0,9.17064,"Early","DFG2021",2020-10-22,132,1.24699920679887,99.1754227516179
2021-03-17,2021,3,17,3.3375,579.670833333333,152.16,488.76912,0.72,9.22392,"Late","DFG2021",2020-11-05,132,2.76372134831461,126.778283804592
2019-03-07,2019,3,7,10.6208333333333,701.695833333333,142.24,459.27324,0.85,10.197,"Early","DFG2019",2018-10-25,133,0.960094154570423,183.564284813143
2019-03-21,2019,3,21,10.4958333333333,678.495833333333,184.53,496.37988,0,12.7548,"Late","DFG2019",2018-11-08,133,1.21522508932116,191.715626512971
2020-03-05,2020,3,5,5.51666666666667,783.416666666667,190.01,447.43644,1.08,6.26148,"Early","DFG2020",2019-10-24,133,1.13501148036254,112.384130740893
2020-03-25,2020,3,25,3.45416666666667,756.420833333333,194.72,564.1884,0,18.10008,"Late","DFG2020",2019-11-13,133,5.24007141133896,144.644254668599
2021-03-04,2021,3,4,3.06666666666667,696.604166666667,148.58,439.80732,0.13,2.17836,"Early","DFG2021",2020-10-22,133,0.710334782608695,99.8857575342265
2021-03-18,2021,3,18,1.375,581.045833333333,152.28,493.40808,0.12,4.63896,"Late","DFG2021",2020-11-05,133,3.37378909090909,130.152072895501
2019-03-08,2019,3,8,7.20833333333333,708.904166666667,142.37,465.56316,0.13,6.28992,"Early","DFG2019",2018-10-25,134,0.872590057803469,184.436874870947
2019-03-22,2019,3,22,10.4625,688.958333333333,184.56,511.44768,0.03,15.0678,"Late","DFG2019",2018-11-08,134,1.44017204301075,193.155798555981
2020-03-06,2020,3,6,4.525,787.941666666667,199.9,449.568,9.89,2.13156,"Early","DFG2020",2019-10-24,134,0.471062983425414,112.855193724318
2020-03-26,2020,3,26,4.85,761.270833333333,194.72,581.58972,0,17.40132,"Late","DFG2020",2019-11-13,134,3.58790103092783,148.232155699527
2021-03-05,2021,3,5,1.5875,698.191666666667,148.58,451.692,0,11.88468,"Early","DFG2021",2020-10-22,134,7.4864125984252,107.372170132652
2021-03-19,2021,3,19,1.90416666666667,582.95,152.28,506.45952,0,13.05144,"Late","DFG2021",2020-11-05,134,6.85414792122537,137.006220816727
2019-03-09,2019,3,9,7.62083333333333,716.525,148.67,472.248,6.3,6.68484,"Early","DFG2019",2018-10-25,135,0.877179661016949,185.314054531964
2019-03-23,2019,3,23,8.3125,697.270833333333,184.59,518.13972,0.03,6.69204,"Late","DFG2019",2018-11-08,135,0.805057443609023,193.96085599959
2020-03-07,2020,3,7,4.77083333333333,792.7125,199.9,455.3046,0,5.7366,"Early","DFG2020",2019-10-24,135,1.20243144104804,114.057625165366
2020-03-27,2020,3,27,8.45833333333333,769.729166666667,194.72,598.0122,0,16.42248,"Late","DFG2020",2019-11-13,135,1.94157399014778,150.173729689675
2021-03-06,2021,3,6,1.76666666666667,699.958333333333,148.58,458.65332,0,6.96132,"Early","DFG2021",2020-10-22,135,3.94036981132075,111.312539943972
2021-03-20,2021,3,20,1.575,584.525,152.28,517.20732,0,10.7478,"Late","DFG2021",2020-11-05,135,6.824,143.830220816727
2019-03-10,2019,3,10,3.9625,720.4875,166.94,474.47892,18.27,2.23092,"Early","DFG2019",2018-10-25,136,0.563008201892744,185.877062733856
2019-03-24,2019,3,24,5.05,702.320833333333,184.59,528.67296,0,10.53324,"Late","DFG2019",2018-11-08,136,2.0857900990099,196.0466460986
2020-03-08,2020,3,8,8.27083333333333,800.983333333333,199.9,463.09644,0,7.79184,"Early","DFG2020",2019-10-24,136,0.942086448362721,114.999711613729
2020-03-28,2020,3,28,6.90416666666667,776.633333333333,194.72,615.4344,0,17.4222,"Late","DFG2020",2019-11-13,136,2.52343270971635,152.697162399391
2021-03-07,2021,3,7,2.75416666666667,702.7125,148.74,463.5522,0.16,4.89888,"Early","DFG2021",2020-10-22,136,1.77871588502269,113.091255828995
2021-03-21,2021,3,21,5.47916666666667,590.004166666667,152.34,524.19204,0.06,6.98472,"Late","DFG2021",2020-11-05,136,1.27477779467681,145.104998611404
2019-03-11,2019,3,11,3.5875,724.075,170.43,481.65696,3.49,7.17804,"Early","DFG2019",2018-10-25,137,2.00084738675958,187.877910120616
2019-03-25,2019,3,25,5.20833333333333,707.529166666667,188.11,537.36012,3.52,8.68716,"Late","DFG2019",2018-11-08,137,1.66793472,197.7145808186
2020-03-09,2020,3,9,7.78333333333333,808.766666666667,200.09,470.28312,0.19,7.18668,"Early","DFG2020",2019-10-24,137,0.923342184154176,115.923053797883
2020-03-29,2020,3,29,2.76666666666667,779.4,195.91,619.94844,1.19,4.51404,"Late","DFG2020",2019-11-13,137,1.63158072289156,154.328743122283
2021-03-08,2021,3,8,2.9,705.6125,148.81,477.11196,0.07,13.55976,"Early","DFG2021",2020-10-22,137,4.67577931034483,117.76703513934
2021-03-22,2021,3,22,5.92083333333333,595.925,152.34,534.81708,0,10.62504,"Late","DFG2021",2020-11-05,137,1.79451766361717,146.899516275021
2019-03-12,2019,3,12,6.17916666666667,730.254166666667,170.46,488.29032,0.03,6.63336,"Early","DFG2019",2018-10-25,138,1.07350397842212,188.951414099038
2019-03-26,2019,3,26,5.9,713.429166666667,189.05,543.67092,0.94,6.3108,"Late","DFG2019",2018-11-08,138,1.06962711864407,198.784207937244
2020-03-10,2020,3,10,8.55833333333333,817.325,205.78,473.12676,5.69,2.84364,"Early","DFG2020",2019-10-24,138,0.332265628042843,116.255319425926
2020-03-30,2020,3,30,0.758333333333333,780.158333333333,196.46,626.08968,0.55,6.14124,"Late","DFG2020",2019-11-13,138,8.09833846153846,162.427081583821
2021-03-09,2021,3,9,2.22916666666667,707.841666666667,152.7,479.5704,3.89,2.45844,"Early","DFG2021",2020-10-22,138,1.10285158878504,118.869886728125
2021-03-23,2021,3,23,6.25,602.175,152.34,540.97632,0,6.15924,"Late","DFG2021",2020-11-05,138,0.9854784,147.884994675021
2019-03-13,2019,3,13,6.00416666666667,736.258333333333,174.17,492.3864,3.71,4.09608,"Early","DFG2019",2018-10-25,139,0.682206245662734,189.633620344701
2019-03-27,2019,3,27,7.78333333333333,721.2125,189.05,554.78844,0,11.11752,"Late","DFG2019",2018-11-08,139,1.42837516059957,200.212583097844
2020-03-11,2020,3,11,10.5833333333333,827.908333333333,207.66,479.8728,1.88,6.74604,"Early","DFG2020",2019-10-24,139,0.637421102362207,116.892740528288
2020-03-31,2020,3,31,1.70416666666667,781.8625,196.46,642.63924,0,16.54956,"Late","DFG2020",2019-11-13,139,9.71123325183372,172.138314835655
2021-03-10,2021,3,10,5.3375,713.179166666667,152.97,487.69344,0.27,8.12304,"Early","DFG2021",2020-10-22,139,1.52188103044496,120.39176775857
2021-03-24,2021,3,24,8.00416666666667,610.179166666667,152.34,557.15292,0,16.1766,"Late","DFG2021",2020-11-05,139,2.02102238417491,149.906017059196
2019-03-14,2019,3,14,6.25416666666667,742.5125,181.82,495.2106,7.65,2.8242,"Early","DFG2019",2018-10-25,140,0.451570952698201,190.085191297399
2019-03-28,2019,3,28,9.98333333333333,731.195833333333,189.26,564.8868,0.21,10.09836,"Late","DFG2019",2018-11-08,140,1.01152186978297,201.224104967627
2020-03-12,2020,3,12,9.3,837.208333333333,209.39,492.7392,1.73,12.8664,"Early","DFG2020",2019-10-24,140,1.38348387096774,118.276224399256
2020-04-01,2020,4,1,4.07916666666667,785.941666666667,196.46,659.39148,0,16.75224,"Late","DFG2020",2019-11-13,140,4.10677997957099,176.245094815226
2021-03-11,2021,3,11,8.3625,721.541666666667,158.63,495.31212,5.66,7.61868,"Early","DFG2021",2020-10-22,140,0.911052914798206,121.302820673368
2021-03-25,2021,3,25,8.70416666666667,618.883333333333,152.34,565.98732,0,8.8344,"Late","DFG2021",2020-11-05,140,1.01496218286261,150.920979242058
2019-03-15,2019,3,15,8.0125,750.525,182.17,499.41108,0.35,4.20048,"Early","DFG2019",2018-10-25,141,0.524240873634945,190.609432171034
2019-03-29,2019,3,29,11.9333333333333,743.129166666667,189.26,582.42168,0,17.53488,"Late","DFG2019",2018-11-08,141,1.46940335195531,202.693508319582
2020-03-13,2020,3,13,6.24583333333333,843.454166666667,210.5,503.19072,1.11,10.45152,"Early","DFG2020",2019-10-24,141,1.67335877251501,119.949583171771
2020-04-02,2020,4,2,6.35,792.291666666667,196.46,668.376,0,8.98452,"Late","DFG2020",2019-11-13,141,1.41488503937008,177.659979854596
2021-03-12,2021,3,12,6.69583333333333,728.2375,162.04,506.619,3.41,11.30688,"Early","DFG2021",2020-10-22,141,1.68864418170504,122.991464855073
2021-03-26,2021,3,26,11.1,629.983333333333,152.34,581.2938,0,15.30648,"Late","DFG2021",2020-11-05,141,1.37896216216216,152.29994140422
2019-03-16,2019,3,16,8.0875,758.6125,184.91,502.03944,2.74,2.62836,"Early","DFG2019",2018-10-25,142,0.324990417310665,190.934422588345
2019-03-30,2019,3,30,11.5166666666667,754.645833333333,189.26,598.91364,0,16.49196,"Late","DFG2019",2018-11-08,142,1.43200810419681,204.125516423779
2020-03-14,2020,3,14,4.69166666666667,848.145833333333,210.5,517.09464,0,13.90392,"Early","DFG2020",2019-10-24,142,2.96353534635879,122.91311851813
2020-04-03,2020,4,3,7.16666666666667,799.458333333333,196.89,679.73688,0.43,11.36088,"Late","DFG2020",2019-11-13,142,1.58523906976744,179.245218924363
2021-03-13,2021,3,13,5.92916666666667,734.166666666667,169.87,511.91424,7.83,5.29524,"Early","DFG2021",2020-10-22,142,0.893083345045678,123.884548200119
2021-03-27,2021,3,27,5.49166666666667,635.475,157.31,591.91236,4.97,10.61856,"Late","DFG2021",2020-11-05,142,1.93357693474962,154.23351833897
2019-03-17,2019,3,17,7.57916666666667,766.191666666667,185.9,508.1346,0.99,6.09516,"Early","DFG2019",2018-10-25,143,0.804199230346344,191.738621818691
2019-03-31,2019,3,31,7.8125,762.458333333333,189.26,612.67428,0,13.76064,"Late","DFG2019",2018-11-08,143,1.76136192,205.886878343779
2020-03-15,2020,3,15,8.725,856.870833333333,210.5,529.74972,0,12.65508,"Early","DFG2020",2019-10-24,143,1.45043896848138,124.363557486611
2020-04-04,2020,4,4,7.90416666666667,807.3625,196.89,699.87996,0,20.14308,"Late","DFG2020",2019-11-13,143,2.54841286241434,181.793631786778
2021-03-14,2021,3,14,5.74166666666667,739.908333333333,171.23,521.79804,1.36,9.8838,"Early","DFG2021",2020-10-22,143,1.72141654571843,125.605964745837
2021-03-28,2021,3,28,8.10833333333333,643.583333333333,157.31,600.26796,0,8.3556,"Late","DFG2021",2020-11-05,143,1.03049537512847,155.264013714098
2019-03-18,2019,3,18,4.69583333333333,770.8875,189.8,518.59548,3.9,10.46088,"Early","DFG2019",2018-10-25,144,2.22769405501331,193.966315873704
2019-04-01,2019,4,1,5.88333333333333,768.341666666667,189.26,632.403,0,19.72872,"Late","DFG2019",2018-11-08,144,3.35332351274788,209.240201856527
2020-03-16,2020,3,16,9.98333333333333,866.854166666667,210.5,543.14424,0,13.39452,"Early","DFG2020",2019-10-24,144,1.34168814691152,125.705245633523
2020-04-05,2020,4,5,10.1166666666667,817.479166666667,196.89,720.05652,0,20.17656,"Late","DFG2020",2019-11-13,144,1.9943881383855,183.788019925163
2021-03-15,2021,3,15,4.875,744.783333333333,174.49,529.794,3.26,7.99596,"Early","DFG2021",2020-10-22,144,1.64019692307692,127.246161668914
2021-03-29,2021,3,29,13.3625,656.945833333333,157.31,617.5152,0,17.24724,"Late","DFG2021",2020-11-05,144,1.29071955098223,156.554733265081
2019-03-19,2019,3,19,4.37916666666667,775.266666666667,189.8,529.70436,0,11.10888,"Early","DFG2019",2018-10-25,145,2.53675661274976,196.503072486454
2019-04-02,2019,4,2,9.92083333333333,778.2625,190.21,646.52796,0.95,14.12496,"Late","DFG2019",2018-11-08,145,1.42376749265015,210.663969349177
2020-03-17,2020,3,17,9.975,876.829166666667,210.5,557.85924,0,14.715,"Early","DFG2020",2019-10-24,145,1.47518796992481,127.180433603447
2020-04-06,2020,4,6,13.325,830.804166666667,196.89,740.58228,0,20.52576,"Late","DFG2020",2019-11-13,145,1.5403947467167,185.32841467188
2021-03-16,2021,3,16,4.40833333333333,749.191666666667,174.68,539.1972,0.19,9.4032,"Early","DFG2021",2020-10-22,145,2.13305103969754,129.379212708612
2021-03-30,2021,3,30,13.3166666666667,670.2625,157.31,636.33384,0,18.81864,"Late","DFG2021",2020-11-05,145,1.41316445556946,157.96789772065
2019-03-20,2019,3,20,6.92916666666667,782.195833333333,189.8,540.49752,0,10.79316,"Early","DFG2019",2018-10-25,146,1.55764185207456,198.060714338529
2019-04-03,2019,4,3,10.0375,788.3,198.28,655.67088,8.07,9.14292,"Late","DFG2019",2018-11-08,146,0.910876214196762,211.574845563374
2020-03-18,2020,3,18,10.6791666666667,887.508333333333,210.5,571.14396,0,13.28472,"Early","DFG2020",2019-10-24,146,1.24398470542333,128.424418308871
2020-04-07,2020,4,7,14.1291666666667,844.933333333333,196.89,760.779,0,20.19672,"Late","DFG2020",2019-11-13,146,1.42943462105573,186.757849292936
2021-03-17,2021,3,17,3.3375,752.529166666667,175.4,548.42112,0.72,9.22392,"Early","DFG2021",2020-10-22,146,2.76372134831461,132.142934056926
2021-03-31,2021,3,31,14.4541666666667,684.716666666667,157.31,655.05132,0,18.71748,"Late","DFG2021",2020-11-05,146,1.29495393485154,159.262851655502
2019-03-21,2019,3,21,10.4958333333333,792.691666666667,189.8,553.25232,0,12.7548,"Early","DFG2019",2018-10-25,147,1.21522508932116,199.27593942785
2019-04-04,2019,4,4,7.38333333333333,795.683333333333,198.28,660.61188,0,4.941,"Late","DFG2019",2018-11-08,147,0.66920993227991,212.244055495654
2020-03-19,2020,3,19,10.1333333333333,897.641666666667,210.5,580.4154,0,9.27144,"Early","DFG2020",2019-10-24,147,0.914944736842108,129.339363045713
2020-04-08,2020,4,8,15.1958333333333,860.129166666667,196.89,780.54156,0,19.76256,"Late","DFG2020",2019-11-13,147,1.30052492459556,188.058374217531
2021-03-18,2021,3,18,1.375,753.904166666667,175.52,553.06008,0.12,4.63896,"Early","DFG2021",2020-10-22,147,3.37378909090909,135.516723147836
2021-04-01,2021,4,1,11.1166666666667,695.833333333333,157.31,671.09508,0,16.04376,"Late","DFG2021",2020-11-05,147,1.44321679160419,160.706068447106
2019-03-22,2019,3,22,10.4625,803.154166666667,189.83,568.32012,0.03,15.0678,"Early","DFG2019",2018-10-25,148,1.44017204301075,200.71611147086
2019-04-05,2019,4,5,7.44166666666667,803.125,198.28,663.219,0,2.60712,"Late","DFG2019",2018-11-08,148,0.350340873460246,212.594396369114
2020-03-20,2020,3,20,7.1,904.741666666667,214.44,584.25804,3.94,3.84264,"Early","DFG2020",2019-10-24,148,0.541216901408451,129.880579947121
2020-04-09,2020,4,9,13.0791666666667,873.208333333333,196.92,801.02232,0.03,20.48076,"Late","DFG2020",2019-11-13,148,1.5659071041733,189.624281321704
2021-03-19,2021,3,19,1.90416666666667,755.808333333333,175.52,566.11152,0,13.05144,"Early","DFG2021",2020-10-22,148,6.85414792122537,142.370871069061
2021-04-02,2021,4,2,5.80416666666667,701.6375,157.31,677.81088,0,6.7158,"Late","DFG2021",2020-11-05,148,1.15706532663317,161.863133773739
2019-03-23,2019,3,23,8.3125,811.466666666667,189.86,575.01216,0.03,6.69204,"Early","DFG2019",2018-10-25,149,0.805057443609023,201.52116891447
2019-04-06,2019,4,6,11.2916666666667,814.416666666667,198.28,678.8988,0,15.6798,"Late","DFG2019",2018-11-08,149,1.38861697416974,213.983013343284
2020-03-21,2020,3,21,3.3,908.041666666667,214.44,595.5138,0,11.25576,"Early","DFG2020",2019-10-24,149,3.41083636363636,133.291416310758
2020-04-10,2020,4,10,8.55833333333333,881.766666666667,196.95,822.3894,0.03,21.36708,"Late","DFG2020",2019-11-13,149,2.49664031158715,192.120921633292
2021-03-20,2021,3,20,1.575,757.383333333333,175.52,576.85932,0,10.7478,"Early","DFG2021",2020-10-22,149,6.824,149.194871069061
2021-04-03,2021,4,3,6.70833333333333,708.345833333333,157.31,693.39096,0,15.58008,"Late","DFG2021",2020-11-05,149,2.32249639751553,164.185630171255
2019-03-24,2019,3,24,5.05,816.516666666667,189.86,585.5454,0,10.53324,"Early","DFG2019",2018-10-25,150,2.0857900990099,203.606959013479
2019-04-07,2019,4,7,12.4583333333333,826.875,198.28,697.86468,0,18.96588,"Late","DFG2019",2018-11-08,150,1.52234488294315,215.505358226227
2020-03-22,2020,3,22,2.04166666666667,910.083333333333,214.44,613.20996,0,17.69616,"Early","DFG2020",2019-10-24,150,8.6675069387755,141.958923249533
2020-04-11,2020,4,11,10.0583333333333,891.825,196.98,843.73164,0.03,21.34224,"Late","DFG2020",2019-11-13,150,2.12184656172329,194.242768195015
2021-03-21,2021,3,21,5.47916666666667,762.8625,175.58,583.84404,0.06,6.98472,"Early","DFG2021",2020-10-22,150,1.27477779467681,150.469648863738
2021-04-04,2021,4,4,5.19583333333333,713.541666666667,157.31,698.74812,0,5.35716,"Late","DFG2021",2020-11-05,150,1.03104923817161,165.216679409426
2019-03-25,2019,3,25,5.20833333333333,821.725,193.38,594.23256,3.52,8.68716,"Early","DFG2019",2018-10-25,151,1.66793472,205.274893733479
2019-04-08,2019,4,8,11.925,838.8,198.28,717.5772,0,19.71252,"Late","DFG2019",2018-11-08,151,1.65304150943396,217.158399735661
2020-03-23,2020,3,23,1.78333333333333,911.866666666667,214.44,630.87804,0,17.66808,"Early","DFG2020",2019-10-24,151,9.90733457943927,151.866257828972
2020-04-12,2020,4,12,15.1791666666667,907.004166666667,196.98,864.92448,0,21.19284,"Late","DFG2020",2019-11-13,151,1.39617941257205,195.638947607587
2021-03-22,2021,3,22,5.92083333333333,768.783333333333,175.58,594.46908,0,10.62504,"Early","DFG2021",2020-10-22,151,1.79451766361717,152.264166527355
2021-04-05,2021,4,5,2.81666666666667,716.358333333333,161.25,709.758,3.94,11.00988,"Late","DFG2021",2020-11-05,151,3.90883313609467,169.125512545521
2019-03-26,2019,3,26,5.9,827.625,194.32,600.54336,0.94,6.3108,"Early","DFG2019",2018-10-25,152,1.06962711864407,206.344520852123
2019-04-09,2019,4,9,6.8875,845.6875,198.28,732.12624,0,14.54904,"Late","DFG2019",2018-11-08,152,2.1123833030853,219.270783038746
2020-03-24,2020,3,24,2.83333333333333,914.7,214.44,648.56592,0,17.68788,"Early","DFG2020",2019-10-24,152,6.2427811764706,158.109039005443
2020-04-13,2020,4,13,7.57083333333333,914.575,197.2,881.9568,0.22,17.03232,"Late","DFG2020",2019-11-13,152,2.24972856356632,197.888676171153
2021-03-23,2021,3,23,6.25,775.033333333333,175.58,600.62832,0,6.15924,"Early","DFG2021",2020-10-22,152,0.9854784,153.249644927355
2021-04-06,2021,4,6,1.4125,717.770833333333,162.11,722.47248,0.86,12.71448,"Late","DFG2021",2020-11-05,152,9.0014017699115,178.126914315432
2019-03-27,2019,3,27,7.78333333333333,835.408333333333,194.32,611.66088,0,11.11752,"Early","DFG2019",2018-10-25,153,1.42837516059957,207.772896012723
2019-04-10,2019,4,10,5.325,851.0125,198.28,750.66372,0,18.53748,"Late","DFG2019",2018-11-08,153,3.48121690140845,222.751999940155
2020-03-25,2020,3,25,3.45416666666667,918.154166666667,214.44,666.666,0,18.10008,"Early","DFG2020",2019-10-24,153,5.24007141133896,163.349110416782
2020-04-14,2020,4,14,5.69583333333333,920.270833333333,197.2,897.8004,0,15.8436,"Late","DFG2020",2019-11-13,153,2.78161228968544,200.670288460839
2021-03-24,2021,3,24,8.00416666666667,783.0375,175.58,616.80492,0,16.1766,"Early","DFG2021",2020-10-22,153,2.02102238417491,155.27066731153
2021-04-07,2021,4,7,2.16666666666667,719.9375,165.26,731.15712,3.15,8.68464,"Late","DFG2021",2020-11-05,153,4.00829538461538,182.135209700048
2019-03-28,2019,3,28,9.98333333333333,845.391666666667,194.53,621.75924,0.21,10.09836,"Early","DFG2019",2018-10-25,154,1.01152186978297,208.784417882506
2019-04-11,2019,4,11,4.87083333333333,855.883333333333,198.28,760.67352,0,10.0098,"Late","DFG2019",2018-11-08,154,2.05504875962361,224.807048699778
2020-03-26,2020,3,26,4.85,923.004166666667,214.44,684.06732,0,17.40132,"Early","DFG2020",2019-10-24,154,3.58790103092783,166.93701144771
2020-04-15,2020,4,15,8.225,928.495833333333,197.2,918.61308,0,20.81268,"Late","DFG2020",2019-11-13,154,2.5304170212766,203.200705482115
2021-03-25,2021,3,25,8.70416666666667,791.741666666667,175.58,625.63932,0,8.8344,"Early","DFG2021",2020-10-22,154,1.01496218286261,156.285629494392
2021-04-08,2021,4,8,3.24583333333333,723.183333333333,165.26,739.42776,0,8.27064,"Late","DFG2021",2020-11-05,154,2.54807907573813,184.683288775786
2019-03-29,2019,3,29,11.9333333333333,857.325,194.53,639.29412,0,17.53488,"Early","DFG2019",2018-10-25,155,1.46940335195531,210.253821234461
2019-04-12,2019,4,12,3.19166666666667,859.075,198.45,768.11688,0.17,7.44336,"Late","DFG2019",2018-11-08,155,2.33212323759791,227.139171937376
2020-03-27,2020,3,27,8.45833333333333,931.4625,214.44,700.4898,0,16.42248,"Early","DFG2020",2019-10-24,155,1.94157399014778,168.878585437858
2020-04-16,2020,4,16,11.325,939.820833333333,197.24,938.6694,0.04,20.05632,"Late","DFG2020",2019-11-13,155,1.77097748344371,204.971682965559
2021-03-26,2021,3,26,11.1,802.841666666667,175.58,640.9458,0,15.30648,"Early","DFG2021",2020-10-22,155,1.37896216216216,157.664591656555
2021-04-09,2021,4,9,7.08333333333333,730.266666666667,165.26,750.83436,0,11.4066,"Late","DFG2021",2020-11-05,155,1.61034352941177,186.293632305198
2019-03-30,2019,3,30,11.5166666666667,868.841666666667,194.53,655.78608,0,16.49196,"Early","DFG2019",2018-10-25,156,1.43200810419681,211.685829338658
2019-04-13,2019,4,13,3,862.075,201.6,777.38832,3.15,9.27144,"Late","DFG2019",2018-11-08,156,3.09048,230.229651937376
2020-03-28,2020,3,28,6.90416666666667,938.366666666667,214.44,717.912,0,17.4222,"Early","DFG2020",2019-10-24,156,2.52343270971635,171.402018147574
2020-04-17,2020,4,17,10.2,950.020833333333,197.24,961.35192,0,22.68252,"Late","DFG2020",2019-11-13,156,2.22377647058824,207.195459436147
2021-03-27,2021,3,27,5.49166666666667,808.333333333333,180.55,651.56436,4.97,10.61856,"Early","DFG2021",2020-10-22,156,1.93357693474962,159.598168591304
2021-04-10,2021,4,10,6.2125,736.479166666667,167.53,755.9316,2.27,5.09724,"Late","DFG2021",2020-11-05,156,0.820481287726358,187.114113592924
2019-03-31,2019,3,31,7.8125,876.654166666667,194.53,669.54672,0,13.76064,"Early","DFG2019",2018-10-25,157,1.76136192,213.447191258658
2019-04-14,2019,4,14,3.37083333333333,865.445833333333,203.67,785.8872,2.07,8.49888,"Late","DFG2019",2018-11-08,157,2.52129938195303,232.750951319329
2020-03-29,2020,3,29,2.76666666666667,941.133333333333,215.63,722.42604,1.19,4.51404,"Early","DFG2020",2019-10-24,157,1.63158072289156,173.033598870465
2020-04-18,2020,4,18,12.5,962.520833333333,197.24,983.20428,0,21.85236,"Late","DFG2020",2019-11-13,157,1.7481888,208.943648236147
2021-03-28,2021,3,28,8.10833333333333,816.441666666667,180.55,659.91996,0,8.3556,"Early","DFG2021",2020-10-22,157,1.03049537512847,160.628663966433
2021-04-11,2021,4,11,6.575,743.054166666667,175,758.82528,7.47,2.89368,"Late","DFG2021",2020-11-05,157,0.440103422053232,187.554217014977
2019-04-01,2019,4,1,5.88333333333333,882.5375,194.53,689.27544,0,19.72872,"Early","DFG2019",2018-10-25,158,3.35332351274788,216.800514771406
2019-04-15,2019,4,15,8.4,873.845833333333,203.67,807.30756,0,21.42036,"Late","DFG2019",2018-11-08,158,2.55004285714286,235.300994176472
2020-03-30,2020,3,30,0.758333333333333,941.891666666667,216.18,728.56728,0.55,6.14124,"Early","DFG2020",2019-10-24,158,8.09833846153846,181.131937332004
2020-04-19,2020,4,19,9.64166666666667,972.1625,197.27,1007.0838,0.03,23.87952,"Late","DFG2020",2019-11-13,158,2.47670043215212,211.420348668299
2021-03-29,2021,3,29,13.3625,829.804166666667,180.55,677.1672,0,17.24724,"Early","DFG2021",2020-10-22,158,1.29071955098223,161.919383517415
2021-04-12,2021,4,12,3.61666666666667,746.670833333333,175.07,772.281,0.07,13.45572,"Late","DFG2021",2020-11-05,158,3.72047557603686,191.274692591014
2019-04-02,2019,4,2,9.92083333333333,892.458333333333,195.48,703.4004,0.95,14.12496,"Early","DFG2019",2018-10-25,159,1.42376749265015,218.224282264056
2019-04-16,2019,4,16,9.27916666666667,883.125,203.67,829.28232,0,21.97476,"Late","DFG2019",2018-11-08,159,2.36818248765155,237.669176664124
2020-03-31,2020,3,31,1.70416666666667,943.595833333333,216.18,745.11684,0,16.54956,"Early","DFG2020",2019-10-24,159,9.71123325183372,190.843170583838
2020-04-20,2020,4,20,10.125,982.2875,197.27,1031.15412,0,24.07032,"Late","DFG2020",2019-11-13,159,2.37731555555556,213.797664223855
2021-03-30,2021,3,30,13.3166666666667,843.120833333333,180.55,695.98584,0,18.81864,"Early","DFG2021",2020-10-22,159,1.41316445556946,163.332547972984
2021-04-13,2021,4,13,3.75416666666667,750.425,175.6,788.30568,0.53,16.02468,"Late","DFG2021",2020-11-05,159,4.26850521642619,195.54319780744
2019-04-03,2019,4,3,10.0375,902.495833333333,203.55,712.54332,8.07,9.14292,"Early","DFG2019",2018-10-25,160,0.910876214196762,219.135158478253
2019-04-17,2019,4,17,11.7833333333333,894.908333333333,203.67,851.75568,0,22.47336,"Late","DFG2019",2018-11-08,160,1.90721584158416,239.576392505708
2020-04-01,2020,4,1,4.07916666666667,947.675,216.18,761.86908,0,16.75224,"Early","DFG2020",2019-10-24,160,4.10677997957099,194.949950563409
2020-04-21,2020,4,21,11.7333333333333,994.020833333333,197.33,1055.3472,0.06,24.19308,"Late","DFG2020",2019-11-13,160,2.06191022727273,215.859574451128
2021-03-31,2021,3,31,14.4541666666667,857.575,180.55,714.70332,0,18.71748,"Early","DFG2021",2020-10-22,160,1.29495393485154,164.627501907836
2021-04-14,2021,4,14,3.81666666666667,754.241666666667,176.89,803.57436,1.29,15.26868,"Late","DFG2021",2020-11-05,160,4.00052751091703,199.543725318357
2019-04-04,2019,4,4,7.38333333333333,909.879166666667,203.55,717.48432,0,4.941,"Early","DFG2019",2018-10-25,161,0.66920993227991,219.804368410533
2019-04-18,2019,4,18,13.0625,907.970833333333,203.67,873.87768,0,22.122,"Late","DFG2019",2018-11-08,161,1.69355023923445,241.269942744942
2020-04-02,2020,4,2,6.35,954.025,216.18,770.8536,0,8.98452,"Early","DFG2020",2019-10-24,161,1.41488503937008,196.364835602779
2020-04-22,2020,4,22,12.8166666666667,1006.8375,197.36,1079.62128,0.03,24.27408,"Late","DFG2020",2019-11-13,161,1.89394642392717,217.753520875055
2021-04-01,2021,4,1,11.1166666666667,868.691666666667,180.55,730.74708,0,16.04376,"Early","DFG2021",2020-10-22,161,1.44321679160419,166.07071869944
2021-04-15,2021,4,15,4.925,759.166666666667,176.89,816.8634,0,13.28904,"Late","DFG2021",2020-11-05,161,2.69828223350254,202.24200755186
2019-04-05,2019,4,5,7.44166666666667,917.320833333333,203.55,720.09144,0,2.60712,"Early","DFG2019",2018-10-25,162,0.350340873460246,220.154709283993
2019-04-19,2019,4,19,14.8333333333333,922.804166666667,203.67,896.32728,0,22.4496,"Late","DFG2019",2018-11-08,162,1.51345617977528,242.783398924717
2020-04-03,2020,4,3,7.16666666666667,961.191666666667,216.61,782.21448,0.43,11.36088,"Early","DFG2020",2019-10-24,162,1.58523906976744,197.950074672546
2020-04-23,2020,4,23,13.0708333333333,1019.90833333333,197.36,1103.75604,0,24.13476,"Late","DFG2020",2019-11-13,162,1.84645916480715,219.599980039862
2021-04-02,2021,4,2,5.80416666666667,874.495833333333,180.55,737.46288,0,6.7158,"Early","DFG2021",2020-10-22,162,1.15706532663317,167.227784026073
2021-04-16,2021,4,16,7.05833333333333,766.225,176.89,835.9398,0,19.0764,"Late","DFG2021",2020-11-05,162,2.70267768595041,204.94468523781
2019-04-06,2019,4,6,11.2916666666667,928.6125,203.55,735.77124,0,15.6798,"Early","DFG2019",2018-10-25,163,1.38861697416974,221.543326258163
2019-04-20,2019,4,20,13.8375,936.641666666667,203.67,919.37412,0,23.04684,"Late","DFG2019",2018-11-08,163,1.66553495934959,244.448933884067
2020-04-04,2020,4,4,7.90416666666667,969.095833333333,216.61,802.35756,0,20.14308,"Early","DFG2020",2019-10-24,163,2.54841286241434,200.49848753496
2020-04-24,2020,4,24,12.6,1032.50833333333,197.39,1125.63324,0.03,21.8772,"Late","DFG2020",2019-11-13,163,1.73628571428571,221.336265754148
2021-04-03,2021,4,3,6.70833333333333,881.204166666667,180.55,753.04296,0,15.58008,"Early","DFG2021",2020-10-22,163,2.32249639751553,169.550280423589
2021-04-17,2021,4,17,7.59166666666667,773.816666666667,176.89,846.81756,0,10.87776,"Late","DFG2021",2020-11-05,163,1.43285532381998,206.37754056163
2019-04-07,2019,4,7,12.4583333333333,941.070833333333,203.55,754.73712,0,18.96588,"Early","DFG2019",2018-10-25,164,1.52234488294315,223.065671141106
2019-04-21,2019,4,21,13.4208333333333,950.0625,203.67,942.86088,0,23.48676,"Late","DFG2019",2018-11-08,164,1.75002247749147,246.198956361559
2020-04-05,2020,4,5,10.1166666666667,979.2125,216.61,822.53412,0,20.17656,"Early","DFG2020",2019-10-24,164,1.9943881383855,202.492875673346
2020-04-25,2020,4,25,10.2458333333333,1042.75416666667,197.39,1141.4682,0,15.83496,"Late","DFG2020",2019-11-13,164,1.54550239934933,222.881768153497
2021-04-04,2021,4,4,5.19583333333333,886.4,180.55,758.40012,0,5.35716,"Early","DFG2021",2020-10-22,164,1.03104923817161,170.58132966176
2021-04-18,2021,4,18,9.55833333333333,783.375,179.45,863.16372,2.56,16.34616,"Late","DFG2021",2020-11-05,164,1.71014751525719,208.087688076887
2019-04-08,2019,4,8,11.925,952.995833333333,203.55,774.44964,0,19.71252,"Early","DFG2019",2018-10-25,165,1.65304150943396,224.71871265054
2019-04-22,2019,4,22,14.1416666666667,964.204166666667,203.67,967.1382,0,24.27732,"Late","DFG2019",2018-11-08,165,1.71672268709487,247.915679048653
2020-04-06,2020,4,6,13.325,992.5375,216.61,843.05988,0,20.52576,"Early","DFG2020",2019-10-24,165,1.5403947467167,204.033270420063
2020-04-26,2020,4,26,10.2291666666667,1052.98333333333,197.42,1164.0726,0.03,22.6044,"Late","DFG2020",2019-11-13,165,2.20979877800407,225.091566931501
2021-04-05,2021,4,5,2.81666666666667,889.216666666667,184.49,769.41,3.94,11.00988,"Early","DFG2021",2020-10-22,165,3.90883313609467,174.490162797855
2021-04-19,2021,4,19,9.3625,792.7375,179.5,876.2436,0.05,13.07988,"Late","DFG2021",2020-11-05,165,1.39704993324433,209.484738010132
2019-04-09,2019,4,9,6.8875,959.883333333333,203.55,788.99868,0,14.54904,"Early","DFG2019",2018-10-25,166,2.1123833030853,226.831095953625
2019-04-23,2019,4,23,14.4375,978.641666666667,203.67,990.1872,0,23.049,"Late","DFG2019",2018-11-08,166,1.59646753246753,249.512146581121
2020-04-07,2020,4,7,14.1291666666667,1006.66666666667,216.61,863.2566,0,20.19672,"Early","DFG2020",2019-10-24,166,1.42943462105573,205.462705041118
2020-04-27,2020,4,27,13.0791666666667,1066.0625,197.45,1188.31896,0.03,24.24636,"Late","DFG2020",2019-11-13,166,1.85381535520866,226.94538228671
2021-04-06,2021,4,6,1.4125,890.629166666667,185.35,782.12448,0.86,12.71448,"Early","DFG2021",2020-10-22,166,9.0014017699115,183.491564567767
2021-04-20,2021,4,20,10.6958333333333,803.433333333333,179.5,899.10972,0,22.86612,"Late","DFG2021",2020-11-05,166,2.13785305804442,211.622591068176
2019-04-10,2019,4,10,5.325,965.208333333333,203.55,807.53616,0,18.53748,"Early","DFG2019",2018-10-25,167,3.48121690140845,230.312312855034
2019-04-24,2019,4,24,17.1875,995.829166666667,205.05,1011.9726,1.38,21.7854,"Late","DFG2019",2018-11-08,167,1.26751418181818,250.779660762939
2020-04-08,2020,4,8,15.1958333333333,1021.8625,216.61,883.01916,0,19.76256,"Early","DFG2020",2019-10-24,167,1.30052492459556,206.763229965714
2020-04-28,2020,4,28,13.1375,1079.2,199.78,1203.34644,2.33,15.02748,"Late","DFG2020",2019-11-13,167,1.14386146527117,228.089243751981
2021-04-07,2021,4,7,2.16666666666667,892.795833333333,188.5,790.80912,3.15,8.68464,"Early","DFG2021",2020-10-22,167,4.00829538461538,187.499859952382
2021-04-21,2021,4,21,8.76666666666667,812.2,179.5,921.3606,0,22.25088,"Late","DFG2021",2020-11-05,167,2.53812319391635,214.160714262093
2019-04-11,2019,4,11,4.87083333333333,970.079166666667,203.55,817.54596,0,10.0098,"Early","DFG2019",2018-10-25,168,2.05504875962361,232.367361614657
2019-04-25,2019,4,25,16.4458333333333,1012.275,205.05,1033.46856,0,21.49596,"Late","DFG2019",2018-11-08,168,1.30707636179377,252.086737124733
2020-04-09,2020,4,9,13.0791666666667,1034.94166666667,216.64,903.49992,0.03,20.48076,"Early","DFG2020",2019-10-24,168,1.5659071041733,208.329137069887
2020-04-29,2020,4,29,13,1092.2,199.78,1216.2582,0,12.91176,"Late","DFG2020",2019-11-13,168,0.993212307692308,229.082456059673
2021-04-08,2021,4,8,3.24583333333333,896.041666666667,188.5,799.07976,0,8.27064,"Early","DFG2021",2020-10-22,168,2.54807907573813,190.04793902812
2021-04-22,2021,4,22,6.8375,819.0375,179.5,937.64016,0,16.27956,"Late","DFG2021",2020-11-05,168,2.38092285191956,216.541637114012
2019-04-12,2019,4,12,3.19166666666667,973.270833333333,203.72,824.98932,0.17,7.44336,"Early","DFG2019",2018-10-25,169,2.33212323759791,234.699484852255
2019-04-26,2019,4,26,11.6333333333333,1023.90833333333,212.7,1044.05256,7.65,10.584,"Late","DFG2019",2018-11-08,169,0.9097994269341,252.996536551667
2020-04-10,2020,4,10,8.55833333333333,1043.5,216.67,924.867,0.03,21.36708,"Early","DFG2020",2019-10-24,169,2.49664031158715,210.825777381474
2020-04-30,2020,4,30,12.3166666666667,1104.51666666667,210.75,1231.86708,10.97,15.60888,"Late","DFG2020",2019-11-13,169,1.26729742895805,230.349753488631
2021-04-09,2021,4,9,7.08333333333333,903.125,188.5,810.48636,0,11.4066,"Early","DFG2021",2020-10-22,169,1.61034352941177,191.658282557532
2021-04-23,2021,4,23,7.7875,826.825,179.5,958.1544,0,20.51424,"Late","DFG2021",2020-11-05,169,2.63425232744783,219.17588944146
2019-04-13,2019,4,13,3,976.270833333333,206.87,834.26076,3.15,9.27144,"Early","DFG2019",2018-10-25,170,3.09048,237.789964852255
2019-04-27,2019,4,27,10.1875,1034.09583333333,217.39,1058.8878,4.69,14.83524,"Late","DFG2019",2018-11-08,170,1.45621987730061,254.452756428968
2020-04-11,2020,4,11,10.0583333333333,1053.55833333333,216.7,946.20924,0.03,21.34224,"Early","DFG2020",2019-10-24,170,2.12184656172329,212.947623943198
2020-05-01,2020,5,1,10.3833333333333,1114.9,211.45,1246.71672,0.7,14.84964,"Late","DFG2020",2019-11-13,170,1.430141894061,231.779895382692
2021-04-10,2021,4,10,6.2125,909.3375,190.77,815.5836,2.27,5.09724,"Early","DFG2021",2020-10-22,170,0.820481287726358,192.478763845258
2021-04-24,2021,4,24,7.10833333333333,833.933333333333,179.5,976.7358,0,18.5814,"Late","DFG2021",2020-11-05,170,2.61403048065651,221.789919922116
2019-04-14,2019,4,14,3.37083333333333,979.641666666667,208.94,842.75964,2.07,8.49888,"Early","DFG2019",2018-10-25,171,2.52129938195303,240.311264234208
2019-04-28,2019,4,28,9.15,1043.24583333333,219.12,1075.49928,1.73,16.61148,"Late","DFG2019",2018-11-08,171,1.81546229508197,256.26821872405
2020-04-12,2020,4,12,15.1791666666667,1068.7375,216.7,967.40208,0,21.19284,"Early","DFG2020",2019-10-24,171,1.39617941257205,214.34380335577
2020-05-02,2020,5,2,9.30416666666667,1124.20416666667,212.31,1258.93296,0.86,12.21624,"Late","DFG2020",2019-11-13,171,1.31298593819973,233.092881320892
2021-04-11,2021,4,11,6.575,915.9125,198.24,818.47728,7.47,2.89368,"Early","DFG2021",2020-10-22,171,0.440103422053232,192.918867267311
2021-04-25,2021,4,25,6.225,840.158333333333,179.5,993.15972,0,16.42392,"Late","DFG2021",2020-11-05,171,2.63838072289157,224.428300645008
2019-04-15,2019,4,15,8.4,988.041666666667,208.94,864.18,0,21.42036,"Early","DFG2019",2018-10-25,172,2.55004285714286,242.861307091351
2019-04-29,2019,4,29,8.16666666666667,1051.4125,221.73,1080.40032,2.61,4.90104,"Late","DFG2019",2018-11-08,172,0.600127346938775,256.868346070988
2020-04-13,2020,4,13,7.57083333333333,1076.30833333333,216.92,984.4344,0.22,17.03232,"Early","DFG2020",2019-10-24,172,2.24972856356632,216.593531919336
2020-05-03,2020,5,3,11.1166666666667,1135.32083333333,212.47,1274.04504,0.16,15.11208,"Late","DFG2020",2019-11-13,172,1.35940749625187,234.452288817144
2021-04-12,2021,4,12,3.61666666666667,919.529166666667,198.31,831.933,0.07,13.45572,"Early","DFG2021",2020-10-22,172,3.72047557603686,196.639342843348
2021-04-26,2021,4,26,6.38333333333333,846.541666666667,179.53,1017.41868,0.03,24.25896,"Late","DFG2021",2020-11-05,172,3.80035926892951,228.228659913938
2019-04-16,2019,4,16,9.27916666666667,997.320833333333,208.94,886.15476,0,21.97476,"Early","DFG2019",2018-10-25,173,2.36818248765155,245.229489579003
2019-04-30,2019,4,30,11.2041666666667,1062.61666666667,221.85,1104.16068,0.12,23.76036,"Late","DFG2019",2018-11-08,173,2.12067177389363,258.989017844882
2020-04-14,2020,4,14,5.69583333333333,1082.00416666667,216.92,1000.278,0,15.8436,"Early","DFG2020",2019-10-24,173,2.78161228968544,219.375144209022
2020-05-04,2020,5,4,9.775,1145.09583333333,214.83,1289.64816,2.36,15.60312,"Late","DFG2020",2019-11-13,173,1.59622710997442,236.048515927118
2021-04-13,2021,4,13,3.75416666666667,923.283333333333,198.84,847.95768,0.53,16.02468,"Early","DFG2021",2020-10-22,173,4.26850521642619,200.907848059774
2021-04-27,2021,4,27,7.44166666666667,853.983333333333,179.59,1042.75512,0.06,25.33644,"Late","DFG2021",2020-11-05,173,3.40467278835386,231.633332702291
2019-04-17,2019,4,17,11.7833333333333,1009.10416666667,208.94,908.62812,0,22.47336,"Early","DFG2019",2018-10-25,174,1.90721584158416,247.136705420587
2019-05-01,2019,5,1,11.4583333333333,1074.075,221.85,1126.86876,0,22.70808,"Late","DFG2019",2018-11-08,174,1.98179607272728,260.970813917609
2020-04-15,2020,4,15,8.225,1090.22916666667,216.92,1021.09068,0,20.81268,"Early","DFG2020",2019-10-24,174,2.5304170212766,221.905561230298
2020-05-05,2020,5,5,8.40416666666667,1153.5,214.83,1310.28372,0,20.63556,"Late","DFG2020",2019-11-13,174,2.45539633118493,238.503912258303
2021-04-14,2021,4,14,3.81666666666667,927.1,200.13,863.22636,1.29,15.26868,"Early","DFG2021",2020-10-22,174,4.00052751091703,204.908375570692
2021-04-28,2021,4,28,11.5458333333333,865.529166666667,179.62,1066.58568,0.03,23.83056,"Late","DFG2021",2020-11-05,174,2.06399653554674,233.697329237838
2019-04-18,2019,4,18,13.0625,1022.16666666667,208.94,930.75012,0,22.122,"Early","DFG2019",2018-10-25,175,1.69355023923445,248.830255659821
2019-05-02,2019,5,2,9.37916666666667,1083.45416666667,222.53,1132.42104,0.68,5.55228,"Late","DFG2019",2018-11-08,175,0.59198009773434,261.562794015344
2020-04-16,2020,4,16,11.325,1101.55416666667,216.96,1041.147,0.04,20.05632,"Early","DFG2020",2019-10-24,175,1.77097748344371,223.676538713742
2020-05-06,2020,5,6,10.0041666666667,1163.50416666667,214.83,1337.15268,0,26.86896,"Late","DFG2020",2019-11-13,175,2.68577692628071,241.189689184584
2021-04-15,2021,4,15,4.925,932.025,200.13,876.5154,0,13.28904,"Early","DFG2021",2020-10-22,175,2.69828223350254,207.606657804194
2021-04-29,2021,4,29,10.1791666666667,875.708333333333,186.98,1077.09048,7.36,10.5048,"Late","DFG2021",2020-11-05,175,1.0319901760131,234.729319413851
2019-04-19,2019,4,19,14.8333333333333,1037,208.94,953.19972,0,22.4496,"Early","DFG2019",2018-10-25,176,1.51345617977528,250.343711839597
2019-05-03,2019,5,3,7.86666666666667,1091.32083333333,223.03,1148.35032,0.5,15.92928,"Late","DFG2019",2018-11-08,176,2.02490847457627,263.58770248992
2020-04-17,2020,4,17,10.2,1111.75416666667,216.96,1063.82952,0,22.68252,"Early","DFG2020",2019-10-24,176,2.22377647058824,225.90031518433
2020-05-07,2020,5,7,11.05,1174.55416666667,214.83,1362.6936,0,25.54092,"Late","DFG2020",2019-11-13,176,2.31139547511312,243.501084659697
2021-04-16,2021,4,16,7.05833333333333,939.083333333333,200.13,895.5918,0,19.0764,"Early","DFG2021",2020-10-22,176,2.70267768595041,210.309335490144
2021-04-30,2021,4,30,8.62083333333333,884.329166666667,187.01,1083.8574,0.03,6.76692,"Late","DFG2021",2020-11-05,176,0.784949637506042,235.514269051357
2019-04-20,2019,4,20,13.8375,1050.8375,208.94,976.24656,0,23.04684,"Early","DFG2019",2018-10-25,177,1.66553495934959,252.009246798946
2019-05-04,2019,5,4,5.34583333333333,1096.66666666667,223.55,1168.99812,0.52,20.6478,"Late","DFG2019",2018-11-08,177,3.86240997661731,267.450112466537
2020-04-18,2020,4,18,12.5,1124.25416666667,216.96,1085.68188,0,21.85236,"Early","DFG2020",2019-10-24,177,1.7481888,227.64850398433
2020-05-08,2020,5,8,13.4958333333333,1188.05,214.83,1387.33884,0,24.64524,"Late","DFG2020",2019-11-13,177,1.82613695585058,245.327221615548
2021-04-17,2021,4,17,7.59166666666667,946.675,200.13,906.46956,0,10.87776,"Early","DFG2021",2020-10-22,177,1.43285532381998,211.742190813964
2021-05-01,2021,5,1,9.4,893.729166666667,187.01,1099.23336,0,15.37596,"Late","DFG2021",2020-11-05,177,1.63574042553192,237.150009476889
2019-04-21,2019,4,21,13.4208333333333,1064.25833333333,208.94,999.73332,0,23.48676,"Early","DFG2019",2018-10-25,178,1.75002247749147,253.759269276438
2019-05-05,2019,5,5,5.74583333333333,1102.4125,223.55,1188.60552,0,19.6074,"Late","DFG2019",2018-11-08,178,3.41245540246556,270.862567869003
2020-04-19,2020,4,19,9.64166666666667,1133.89583333333,216.99,1109.5614,0.03,23.87952,"Early","DFG2020",2019-10-24,178,2.47670043215212,230.125204416482
2020-05-09,2020,5,9,15.5916666666667,1203.64166666667,214.83,1413.38988,0,26.05104,"Late","DFG2020",2019-11-13,178,1.67083099946552,246.998052615013
2021-04-18,2021,4,18,9.55833333333333,956.233333333333,202.69,922.81572,2.56,16.34616,"Early","DFG2021",2020-10-22,178,1.71014751525719,213.452338329222
2021-05-02,2021,5,2,6.85416666666667,900.583333333333,187.12,1111.92192,0.11,12.68856,"Late","DFG2021",2020-11-05,178,1.85121848024316,239.001227957132
2019-04-22,2019,4,22,14.1416666666667,1078.4,208.94,1024.01064,0,24.27732,"Early","DFG2019",2018-10-25,179,1.71672268709487,255.475991963532
2019-05-06,2019,5,6,6.575,1108.9875,225.73,1203.13908,2.18,14.53356,"Late","DFG2019",2018-11-08,179,2.21042737642586,273.072995245429
2020-04-20,2020,4,20,10.125,1144.02083333333,216.99,1133.63172,0,24.07032,"Early","DFG2020",2019-10-24,179,2.37731555555556,232.502519972038
2020-05-10,2020,5,10,14.55,1218.19166666667,214.97,1425.7512,0.14,12.36132,"Late","DFG2020",2019-11-13,179,0.849575257731959,247.847627872745
2021-04-19,2021,4,19,9.3625,965.595833333333,202.74,935.8956,0.05,13.07988,"Early","DFG2021",2020-10-22,179,1.39704993324433,214.849388262466
2021-05-03,2021,5,3,7.98333333333333,908.566666666667,187.15,1130.8194,0.03,18.89748,"Late","DFG2021",2020-11-05,179,2.36711649269311,241.368344449825
2019-04-23,2019,4,23,14.4375,1092.8375,208.94,1047.05964,0,23.049,"Early","DFG2019",2018-10-25,180,1.59646753246753,257.072459496
2019-05-07,2019,5,7,7.90416666666667,1116.89166666667,225.83,1224.42012,0.1,21.28104,"Late","DFG2019",2018-11-08,180,2.69238249868213,275.765377744111
2020-04-21,2020,4,21,11.7333333333333,1155.75416666667,217.05,1157.8248,0.06,24.19308,"Early","DFG2020",2019-10-24,180,2.06191022727273,234.56443019931
2020-05-11,2020,5,11,6.95833333333333,1225.15,215.04,1436.21316,0.07,10.46196,"Late","DFG2020",2019-11-13,180,1.50351520958084,249.351143082326
2021-04-20,2021,4,20,10.6958333333333,976.291666666667,202.74,958.76172,0,22.86612,"Early","DFG2021",2020-10-22,180,2.13785305804442,216.98724132051
2021-05-04,2021,5,4,10.15,918.716666666667,188.52,1142.47152,1.37,11.65212,"Late","DFG2021",2020-11-05,180,1.1479921182266,242.516336568052
2019-04-24,2019,4,24,17.1875,1110.025,210.32,1068.84504,1.38,21.7854,"Early","DFG2019",2018-10-25,181,1.26751418181818,258.339973677818
2019-05-08,2019,5,8,9.9875,1126.87916666667,230.3,1235.57004,4.47,11.14992,"Late","DFG2019",2018-11-08,181,1.11638748435544,276.881765228466
2020-04-22,2020,4,22,12.8166666666667,1168.57083333333,217.08,1182.09888,0.03,24.27408,"Early","DFG2020",2019-10-24,181,1.89394642392717,236.458376623238
2020-05-12,2020,5,12,7.25833333333333,1232.40833333333,215.04,1451.80044,0,15.58728,"Late","DFG2020",2019-11-13,181,2.14750126291619,251.498644345242
2021-04-21,2021,4,21,8.76666666666667,985.058333333333,202.74,981.0126,0,22.25088,"Early","DFG2021",2020-10-22,181,2.53812319391635,219.525364514427
2021-05-05,2021,5,5,7.51666666666667,926.233333333333,189.06,1160.63856,0.54,18.16704,"Late","DFG2021",2020-11-05,181,2.41690110864745,244.933237676699
2019-04-25,2019,4,25,16.4458333333333,1126.47083333333,210.32,1090.341,0,21.49596,"Early","DFG2019",2018-10-25,182,1.30707636179377,259.647050039612
2019-05-09,2019,5,9,12.2208333333333,1139.1,230.69,1253.1582,0.39,17.58816,"Late","DFG2019",2018-11-08,182,1.43919481759291,278.320960046059
2020-04-23,2020,4,23,13.0708333333333,1181.64166666667,217.08,1206.23364,0,24.13476,"Early","DFG2020",2019-10-24,182,1.84645916480715,238.304835788045
2020-05-13,2020,5,13,9.3,1241.70833333333,215.37,1470.02148,0.33,18.22104,"Late","DFG2020",2019-11-13,182,1.95925161290323,253.457895958145
2021-04-22,2021,4,22,6.8375,991.895833333333,202.74,997.29216,0,16.27956,"Early","DFG2021",2020-10-22,182,2.38092285191956,221.906287366346
2021-05-06,2021,5,6,7,933.233333333333,192.87,1178.6292,3.81,17.99064,"Late","DFG2021",2020-11-05,182,2.57009142857143,247.503329105271
2019-04-26,2019,4,26,11.6333333333333,1138.10416666667,217.97,1100.925,7.65,10.584,"Early","DFG2019",2018-10-25,183,0.9097994269341,260.556849466546
2019-05-10,2019,5,10,11.1,1150.2,232.34,1265.05224,1.65,11.89404,"Late","DFG2019",2018-11-08,183,1.07153513513513,279.392495181194
2020-04-24,2020,4,24,12.6,1194.24166666667,217.11,1228.11084,0.03,21.8772,"Early","DFG2020",2019-10-24,183,1.73628571428571,240.04112150233
2020-05-14,2020,5,14,8.625,1250.33333333333,215.37,1493.50212,0,23.48064,"Late","DFG2020",2019-11-13,183,2.72239304347826,256.180289001624
2021-04-23,2021,4,23,7.7875,999.683333333333,202.74,1017.8064,0,20.51424,"Early","DFG2021",2020-10-22,183,2.63425232744783,224.540539693794
2021-05-07,2021,5,7,6.5625,939.795833333333,195.97,1197.17172,3.1,18.54252,"Late","DFG2021",2020-11-05,183,2.82552685714286,250.328855962414
2019-04-27,2019,4,27,10.1875,1148.29166666667,222.66,1115.76024,4.69,14.83524,"Early","DFG2019",2018-10-25,184,1.45621987730061,262.013069343847
2019-05-11,2019,5,11,8.975,1159.175,232.88,1273.15008,0.54,8.09784,"Late","DFG2019",2018-11-08,184,0.902266295264624,280.294761476459
2020-04-25,2020,4,25,10.2458333333333,1204.4875,217.11,1243.9458,0,15.83496,"Early","DFG2020",2019-10-24,184,1.54550239934933,241.58662390168
2020-05-15,2020,5,15,8.80833333333333,1259.14166666667,215.4,1515.14928,0.03,21.64716,"Late","DFG2020",2019-11-13,184,2.45757729422895,258.637866295853
2021-04-24,2021,4,24,7.10833333333333,1006.79166666667,202.74,1036.3878,0,18.5814,"Early","DFG2021",2020-10-22,184,2.61403048065651,227.154570174451
2021-05-08,2021,5,8,9.75416666666667,949.55,196.21,1217.25648,0.24,20.08476,"Late","DFG2021",2020-11-05,184,2.05909542930372,252.387951391717
2019-04-28,2019,4,28,9.15,1157.44166666667,224.39,1132.37172,1.73,16.61148,"Early","DFG2019",2018-10-25,185,1.81546229508197,263.828531638929
2019-05-12,2019,5,12,8.7875,1167.9625,232.88,1296.72252,0,23.57244,"Late","DFG2019",2018-11-08,185,2.68249672830725,282.977258204766
2020-04-26,2020,4,26,10.2291666666667,1214.71666666667,217.14,1266.5502,0.03,22.6044,"Early","DFG2020",2019-10-24,185,2.20979877800407,243.796422679684
2020-05-16,2020,5,16,11.3708333333333,1270.5125,215.4,1534.35672,0,19.20744,"Late","DFG2020",2019-11-13,185,1.68918490289484,260.327051198747
2021-04-25,2021,4,25,6.225,1013.01666666667,202.74,1052.81172,0,16.42392,"Early","DFG2021",2020-10-22,185,2.63838072289157,229.792950897342
2021-05-09,2021,5,9,20.1458333333333,969.695833333333,196.21,1242.86868,0,25.6122,"Late","DFG2021",2020-11-05,185,1.27133981385729,253.659291205575
2019-04-29,2019,4,29,8.16666666666667,1165.60833333333,227,1137.27276,2.61,4.90104,"Early","DFG2019",2018-10-25,186,0.600127346938775,264.428658985867
2019-05-13,2019,5,13,9.225,1177.1875,232.91,1325.22444,0.03,28.50192,"Late","DFG2019",2018-11-08,186,3.08963902439024,286.066897229156
2020-04-27,2020,4,27,13.0791666666667,1227.79583333333,217.17,1290.79656,0.03,24.24636,"Early","DFG2020",2019-10-24,186,1.85381535520866,245.650238034893
2020-05-17,2020,5,17,12.3458333333333,1282.85833333333,215.4,1556.63532,0,22.2786,"Late","DFG2020",2019-11-13,186,1.80454404319946,262.131595241947
2021-04-26,2021,4,26,6.38333333333333,1019.4,202.77,1077.07068,0.03,24.25896,"Early","DFG2021",2020-10-22,186,3.80035926892951,233.593310166272
2021-05-10,2021,5,10,19.3125,989.008333333333,208.87,1256.6772,12.66,13.80852,"Late","DFG2021",2020-11-05,186,0.71500427184466,254.374295477419
2019-04-30,2019,4,30,11.2041666666667,1176.8125,227.12,1161.03312,0.12,23.76036,"Early","DFG2019",2018-10-25,187,2.12067177389363,266.549330759761
2019-05-14,2019,5,14,10.2375,1187.425,232.91,1350.0108,0,24.78636,"Late","DFG2019",2018-11-08,187,2.42113406593407,288.48803129509
2020-04-28,2020,4,28,13.1375,1240.93333333333,219.5,1305.82404,2.33,15.02748,"Early","DFG2020",2019-10-24,187,1.14386146527117,246.794099500164
2020-05-18,2020,5,18,15.6666666666667,1298.525,215.43,1580.21676,0.03,23.58144,"Late","DFG2020",2019-11-13,187,1.50519829787234,263.636793539819
2021-04-27,2021,4,27,7.44166666666667,1026.84166666667,202.83,1102.40712,0.06,25.33644,"Early","DFG2021",2020-10-22,187,3.40467278835386,236.997982954626
2021-05-11,2021,5,11,14.5333333333333,1003.54166666667,211.22,1265.82876,2.35,9.15156,"Late","DFG2021",2020-11-05,187,0.629694495412846,255.003989972832
2019-05-01,2019,5,1,11.4583333333333,1188.27083333333,227.12,1183.7412,0,22.70808,"Early","DFG2019",2018-10-25,188,1.98179607272728,268.531126832488
2019-05-15,2019,5,15,10.3916666666667,1197.81666666667,232.94,1371.75732,0.03,21.74652,"Late","DFG2019",2018-11-08,188,2.09268837209302,290.580719667183
2020-04-29,2020,4,29,13,1253.93333333333,219.5,1318.7358,0,12.91176,"Early","DFG2020",2019-10-24,188,0.993212307692308,247.787311807856
2020-05-19,2020,5,19,15.6041666666667,1314.12916666667,215.43,1596.87324,0,16.65648,"Late","DFG2020",2019-11-13,188,1.0674379706275,264.704231510447
2021-04-28,2021,4,28,11.5458333333333,1038.3875,202.86,1126.23768,0.03,23.83056,"Early","DFG2021",2020-10-22,188,2.06399653554674,239.061979490172
2021-05-12,2021,5,12,13.4083333333333,1016.95,211.86,1276.26372,0.64,10.43496,"Late","DFG2021",2020-11-05,188,0.778244375388442,255.782234348221
2019-05-02,2019,5,2,9.37916666666667,1197.65,227.8,1189.29348,0.68,5.55228,"Early","DFG2019",2018-10-25,189,0.59198009773434,269.123106930223
2019-05-16,2019,5,16,8.59583333333333,1206.4125,236.65,1375.5762,3.71,3.81888,"Late","DFG2019",2018-11-08,189,0.444271061560834,291.024990728744
2020-04-30,2020,4,30,12.3166666666667,1266.25,230.47,1334.34468,10.97,15.60888,"Early","DFG2020",2019-10-24,189,1.26729742895805,249.054609236814
2020-05-20,2020,5,20,15.25,1329.37916666667,215.53,1613.35188,0.1,16.47864,"Late","DFG2020",2019-11-13,189,1.08056655737705,265.784798067824
2021-04-29,2021,4,29,10.1791666666667,1048.56666666667,210.22,1136.74248,7.36,10.5048,"Early","DFG2021",2020-10-22,189,1.0319901760131,240.093969666185
2021-05-13,2021,5,13,13.3916666666667,1030.34166666667,211.86,1297.827,0,21.56328,"Late","DFG2021",2020-11-05,189,1.61020136901057,257.392435717231
2019-05-03,2019,5,3,7.86666666666667,1205.51666666667,228.3,1205.22276,0.5,15.92928,"Early","DFG2019",2018-10-25,190,2.02490847457627,271.148015404799
2019-05-17,2019,5,17,11.4916666666667,1217.90416666667,236.65,1388.66436,0,13.08816,"Late","DFG2019",2018-11-08,190,1.13892617839013,292.163916907134
2020-05-01,2020,5,1,10.3833333333333,1276.63333333333,231.17,1349.19432,0.7,14.84964,"Early","DFG2020",2019-10-24,190,1.430141894061,250.484751130875
2020-05-21,2020,5,21,16.7958333333333,1346.175,215.59,1641.35304,0.06,28.00116,"Late","DFG2020",2019-11-13,190,1.66714919374845,267.451947261572
2021-04-30,2021,4,30,8.62083333333333,1057.1875,210.25,1143.5094,0.03,6.76692,"Early","DFG2021",2020-10-22,190,0.784949637506042,240.878919303691
2021-05-14,2021,5,14,11.7333333333333,1042.075,211.86,1311.86628,0,14.03928,"Late","DFG2021",2020-11-05,190,1.19652954545455,258.588965262686
2019-05-04,2019,5,4,5.34583333333333,1210.8625,228.82,1225.87056,0.52,20.6478,"Early","DFG2019",2018-10-25,191,3.86240997661731,275.010425381416
2019-05-18,2019,5,18,14.0291666666667,1231.93333333333,236.71,1415.94804,0.06,27.28368,"Late","DFG2019",2018-11-08,191,1.94478265518265,294.108699562317
2020-05-02,2020,5,2,9.30416666666667,1285.9375,232.03,1361.41056,0.86,12.21624,"Early","DFG2020",2019-10-24,191,1.31298593819973,251.797737069075
2020-05-22,2020,5,22,17.5416666666667,1363.71666666667,219.74,1652.25528,4.15,10.90224,"Late","DFG2020",2019-11-13,191,0.62150536817102,268.073452629743
2021-05-01,2021,5,1,9.4,1066.5875,210.25,1158.88536,0,15.37596,"Early","DFG2021",2020-10-22,191,1.63574042553192,242.514659729223
2021-05-15,2021,5,15,10.7,1052.775,221.78,1326.38148,9.92,14.5152,"Late","DFG2021",2020-11-05,191,1.35656074766355,259.945526010349
2019-05-05,2019,5,5,5.74583333333333,1216.60833333333,228.82,1245.47796,0,19.6074,"Early","DFG2019",2018-10-25,192,3.41245540246556,278.422880783882
2019-05-19,2019,5,19,16.6416666666667,1248.575,236.74,1440.83052,0.03,24.88248,"Late","DFG2019",2018-11-08,192,1.49519158738107,295.603891149698
2020-05-03,2020,5,3,11.1166666666667,1297.05416666667,232.19,1376.52264,0.16,15.11208,"Early","DFG2020",2019-10-24,192,1.35940749625187,253.157144565327
2020-05-23,2020,5,23,14.6083333333333,1378.325,219.74,1667.75148,0,15.4962,"Late","DFG2020",2019-11-13,192,1.06077809469481,269.134230724438
2021-05-02,2021,5,2,6.85416666666667,1073.44166666667,210.36,1171.57392,0.11,12.68856,"Early","DFG2021",2020-10-22,192,1.85121848024316,244.365878209467
2021-05-16,2021,5,16,12.1958333333333,1064.97083333333,222.5,1344.45888,0.72,18.0774,"Late","DFG2021",2020-11-05,192,1.48226033481381,261.427786345163
2019-05-06,2019,5,6,6.575,1223.18333333333,231,1260.01152,2.18,14.53356,"Early","DFG2019",2018-10-25,193,2.21042737642586,280.633308160308
2019-05-20,2019,5,20,17.1958333333333,1265.77083333333,242.64,1458.06804,5.9,17.23752,"Late","DFG2019",2018-11-08,193,1.00242423067604,296.606315380374
2020-05-04,2020,5,4,9.775,1306.82916666667,234.55,1392.12576,2.36,15.60312,"Early","DFG2020",2019-10-24,193,1.59622710997442,254.753371675301
2020-05-24,2020,5,24,12.8291666666667,1391.15416666667,225.01,1681.86996,5.27,14.11848,"Late","DFG2020",2019-11-13,193,1.10049860344267,270.234729327881
2021-05-03,2021,5,3,7.98333333333333,1081.425,210.39,1190.4714,0.03,18.89748,"Early","DFG2021",2020-10-22,193,2.36711649269311,246.73299470216
2021-05-17,2021,5,17,11.4,1076.37083333333,225.04,1359.9576,2.54,15.49872,"Late","DFG2021",2020-11-05,193,1.35953684210526,262.787323187268
2019-05-07,2019,5,7,7.90416666666667,1231.0875,231.1,1281.29256,0.1,21.28104,"Early","DFG2019",2018-10-25,194,2.69238249868213,283.32569065899
2019-05-21,2019,5,21,14.4583333333333,1280.22916666667,243.69,1463.47344,1.05,5.4054,"Late","DFG2019",2018-11-08,194,0.373860518731989,296.980175899106
2020-05-05,2020,5,5,8.40416666666667,1315.23333333333,234.55,1412.76132,0,20.63556,"Early","DFG2020",2019-10-24,194,2.45539633118493,257.208768006486
2020-05-25,2020,5,25,12.275,1403.42916666667,225.17,1699.33968,0.16,17.46972,"Late","DFG2020",2019-11-13,194,1.42319511201629,271.657924439897
2021-05-04,2021,5,4,10.15,1091.575,211.76,1202.12352,1.37,11.65212,"Early","DFG2021",2020-10-22,194,1.1479921182266,247.880986820386
2021-05-18,2021,5,18,11.1208333333333,1087.49166666667,227.18,1373.1696,2.14,13.212,"Late","DFG2021",2020-11-05,194,1.18804046459348,263.975363651862
2019-05-08,2019,5,8,9.9875,1241.075,235.57,1292.44248,4.47,11.14992,"Early","DFG2019",2018-10-25,195,1.11638748435544,284.442078143345
2019-05-22,2019,5,22,12.0333333333333,1292.2625,243.69,1473.99084,0,10.5174,"Late","DFG2019",2018-11-08,195,0.874022160664822,297.854198059771
2020-05-06,2020,5,6,10.0041666666667,1325.2375,234.55,1439.63028,0,26.86896,"Early","DFG2020",2019-10-24,195,2.68577692628071,259.894544932767
2020-05-26,2020,5,26,13.3958333333333,1416.825,225.17,1722.58992,0,23.25024,"Late","DFG2020",2019-11-13,195,1.73563222395024,273.393556663847
2021-05-05,2021,5,5,7.51666666666667,1099.09166666667,212.3,1220.29056,0.54,18.16704,"Early","DFG2021",2020-10-22,195,2.41690110864745,250.297887929034
2021-05-19,2021,5,19,10.7833333333333,1098.275,228.03,1391.03388,0.85,17.86428,"Late","DFG2021",2020-11-05,195,1.65665656877899,265.632020220641
2019-05-09,2019,5,9,12.2208333333333,1253.29583333333,235.96,1310.03064,0.39,17.58816,"Early","DFG2019",2018-10-25,196,1.43919481759291,285.881272960938
2019-05-23,2019,5,23,14.2333333333333,1306.49583333333,243.69,1499.85648,0,25.86564,"Late","DFG2019",2018-11-08,196,1.8172580796253,299.671456139396
2020-05-07,2020,5,7,11.05,1336.2875,234.55,1465.1712,0,25.54092,"Early","DFG2020",2019-10-24,196,2.31139547511312,262.20594040788
2020-05-27,2020,5,27,16.25,1433.075,225.2,1748.43936,0.03,25.84944,"Late","DFG2020",2019-11-13,196,1.59073476923077,274.984291433078
2021-05-06,2021,5,6,7,1106.09166666667,216.11,1238.2812,3.81,17.99064,"Early","DFG2021",2020-10-22,196,2.57009142857143,252.867979357605
2021-05-20,2021,5,20,12.1458333333333,1110.42083333333,228.13,1414.70784,0.1,23.67396,"Late","DFG2021",2020-11-05,196,1.94914250428817,267.581162724929
2019-05-10,2019,5,10,11.1,1264.39583333333,237.61,1321.92468,1.65,11.89404,"Early","DFG2019",2018-10-25,197,1.07153513513513,286.952808096073
2019-05-24,2019,5,24,15.8583333333333,1322.35416666667,244.23,1521.1566,0.54,21.30012,"Late","DFG2019",2018-11-08,197,1.3431499737257,301.014606113122
2020-05-08,2020,5,8,13.4958333333333,1349.78333333333,234.55,1489.81644,0,24.64524,"Early","DFG2020",2019-10-24,197,1.82613695585058,264.03207736373
2020-05-28,2020,5,28,13.8916666666667,1446.96666666667,225.2,1775.71188,0,27.27252,"Late","DFG2020",2019-11-13,197,1.96322879424115,276.947520227319
2021-05-07,2021,5,7,6.5625,1112.65416666667,219.21,1256.82372,3.1,18.54252,"Early","DFG2021",2020-10-22,197,2.82552685714286,255.693506214748
2021-05-21,2021,5,21,14.0708333333333,1124.49166666667,228.13,1436.91372,0,22.20588,"Late","DFG2021",2020-11-05,197,1.5781496002369,269.159312325166
2019-05-11,2019,5,11,8.975,1273.37083333333,238.15,1330.02252,0.54,8.09784,"Early","DFG2019",2018-10-25,198,0.902266295264624,287.855074391338
2019-05-25,2019,5,25,11.6541666666667,1334.00833333333,244.23,1534.03992,0,12.88332,"Late","DFG2019",2018-11-08,198,1.10546900250268,302.120075115625
2020-05-09,2020,5,9,15.5916666666667,1365.375,234.55,1515.86748,0,26.05104,"Early","DFG2020",2019-10-24,198,1.67083099946552,265.702908363196
2020-05-29,2020,5,29,14.375,1461.34166666667,225.2,1805.085,0,29.37312,"Late","DFG2020",2019-11-13,198,2.04334747826087,278.99086770558
2021-05-08,2021,5,8,9.75416666666667,1122.40833333333,219.45,1276.90848,0.24,20.08476,"Early","DFG2021",2020-10-22,198,2.05909542930372,257.752601644052
2021-05-22,2021,5,22,10.9333333333333,1135.425,228.58,1446.09552,0.45,9.1818,"Late","DFG2021",2020-11-05,198,0.839798780487807,269.999111105654
2019-05-12,2019,5,12,8.7875,1282.15833333333,238.15,1353.59496,0,23.57244,"Early","DFG2019",2018-10-25,199,2.68249672830725,290.537571119645
2019-05-26,2019,5,26,15.5791666666667,1349.5875,244.26,1552.65552,0.03,18.6156,"Late","DFG2019",2018-11-08,199,1.19490345012035,303.314978565745
2020-05-10,2020,5,10,14.55,1379.925,234.69,1528.2288,0.14,12.36132,"Early","DFG2020",2019-10-24,199,0.849575257731959,266.552483620928
2020-05-30,2020,5,30,14.4875,1475.82916666667,225.2,1826.18244,0,21.09744,"Late","DFG2020",2019-11-13,199,1.45625125107852,280.447118956659
2021-05-09,2021,5,9,20.1458333333333,1142.55416666667,219.45,1302.52068,0,25.6122,"Early","DFG2021",2020-10-22,199,1.27133981385729,259.023941457909
2021-05-23,2021,5,23,10.6958333333333,1146.12083333333,229.98,1459.14192,1.4,13.0464,"Late","DFG2021",2020-11-05,199,1.21976470588236,271.218875811536
2019-05-13,2019,5,13,9.225,1291.38333333333,238.18,1382.09688,0.03,28.50192,"Early","DFG2019",2018-10-25,200,3.08963902439024,293.627210144035
2019-05-27,2019,5,27,15.8083333333333,1365.39583333333,244.42,1568.28348,0.16,15.62796,"Late","DFG2019",2018-11-08,200,0.988589984185558,304.303568549931
2020-05-11,2020,5,11,6.95833333333333,1386.88333333333,234.76,1538.69076,0.07,10.46196,"Early","DFG2020",2019-10-24,200,1.50351520958084,268.055998830509
2020-05-31,2020,5,31,15.0666666666667,1490.89583333333,225.2,1850.16024,0,23.9778,"Late","DFG2020",2019-11-13,200,1.59144690265486,282.038565859313
2021-05-10,2021,5,10,19.3125,1161.86666666667,232.11,1316.3292,12.66,13.80852,"Early","DFG2021",2020-10-22,200,0.71500427184466,259.738945729754
2021-05-24,2021,5,24,14.025,1160.14583333333,230.75,1483.50132,0.77,24.3594,"Late","DFG2021",2020-11-05,200,1.73685561497326,272.955731426509
2019-05-14,2019,5,14,10.2375,1301.62083333333,238.18,1406.88324,0,24.78636,"Early","DFG2019",2018-10-25,201,2.42113406593407,296.048344209969
2019-05-28,2019,5,28,13.3291666666667,1378.725,244.48,1583.29908,0.06,15.0156,"Late","DFG2019",2018-11-08,201,1.12652203813691,305.430090588067
2020-05-12,2020,5,12,7.25833333333333,1394.14166666667,234.76,1554.27804,0,15.58728,"Early","DFG2020",2019-10-24,201,2.14750126291619,270.203500093425
2020-06-01,2020,6,1,16.6583333333333,1507.55416666667,225.2,1879.8318,0,29.67156,"Late","DFG2020",2019-11-13,201,1.78118419209605,283.819750051409
2021-05-11,2021,5,11,14.5333333333333,1176.4,234.46,1325.48076,2.35,9.15156,"Early","DFG2021",2020-10-22,201,0.629694495412846,260.368640225166
2021-05-25,2021,5,25,10.125,1170.27083333333,233.27,1497.1374,2.52,13.63608,"Late","DFG2021",2020-11-05,201,1.34677333333333,274.302504759843
2019-05-15,2019,5,15,10.3916666666667,1312.0125,238.21,1428.62976,0.03,21.74652,"Early","DFG2019",2018-10-25,202,2.09268837209302,298.141032582062
2019-05-29,2019,5,29,12.0625,1390.7875,244.48,1607.14512,0,23.84604,"Late","DFG2019",2018-11-08,202,1.97687378238342,307.406964370451
2020-05-13,2020,5,13,9.3,1403.44166666667,235.09,1572.49908,0.33,18.22104,"Early","DFG2020",2019-10-24,202,1.95925161290323,272.162751706328
2020-06-02,2020,6,2,18.8333333333333,1526.3875,225.2,1907.87076,0,28.03896,"Late","DFG2020",2019-11-13,202,1.48879433628319,285.308544387693
2021-05-12,2021,5,12,13.4083333333333,1189.80833333333,235.1,1335.91572,0.64,10.43496,"Early","DFG2021",2020-10-22,202,0.778244375388442,261.146884600555
2021-05-26,2021,5,26,11.4083333333333,1181.67916666667,234.5,1515.57588,1.23,18.43848,"Late","DFG2021",2020-11-05,202,1.61622907231556,275.918733832158
2019-05-16,2019,5,16,8.59583333333333,1320.60833333333,241.92,1432.44864,3.71,3.81888,"Early","DFG2019",2018-10-25,203,0.444271061560834,298.585303643623
2019-05-30,2019,5,30,14.5458333333333,1405.33333333333,244.48,1617.32808,0,10.18296,"Late","DFG2019",2018-11-08,203,0.700060269263823,308.107024639715
2020-05-14,2020,5,14,8.625,1412.06666666667,235.09,1595.97972,0,23.48064,"Early","DFG2020",2019-10-24,203,2.72239304347826,274.885144749806
2020-06-03,2020,6,3,19.4541666666667,1545.84166666667,225.36,1929.60612,0.16,21.73536,"Late","DFG2020",2019-11-13,203,1.11725988434354,286.425804272036
2021-05-13,2021,5,13,13.3916666666667,1203.2,235.1,1357.479,0,21.56328,"Early","DFG2021",2020-10-22,203,1.61020136901057,262.757085969565
2021-05-27,2021,5,27,11.1875,1192.86666666667,235.48,1528.9506,0.98,13.37472,"Late","DFG2021",2020-11-05,203,1.19550569832402,277.114239530482
2019-05-17,2019,5,17,11.4916666666667,1332.1,241.92,1445.5368,0,13.08816,"Early","DFG2019",2018-10-25,204,1.13892617839013,299.724229822013
2019-05-31,2019,5,31,17.9625,1423.29583333333,247.15,1633.03524,2.67,15.70716,"Late","DFG2019",2018-11-08,204,0.874441753653445,308.981466393368
2020-05-15,2020,5,15,8.80833333333333,1420.875,235.12,1617.62688,0.03,21.64716,"Early","DFG2020",2019-10-24,204,2.45757729422895,277.342722044035
2020-06-04,2020,6,4,14.5583333333333,1560.4,232.95,1936.73124,7.59,7.12512,"Late","DFG2020",2019-11-13,204,0.489418660560963,286.915222932597
2021-05-14,2021,5,14,11.7333333333333,1214.93333333333,235.1,1371.51828,0,14.03928,"Early","DFG2021",2020-10-22,204,1.19652954545455,263.95361551502
2021-05-28,2021,5,28,11.6416666666667,1204.50833333333,238.15,1549.49904,2.67,20.54844,"Late","DFG2021",2020-11-05,204,1.76507716535433,278.879316695837
2019-05-18,2019,5,18,14.0291666666667,1346.12916666667,241.98,1472.82048,0.06,27.28368,"Early","DFG2019",2018-10-25,205,1.94478265518265,301.669012477196
2019-06-01,2019,6,1,19.3125,1442.60833333333,247.15,1660.59576,0,27.56052,"Late","DFG2019",2018-11-08,205,1.42708194174757,310.408548335116
2020-05-16,2020,5,16,11.3708333333333,1432.24583333333,235.12,1636.83432,0,19.20744,"Early","DFG2020",2019-10-24,205,1.68918490289484,279.03190694693
2020-06-05,2020,6,5,11.275,1571.675,238.04,1955.08404,5.09,18.3528,"Late","DFG2020",2019-11-13,205,1.62774279379157,288.542965726389
2021-05-15,2021,5,15,10.7,1225.63333333333,245.02,1386.03348,9.92,14.5152,"Early","DFG2021",2020-10-22,205,1.35656074766355,265.310176262684
2021-05-29,2021,5,29,10.6375,1215.14583333333,238.15,1562.54688,0,13.04784,"Late","DFG2021",2020-11-05,205,1.22658895417156,280.105905650008
2019-05-19,2019,5,19,16.6416666666667,1362.77083333333,242.01,1497.70296,0.03,24.88248,"Early","DFG2019",2018-10-25,206,1.49519158738107,303.164204064577
2019-06-02,2019,6,2,22.2708333333333,1464.87916666667,247.15,1687.97772,0,27.38196,"Late","DFG2019",2018-11-08,206,1.22949867165575,311.638047006772
2020-05-17,2020,5,17,12.3458333333333,1444.59166666667,235.12,1659.11292,0,22.2786,"Early","DFG2020",2019-10-24,206,1.80454404319946,280.83645099013
2020-06-06,2020,6,6,12.2875,1583.9625,243.3,1976.65884,5.26,21.5748,"Late","DFG2020",2019-11-13,206,1.75583316378433,290.298798890173
2021-05-16,2021,5,16,12.1958333333333,1237.82916666667,245.74,1404.11088,0.72,18.0774,"Early","DFG2021",2020-10-22,206,1.48226033481381,266.792436597497
2021-05-30,2021,5,30,14.275,1229.42083333333,238.15,1590.18408,0,27.6372,"Late","DFG2021",2020-11-05,206,1.93605604203152,282.04196169204
2019-05-20,2019,5,20,17.1958333333333,1379.96666666667,247.91,1514.94048,5.9,17.23752,"Early","DFG2019",2018-10-25,207,1.00242423067604,304.166628295253
2019-06-03,2019,6,3,19.6708333333333,1484.55,266.23,1703.8638,19.08,15.88608,"Late","DFG2019",2018-11-08,207,0.807595678881594,312.445642685653
2020-05-18,2020,5,18,15.6666666666667,1460.25833333333,235.15,1682.69436,0.03,23.58144,"Early","DFG2020",2019-10-24,207,1.50519829787234,282.341649288002
2020-06-07,2020,6,7,14.4666666666667,1598.42916666667,243.3,2000.8584,0,24.19956,"Late","DFG2020",2019-11-13,207,1.67278064516129,291.971579535334
2021-05-17,2021,5,17,11.4,1249.22916666667,248.28,1419.6096,2.54,15.49872,"Early","DFG2021",2020-10-22,207,1.35953684210526,268.151973439603
2021-05-31,2021,5,31,15.2625,1244.68333333333,238.15,1620.63612,0,30.45204,"Late","DFG2021",2020-11-05,207,1.99521965601966,284.037181348059
2019-05-21,2019,5,21,14.4583333333333,1394.425,248.96,1520.34588,1.05,5.4054,"Early","DFG2019",2018-10-25,208,0.373860518731989,304.540488813985
2019-06-04,2019,6,4,20.0708333333333,1504.62083333333,266.26,1724.45868,0.03,20.59488,"Late","DFG2019",2018-11-08,208,1.02610986090928,313.471752546562
2020-05-19,2020,5,19,15.6041666666667,1475.8625,235.15,1699.35084,0,16.65648,"Early","DFG2020",2019-10-24,208,1.0674379706275,283.40908725863
2020-06-08,2020,6,8,13.9833333333333,1612.4125,245.37,2021.3478,2.07,20.4894,"Late","DFG2020",2019-11-13,208,1.46527294398093,293.436852479315
2021-05-18,2021,5,18,11.1208333333333,1260.35,250.42,1432.8216,2.14,13.212,"Early","DFG2021",2020-10-22,208,1.18804046459348,269.340013904196
2021-06-01,2021,6,1,17.9083333333333,1262.59166666667,238.15,1648.52532,0,27.8892,"Late","DFG2021",2020-11-05,208,1.55733085155887,285.594512199618
2019-05-22,2019,5,22,12.0333333333333,1406.45833333333,248.96,1530.86328,0,10.5174,"Early","DFG2019",2018-10-25,209,0.874022160664822,305.41451097465
2019-06-05,2019,6,5,23.7125,1528.33333333333,266.47,1750.03488,0.21,25.5762,"Late","DFG2019",2018-11-08,209,1.07859567738535,314.550348223948
2020-05-20,2020,5,20,15.25,1491.1125,235.25,1715.82948,0.1,16.47864,"Early","DFG2020",2019-10-24,209,1.08056655737705,284.489653816007
2020-06-09,2020,6,9,15.4166666666667,1627.82916666667,245.58,2041.65324,0.21,20.30544,"Late","DFG2020",2019-11-13,209,1.31710962162162,294.753962100937
2021-05-19,2021,5,19,10.7833333333333,1271.13333333333,251.27,1450.68588,0.85,17.86428,"Early","DFG2021",2020-10-22,209,1.65665656877899,270.996670472975
2021-06-02,2021,6,2,19.3833333333333,1281.975,238.15,1674.23724,0,25.71192,"Late","DFG2021",2020-11-05,209,1.32649630266552,286.921008502284
2019-05-23,2019,5,23,14.2333333333333,1420.69166666667,248.96,1556.72892,0,25.86564,"Early","DFG2019",2018-10-25,210,1.8172580796253,307.231769054275
2019-06-06,2019,6,6,16.1958333333333,1544.52916666667,266.53,1759.24836,0.06,9.21348,"Late","DFG2019",2018-11-08,210,0.568879650115772,315.119227874063
2020-05-21,2020,5,21,16.7958333333333,1507.90833333333,235.31,1743.83064,0.06,28.00116,"Early","DFG2020",2019-10-24,210,1.66714919374845,286.156803009755
2020-06-10,2020,6,10,16.6458333333333,1644.475,245.91,2062.16244,0.33,20.5092,"Late","DFG2020",2019-11-13,210,1.23209211514393,295.986054216081
2021-05-20,2021,5,20,12.1458333333333,1283.27916666667,251.37,1474.35984,0.1,23.67396,"Early","DFG2021",2020-10-22,210,1.94914250428817,272.945812977263
2021-06-03,2021,6,3,19.0375,1301.0125,240.92,1691.66736,2.77,17.43012,"Late","DFG2021",2020-11-05,210,0.915567695338148,287.836576197622
2019-05-24,2019,5,24,15.8583333333333,1436.55,249.5,1578.02904,0.54,21.30012,"Early","DFG2019",2018-10-25,211,1.3431499737257,308.574919028001
2019-06-07,2019,6,7,17.1875,1561.71666666667,276.32,1787.2218,9.79,27.97344,"Late","DFG2019",2018-11-08,211,1.6275456,316.746773474064
2020-05-22,2020,5,22,17.5416666666667,1525.45,239.46,1754.73288,4.15,10.90224,"Early","DFG2020",2019-10-24,211,0.62150536817102,286.778308377926
2020-06-11,2020,6,11,16.2083333333333,1660.68333333333,246.15,2083.07916,0.24,20.91672,"Late","DFG2020",2019-11-13,211,1.29049172236504,297.276545938446
2021-05-21,2021,5,21,14.0708333333333,1297.35,251.37,1496.56572,0,22.20588,"Early","DFG2021",2020-10-22,211,1.5781496002369,274.5239625775
2021-06-04,2021,6,4,21.5375,1322.55,240.92,1718.5878,0,26.92044,"Late","DFG2021",2020-11-05,211,1.24993337202554,289.086509569647
2019-05-25,2019,5,25,11.6541666666667,1448.20416666667,249.5,1590.91236,0,12.88332,"Early","DFG2019",2018-10-25,212,1.10546900250268,309.680388030504
2019-06-08,2019,6,8,15.0583333333333,1576.775,276.88,1811.86056,0.56,24.63876,"Late","DFG2019",2018-11-08,212,1.6362209186497,318.382994392713
2020-05-23,2020,5,23,14.6083333333333,1540.05833333333,239.46,1770.22908,0,15.4962,"Early","DFG2020",2019-10-24,212,1.06077809469481,287.839086472621
2020-06-12,2020,6,12,20.4,1681.08333333333,246.15,2105.47368,0,22.39452,"Late","DFG2020",2019-11-13,212,1.09777058823529,298.374316526681
2021-05-22,2021,5,22,10.9333333333333,1308.28333333333,251.82,1505.74752,0.45,9.1818,"Early","DFG2021",2020-10-22,212,0.839798780487807,275.363761357988
2021-06-05,2021,6,5,19.75,1342.3,248,1731.57768,7.08,12.98988,"Late","DFG2021",2020-11-05,212,0.657715443037975,289.744225012685
2019-05-26,2019,5,26,15.5791666666667,1463.78333333333,249.53,1609.52796,0.03,18.6156,"Early","DFG2019",2018-10-25,213,1.19490345012035,310.875291480624
2019-06-09,2019,6,9,17.2666666666667,1594.04166666667,276.88,1839.91536,0,28.0548,"Late","DFG2019",2018-11-08,213,1.62479536679536,320.007789759509
2020-05-24,2020,5,24,12.8291666666667,1552.8875,244.73,1784.34756,5.27,14.11848,"Early","DFG2020",2019-10-24,213,1.10049860344267,288.939585076064
2020-06-13,2020,6,13,20.8791666666667,1701.9625,246.3,2122.10496,0.15,16.63128,"Late","DFG2020",2019-11-13,213,0.796549032129314,299.170865558811
2021-05-23,2021,5,23,10.6958333333333,1318.97916666667,253.22,1518.79392,1.4,13.0464,"Early","DFG2021",2020-10-22,213,1.21976470588236,276.58352606387
2021-06-06,2021,6,6,16.6041666666667,1358.90416666667,248.16,1737.53208,0.16,5.9544,"Late","DFG2021",2020-11-05,213,0.358608782936009,290.102833795622
2019-05-27,2019,5,27,15.8083333333333,1479.59166666667,249.69,1625.15592,0.16,15.62796,"Early","DFG2019",2018-10-25,214,0.988589984185558,311.86388146481
2019-06-10,2019,6,10,20.5375,1614.57916666667,276.88,1862.75124,0,22.83588,"Late","DFG2019",2018-11-08,214,1.11191138161899,321.119701141128
2020-05-25,2020,5,25,12.275,1565.1625,244.89,1801.81728,0.16,17.46972,"Early","DFG2020",2019-10-24,214,1.42319511201629,290.36278018808
2020-06-14,2020,6,14,19.0208333333333,1720.98333333333,256.76,2128.94928,10.46,6.84432,"Late","DFG2020",2019-11-13,214,0.359832814895948,299.530698373706
2021-05-24,2021,5,24,14.025,1333.00416666667,253.99,1543.15332,0.77,24.3594,"Early","DFG2021",2020-10-22,214,1.73685561497326,278.320381678844
2021-06-07,2021,6,7,16.35,1375.25416666667,248.16,1751.62608,0,14.094,"Late","DFG2021",2020-11-05,214,0.862018348623853,290.964852144245
2019-05-28,2019,5,28,13.3291666666667,1492.92083333333,249.75,1640.17152,0.06,15.0156,"Early","DFG2019",2018-10-25,215,1.12652203813691,312.990403502946
2019-06-11,2019,6,11,18.0916666666667,1632.67083333333,285.86,1878.57972,8.98,15.82848,"Late","DFG2019",2018-11-08,215,0.874904467987101,321.994605609115
2020-05-26,2020,5,26,13.3958333333333,1578.55833333333,244.89,1825.06752,0,23.25024,"Early","DFG2020",2019-10-24,215,1.73563222395024,292.09841241203
2020-06-15,2020,6,15,17.2708333333333,1738.25416666667,258.74,2142.54108,1.98,13.5918,"Late","DFG2020",2019-11-13,215,0.786979975874549,300.317678349581
2021-05-25,2021,5,25,10.125,1343.12916666667,256.51,1556.7894,2.52,13.63608,"Early","DFG2021",2020-10-22,215,1.34677333333333,279.667155012177
2021-06-08,2021,6,8,18.475,1393.72916666667,248.16,1772.05248,0,20.4264,"Late","DFG2021",2020-11-05,215,1.10562381596752,292.070475960213
2019-05-29,2019,5,29,12.0625,1504.98333333333,249.75,1664.01756,0,23.84604,"Early","DFG2019",2018-10-25,216,1.97687378238342,314.96727728533
2019-06-12,2019,6,12,16.5416666666667,1649.2125,288.82,1886.01732,2.96,7.4376,"Late","DFG2019",2018-11-08,216,0.449628211586901,322.444233820702
2020-05-27,2020,5,27,16.25,1594.80833333333,244.92,1850.91696,0.03,25.84944,"Early","DFG2020",2019-10-24,216,1.59073476923077,293.689147181261
2020-06-16,2020,6,16,19.0041666666667,1757.25833333333,258.74,2162.9016,0,20.36052,"Late","DFG2020",2019-11-13,216,1.07137136592852,301.38904971551
2021-05-26,2021,5,26,11.4083333333333,1354.5375,257.74,1575.22788,1.23,18.43848,"Early","DFG2021",2020-10-22,216,1.61622907231556,281.283384084493
2021-06-09,2021,6,9,20.3375,1414.06666666667,249.56,1793.71044,1.4,21.65796,"Late","DFG2021",2020-11-05,216,1.06492735095267,293.135403311166
2019-05-30,2019,5,30,14.5458333333333,1519.52916666667,249.75,1674.20052,0,10.18296,"Early","DFG2019",2018-10-25,217,0.700060269263823,315.667337554594
2019-06-13,2019,6,13,17.8041666666667,1667.01666666667,288.85,1911.65004,0.03,25.63272,"Late","DFG2019",2018-11-08,217,1.43970344020594,323.883937260907
2020-05-28,2020,5,28,13.8916666666667,1608.7,244.92,1878.18948,0,27.27252,"Early","DFG2020",2019-10-24,217,1.96322879424115,295.652375975502
2020-06-17,2020,6,17,20.8416666666667,1778.1,258.74,2188.19088,0,25.28928,"Late","DFG2020",2019-11-13,217,1.21340007996801,302.602449795478
2021-05-27,2021,5,27,11.1875,1365.725,258.72,1588.6026,0.98,13.37472,"Early","DFG2021",2020-10-22,217,1.19550569832402,282.478889782817
2021-06-10,2021,6,10,19.8208333333333,1433.8875,249.56,1819.14696,0,25.43652,"Late","DFG2021",2020-11-05,217,1.28332243010301,294.418725741269
2019-05-31,2019,5,31,17.9625,1537.49166666667,252.42,1689.90768,2.67,15.70716,"Early","DFG2019",2018-10-25,218,0.874441753653445,316.541779308247
2019-06-14,2019,6,14,20.9416666666667,1687.95833333333,288.85,1936.05192,0,24.40188,"Late","DFG2019",2018-11-08,218,1.16523103859928,325.049168299507
2020-05-29,2020,5,29,14.375,1623.075,244.92,1907.5626,0,29.37312,"Early","DFG2020",2019-10-24,218,2.04334747826087,297.695723453763
2020-06-18,2020,6,18,17.4291666666667,1795.52916666667,262.3,2192.6574,3.56,4.46652,"Late","DFG2020",2019-11-13,218,0.256266985417164,302.858716780895
2021-05-28,2021,5,28,11.6416666666667,1377.36666666667,261.39,1609.15104,2.67,20.54844,"Early","DFG2021",2020-10-22,218,1.76507716535433,284.243966948171
2021-06-11,2021,6,11,20.4916666666667,1454.37916666667,249.56,1844.37972,0,25.23276,"Late","DFG2021",2020-11-05,218,1.23136689711265,295.650092638381
2019-06-01,2019,6,1,19.3125,1556.80416666667,252.42,1717.4682,0,27.56052,"Early","DFG2019",2018-10-25,219,1.42708194174757,317.968861249995
2019-06-15,2019,6,15,19.5416666666667,1707.5,305.81,1952.71452,16.96,16.6626,"Late","DFG2019",2018-11-08,219,0.852670362473346,325.90183866198
2020-05-30,2020,5,30,14.4875,1637.5625,244.92,1928.66004,0,21.09744,"Early","DFG2020",2019-10-24,219,1.45625125107852,299.151974704841
2020-06-19,2020,6,19,18.8041666666667,1814.33333333333,263.58,2218.22028,1.28,25.56288,"Late","DFG2020",2019-11-13,219,1.35942636826944,304.218143149164
2021-05-29,2021,5,29,10.6375,1388.00416666667,261.39,1622.19888,0,13.04784,"Early","DFG2021",2020-10-22,219,1.22658895417156,285.470555902342
2021-06-12,2021,6,12,17.7,1472.07916666667,249.59,1862.11476,0.03,17.73504,"Late","DFG2021",2020-11-05,219,1.00197966101695,296.652072299398
2019-06-02,2019,6,2,22.2708333333333,1579.075,252.42,1744.85016,0,27.38196,"Early","DFG2019",2018-10-25,220,1.22949867165575,319.198359921651
2019-06-16,2019,6,16,16.825,1724.325,306.15,1965.66552,0.34,12.951,"Late","DFG2019",2018-11-08,220,0.769747399702823,326.671586061683
2020-05-31,2020,5,31,15.0666666666667,1652.62916666667,244.92,1952.63784,0,23.9778,"Early","DFG2020",2019-10-24,220,1.59144690265486,300.743421607496
2020-06-20,2020,6,20,18.3083333333333,1832.64166666667,263.58,2246.45364,0,28.23336,"Late","DFG2020",2019-11-13,220,1.54210432407829,305.760247473242
2021-05-30,2021,5,30,14.275,1402.27916666667,261.39,1649.83608,0,27.6372,"Early","DFG2021",2020-10-22,220,1.93605604203152,287.406611944374
2021-06-13,2021,6,13,15.1458333333333,1487.225,249.59,1889.09856,0,26.9838,"Late","DFG2021",2020-11-05,220,1.78159889958735,298.433671198986
2019-06-03,2019,6,3,19.6708333333333,1598.74583333333,271.5,1760.73624,19.08,15.88608,"Early","DFG2019",2018-10-25,221,0.807595678881594,320.005955600532
2019-06-17,2019,6,17,19.8375,1744.1625,306.15,1992.96504,0,27.29952,"Late","DFG2019",2018-11-08,221,1.3761572778828,328.047743339566
2020-06-01,2020,6,1,16.6583333333333,1669.2875,244.92,1982.3094,0,29.67156,"Early","DFG2020",2019-10-24,221,1.78118419209605,302.524605799592
2020-06-21,2020,6,21,18.8833333333333,1851.525,263.61,2276.36424,0.03,29.9106,"Late","DFG2020",2019-11-13,221,1.58396822594881,307.344215699191
2021-05-31,2021,5,31,15.2625,1417.54166666667,261.39,1680.28812,0,30.45204,"Early","DFG2021",2020-10-22,221,1.99521965601966,289.401831600394
2021-06-14,2021,6,14,19.2708333333333,1506.49583333333,249.62,1918.62396,0.03,29.5254,"Late","DFG2021",2020-11-05,221,1.53212886486487,299.96580006385
2019-06-04,2019,6,4,20.0708333333333,1618.81666666667,271.53,1781.33112,0.03,20.59488,"Early","DFG2019",2018-10-25,222,1.02610986090928,321.032065461441
2019-06-18,2019,6,18,22.6541666666667,1766.81666666667,306.15,2018.97612,0,26.01108,"Late","DFG2019",2018-11-08,222,1.14818083501931,329.195924174585
2020-06-02,2020,6,2,18.8333333333333,1688.12083333333,244.92,2010.34836,0,28.03896,"Early","DFG2020",2019-10-24,222,1.48879433628319,304.013400135875
2020-06-22,2020,6,22,19.2833333333333,1870.80833333333,263.65,2302.09452,0.04,25.73028,"Late","DFG2020",2019-11-13,222,1.33432739844425,308.678543097635
2021-06-01,2021,6,1,17.9083333333333,1435.45,261.39,1708.17732,0,27.8892,"Early","DFG2021",2020-10-22,222,1.55733085155887,290.959162451952
2021-06-15,2021,6,15,17.8583333333333,1524.35416666667,249.65,1942.254,0.03,23.63004,"Late","DFG2021",2020-11-05,222,1.32319402706486,301.288994090915
2019-06-05,2019,6,5,23.7125,1642.52916666667,271.74,1806.90732,0.21,25.5762,"Early","DFG2019",2018-10-25,223,1.07859567738535,322.110661138827
2019-06-19,2019,6,19,22.4083333333333,1789.225,318.65,2040.77088,12.5,21.79476,"Late","DFG2019",2018-11-08,223,0.972618519895874,330.168542694481
2020-06-03,2020,6,3,19.4541666666667,1707.575,245.08,2032.08372,0.16,21.73536,"Early","DFG2020",2019-10-24,223,1.11725988434354,305.130660020219
2020-06-23,2020,6,23,19.3625,1890.17083333333,263.65,2331.57816,0,29.48364,"Late","DFG2020",2019-11-13,223,1.52271865719819,310.201261754834
2021-06-02,2021,6,2,19.3833333333333,1454.83333333333,261.39,1733.88924,0,25.71192,"Early","DFG2021",2020-10-22,223,1.32649630266552,292.285658754618
2021-06-16,2021,6,16,21.0125,1545.36666666667,249.68,1970.50068,0.03,28.24668,"Late","DFG2021",2020-11-05,223,1.34427983343248,302.633273924348
2019-06-06,2019,6,6,16.1958333333333,1658.725,271.8,1816.1208,0.06,9.21348,"Early","DFG2019",2018-10-25,224,0.568879650115772,322.679540788943
2019-06-20,2019,6,20,19.3708333333333,1808.59583333333,319.97,2061.72144,1.32,20.95056,"Late","DFG2019",2018-11-08,224,1.08155181759518,331.250094512076
2020-06-04,2020,6,4,14.5583333333333,1722.13333333333,252.67,2039.20884,7.59,7.12512,"Early","DFG2020",2019-10-24,224,0.489418660560963,305.62007868078
2020-06-24,2020,6,24,20.125,1910.29583333333,263.65,2360.37888,0,28.80072,"Late","DFG2020",2019-11-13,224,1.43109167701863,311.632353431852
2021-06-03,2021,6,3,19.0375,1473.87083333333,264.16,1751.31936,2.77,17.43012,"Early","DFG2021",2020-10-22,224,0.915567695338148,293.201226449956
2021-06-17,2021,6,17,26,1571.36666666667,249.68,1999.41264,0,28.91196,"Late","DFG2021",2020-11-05,224,1.11199846153846,303.745272385886
2019-06-07,2019,6,7,17.1875,1675.9125,281.59,1844.09424,9.79,27.97344,"Early","DFG2019",2018-10-25,225,1.6275456,324.307086388943
2019-06-21,2019,6,21,18.0708333333333,1826.66666666667,319.97,2086.6356,0,24.91416,"Late","DFG2019",2018-11-08,225,1.37869458150796,332.628789093584
2020-06-05,2020,6,5,11.275,1733.40833333333,257.76,2057.56164,5.09,18.3528,"Early","DFG2020",2019-10-24,225,1.62774279379157,307.247821474572
2020-06-25,2020,6,25,21.1458333333333,1931.44166666667,263.65,2384.72568,0,24.3468,"Late","DFG2020",2019-11-13,225,1.1513757635468,312.783729195399
2021-06-04,2021,6,4,21.5375,1495.40833333333,264.16,1778.2398,0,26.92044,"Early","DFG2021",2020-10-22,225,1.24993337202554,294.451159821982
2021-06-18,2021,6,18,26.2291666666667,1597.59583333333,249.71,2025.13176,0.03,25.71912,"Late","DFG2021",2020-11-05,225,0.980554217633041,304.725826603519
2019-06-08,2019,6,8,15.0583333333333,1690.97083333333,282.15,1868.733,0.56,24.63876,"Early","DFG2019",2018-10-25,226,1.6362209186497,325.943307307592
2019-06-22,2019,6,22,18.3,1844.96666666667,319.97,2113.90488,0,27.26928,"Late","DFG2019",2018-11-08,226,1.49012459016393,334.118913683748
2020-06-06,2020,6,6,12.2875,1745.69583333333,263.02,2079.13644,5.26,21.5748,"Early","DFG2020",2019-10-24,226,1.75583316378433,309.003654638356
2020-06-26,2020,6,26,22.5791666666667,1954.02083333333,263.68,2410.98948,0.03,26.2638,"Late","DFG2020",2019-11-13,226,1.16318730393061,313.94691649933
2021-06-05,2021,6,5,19.75,1515.15833333333,271.24,1791.22968,7.08,12.98988,"Early","DFG2021",2020-10-22,226,0.657715443037975,295.10887526502
2021-06-19,2021,6,19,25.0541666666667,1622.65,249.74,2052.91836,0.03,27.7866,"Late","DFG2021",2020-11-05,226,1.10906103442541,305.834887637945
2019-06-09,2019,6,9,17.2666666666667,1708.2375,282.15,1896.7878,0,28.0548,"Early","DFG2019",2018-10-25,227,1.62479536679536,327.568102674388
2019-06-23,2019,6,23,20.9625,1865.92916666667,319.97,2143.3914,0,29.48652,"Late","DFG2019",2018-11-08,227,1.40663184257603,335.525545526324
2020-06-07,2020,6,7,14.4666666666667,1760.1625,263.02,2103.336,0,24.19956,"Early","DFG2020",2019-10-24,227,1.67278064516129,310.676435283517
2020-06-27,2020,6,27,22.2875,1976.30833333333,264.11,2430.51516,0.43,19.52568,"Late","DFG2020",2019-11-13,227,0.876082108805384,314.822998608135
2021-06-06,2021,6,6,16.6041666666667,1531.7625,271.4,1797.18408,0.16,5.9544,"Early","DFG2021",2020-10-22,227,0.358608782936009,295.467484047956
2021-06-20,2021,6,20,23.1625,1645.8125,270.47,2077.0362,20.73,24.11784,"Late","DFG2021",2020-11-05,227,1.04124511602806,306.876132753973
2019-06-10,2019,6,10,20.5375,1728.775,282.15,1919.62368,0,22.83588,"Early","DFG2019",2018-10-25,228,1.11191138161899,328.680014056007
2019-06-24,2019,6,24,22.8916666666667,1888.82083333333,319.97,2172.12768,0,28.73628,"Late","DFG2019",2018-11-08,228,1.25531619949035,336.780861725814
2020-06-08,2020,6,8,13.9833333333333,1774.14583333333,265.09,2123.8254,2.07,20.4894,"Early","DFG2020",2019-10-24,228,1.46527294398093,312.141708227498
2020-06-28,2020,6,28,18.5958333333333,1994.90416666667,264.51,2444.33484,0.4,13.81968,"Late","DFG2020",2019-11-13,228,0.743160026887745,315.566158635023
2021-06-07,2021,6,7,16.35,1548.1125,271.4,1811.27808,0,14.094,"Early","DFG2021",2020-10-22,228,0.862018348623853,296.32950239658
2021-06-21,2021,6,21,19.3125,1665.125,287.16,2093.69268,16.69,16.65648,"Late","DFG2021",2020-11-05,228,0.86247145631068,307.738604210283
2019-06-11,2019,6,11,18.0916666666667,1746.86666666667,291.13,1935.45216,8.98,15.82848,"Early","DFG2019",2018-10-25,229,0.874904467987101,329.554918523994
2019-06-25,2019,6,25,25.4416666666667,1914.2625,319.97,2199.75084,0,27.62316,"Late","DFG2019",2018-11-08,229,1.0857449066492,337.866606632464
2020-06-09,2020,6,9,15.4166666666667,1789.5625,265.3,2144.13084,0.21,20.30544,"Early","DFG2020",2019-10-24,229,1.31710962162162,313.45881784912
2020-06-29,2020,6,29,16.9416666666667,2011.84583333333,264.62,2464.88652,0.11,20.55168,"Late","DFG2020",2019-11-13,229,1.2130848991638,316.779243534187
2021-06-08,2021,6,8,18.475,1566.5875,271.4,1831.70448,0,20.4264,"Early","DFG2021",2020-10-22,229,1.10562381596752,297.435126212547
2021-06-22,2021,6,22,15.5541666666667,1680.67916666667,287.16,2107.49328,0,13.8006,"Late","DFG2021",2020-11-05,229,0.887260648272165,308.625864858556
2019-06-12,2019,6,12,16.5416666666667,1763.40833333333,294.09,1942.88976,2.96,7.4376,"Early","DFG2019",2018-10-25,230,0.449628211586901,330.004546735581
2019-06-26,2019,6,26,25.3458333333333,1939.60833333333,320,2226.54672,0.03,26.79588,"Late","DFG2019",2018-11-08,230,1.05721045536742,338.923817087831
2020-06-10,2020,6,10,16.6458333333333,1806.20833333333,265.63,2164.64004,0.33,20.5092,"Early","DFG2020",2019-10-24,230,1.23209211514393,314.690909964264
2020-06-30,2020,6,30,17.3166666666667,2029.1625,264.79,2482.14924,0.17,17.26272,"Late","DFG2020",2019-11-13,230,0.996884696823867,317.776128231011
2021-06-09,2021,6,9,20.3375,1586.925,272.8,1853.36244,1.4,21.65796,"Early","DFG2021",2020-10-22,230,1.06492735095267,298.5000535635
2021-06-23,2021,6,23,16.5416666666667,1697.22083333333,287.16,2123.6382,0,16.14492,"Late","DFG2021",2020-11-05,230,0.976015314861459,309.601880173417
2019-06-13,2019,6,13,17.8041666666667,1781.2125,294.12,1968.52248,0.03,25.63272,"Early","DFG2019",2018-10-25,231,1.43970344020594,331.444250175787
2019-06-27,2019,6,27,16.7916666666667,1956.4,320.03,2255.8068,0.03,29.26008,"Late","DFG2019",2018-11-08,231,1.74253578163771,340.666352869469
2020-06-11,2020,6,11,16.2083333333333,1822.41666666667,265.87,2185.55676,0.24,20.91672,"Early","DFG2020",2019-10-24,231,1.29049172236504,315.981401686629
2020-07-01,2020,7,1,17.6583333333333,2046.82083333333,280.54,2488.15872,15.75,6.00948,"Late","DFG2020",2019-11-13,231,0.340319773478056,318.116448004489
2021-06-10,2021,6,10,19.8208333333333,1606.74583333333,272.8,1878.79896,0,25.43652,"Early","DFG2021",2020-10-22,231,1.28332243010301,299.783375993603
2021-06-24,2021,6,24,17.4,1714.62083333333,287.16,2136.3174,0,12.6792,"Late","DFG2021",2020-11-05,231,0.728689655172414,310.330569828589
2019-06-14,2019,6,14,20.9416666666667,1802.15416666667,294.12,1992.92436,0,24.40188,"Early","DFG2019",2018-10-25,232,1.16523103859928,332.609481214386
2019-06-28,2019,6,28,18.05,1974.45,320.06,2282.22432,0.03,26.41752,"Late","DFG2019",2018-11-08,232,1.46357451523546,342.129927384704
2020-06-12,2020,6,12,20.4,1842.81666666667,265.87,2207.95128,0,22.39452,"Early","DFG2020",2019-10-24,232,1.09777058823529,317.079172274864
2020-07-02,2020,7,2,17.5458333333333,2064.36666666667,282.38,2504.25648,1.84,16.09776,"Late","DFG2020",2019-11-13,232,0.91746910472572,319.033917109214
2021-06-11,2021,6,11,20.4916666666667,1627.2375,272.8,1904.03172,0,25.23276,"Early","DFG2021",2020-10-22,232,1.23136689711265,301.014742890715
2021-06-25,2021,6,25,17.5625,1732.18333333333,287.2,2155.58712,0.04,19.26972,"Late","DFG2021",2020-11-05,232,1.09720825622776,311.427778084817
2019-06-15,2019,6,15,19.5416666666667,1821.69583333333,311.08,2009.58696,16.96,16.6626,"Early","DFG2019",2018-10-25,233,0.852670362473346,333.462151576859
2019-06-29,2019,6,29,22.1583333333333,1996.60833333333,320.12,2312.307,0.06,30.08268,"Late","DFG2019",2018-11-08,233,1.35762376833396,343.487551153038
2020-06-13,2020,6,13,20.8791666666667,1863.69583333333,266.02,2224.58256,0.15,16.63128,"Early","DFG2020",2019-10-24,233,0.796549032129314,317.875721306993
2020-07-03,2020,7,3,16.8958333333333,2081.2625,282.38,2525.97276,0,21.71628,"Late","DFG2020",2019-11-13,233,1.28530387176326,320.319220980978
2021-06-12,2021,6,12,17.7,1644.9375,272.83,1921.76676,0.03,17.73504,"Early","DFG2021",2020-10-22,233,1.00197966101695,302.016722551732
2021-06-26,2021,6,26,19.3875,1751.57083333333,287.2,2178.43992,0,22.8528,"Late","DFG2021",2020-11-05,233,1.17873887814313,312.60651696296
2019-06-16,2019,6,16,16.825,1838.52083333333,311.42,2022.53796,0.34,12.951,"Early","DFG2019",2018-10-25,234,0.769747399702823,334.231898976562
2019-06-30,2019,6,30,25.6291666666667,2022.2375,320.18,2340.7488,0.06,28.4418,"Late","DFG2019",2018-11-08,234,1.10974345634856,344.597294609387
2020-06-14,2020,6,14,19.0208333333333,1882.71666666667,276.48,2231.42688,10.46,6.84432,"Early","DFG2020",2019-10-24,234,0.359832814895948,318.235554121889
2020-07-04,2020,7,4,18.8625,2100.125,282.52,2536.60176,0.14,10.629,"Late","DFG2020",2019-11-13,234,0.563499005964215,320.882719986942
2021-06-13,2021,6,13,15.1458333333333,1660.08333333333,272.83,1948.75056,0,26.9838,"Early","DFG2021",2020-10-22,234,1.78159889958735,303.79832145132
2021-06-27,2021,6,27,21.1416666666667,1772.7125,287.2,2206.30716,0,27.86724,"Late","DFG2021",2020-11-05,234,1.3181193535672,313.924636316527
2019-06-17,2019,6,17,19.8375,1858.35833333333,311.42,2049.83748,0,27.29952,"Early","DFG2019",2018-10-25,235,1.3761572778828,335.608056254445
2019-07-01,2019,7,1,20.0791666666667,2042.31666666667,320.33,2364.45876,0.15,23.70996,"Late","DFG2019",2018-11-08,235,1.18082390537456,345.778118514761
2020-06-15,2020,6,15,17.2708333333333,1899.9875,278.46,2245.01868,1.98,13.5918,"Early","DFG2020",2019-10-24,235,0.786979975874549,319.022534097764
2020-07-05,2020,7,5,20.2791666666667,2120.40416666667,282.74,2549.00664,0.22,12.40488,"Late","DFG2020",2019-11-13,235,0.611705609204848,321.494425596147
2021-06-14,2021,6,14,19.2708333333333,1679.35416666667,272.86,1978.27596,0.03,29.5254,"Early","DFG2021",2020-10-22,235,1.53212886486487,305.330450316185
2021-06-28,2021,6,28,22.1416666666667,1794.85416666667,287.92,2222.81964,0.72,16.51248,"Late","DFG2021",2020-11-05,235,0.745764998118177,314.670401314646
2019-06-18,2019,6,18,22.6541666666667,1881.0125,311.42,2075.84856,0,26.01108,"Early","DFG2019",2018-10-25,236,1.14818083501931,336.756237089464
2019-07-02,2019,7,2,15.9833333333333,2058.3,320.33,2388.10212,0,23.64336,"Late","DFG2019",2018-11-08,236,1.47925088633994,347.257369401101
2020-06-16,2020,6,16,19.0041666666667,1918.99166666667,278.46,2265.3792,0,20.36052,"Early","DFG2020",2019-10-24,236,1.07137136592852,320.093905463692
2020-07-06,2020,7,6,14.875,2135.27916666667,283.86,2567.2392,1.12,18.23256,"Late","DFG2020",2019-11-13,236,1.22571831932773,322.720143915474
2021-06-15,2021,6,15,17.8583333333333,1697.2125,272.89,2001.906,0.03,23.63004,"Early","DFG2021",2020-10-22,236,1.32319402706486,306.653644343249
2021-06-29,2021,6,29,20.3541666666667,1815.20833333333,291.03,2236.22172,3.11,13.40208,"Late","DFG2021",2020-11-05,236,0.658444053224154,315.32884536787
2019-06-19,2019,6,19,22.4083333333333,1903.42083333333,323.92,2097.64332,12.5,21.79476,"Early","DFG2019",2018-10-25,237,0.972618519895874,337.72885560936
2019-07-03,2019,7,3,14.6583333333333,2072.95833333333,320.39,2412.48744,0.06,24.38532,"Late","DFG2019",2018-11-08,237,1.66358067083571,348.920950071937
2020-06-17,2020,6,17,20.8416666666667,1939.83333333333,278.46,2290.66848,0,25.28928,"Early","DFG2020",2019-10-24,237,1.21340007996801,321.30730554366
2020-07-07,2020,7,7,14.2708333333333,2149.55,284.18,2586.41352,0.32,19.17432,"Late","DFG2020",2019-11-13,237,1.34360198540146,324.063745900876
2021-06-16,2021,6,16,21.0125,1718.225,272.92,2030.15268,0.03,28.24668,"Early","DFG2021",2020-10-22,237,1.34427983343248,307.997924176682
2021-06-30,2021,6,30,17.2291666666667,1832.4375,305.88,2242.46016,14.85,6.23844,"Late","DFG2021",2020-11-05,237,0.36208599758162,315.690931365451
2019-06-20,2019,6,20,19.3708333333333,1922.79166666667,325.24,2118.59388,1.32,20.95056,"Early","DFG2019",2018-10-25,238,1.08155181759518,338.810407426955
2019-07-04,2019,7,4,15.9375,2088.89583333333,320.39,2440.33488,0,27.84744,"Late","DFG2019",2018-11-08,238,1.74729035294118,350.668240424878
2020-06-18,2020,6,18,17.4291666666667,1957.2625,282.02,2295.135,3.56,4.46652,"Early","DFG2020",2019-10-24,238,0.256266985417164,321.563572529077
2020-07-08,2020,7,8,13.6958333333333,2163.24583333333,286.71,2593.37628,2.53,6.96276,"Late","DFG2020",2019-11-13,238,0.508385275327047,324.572131176203
2021-06-17,2021,6,17,26,1744.225,272.92,2059.06464,0,28.91196,"Early","DFG2021",2020-10-22,238,1.11199846153846,309.10992263822
2021-07-01,2021,7,1,14.7041666666667,1847.14166666667,331.51,2247.43464,25.63,4.97448,"Late","DFG2021",2020-11-05,238,0.338304108812694,316.029235474264
2019-06-21,2019,6,21,18.0708333333333,1940.8625,325.24,2143.50804,0,24.91416,"Early","DFG2019",2018-10-25,239,1.37869458150796,340.189102008463
2019-07-05,2019,7,5,18.6291666666667,2107.525,320.49,2461.49892,0.1,21.16404,"Late","DFG2019",2018-11-08,239,1.13607014090807,351.804310565786
2020-06-19,2020,6,19,18.8041666666667,1976.06666666667,283.3,2320.69788,1.28,25.56288,"Early","DFG2020",2019-10-24,239,1.35942636826944,322.922998897347
2020-07-09,2020,7,9,17.0166666666667,2180.2625,290.47,2601.56916,3.76,8.19288,"Late","DFG2020",2019-11-13,239,0.481462095984328,325.053593272187
2021-06-18,2021,6,18,26.2291666666667,1770.45416666667,272.95,2084.78376,0.03,25.71912,"Early","DFG2021",2020-10-22,239,0.980554217633041,310.090476855853
2021-07-02,2021,7,2,16.2625,1863.40416666667,331.51,2258.75268,0,11.31804,"Late","DFG2021",2020-11-05,239,0.695959415833974,316.725194890098
2019-06-22,2019,6,22,18.3,1959.1625,325.24,2170.77732,0,27.26928,"Early","DFG2019",2018-10-25,240,1.49012459016393,341.679226598627
2019-07-06,2019,7,6,16.8541666666667,2124.37916666667,324.91,2472.99336,4.42,11.49444,"Late","DFG2019",2018-11-08,240,0.681993967861556,352.486304533648
2020-06-20,2020,6,20,18.3083333333333,1994.375,283.3,2348.93124,0,28.23336,"Early","DFG2020",2019-10-24,240,1.54210432407829,324.465103221425
2020-07-10,2020,7,10,15.7416666666667,2196.00416666667,293.46,2610.83772,2.99,9.26856,"Late","DFG2020",2019-11-13,240,0.588791529910004,325.642384802097
2021-06-19,2021,6,19,25.0541666666667,1795.50833333333,272.98,2112.57036,0.03,27.7866,"Early","DFG2021",2020-10-22,240,1.10906103442541,311.199537890279
2021-07-03,2021,7,3,18.5666666666667,1881.97083333333,331.51,2285.02116,0,26.26848,"Late","DFG2021",2020-11-05,240,1.41481938958707,318.140014279685
2019-06-23,2019,6,23,20.9625,1980.125,325.24,2200.26384,0,29.48652,"Early","DFG2019",2018-10-25,241,1.40663184257603,343.085858441203
2019-07-07,2019,7,7,13.9875,2138.36666666667,324.91,2489.90688,0,16.91352,"Late","DFG2019",2018-11-08,241,1.20918820375335,353.695492737401
2020-06-21,2020,6,21,18.8833333333333,2013.25833333333,283.33,2378.84184,0.03,29.9106,"Early","DFG2020",2019-10-24,241,1.58396822594881,326.049071447374
2020-07-11,2020,7,11,13.875,2209.87916666667,293.58,2630.82384,0.12,19.98612,"Late","DFG2020",2019-11-13,241,1.44044108108108,327.082825883178
2021-06-20,2021,6,20,23.1625,1818.67083333333,293.71,2136.6882,20.73,24.11784,"Early","DFG2021",2020-10-22,241,1.04124511602806,312.240783006307
2021-07-04,2021,7,4,18.6416666666667,1900.6125,341.03,2304.11052,9.52,19.08936,"Late","DFG2021",2020-11-05,241,1.02401573535985,319.164030015045
2019-06-24,2019,6,24,22.8916666666667,2003.01666666667,325.24,2229.00012,0,28.73628,"Early","DFG2019",2018-10-25,242,1.25531619949035,344.341174640693
2019-07-08,2019,7,8,13.0208333333333,2151.3875,324.91,2503.27368,0,13.3668,"Late","DFG2019",2018-11-08,242,1.02657024,354.722062977401
2020-06-22,2020,6,22,19.2833333333333,2032.54166666667,283.37,2404.57212,0.04,25.73028,"Early","DFG2020",2019-10-24,242,1.33432739844425,327.383398845818
2020-07-12,2020,7,12,15.0375,2224.91666666667,293.58,2655.44424,0,24.6204,"Late","DFG2020",2019-11-13,242,1.63726683291771,328.720092716096
2021-06-21,2021,6,21,19.3125,1837.98333333333,310.4,2153.34468,16.69,16.65648,"Early","DFG2021",2020-10-22,242,0.86247145631068,313.103254462618
2021-07-05,2021,7,5,18.4125,1919.025,342.77,2319.89724,1.74,15.78672,"Late","DFG2021",2020-11-05,242,0.857391446028513,320.021421461074
2019-06-25,2019,6,25,25.4416666666667,2028.45833333333,325.24,2256.62328,0,27.62316,"Early","DFG2019",2018-10-25,243,1.0857449066492,345.426919547343
2019-07-09,2019,7,9,13.6791666666667,2165.06666666667,325.02,2517.73524,0.11,14.46156,"Late","DFG2019",2018-11-08,243,1.05719597928723,355.779258956688
2020-06-23,2020,6,23,19.3625,2051.90416666667,283.37,2434.05576,0,29.48364,"Early","DFG2020",2019-10-24,243,1.52271865719819,328.906117503017
2020-07-13,2020,7,13,17.5958333333333,2242.5125,293.58,2684.01564,0,28.5714,"Late","DFG2020",2019-11-13,243,1.62375941273976,330.343852128836
2021-06-22,2021,6,22,15.5541666666667,1853.5375,310.4,2167.14528,0,13.8006,"Early","DFG2021",2020-10-22,243,0.887260648272165,313.99051511089
2021-07-06,2021,7,6,19.75,1938.775,345.12,2332.93464,2.35,13.0374,"Late","DFG2021",2020-11-05,243,0.660121518987342,320.681542980061
2019-06-26,2019,6,26,25.3458333333333,2053.80416666667,325.27,2283.41916,0.03,26.79588,"Early","DFG2019",2018-10-25,244,1.05721045536742,346.48413000271
2019-07-10,2019,7,10,15.6666666666667,2180.73333333333,325.44,2537.55108,0.42,19.81584,"Late","DFG2019",2018-11-08,244,1.26484085106383,357.044099807752
2020-06-24,2020,6,24,20.125,2072.02916666667,283.37,2462.85648,0,28.80072,"Early","DFG2020",2019-10-24,244,1.43109167701863,330.337209180035
2020-07-14,2020,7,14,17.5916666666667,2260.10416666667,297.24,2706.85008,3.66,22.83444,"Late","DFG2020",2019-11-13,244,1.29802595926101,331.641878088097
2021-06-23,2021,6,23,16.5416666666667,1870.07916666667,310.4,2183.2902,0,16.14492,"Early","DFG2021",2020-10-22,244,0.976015314861459,314.966530425751
2021-07-07,2021,7,7,19.2958333333333,1958.07083333333,345.24,2354.32152,0.12,21.38688,"Late","DFG2021",2020-11-05,244,1.10836778233643,321.789910762397
2019-06-27,2019,6,27,16.7916666666667,2070.59583333333,325.3,2312.67924,0.03,29.26008,"Early","DFG2019",2018-10-25,245,1.74253578163771,348.226665784348
2019-07-11,2019,7,11,16.975,2197.70833333333,326.04,2550.31524,0.6,12.76416,"Late","DFG2019",2018-11-08,245,0.751938733431517,357.796038541184
2020-06-25,2020,6,25,21.1458333333333,2093.175,283.37,2487.20328,0,24.3468,"Early","DFG2020",2019-10-24,245,1.1513757635468,331.488584943582
2020-07-15,2020,7,15,14.9708333333333,2275.075,300.22,2714.9112,2.98,8.06112,"Late","DFG2020",2019-11-13,245,0.538454995825217,332.180333083922
2021-06-24,2021,6,24,17.4,1887.47916666667,310.4,2195.9694,0,12.6792,"Early","DFG2021",2020-10-22,245,0.728689655172414,315.695220080924
2021-07-08,2021,7,8,19.3916666666667,1977.4625,345.24,2370.28824,0,15.96672,"Late","DFG2021",2020-11-05,245,0.823380489901159,322.613291252298
2019-06-28,2019,6,28,18.05,2088.64583333333,325.33,2339.09676,0.03,26.41752,"Early","DFG2019",2018-10-25,246,1.46357451523546,349.690240299583
2019-07-12,2019,7,12,17.1625,2214.87083333333,331.19,2564.37828,5.15,14.06304,"Late","DFG2019",2018-11-08,246,0.819405098324836,358.615443639508
2020-06-26,2020,6,26,22.5791666666667,2115.75416666667,283.4,2513.46708,0.03,26.2638,"Early","DFG2020",2019-10-24,246,1.16318730393061,332.651772247513
2020-07-16,2020,7,16,15.0958333333333,2290.17083333333,300.22,2728.68588,0,13.77468,"Late","DFG2020",2019-11-13,246,0.91248225227712,333.092815336199
2021-06-25,2021,6,25,17.5625,1905.04166666667,310.44,2215.23912,0.04,19.26972,"Early","DFG2021",2020-10-22,246,1.09720825622776,316.792428337151
2021-07-09,2021,7,9,16.925,1994.3875,354.11,2375.51256,8.87,5.22432,"Late","DFG2021",2020-11-05,246,0.308674741506647,322.921965993805
2019-06-29,2019,6,29,22.1583333333333,2110.80416666667,325.39,2369.17944,0.06,30.08268,"Early","DFG2019",2018-10-25,247,1.35762376833396,351.047864067917
2019-07-13,2019,7,13,15.8958333333333,2230.76666666667,333.56,2572.54092,2.37,8.16264,"Late","DFG2019",2018-11-08,247,0.513508152031456,359.12895179154
2020-06-27,2020,6,27,22.2875,2138.04166666667,283.83,2532.99276,0.43,19.52568,"Early","DFG2020",2019-10-24,247,0.876082108805384,333.527854356318
2020-07-17,2020,7,17,17.35,2307.52083333333,300.22,2750.19984,0,21.51396,"Late","DFG2020",2019-11-13,247,1.2399976945245,334.332813030724
2021-06-26,2021,6,26,19.3875,1924.42916666667,310.44,2238.09192,0,22.8528,"Early","DFG2021",2020-10-22,247,1.17873887814313,317.971167215294
2021-07-10,2021,7,10,18.6458333333333,2013.03333333333,354.11,2396.58372,0,21.07116,"Late","DFG2021",2020-11-05,247,1.13007338547486,324.05203937928
2019-06-30,2019,6,30,25.6291666666667,2136.43333333333,325.45,2397.62124,0.06,28.4418,"Early","DFG2019",2018-10-25,248,1.10974345634856,352.157607524266
2019-07-14,2019,7,14,14.8625,2245.62916666667,333.72,2580.42852,0.16,7.8876,"Late","DFG2019",2018-11-08,248,0.530704793944491,359.659656585484
2020-06-28,2020,6,28,18.5958333333333,2156.6375,284.23,2546.81244,0.4,13.81968,"Early","DFG2020",2019-10-24,248,0.743160026887745,334.271014383206
2020-07-18,2020,7,18,19.5375,2327.05833333333,300.25,2773.72944,0.03,23.5296,"Late","DFG2020",2019-11-13,248,1.20433013435701,335.537143165081
2021-06-27,2021,6,27,21.1416666666667,1945.57083333333,310.44,2265.95916,0,27.86724,"Early","DFG2021",2020-10-22,248,1.3181193535672,319.289286568862
2021-07-11,2021,7,11,19.8416666666667,2032.875,354.11,2413.48464,0,16.90092,"Late","DFG2021",2020-11-05,248,0.851789332213354,324.903828711493
2019-07-01,2019,7,1,20.0791666666667,2156.5125,325.6,2421.3312,0.15,23.70996,"Early","DFG2019",2018-10-25,249,1.18082390537456,353.33843142964
2019-07-15,2019,7,15,14.2666666666667,2259.89583333333,333.75,2588.5098,0.03,8.08128,"Late","DFG2019",2018-11-08,249,0.566444859813083,360.226101445297
2020-06-29,2020,6,29,16.9416666666667,2173.57916666667,284.34,2567.36412,0.11,20.55168,"Early","DFG2020",2019-10-24,249,1.2130848991638,335.484099282369
2020-07-19,2020,7,19,21.2333333333333,2348.29166666667,300.28,2790.80676,0.03,17.07732,"Late","DFG2020",2019-11-13,249,0.804269387755103,336.341412552836
2021-06-28,2021,6,28,22.1416666666667,1967.7125,311.16,2282.47164,0.72,16.51248,"Early","DFG2021",2020-10-22,249,0.745764998118177,320.03505156698
2021-07-12,2021,7,12,21.025,2053.9,354.11,2432.68884,0,19.2042,"Late","DFG2021",2020-11-05,249,0.913398335315101,325.817227046808
2019-07-02,2019,7,2,15.9833333333333,2172.49583333333,325.6,2444.97456,0,23.64336,"Early","DFG2019",2018-10-25,250,1.47925088633994,354.81768231598
2019-07-16,2019,7,16,15.1083333333333,2275.00416666667,333.78,2597.10408,0.03,8.59428,"Late","DFG2019",2018-11-08,250,0.568843684500829,360.794945129798
2020-06-30,2020,6,30,17.3166666666667,2190.89583333333,284.51,2584.62684,0.17,17.26272,"Early","DFG2020",2019-10-24,250,0.996884696823867,336.480983979193
2020-07-20,2020,7,20,17.4416666666667,2365.73333333333,301.94,2806.1982,1.66,15.39144,"Late","DFG2020",2019-11-13,250,0.882452365026276,337.223864917862
2021-06-29,2021,6,29,20.3541666666667,1988.06666666667,314.27,2295.87372,3.11,13.40208,"Early","DFG2021",2020-10-22,250,0.658444053224154,320.693495620204
2021-07-13,2021,7,13,22.0625,2075.9625,354.11,2448.64728,0,15.95844,"Late","DFG2021",2020-11-05,250,0.723328725212464,326.540555772021
2019-07-03,2019,7,3,14.6583333333333,2187.15416666667,325.66,2469.35988,0.06,24.38532,"Early","DFG2019",2018-10-25,251,1.66358067083571,356.481262986816
2019-07-17,2019,7,17,17.8541666666667,2292.85833333333,333.78,2618.96796,0,21.86388,"Late","DFG2019",2018-11-08,251,1.22458137689615,362.019526506694
2020-07-01,2020,7,1,17.6583333333333,2208.55416666667,300.26,2590.63632,15.75,6.00948,"Early","DFG2020",2019-10-24,251,0.340319773478056,336.821303752671
2020-07-21,2020,7,21,15.7541666666667,2381.4875,301.94,2828.59092,0,22.39272,"Late","DFG2020",2019-11-13,251,1.42138397249405,338.645248890356
2021-06-30,2021,6,30,17.2291666666667,2005.29583333333,329.12,2302.11216,14.85,6.23844,"Early","DFG2021",2020-10-22,251,0.36208599758162,321.055581617786
2021-07-14,2021,7,14,18.9625,2094.925,355.34,2455.99128,1.23,7.344,"Late","DFG2021",2020-11-05,251,0.387290705339486,326.92784647736
2019-07-04,2019,7,4,15.9375,2203.09166666667,325.66,2497.20732,0,27.84744,"Early","DFG2019",2018-10-25,252,1.74729035294118,358.228553339757
2019-07-18,2019,7,18,19.9625,2312.82083333333,333.87,2642.14152,0.09,23.17356,"Late","DFG2019",2018-11-08,252,1.16085460237946,363.180381109074
2020-07-02,2020,7,2,17.5458333333333,2226.1,302.1,2606.73408,1.84,16.09776,"Early","DFG2020",2019-10-24,252,0.91746910472572,337.738772857397
2020-07-22,2020,7,22,15.625,2397.1125,301.94,2845.07784,0,16.48692,"Late","DFG2020",2019-11-13,252,1.05516288,339.700411770356
2021-07-01,2021,7,1,14.7041666666667,2020,354.75,2307.08664,25.63,4.97448,"Early","DFG2021",2020-10-22,252,0.338304108812694,321.393885726598
2021-07-15,2021,7,15,20.65,2115.575,355.34,2480.5044,0,24.51312,"Late","DFG2021",2020-11-05,252,1.18707602905569,328.114922506416
2019-07-05,2019,7,5,18.6291666666667,2221.72083333333,325.76,2518.37136,0.1,21.16404,"Early","DFG2019",2018-10-25,253,1.13607014090807,359.364623480665
2019-07-19,2019,7,19,20.0875,2332.90833333333,334.82,2657.81232,0.95,15.6708,"Late","DFG2019",2018-11-08,253,0.780126944617299,363.960508053691
2020-07-03,2020,7,3,16.8958333333333,2242.99583333333,302.1,2628.45036,0,21.71628,"Early","DFG2020",2019-10-24,253,1.28530387176326,339.02407672916
2020-07-23,2020,7,23,18.2416666666667,2415.35416666667,301.94,2871.62712,0,26.54928,"Late","DFG2020",2019-11-13,253,1.45541964367291,341.155831414029
2021-07-02,2021,7,2,16.2625,2036.2625,354.75,2318.40468,0,11.31804,"Early","DFG2021",2020-10-22,253,0.695959415833974,322.089845142432
2021-07-16,2021,7,16,19.0791666666667,2134.65416666667,355.43,2490.26904,0.09,9.76464,"Late","DFG2021",2020-11-05,253,0.511795937977723,328.626718444394
2019-07-06,2019,7,6,16.8541666666667,2238.575,330.18,2529.8658,4.42,11.49444,"Early","DFG2019",2018-10-25,254,0.681993967861556,360.046617448527
2019-07-20,2019,7,20,20.4041666666667,2353.3125,350.43,2677.10472,15.61,19.2924,"Late","DFG2019",2018-11-08,254,0.94551276291607,364.906020816607
2020-07-04,2020,7,4,18.8625,2261.85833333333,302.24,2639.07936,0.14,10.629,"Early","DFG2020",2019-10-24,254,0.563499005964215,339.587575735125
2020-07-24,2020,7,24,19.4208333333333,2434.775,301.97,2888.53452,0.03,16.9074,"Late","DFG2020",2019-11-13,254,0.870580562111136,342.02641197614
2021-07-03,2021,7,3,18.5666666666667,2054.82916666667,354.75,2344.67316,0,26.26848,"Early","DFG2021",2020-10-22,254,1.41481938958707,323.504664532019
2021-07-17,2021,7,17,20.4916666666667,2155.14583333333,355.43,2514.807,0,24.53796,"Late","DFG2021",2020-11-05,254,1.19746043106954,329.824178875463
2019-07-07,2019,7,7,13.9875,2252.5625,330.18,2546.77932,0,16.91352,"Early","DFG2019",2018-10-25,255,1.20918820375335,361.25580565228
2019-07-21,2019,7,21,19.9083333333333,2373.22083333333,350.49,2699.10504,0.06,22.00032,"Late","DFG2019",2018-11-08,255,1.10508095437422,366.011101770981
2020-07-05,2020,7,5,20.2791666666667,2282.1375,302.46,2651.48424,0.22,12.40488,"Early","DFG2020",2019-10-24,255,0.611705609204848,340.199281344329
2020-07-25,2020,7,25,19.875,2454.65,302.18,2903.73336,0.21,15.19884,"Late","DFG2020",2019-11-13,255,0.764721509433962,342.791133485574
2021-07-04,2021,7,4,18.6416666666667,2073.47083333333,364.27,2363.76252,9.52,19.08936,"Early","DFG2021",2020-10-22,255,1.02401573535985,324.528680267379
2021-07-18,2021,7,18,20.1083333333333,2175.25416666667,355.46,2539.17828,0.03,24.37128,"Late","DFG2021",2020-11-05,255,1.21199900538749,331.036177880851
2019-07-08,2019,7,8,13.0208333333333,2265.58333333333,330.18,2560.14612,0,13.3668,"Early","DFG2019",2018-10-25,256,1.02657024,362.28237589228
2019-07-22,2019,7,22,20.4875,2393.70833333333,350.49,2718.42696,0,19.32192,"Late","DFG2019",2018-11-08,256,0.943107748627212,366.954209519609
2020-07-06,2020,7,6,14.875,2297.0125,303.58,2669.7168,1.12,18.23256,"Early","DFG2020",2019-10-24,256,1.22571831932773,341.424999663657
2020-07-26,2020,7,26,18.9416666666667,2473.59166666667,310.84,2921.49504,8.66,17.76168,"Late","DFG2020",2019-11-13,256,0.937704179498459,343.728837665072
2021-07-05,2021,7,5,18.4125,2091.88333333333,366.01,2379.54924,1.74,15.78672,"Early","DFG2021",2020-10-22,256,0.857391446028513,325.386071713408
2021-07-19,2021,7,19,17.1333333333333,2192.3875,355.46,2553.14124,0,13.96296,"Late","DFG2021",2020-11-05,256,0.814958754863815,331.851136635715
2019-07-09,2019,7,9,13.6791666666667,2279.2625,330.29,2574.60768,0.11,14.46156,"Early","DFG2019",2018-10-25,257,1.05719597928723,363.339571871567
2019-07-23,2019,7,23,24.5958333333333,2418.30416666667,350.49,2744.75268,0,26.32572,"Late","DFG2019",2018-11-08,257,1.07033250889378,368.024542028502
2020-07-07,2020,7,7,14.2708333333333,2311.28333333333,303.9,2688.89112,0.32,19.17432,"Early","DFG2020",2019-10-24,257,1.34360198540146,342.768601649059
2020-07-27,2020,7,27,18.5958333333333,2492.1875,311.44,2932.66404,0.6,11.169,"Late","DFG2020",2019-11-13,257,0.600618418104415,344.329456083177
2021-07-06,2021,7,6,19.75,2111.63333333333,368.36,2392.58664,2.35,13.0374,"Early","DFG2021",2020-10-22,257,0.660121518987342,326.046193232395
2021-07-20,2021,7,20,17.2916666666667,2209.67916666667,355.46,2567.09844,0,13.9572,"Late","DFG2021",2020-11-05,257,0.807163373493974,332.658300009209
2019-07-10,2019,7,10,15.6666666666667,2294.92916666667,330.71,2594.42352,0.42,19.81584,"Early","DFG2019",2018-10-25,258,1.26484085106383,364.604412722631
2019-07-24,2019,7,24,27.5041666666667,2445.80833333333,350.49,2770.73028,0,25.9776,"Late","DFG2019",2018-11-08,258,0.944496894409937,368.969038922912
2020-07-08,2020,7,8,13.6958333333333,2324.97916666667,306.43,2695.85388,2.53,6.96276,"Early","DFG2020",2019-10-24,258,0.508385275327047,343.276986924386
2021-07-07,2021,7,7,19.2958333333333,2130.92916666667,368.48,2413.97352,0.12,21.38688,"Early","DFG2021",2020-10-22,258,1.10836778233643,327.154561014731
2021-07-21,2021,7,21,18.7833333333333,2228.4625,355.46,2579.1138,0,12.01536,"Late","DFG2021",2020-11-05,258,0.639681987577641,333.297981996786
2019-07-11,2019,7,11,16.975,2311.90416666667,331.31,2607.18768,0.6,12.76416,"Early","DFG2019",2018-10-25,259,0.751938733431517,365.356351456063
2020-07-09,2020,7,9,17.0166666666667,2341.99583333333,310.19,2704.04676,3.76,8.19288,"Early","DFG2020",2019-10-24,259,0.481462095984328,343.75844902037
2021-07-08,2021,7,8,19.3916666666667,2150.32083333333,368.48,2429.94024,0,15.96672,"Early","DFG2021",2020-10-22,259,0.823380489901159,327.977941504633
2021-07-22,2021,7,22,18.8625,2247.325,355.46,2594.97036,0,15.85656,"Late","DFG2021",2020-11-05,259,0.840639363817097,334.138621360603
2019-07-12,2019,7,12,17.1625,2329.06666666667,336.46,2621.25072,5.15,14.06304,"Early","DFG2019",2018-10-25,260,0.819405098324836,366.175756554387
2020-07-10,2020,7,10,15.7416666666667,2357.7375,313.18,2713.31532,2.99,9.26856,"Early","DFG2020",2019-10-24,260,0.588791529910004,344.34724055028
2021-07-09,2021,7,9,16.925,2167.24583333333,377.35,2435.16456,8.87,5.22432,"Early","DFG2021",2020-10-22,260,0.308674741506647,328.286616246139
2021-07-23,2021,7,23,17.375,2264.7,355.49,2621.60352,0.03,26.63316,"Late","DFG2021",2020-11-05,260,1.53284374100719,335.671465101611
2019-07-13,2019,7,13,15.8958333333333,2344.9625,338.83,2629.41336,2.37,8.16264,"Early","DFG2019",2018-10-25,261,0.513508152031456,366.689264706419
2020-07-11,2020,7,11,13.875,2371.6125,313.3,2733.30144,0.12,19.98612,"Early","DFG2020",2019-10-24,261,1.44044108108108,345.787681631361
2021-07-10,2021,7,10,18.6458333333333,2185.89166666667,377.35,2456.23572,0,21.07116,"Early","DFG2021",2020-10-22,261,1.13007338547486,329.416689631614
2021-07-24,2021,7,24,19.9875,2284.6875,359.9,2641.86036,4.41,20.25684,"Late","DFG2021",2020-11-05,261,1.01347542213884,336.684940523749
2019-07-14,2019,7,14,14.8625,2359.825,338.99,2637.30096,0.16,7.8876,"Early","DFG2019",2018-10-25,262,0.530704793944491,367.219969500363
2020-07-12,2020,7,12,15.0375,2386.65,313.3,2757.92184,0,24.6204,"Early","DFG2020",2019-10-24,262,1.63726683291771,347.424948464279
2021-07-11,2021,7,11,19.8416666666667,2205.73333333333,377.35,2473.13664,0,16.90092,"Early","DFG2021",2020-10-22,262,0.851789332213354,330.268478963828
2021-07-25,2021,7,25,21.2875,2305.975,362.38,2661.29496,2.48,19.4346,"Late","DFG2021",2020-11-05,262,0.912958308866706,337.597898832616
2019-07-15,2019,7,15,14.2666666666667,2374.09166666667,339.02,2645.38224,0.03,8.08128,"Early","DFG2019",2018-10-25,263,0.566444859813083,367.786414360177
2020-07-13,2020,7,13,17.5958333333333,2404.24583333333,313.3,2786.49324,0,28.5714,"Early","DFG2020",2019-10-24,263,1.62375941273976,349.048707877019
2021-07-12,2021,7,12,21.025,2226.75833333333,377.35,2492.34084,0,19.2042,"Early","DFG2021",2020-10-22,263,0.913398335315101,331.181877299143
2021-07-26,2021,7,26,21.5666666666667,2327.54166666667,362.55,2682.74844,0.17,21.45348,"Late","DFG2021",2020-11-05,263,0.994751777434311,338.59265061005
2019-07-16,2019,7,16,15.1083333333333,2389.2,339.05,2653.97652,0.03,8.59428,"Early","DFG2019",2018-10-25,264,0.568843684500829,368.355258044677
2020-07-14,2020,7,14,17.5916666666667,2421.8375,316.96,2809.32768,3.66,22.83444,"Early","DFG2020",2019-10-24,264,1.29802595926101,350.34673383628
2021-07-13,2021,7,13,22.0625,2248.82083333333,377.35,2508.29928,0,15.95844,"Early","DFG2021",2020-10-22,264,0.723328725212464,331.905206024355
2021-07-27,2021,7,27,19.8375,2347.37916666667,365.63,2701.3482,3.08,18.59976,"Late","DFG2021",2020-11-05,264,0.937606049149338,339.5302566592
2019-07-17,2019,7,17,17.8541666666667,2407.05416666667,339.05,2675.8404,0,21.86388,"Early","DFG2019",2018-10-25,265,1.22458137689615,369.579839421573
2020-07-15,2020,7,15,14.9708333333333,2436.80833333333,319.94,2817.3888,2.98,8.06112,"Early","DFG2020",2019-10-24,265,0.538454995825217,350.885188832105
2021-07-14,2021,7,14,18.9625,2267.78333333333,378.58,2515.64328,1.23,7.344,"Early","DFG2021",2020-10-22,265,0.387290705339486,332.292496729695
2021-07-28,2021,7,28,9.95833333333333,2357.3375,365.87,2711.63664,0.24,10.28844,"Late","DFG2021",2020-11-05,265,1.03314878661088,340.563405445811
2019-07-18,2019,7,18,19.9625,2427.01666666667,339.14,2699.01396,0.09,23.17356,"Early","DFG2019",2018-10-25,266,1.16085460237946,370.740694023953
2020-07-16,2020,7,16,15.0958333333333,2451.90416666667,319.94,2831.16348,0,13.77468,"Early","DFG2020",2019-10-24,266,0.91248225227712,351.797671084382
2021-07-15,2021,7,15,20.65,2288.43333333333,378.58,2540.1564,0,24.51312,"Early","DFG2021",2020-10-22,266,1.18707602905569,333.47957275875
2019-07-19,2019,7,19,20.0875,2447.10416666667,340.09,2714.68476,0.95,15.6708,"Early","DFG2019",2018-10-25,267,0.780126944617299,371.52082096857
2020-07-17,2020,7,17,17.35,2469.25416666667,319.94,2852.67744,0,21.51396,"Early","DFG2020",2019-10-24,267,1.2399976945245,353.037668778906
2021-07-16,2021,7,16,19.0791666666667,2307.5125,378.67,2549.92104,0.09,9.76464,"Early","DFG2021",2020-10-22,267,0.511795937977723,333.991368696728
2019-07-20,2019,7,20,20.4041666666667,2467.50833333333,355.7,2733.97716,15.61,19.2924,"Early","DFG2019",2018-10-25,268,0.94551276291607,372.466333731486
2020-07-18,2020,7,18,19.5375,2488.79166666667,319.97,2876.20704,0.03,23.5296,"Early","DFG2020",2019-10-24,268,1.20433013435701,354.241998913263
2021-07-17,2021,7,17,20.4916666666667,2328.00416666667,378.67,2574.459,0,24.53796,"Early","DFG2021",2020-10-22,268,1.19746043106954,335.188829127798
2019-07-21,2019,7,21,19.9083333333333,2487.41666666667,355.76,2755.97748,0.06,22.00032,"Early","DFG2019",2018-10-25,269,1.10508095437422,373.571414685861
2020-07-19,2020,7,19,21.2333333333333,2510.025,320,2893.28436,0.03,17.07732,"Early","DFG2020",2019-10-24,269,0.804269387755103,355.046268301018
2021-07-18,2021,7,18,20.1083333333333,2348.1125,378.7,2598.83028,0.03,24.37128,"Early","DFG2021",2020-10-22,269,1.21199900538749,336.400828133185
2019-07-22,2019,7,22,20.4875,2507.90416666667,355.76,2775.2994,0,19.32192,"Early","DFG2019",2018-10-25,270,0.943107748627212,374.514522434488
2020-07-20,2020,7,20,17.4416666666667,2527.46666666667,321.66,2908.6758,1.66,15.39144,"Early","DFG2020",2019-10-24,270,0.882452365026276,355.928720666045
2021-07-19,2021,7,19,17.1333333333333,2365.24583333333,378.7,2612.79324,0,13.96296,"Early","DFG2021",2020-10-22,270,0.814958754863815,337.215786888049
2019-07-23,2019,7,23,24.5958333333333,2532.5,355.76,2801.62512,0,26.32572,"Early","DFG2019",2018-10-25,271,1.07033250889378,375.584854943382
2020-07-21,2020,7,21,15.7541666666667,2543.22083333333,321.66,2931.06852,0,22.39272,"Early","DFG2020",2019-10-24,271,1.42138397249405,357.350104638539
2021-07-20,2021,7,20,17.2916666666667,2382.5375,378.7,2626.75044,0,13.9572,"Early","DFG2021",2020-10-22,271,0.807163373493974,338.022950261543
2019-07-24,2019,7,24,27.5041666666667,2560.00416666667,355.76,2827.60272,0,25.9776,"Early","DFG2019",2018-10-25,272,0.944496894409937,376.529351837791
2020-07-22,2020,7,22,15.625,2558.84583333333,321.66,2947.55544,0,16.48692,"Early","DFG2020",2019-10-24,272,1.05516288,358.405267518539
2021-07-21,2021,7,21,18.7833333333333,2401.32083333333,378.7,2638.7658,0,12.01536,"Early","DFG2021",2020-10-22,272,0.639681987577641,338.66263224912
2020-07-23,2020,7,23,18.2416666666667,2577.0875,321.66,2974.10472,0,26.54928,"Early","DFG2020",2019-10-24,273,1.45541964367291,359.860687162212
2021-07-22,2021,7,22,18.8625,2420.18333333333,378.7,2654.62236,0,15.85656,"Early","DFG2021",2020-10-22,273,0.840639363817097,339.503271612938
2020-07-24,2020,7,24,19.4208333333333,2596.50833333333,321.69,2991.01212,0.03,16.9074,"Early","DFG2020",2019-10-24,274,0.870580562111136,360.731267724323
2021-07-23,2021,7,23,17.375,2437.55833333333,378.73,2681.25552,0.03,26.63316,"Early","DFG2021",2020-10-22,274,1.53284374100719,341.036115353945
2020-07-25,2020,7,25,19.875,2616.38333333333,321.9,3006.21096,0.21,15.19884,"Early","DFG2020",2019-10-24,275,0.764721509433962,361.495989233757
2021-07-24,2021,7,24,19.9875,2457.54583333333,383.14,2701.51236,4.41,20.25684,"Early","DFG2021",2020-10-22,275,1.01347542213884,342.049590776084
2020-07-26,2020,7,26,18.9416666666667,2635.325,330.56,3023.97264,8.66,17.76168,"Early","DFG2020",2019-10-24,276,0.937704179498459,362.433693413255
2021-07-25,2021,7,25,21.2875,2478.83333333333,385.62,2720.94696,2.48,19.4346,"Early","DFG2021",2020-10-22,276,0.912958308866706,342.96254908495
2020-07-27,2020,7,27,18.5958333333333,2653.92083333333,331.16,3035.14164,0.6,11.169,"Early","DFG2020",2019-10-24,277,0.600618418104415,363.03431183136
2021-07-26,2021,7,26,21.5666666666667,2500.4,385.79,2742.40044,0.17,21.45348,"Early","DFG2021",2020-10-22,277,0.994751777434311,343.957300862385
2021-07-27,2021,7,27,19.8375,2520.2375,388.87,2761.0002,3.08,18.59976,"Early","DFG2021",2020-10-22,278,0.937606049149338,344.894906911534
2021-07-28,2021,7,28,9.95833333333333,2530.19583333333,389.11,2771.28864,0.24,10.28844,"Early","DFG2021",2020-10-22,279,1.03314878661088,345.928055698145
