"Year","var","timeid","appl","nitrogen","BBCH","Date","Acc_Temperature","Acc_Percipitation","Acc_Radiation","Das","Acc_TQ"
"2019","Apertus","Early","Combined",176,"09",2018-11-11,157.841666666667,7.34,70.42932,17,8.83646630172813
"2019","Apertus","Early","Combined",176,"13",2019-01-09,439.258333333333,92.64,185.04252,76,373556054389570816
"2019","Apertus","Early","Combined",176,"23",2019-03-12,730.254166666667,170.46,488.29032,138,373556054389571008
"2019","Apertus","Early","Combined",176,"31",2019-04-21,1076.38472222222,209.86,1015.4394,178.666666666667,373556054389571072
"2019","Apertus","Early","Combined",176,"41",2019-05-27,1479.59166666667,249.69,1625.15592,214,373556054389571136
"2019","Apertus","Early","Combined",176,"51",2019-06-05,1642.52916666667,271.74,1806.90732,223,373556054389571136
"2019","Apertus","Early","Combined",176,"61",2019-06-13,1781.2125,294.12,1968.52248,231,373556054389571200
"2019","Apertus","Early","Combined",176,"71",2019-06-17,1858.35833333333,311.42,2049.83748,235,373556054389571200
"2019","Apertus","Early","Combined",176,"77",2019-06-24,2003.01666666667,325.24,2229.00012,242,373556054389571200
"2019","Apertus","Early","Combined",176,"87",2019-07-23,2532.5,355.76,2801.62512,271,373556054389571200
"2019","Apertus","Early","Combined",220,"09",2018-11-10,153.623611111111,7.22666666666667,69.31896,16.6666666666667,8.74871970969652
"2019","Apertus","Early","Combined",220,"13",2019-01-09,439.258333333333,92.64,185.04252,76,373556054389570816
"2019","Apertus","Early","Combined",220,"23",2019-03-08,704.134722222222,151.08,462.1476,134,373556054389571008
"2019","Apertus","Early","Combined",220,"31",2019-04-25,1128.55277777778,215.88,1091.65428,182.666666666667,373556054389571072
"2019","Apertus","Early","Combined",220,"41",2019-05-27,1479.59166666667,249.69,1625.15592,214,373556054389571136
"2019","Apertus","Early","Combined",220,"51",2019-06-05,1642.52916666667,271.74,1806.90732,223,373556054389571136
"2019","Apertus","Early","Combined",220,"61",2019-06-13,1781.2125,294.12,1968.52248,231,373556054389571200
"2019","Apertus","Early","Combined",220,"71",2019-06-17,1858.35833333333,311.42,2049.83748,235,373556054389571200
"2019","Apertus","Early","Combined",220,"77",2019-06-28,2088.64583333333,325.33,2339.09676,246,373556054389571200
"2019","Apertus","Early","Combined",220,"87",2019-07-23,2532.5,355.76,2801.62512,271,373556054389571200
"2019","Apertus","Early","Split",176,"09",2018-11-11,157.841666666667,7.34,70.42932,17,8.83646630172813
"2019","Apertus","Early","Split",176,"13",2019-01-09,439.258333333333,92.64,185.04252,76,373556054389570816
"2019","Apertus","Early","Split",176,"23",2019-03-10,717.194444444445,160.77,475.21896,136,373556054389571008
"2019","Apertus","Early","Split",176,"31",2019-04-24,1110.025,210.32,1068.84504,181,373556054389571072
"2019","Apertus","Early","Split",176,"41",2019-05-27,1479.59166666667,249.69,1625.15592,214,373556054389571136
"2019","Apertus","Early","Split",176,"51",2019-06-05,1642.52916666667,271.74,1806.90732,223,373556054389571136
"2019","Apertus","Early","Split",176,"61",2019-06-13,1781.2125,294.12,1968.52248,231,373556054389571200
"2019","Apertus","Early","Split",176,"71",2019-06-17,1858.35833333333,311.42,2049.83748,235,373556054389571200
"2019","Apertus","Early","Split",176,"77",2019-06-25,2031.55972222222,325.27,2265.699,243.333333333333,373556054389571200
"2019","Apertus","Early","Split",176,"87",2019-07-23,2532.5,355.76,2801.62512,271,373556054389571200
"2019","Apertus","Early","Split",220,"09",2018-11-11,157.841666666667,7.34,70.42932,17,8.83646630172813
"2019","Apertus","Early","Split",220,"13",2019-01-09,439.258333333333,92.64,185.04252,76,373556054389570816
"2019","Apertus","Early","Split",220,"23",2019-03-10,717.194444444445,160.77,475.21896,136,373556054389571008
"2019","Apertus","Early","Split",220,"31",2019-04-25,1128.55277777778,215.88,1091.65428,182.666666666667,373556054389571072
"2019","Apertus","Early","Split",220,"41",2019-05-27,1479.59166666667,249.69,1625.15592,214,373556054389571136
"2019","Apertus","Early","Split",220,"51",2019-06-05,1642.52916666667,271.74,1806.90732,223,373556054389571136
"2019","Apertus","Early","Split",220,"61",2019-06-13,1781.2125,294.12,1968.52248,231,373556054389571200
"2019","Apertus","Early","Split",220,"71",2019-06-17,1858.35833333333,311.42,2049.83748,235,373556054389571200
"2019","Apertus","Early","Split",220,"77",2019-06-25,2031.55972222222,325.27,2265.699,243.333333333333,373556054389571200
"2019","Apertus","Early","Split",220,"87",2019-07-23,2532.5,355.76,2801.62512,271,373556054389571200
"2019","Apertus","Late","Combined",176,"09",2018-12-03,149.611111111111,20.7333333333333,73.20372,25.3333333333333,373556054389570816
"2019","Apertus","Late","Combined",176,"13",2019-02-19,470.5125,130.73,288.12708,103,373556054389571008
"2019","Apertus","Late","Combined",176,"23",2019-03-26,713.429166666667,189.05,543.67092,138,373556054389571072
"2019","Apertus","Late","Combined",176,"31",2019-04-29,1051.4125,221.73,1080.40032,172,373556054389571072
"2019","Apertus","Late","Combined",176,"41",2019-05-27,1365.39583333333,244.42,1568.28348,200,373556054389571136
"2019","Apertus","Late","Combined",176,"51",2019-06-05,1528.33333333333,266.47,1750.03488,209,373556054389571136
"2019","Apertus","Late","Combined",176,"61",2019-06-13,1667.01666666667,288.85,1911.65004,217,373556054389571136
"2019","Apertus","Late","Combined",176,"71",2019-06-17,1744.1625,306.15,1992.96504,221,373556054389571136
"2019","Apertus","Late","Combined",176,"77",2019-06-25,1917.36388888889,320,2208.82656,229.333333333333,373556054389571200
"2019","Apertus","Late","Combined",176,"87",2019-07-23,2418.30416666667,350.49,2744.75268,257,373556054389571200
"2019","Apertus","Late","Combined",220,"09",2018-12-03,149.611111111111,20.7333333333333,73.20372,25.3333333333333,373556054389570816
"2019","Apertus","Late","Combined",220,"13",2019-02-18,467.723611111111,130.336666666667,286.3878,102.666666666667,373556054389571008
"2019","Apertus","Late","Combined",220,"23",2019-03-26,713.429166666667,189.05,543.67092,138,373556054389571072
"2019","Apertus","Late","Combined",220,"31",2019-04-29,1051.4125,221.73,1080.40032,172,373556054389571072
"2019","Apertus","Late","Combined",220,"41",2019-05-27,1365.39583333333,244.42,1568.28348,200,373556054389571136
"2019","Apertus","Late","Combined",220,"51",2019-06-05,1528.33333333333,266.47,1750.03488,209,373556054389571136
"2019","Apertus","Late","Combined",220,"61",2019-06-13,1667.01666666667,288.85,1911.65004,217,373556054389571136
"2019","Apertus","Late","Combined",220,"71",2019-06-17,1744.1625,306.15,1992.96504,221,373556054389571136
"2019","Apertus","Late","Combined",220,"77",2019-06-26,1945.90694444444,320.03,2245.52544,230.666666666667,373556054389571200
"2019","Apertus","Late","Combined",220,"87",2019-07-23,2418.30416666667,350.49,2744.75268,257,373556054389571200
"2019","Apertus","Late","Split",176,"09",2018-12-03,149.611111111111,20.7333333333333,73.20372,25.3333333333333,373556054389570816
"2019","Apertus","Late","Split",176,"13",2019-02-17,457.254166666667,130.336666666667,275.3016,101.333333333333,373556054389571008
"2019","Apertus","Late","Split",176,"23",2019-03-26,713.429166666667,189.05,543.67092,138,373556054389571072
"2019","Apertus","Late","Split",176,"31",2019-04-29,1051.4125,221.73,1080.40032,172,373556054389571072
"2019","Apertus","Late","Split",176,"41",2019-05-27,1365.39583333333,244.42,1568.28348,200,373556054389571136
"2019","Apertus","Late","Split",176,"51",2019-06-05,1528.33333333333,266.47,1750.03488,209,373556054389571136
"2019","Apertus","Late","Split",176,"61",2019-06-13,1667.01666666667,288.85,1911.65004,217,373556054389571136
"2019","Apertus","Late","Split",176,"71",2019-06-17,1744.1625,306.15,1992.96504,221,373556054389571136
"2019","Apertus","Late","Split",176,"77",2019-06-28,1974.45,320.06,2282.22432,232,373556054389571200
"2019","Apertus","Late","Split",176,"87",2019-07-23,2418.30416666667,350.49,2744.75268,257,373556054389571200
"2019","Apertus","Late","Split",220,"09",2018-12-03,147.488888888889,20.1933333333333,73.5264,25.3333333333333,373556054389570816
"2019","Apertus","Late","Split",220,"13",2019-02-17,454.373611111111,130.336666666667,272.20968,101,373556054389571008
"2019","Apertus","Late","Split",220,"23",2019-03-24,698.286111111111,187.543333333333,523.65564,136,373556054389571072
"2019","Apertus","Late","Split",220,"31",2019-04-25,999.244444444444,215.71,1004.18544,168,373556054389571072
"2019","Apertus","Late","Split",220,"41",2019-05-27,1365.39583333333,244.42,1568.28348,200,373556054389571136
"2019","Apertus","Late","Split",220,"51",2019-06-05,1528.33333333333,266.47,1750.03488,209,373556054389571136
"2019","Apertus","Late","Split",220,"61",2019-06-13,1667.01666666667,288.85,1911.65004,217,373556054389571136
"2019","Apertus","Late","Split",220,"71",2019-06-17,1744.1625,306.15,1992.96504,221,373556054389571136
"2019","Apertus","Late","Split",220,"77",2019-06-26,1945.90694444444,320.03,2245.52544,230.666666666667,373556054389571200
"2019","Apertus","Late","Split",220,"87",2019-07-23,2418.30416666667,350.49,2744.75268,257,373556054389571200
"2019","Capone","Early","Combined",176,"09",2018-11-10,149.405555555556,7.11333333333333,68.2086,16.3333333333333,8.66097311766491
"2019","Capone","Early","Combined",176,"13",2019-01-09,439.258333333333,92.64,185.04252,76,373556054389570816
"2019","Capone","Early","Combined",176,"23",2019-03-08,704.134722222222,151.08,462.1476,134,373556054389571008
"2019","Capone","Early","Combined",176,"31",2019-04-19,1042.74444444445,209.4,962.03376,176.333333333333,373556054389571072
"2019","Capone","Early","Combined",176,"41",2019-05-27,1479.59166666667,249.69,1625.15592,214,373556054389571136
"2019","Capone","Early","Combined",176,"51",2019-06-05,1642.52916666667,271.74,1806.90732,223,373556054389571136
"2019","Capone","Early","Combined",176,"61",2019-06-13,1781.2125,294.12,1968.52248,231,373556054389571200
"2019","Capone","Early","Combined",176,"71",2019-06-17,1858.35833333333,311.42,2049.83748,235,373556054389571200
"2019","Capone","Early","Combined",176,"77",2019-06-26,2060.10277777778,325.3,2302.39788,244.666666666667,373556054389571200
"2019","Capone","Early","Combined",176,"87",2019-07-23,2532.5,355.76,2801.62512,271,373556054389571200
"2019","Capone","Early","Combined",220,"09",2018-11-10,145.1875,7,67.09824,16,8.5732265256333
"2019","Capone","Early","Combined",220,"13",2019-01-09,439.258333333333,92.64,185.04252,76,373556054389570816
"2019","Capone","Early","Combined",220,"23",2019-03-10,717.194444444445,160.77,475.21896,136,373556054389571008
"2019","Capone","Early","Combined",220,"31",2019-04-19,1042.74444444445,209.4,962.03376,176.333333333333,373556054389571072
"2019","Capone","Early","Combined",220,"41",2019-05-27,1479.59166666667,249.69,1625.15592,214,373556054389571136
"2019","Capone","Early","Combined",220,"51",2019-06-05,1642.52916666667,271.74,1806.90732,223,373556054389571136
"2019","Capone","Early","Combined",220,"61",2019-06-13,1781.2125,294.12,1968.52248,231,373556054389571200
"2019","Capone","Early","Combined",220,"71",2019-06-17,1858.35833333333,311.42,2049.83748,235,373556054389571200
"2019","Capone","Early","Combined",220,"77",2019-06-28,2088.64583333333,325.33,2339.09676,246,373556054389571200
"2019","Capone","Early","Combined",220,"87",2019-07-23,2532.5,355.76,2801.62512,271,373556054389571200
"2019","Capone","Early","Split",176,"09",2018-11-10,149.405555555556,7.11333333333333,68.2086,16.3333333333333,8.66097311766491
"2019","Capone","Early","Split",176,"13",2019-01-09,439.258333333333,92.64,185.04252,76,373556054389570816
"2019","Capone","Early","Split",176,"23",2019-03-06,691.075,141.39,449.07624,132,373556054389571008
"2019","Capone","Early","Split",176,"31",2019-04-19,1042.74444444445,209.4,962.03376,176.333333333333,373556054389571072
"2019","Capone","Early","Split",176,"41",2019-05-27,1479.59166666667,249.69,1625.15592,214,373556054389571136
"2019","Capone","Early","Split",176,"51",2019-06-05,1642.52916666667,271.74,1806.90732,223,373556054389571136
"2019","Capone","Early","Split",176,"61",2019-06-13,1781.2125,294.12,1968.52248,231,373556054389571200
"2019","Capone","Early","Split",176,"71",2019-06-17,1858.35833333333,311.42,2049.83748,235,373556054389571200
"2019","Capone","Early","Split",176,"77",2019-06-28,2088.64583333333,325.33,2339.09676,246,373556054389571200
"2019","Capone","Early","Split",176,"87",2019-07-23,2532.5,355.76,2801.62512,271,373556054389571200
"2019","Capone","Early","Split",220,"09",2018-11-10,149.405555555556,7.11333333333333,68.2086,16.3333333333333,8.66097311766491
"2019","Capone","Early","Split",220,"13",2019-01-09,439.258333333333,92.64,185.04252,76,373556054389570816
"2019","Capone","Early","Split",220,"23",2019-03-10,717.194444444445,160.77,475.21896,136,373556054389571008
"2019","Capone","Early","Split",220,"31",2019-04-19,1042.74444444445,209.4,962.03376,176.333333333333,373556054389571072
"2019","Capone","Early","Split",220,"41",2019-05-27,1479.59166666667,249.69,1625.15592,214,373556054389571136
"2019","Capone","Early","Split",220,"51",2019-06-05,1642.52916666667,271.74,1806.90732,223,373556054389571136
"2019","Capone","Early","Split",220,"61",2019-06-13,1781.2125,294.12,1968.52248,231,373556054389571200
"2019","Capone","Early","Split",220,"71",2019-06-17,1858.35833333333,311.42,2049.83748,235,373556054389571200
"2019","Capone","Early","Split",220,"77",2019-06-26,2060.10277777778,325.3,2302.39788,244.666666666667,373556054389571200
"2019","Capone","Early","Split",220,"87",2019-07-23,2532.5,355.76,2801.62512,271,373556054389571200
"2019","Capone","Late","Combined",176,"09",2018-12-02,144.025,19.1866666666667,70.95696,24.6666666666667,373556054389570816
"2019","Capone","Late","Combined",176,"13",2019-02-15,444.115277777778,130.14,261.56028,99.6666666666667,373556054389571008
"2019","Capone","Late","Combined",176,"23",2019-03-26,713.429166666667,189.05,543.67092,138,373556054389571072
"2019","Capone","Late","Combined",176,"31",2019-04-29,1051.4125,221.73,1080.40032,172,373556054389571072
"2019","Capone","Late","Combined",176,"41",2019-05-27,1365.39583333333,244.42,1568.28348,200,373556054389571136
"2019","Capone","Late","Combined",176,"51",2019-06-05,1528.33333333333,266.47,1750.03488,209,373556054389571136
"2019","Capone","Late","Combined",176,"61",2019-06-13,1667.01666666667,288.85,1911.65004,217,373556054389571136
"2019","Capone","Late","Combined",176,"71",2019-06-17,1744.1625,306.15,1992.96504,221,373556054389571136
"2019","Capone","Late","Combined",176,"77",2019-06-28,1974.45,320.06,2282.22432,232,373556054389571200
"2019","Capone","Late","Combined",176,"87",2019-07-23,2418.30416666667,350.49,2744.75268,257,373556054389571200
"2019","Capone","Late","Combined",220,"09",2018-12-02,140.170833333334,18.1433333333333,69.99492,24.3333333333333,373556054389570816
"2019","Capone","Late","Combined",220,"13",2019-02-16,452.066666666667,130.336666666667,269.23668,100.666666666667,373556054389571008
"2019","Capone","Late","Combined",220,"23",2019-03-26,713.429166666667,189.05,543.67092,138,373556054389571072
"2019","Capone","Late","Combined",220,"31",2019-04-29,1051.4125,221.73,1080.40032,172,373556054389571072
"2019","Capone","Late","Combined",220,"41",2019-05-27,1365.39583333333,244.42,1568.28348,200,373556054389571136
"2019","Capone","Late","Combined",220,"51",2019-06-05,1528.33333333333,266.47,1750.03488,209,373556054389571136
"2019","Capone","Late","Combined",220,"61",2019-06-13,1667.01666666667,288.85,1911.65004,217,373556054389571136
"2019","Capone","Late","Combined",220,"71",2019-06-17,1759.18333333333,310.316666666667,2008.90032,221.666666666667,373556054389571136
"2019","Capone","Late","Combined",220,"77",2019-06-28,1978.74305555555,320.14,2288.94648,232.333333333333,373556054389571200
"2019","Capone","Late","Combined",220,"87",2019-07-23,2418.30416666667,350.49,2744.75268,257,373556054389571200
"2019","Capone","Late","Split",176,"09",2018-12-02,140.170833333334,18.1433333333333,69.99492,24.3333333333333,373556054389570816
"2019","Capone","Late","Split",176,"13",2019-02-15,438.927777777778,130.14,255.49536,99,373556054389571008
"2019","Capone","Late","Split",176,"23",2019-03-26,713.429166666667,189.05,543.67092,138,373556054389571072
"2019","Capone","Late","Split",176,"31",2019-04-29,1051.4125,221.73,1080.40032,172,373556054389571072
"2019","Capone","Late","Split",176,"41",2019-05-27,1365.39583333333,244.42,1568.28348,200,373556054389571136
"2019","Capone","Late","Split",176,"51",2019-06-05,1528.33333333333,266.47,1750.03488,209,373556054389571136
"2019","Capone","Late","Split",176,"61",2019-06-13,1667.01666666667,288.85,1911.65004,217,373556054389571136
"2019","Capone","Late","Split",176,"71",2019-06-17,1744.1625,306.15,1992.96504,221,373556054389571136
"2019","Capone","Late","Split",176,"77",2019-06-28,1974.45,320.06,2282.22432,232,373556054389571200
"2019","Capone","Late","Split",176,"87",2019-07-23,2418.30416666667,350.49,2744.75268,257,373556054389571200
"2019","Capone","Late","Split",220,"09",2018-12-03,147.879166666667,20.23,71.919,25,373556054389570816
"2019","Capone","Late","Split",220,"13",2019-02-15,438.354166666667,130.14,255.37644,99,373556054389571008
"2019","Capone","Late","Split",220,"23",2019-03-26,713.429166666667,189.05,543.67092,138,373556054389571072
"2019","Capone","Late","Split",220,"31",2019-04-29,1051.4125,221.73,1080.40032,172,373556054389571072
"2019","Capone","Late","Split",220,"41",2019-05-27,1365.39583333333,244.42,1568.28348,200,373556054389571136
"2019","Capone","Late","Split",220,"51",2019-06-05,1528.33333333333,266.47,1750.03488,209,373556054389571136
"2019","Capone","Late","Split",220,"61",2019-06-13,1667.01666666667,288.85,1911.65004,217,373556054389571136
"2019","Capone","Late","Split",220,"71",2019-06-17,1759.18333333333,310.316666666667,2008.90032,221.666666666667,373556054389571136
"2019","Capone","Late","Split",220,"77",2019-06-26,1945.90694444444,320.03,2245.52544,230.666666666667,373556054389571200
"2019","Capone","Late","Split",220,"87",2019-07-23,2418.30416666667,350.49,2744.75268,257,373556054389571200
"2019","Patras","Early","Combined",176,"09",2018-11-12,170.879166666667,8.9,74.57184,18,9.15420513202535
"2019","Patras","Early","Combined",176,"13",2019-01-09,439.258333333333,92.64,185.04252,76,373556054389570816
"2019","Patras","Early","Combined",176,"23",2019-03-11,723.951388888889,164.673333333333,478.92588,137,373556054389571008
"2019","Patras","Early","Combined",176,"31",2019-04-19,1042.74444444445,209.4,962.03376,176.333333333333,373556054389571072
"2019","Patras","Early","Combined",176,"41",2019-05-27,1479.59166666667,249.69,1625.15592,214,373556054389571136
"2019","Patras","Early","Combined",176,"51",2019-06-05,1642.52916666667,271.74,1806.90732,223,373556054389571136
"2019","Patras","Early","Combined",176,"61",2019-06-13,1781.2125,294.12,1968.52248,231,373556054389571200
"2019","Patras","Early","Combined",176,"71",2019-06-17,1858.35833333333,311.42,2049.83748,235,373556054389571200
"2019","Patras","Early","Combined",176,"77",2019-06-25,2031.55972222222,325.27,2265.699,243.333333333333,373556054389571200
"2019","Patras","Early","Combined",176,"87",2019-07-23,2532.5,355.76,2801.62512,271,373556054389571200
"2019","Patras","Early","Combined",220,"09",2018-11-12,170.879166666667,8.9,74.57184,18,9.15420513202535
"2019","Patras","Early","Combined",220,"13",2019-01-09,439.258333333333,92.64,185.04252,76,373556054389570816
"2019","Patras","Early","Combined",220,"23",2019-03-11,723.951388888889,164.673333333333,478.92588,137,373556054389571008
"2019","Patras","Early","Combined",220,"31",2019-04-19,1042.74444444445,209.4,962.03376,176.333333333333,373556054389571072
"2019","Patras","Early","Combined",220,"41",2019-05-27,1479.59166666667,249.69,1625.15592,214,373556054389571136
"2019","Patras","Early","Combined",220,"51",2019-06-05,1642.52916666667,271.74,1806.90732,223,373556054389571136
"2019","Patras","Early","Combined",220,"61",2019-06-13,1781.2125,294.12,1968.52248,231,373556054389571200
"2019","Patras","Early","Combined",220,"71",2019-06-17,1858.35833333333,311.42,2049.83748,235,373556054389571200
"2019","Patras","Early","Combined",220,"77",2019-06-25,2031.55972222222,325.27,2265.699,243.333333333333,373556054389571200
"2019","Patras","Early","Combined",220,"87",2019-07-23,2532.5,355.76,2801.62512,271,373556054389571200
"2019","Patras","Early","Split",176,"09",2018-11-12,170.879166666667,8.9,74.57184,18,9.15420513202535
"2019","Patras","Early","Split",176,"13",2019-01-09,439.258333333333,92.64,185.04252,76,373556054389570816
"2019","Patras","Early","Split",176,"23",2019-03-10,717.194444444445,160.77,475.21896,136,373556054389571008
"2019","Patras","Early","Split",176,"31",2019-04-19,1042.74444444445,209.4,962.03376,176.333333333333,373556054389571072
"2019","Patras","Early","Split",176,"41",2019-05-27,1479.59166666667,249.69,1625.15592,214,373556054389571136
"2019","Patras","Early","Split",176,"51",2019-06-05,1642.52916666667,271.74,1806.90732,223,373556054389571136
"2019","Patras","Early","Split",176,"61",2019-06-13,1781.2125,294.12,1968.52248,231,373556054389571200
"2019","Patras","Early","Split",176,"71",2019-06-17,1873.37916666666,315.586666666667,2065.77276,235.666666666667,373556054389571200
"2019","Patras","Early","Split",176,"77",2019-06-28,2088.64583333333,325.33,2339.09676,246,373556054389571200
"2019","Patras","Early","Split",176,"87",2019-07-23,2532.5,355.76,2801.62512,271,373556054389571200
"2019","Patras","Early","Split",220,"09",2018-11-12,170.879166666667,8.9,74.57184,18,9.15420513202535
"2019","Patras","Early","Split",220,"13",2019-01-09,439.258333333333,92.64,185.04252,76,373556054389570816
"2019","Patras","Early","Split",220,"23",2019-03-13,737.011111111111,174.363333333333,491.99724,139,373556054389571008
"2019","Patras","Early","Split",220,"31",2019-04-16,1006.4375,208.94,901.18608,173.666666666667,373556054389571072
"2019","Patras","Early","Split",220,"41",2019-05-27,1479.59166666667,249.69,1625.15592,214,373556054389571136
"2019","Patras","Early","Split",220,"51",2019-06-05,1642.52916666667,271.74,1806.90732,223,373556054389571136
"2019","Patras","Early","Split",220,"61",2019-06-13,1781.2125,294.12,1968.52248,231,373556054389571200
"2019","Patras","Early","Split",220,"71",2019-06-17,1858.35833333333,311.42,2049.83748,235,373556054389571200
"2019","Patras","Early","Split",220,"77",2019-06-28,2088.64583333333,325.33,2339.09676,246,373556054389571200
"2019","Patras","Early","Split",220,"87",2019-07-23,2532.5,355.76,2801.62512,271,373556054389571200
"2019","Patras","Late","Combined",176,"09",2018-12-06,164.145833333333,24.56,80.2818,28,373556054389570816
"2019","Patras","Late","Combined",176,"13",2019-02-18,462.540277777778,130.336666666667,281.253,102,373556054389571008
"2019","Patras","Late","Combined",176,"23",2019-03-26,713.429166666667,189.05,543.67092,138,373556054389571072
"2019","Patras","Late","Combined",176,"31",2019-04-23,980.716666666667,210.15,981.3762,166.333333333333,373556054389571072
"2019","Patras","Late","Combined",176,"41",2019-05-27,1365.39583333333,244.42,1568.28348,200,373556054389571136
"2019","Patras","Late","Combined",176,"51",2019-06-05,1528.33333333333,266.47,1750.03488,209,373556054389571136
"2019","Patras","Late","Combined",176,"61",2019-06-13,1667.01666666667,288.85,1911.65004,217,373556054389571136
"2019","Patras","Late","Combined",176,"71",2019-06-17,1744.1625,306.15,1992.96504,221,373556054389571136
"2019","Patras","Late","Combined",176,"77",2019-06-24,1888.82083333333,319.97,2172.12768,228,373556054389571200
"2019","Patras","Late","Combined",176,"87",2019-07-23,2418.30416666667,350.49,2744.75268,257,373556054389571200
"2019","Patras","Late","Combined",220,"09",2018-12-06,164.145833333333,24.56,80.2818,28,373556054389570816
"2019","Patras","Late","Combined",220,"13",2019-02-19,470.276388888889,130.533333333333,288.26136,103,373556054389571008
"2019","Patras","Late","Combined",220,"23",2019-03-26,713.429166666667,189.05,543.67092,138,373556054389571072
"2019","Patras","Late","Combined",220,"31",2019-04-21,962.188888888889,204.59,958.56696,164.666666666667,373556054389571072
"2019","Patras","Late","Combined",220,"41",2019-05-27,1365.39583333333,244.42,1568.28348,200,373556054389571136
"2019","Patras","Late","Combined",220,"51",2019-06-05,1528.33333333333,266.47,1750.03488,209,373556054389571136
"2019","Patras","Late","Combined",220,"61",2019-06-13,1667.01666666667,288.85,1911.65004,217,373556054389571136
"2019","Patras","Late","Combined",220,"71",2019-06-17,1759.18333333333,310.316666666667,2008.90032,221.666666666667,373556054389571136
"2019","Patras","Late","Combined",220,"77",2019-06-28,1974.45,320.06,2282.22432,232,373556054389571200
"2019","Patras","Late","Combined",220,"87",2019-07-23,2418.30416666667,350.49,2744.75268,257,373556054389571200
"2019","Patras","Late","Split",176,"09",2018-12-06,167.772222222222,25.8766666666667,80.45796,28.3333333333333,373556054389570816
"2019","Patras","Late","Split",176,"13",2019-02-17,457.568055555556,130.14,276.555,101.333333333333,373556054389571008
"2019","Patras","Late","Split",176,"23",2019-03-26,713.429166666667,189.05,543.67092,138,373556054389571072
"2019","Patras","Late","Split",176,"31",2019-04-25,1014.35694444444,210.61,1034.78184,168.666666666667,373556054389571072
"2019","Patras","Late","Split",176,"41",2019-05-27,1365.39583333333,244.42,1568.28348,200,373556054389571136
"2019","Patras","Late","Split",176,"51",2019-06-05,1528.33333333333,266.47,1750.03488,209,373556054389571136
"2019","Patras","Late","Split",176,"61",2019-06-13,1667.01666666667,288.85,1911.65004,217,373556054389571136
"2019","Patras","Late","Split",176,"71",2019-06-17,1759.18333333333,310.316666666667,2008.90032,221.666666666667,373556054389571136
"2019","Patras","Late","Split",176,"77",2019-06-26,1945.90694444444,320.03,2245.52544,230.666666666667,373556054389571200
"2019","Patras","Late","Split",176,"87",2019-07-23,2418.30416666667,350.49,2744.75268,257,373556054389571200
"2019","Patras","Late","Split",220,"09",2018-12-06,167.772222222222,25.8766666666667,80.45796,28.3333333333333,373556054389570816
"2019","Patras","Late","Split",220,"13",2019-02-18,462.540277777778,130.336666666667,281.253,102,373556054389571008
"2019","Patras","Late","Split",220,"23",2019-03-26,713.429166666667,189.05,543.67092,138,373556054389571072
"2019","Patras","Late","Split",220,"31",2019-04-25,1014.35694444444,210.61,1034.78184,168.666666666667,373556054389571072
"2019","Patras","Late","Split",220,"41",2019-05-27,1365.39583333333,244.42,1568.28348,200,373556054389571136
"2019","Patras","Late","Split",220,"51",2019-06-05,1528.33333333333,266.47,1750.03488,209,373556054389571136
"2019","Patras","Late","Split",220,"61",2019-06-13,1667.01666666667,288.85,1911.65004,217,373556054389571136
"2019","Patras","Late","Split",220,"71",2019-06-17,1759.18333333333,310.316666666667,2008.90032,221.666666666667,373556054389571136
"2019","Patras","Late","Split",220,"77",2019-06-26,1945.90694444444,320.03,2245.52544,230.666666666667,373556054389571200
"2019","Patras","Late","Split",220,"87",2019-07-23,2418.30416666667,350.49,2744.75268,257,373556054389571200
"2019","Pionier","Early","Combined",176,"09",2018-11-11,157.841666666667,7.34,70.42932,17,8.83646630172813
"2019","Pionier","Early","Combined",176,"13",2019-01-09,439.258333333333,92.64,185.04252,76,373556054389570816
"2019","Pionier","Early","Combined",176,"23",2019-03-12,730.254166666667,170.46,488.29032,138,373556054389571008
"2019","Pionier","Early","Combined",176,"31",2019-04-21,1076.38472222222,209.86,1015.4394,178.666666666667,373556054389571072
"2019","Pionier","Early","Combined",176,"41",2019-05-27,1479.59166666667,249.69,1625.15592,214,373556054389571136
"2019","Pionier","Early","Combined",176,"51",2019-06-05,1642.52916666667,271.74,1806.90732,223,373556054389571136
"2019","Pionier","Early","Combined",176,"61",2019-06-13,1781.2125,294.12,1968.52248,231,373556054389571200
"2019","Pionier","Early","Combined",176,"71",2019-06-17,1873.37916666666,315.586666666667,2065.77276,235.666666666667,373556054389571200
"2019","Pionier","Early","Combined",176,"77",2019-06-28,2088.64583333333,325.33,2339.09676,246,373556054389571200
"2019","Pionier","Early","Combined",176,"87",2019-07-23,2532.5,355.76,2801.62512,271,373556054389571200
"2019","Pionier","Early","Combined",220,"09",2018-11-11,162.1875,7.86,71.81016,17.3333333333333,8.94237924516054
"2019","Pionier","Early","Combined",220,"13",2019-01-09,439.258333333333,92.64,185.04252,76,373556054389570816
"2019","Pionier","Early","Combined",220,"23",2019-03-10,717.194444444445,160.77,475.21896,136,373556054389571008
"2019","Pionier","Early","Combined",220,"31",2019-04-19,1042.74444444445,209.4,962.03376,176.333333333333,373556054389571072
"2019","Pionier","Early","Combined",220,"41",2019-05-27,1479.59166666667,249.69,1625.15592,214,373556054389571136
"2019","Pionier","Early","Combined",220,"51",2019-06-05,1642.52916666667,271.74,1806.90732,223,373556054389571136
"2019","Pionier","Early","Combined",220,"61",2019-06-13,1781.2125,294.12,1968.52248,231,373556054389571200
"2019","Pionier","Early","Combined",220,"71",2019-06-17,1858.35833333333,311.42,2049.83748,235,373556054389571200
"2019","Pionier","Early","Combined",220,"77",2019-06-28,2088.64583333333,325.33,2339.09676,246,373556054389571200
"2019","Pionier","Early","Combined",220,"87",2019-07-23,2532.5,355.76,2801.62512,271,373556054389571200
"2019","Pionier","Early","Split",176,"09",2018-11-11,157.841666666667,7.34,70.42932,17,8.83646630172813
"2019","Pionier","Early","Split",176,"13",2019-01-09,439.258333333333,92.64,185.04252,76,373556054389570816
"2019","Pionier","Early","Split",176,"23",2019-03-08,704.134722222222,151.08,462.1476,134,373556054389571008
"2019","Pionier","Early","Split",176,"31",2019-04-24,1110.025,210.32,1068.84504,181,373556054389571072
"2019","Pionier","Early","Split",176,"41",2019-05-27,1479.59166666667,249.69,1625.15592,214,373556054389571136
"2019","Pionier","Early","Split",176,"51",2019-06-05,1642.52916666667,271.74,1806.90732,223,373556054389571136
"2019","Pionier","Early","Split",176,"61",2019-06-13,1781.2125,294.12,1968.52248,231,373556054389571200
"2019","Pionier","Early","Split",176,"71",2019-06-19,1903.42083333333,323.92,2097.64332,237,373556054389571200
"2019","Pionier","Early","Split",176,"77",2019-06-26,2060.10277777778,325.3,2302.39788,244.666666666667,373556054389571200
"2019","Pionier","Early","Split",176,"87",2019-07-23,2532.5,355.76,2801.62512,271,373556054389571200
"2019","Pionier","Early","Split",220,"09",2018-11-11,162.1875,7.86,71.81016,17.3333333333333,8.94237924516054
"2019","Pionier","Early","Split",220,"13",2019-01-09,439.258333333333,92.64,185.04252,76,373556054389570816
"2019","Pionier","Early","Split",220,"23",2019-03-10,717.194444444445,160.77,475.21896,136,373556054389571008
"2019","Pionier","Early","Split",220,"31",2019-04-25,1128.55277777778,215.88,1091.65428,182.666666666667,373556054389571072
"2019","Pionier","Early","Split",220,"41",2019-05-27,1479.59166666667,249.69,1625.15592,214,373556054389571136
"2019","Pionier","Early","Split",220,"51",2019-06-05,1642.52916666667,271.74,1806.90732,223,373556054389571136
"2019","Pionier","Early","Split",220,"61",2019-06-13,1781.2125,294.12,1968.52248,231,373556054389571200
"2019","Pionier","Early","Split",220,"71",2019-06-17,1873.37916666666,315.586666666667,2065.77276,235.666666666667,373556054389571200
"2019","Pionier","Early","Split",220,"77",2019-06-26,2060.10277777778,325.3,2302.39788,244.666666666667,373556054389571200
"2019","Pionier","Early","Split",220,"87",2019-07-23,2532.5,355.76,2801.62512,271,373556054389571200
"2019","Pionier","Late","Combined",176,"09",2018-12-04,153.075,21.74,75.77316,26,373556054389570816
"2019","Pionier","Late","Combined",176,"13",2019-02-18,462.540277777778,130.336666666667,281.253,102,373556054389571008
"2019","Pionier","Late","Combined",176,"23",2019-03-26,713.429166666667,189.05,543.67092,138,373556054389571072
"2019","Pionier","Late","Combined",176,"31",2019-04-29,1051.4125,221.73,1080.40032,172,373556054389571072
"2019","Pionier","Late","Combined",176,"41",2019-05-27,1365.39583333333,244.42,1568.28348,200,373556054389571136
"2019","Pionier","Late","Combined",176,"51",2019-06-05,1528.33333333333,266.47,1750.03488,209,373556054389571136
"2019","Pionier","Late","Combined",176,"61",2019-06-13,1667.01666666667,288.85,1911.65004,217,373556054389571136
"2019","Pionier","Late","Combined",176,"71",2019-06-17,1759.18333333333,310.316666666667,2008.90032,221.666666666667,373556054389571136
"2019","Pionier","Late","Combined",176,"77",2019-06-28,1974.45,320.06,2282.22432,232,373556054389571200
"2019","Pionier","Late","Combined",176,"87",2019-07-23,2418.30416666667,350.49,2744.75268,257,373556054389571200
"2019","Pionier","Late","Combined",220,"09",2018-12-04,154.065277777778,22.42,76.95252,26.3333333333333,373556054389570816
"2019","Pionier","Late","Combined",220,"13",2019-02-18,464.856944444445,130.336666666667,283.26084,102.333333333333,373556054389571008
"2019","Pionier","Late","Combined",220,"23",2019-03-26,713.429166666667,189.05,543.67092,138,373556054389571072
"2019","Pionier","Late","Combined",220,"31",2019-04-27,1032.88472222222,216.17,1057.59108,170.333333333333,373556054389571072
"2019","Pionier","Late","Combined",220,"41",2019-05-27,1365.39583333333,244.42,1568.28348,200,373556054389571136
"2019","Pionier","Late","Combined",220,"51",2019-06-05,1528.33333333333,266.47,1750.03488,209,373556054389571136
"2019","Pionier","Late","Combined",220,"61",2019-06-13,1667.01666666667,288.85,1911.65004,217,373556054389571136
"2019","Pionier","Late","Combined",220,"71",2019-06-17,1759.18333333333,310.316666666667,2008.90032,221.666666666667,373556054389571136
"2019","Pionier","Late","Combined",220,"77",2019-06-25,1917.36388888889,320,2208.82656,229.333333333333,373556054389571200
"2019","Pionier","Late","Combined",220,"87",2019-07-23,2418.30416666667,350.49,2744.75268,257,373556054389571200
"2019","Pionier","Late","Split",176,"09",2018-12-04,153.075,21.74,75.77316,26,373556054389570816
"2019","Pionier","Late","Split",176,"13",2019-02-17,454.701388888889,130.14,273.42804,101,373556054389571008
"2019","Pionier","Late","Split",176,"23",2019-03-26,713.429166666667,189.05,543.67092,138,373556054389571072
"2019","Pionier","Late","Split",176,"31",2019-04-29,1051.4125,221.73,1080.40032,172,373556054389571072
"2019","Pionier","Late","Split",176,"41",2019-05-27,1365.39583333333,244.42,1568.28348,200,373556054389571136
"2019","Pionier","Late","Split",176,"51",2019-06-05,1528.33333333333,266.47,1750.03488,209,373556054389571136
"2019","Pionier","Late","Split",176,"61",2019-06-13,1667.01666666667,288.85,1911.65004,217,373556054389571136
"2019","Pionier","Late","Split",176,"71",2019-06-17,1759.18333333333,310.316666666667,2008.90032,221.666666666667,373556054389571136
"2019","Pionier","Late","Split",176,"77",2019-06-29,2007.28611111111,320.17,2325.64536,233.666666666667,373556054389571200
"2019","Pionier","Late","Split",176,"87",2019-07-23,2418.30416666667,350.49,2744.75268,257,373556054389571200
"2019","Pionier","Late","Split",220,"09",2018-12-04,153.075,21.74,75.77316,26,373556054389570816
"2019","Pionier","Late","Split",220,"13",2019-02-17,459.570833333333,130.336666666667,277.30944,101.666666666667,373556054389571008
"2019","Pionier","Late","Split",220,"23",2019-03-26,713.429166666667,189.05,543.67092,138,373556054389571072
"2019","Pionier","Late","Split",220,"31",2019-04-29,1051.4125,221.73,1080.40032,172,373556054389571072
"2019","Pionier","Late","Split",220,"41",2019-05-27,1365.39583333333,244.42,1568.28348,200,373556054389571136
"2019","Pionier","Late","Split",220,"51",2019-06-05,1528.33333333333,266.47,1750.03488,209,373556054389571136
"2019","Pionier","Late","Split",220,"61",2019-06-13,1667.01666666667,288.85,1911.65004,217,373556054389571136
"2019","Pionier","Late","Split",220,"71",2019-06-17,1759.18333333333,310.316666666667,2008.90032,221.666666666667,373556054389571136
"2019","Pionier","Late","Split",220,"77",2019-06-28,1974.45,320.06,2282.22432,232,373556054389571200
"2019","Pionier","Late","Split",220,"87",2019-07-23,2418.30416666667,350.49,2744.75268,257,373556054389571200
"2020","Alves","Early","Combined",176,"09",2019-11-11,158.336111111111,19.72,100.1364,18.3333333333333,18.2454215699326
"2020","Alves","Early","Combined",176,"13",2020-01-16,498.086111111111,79.1333333333333,243.10296,84.6666666666667,57.8465370895318
"2020","Alves","Early","Combined",176,"23",2020-02-25,736.7,159.53,382.24512,124,99.2898334802793
"2020","Alves","Early","Combined",176,"31",2020-04-14,1082.00416666667,216.92,1000.278,173,219.375144209022
"2020","Alves","Early","Combined",176,"41",2020-05-25,1565.1625,244.89,1801.81728,214,290.36278018808
"2020","Alves","Early","Combined",176,"51",2020-05-28,1608.7,244.92,1878.18948,217,295.652375975502
"2020","Alves","Early","Combined",176,"61",2020-06-04,1729.76527777778,251.75,2062.66428,224.666666666667,307.467676089312
"2020","Alves","Early","Combined",176,"71",2020-06-18,1957.04166666667,281.686666666667,2302.25832,238,321.979967752795
"2020","Alves","Early","Combined",176,"77",2020-07-02,2225.62916666666,296.236666666667,2613.84252,252,338.176379145838
"2020","Alves","Early","Combined",176,"87",2020-07-15,2436.80833333333,319.94,2817.3888,265,350.885188832105
"2020","Alves","Early","Combined",220,"09",2019-11-11,158.336111111111,19.72,100.1364,18.3333333333333,18.2454215699326
"2020","Alves","Early","Combined",220,"13",2020-01-13,480.0125,78.71,231.86628,81,54.5842046184005
"2020","Alves","Early","Combined",220,"23",2020-02-27,747.480555555556,167.46,397.35336,126,102.250796269791
"2020","Alves","Early","Combined",220,"31",2020-04-14,1082.00416666667,216.92,1000.278,173,219.375144209022
"2020","Alves","Early","Combined",220,"41",2020-05-25,1565.1625,244.89,1801.81728,214,290.36278018808
"2020","Alves","Early","Combined",220,"51",2020-05-28,1608.7,244.92,1878.18948,217,295.652375975502
"2020","Alves","Early","Combined",220,"61",2020-06-03,1707.575,245.08,2032.08372,223,305.130660020219
"2020","Alves","Early","Combined",220,"71",2020-06-17,1938.01666666667,280.073333333333,2283.81876,237,321.036936608244
"2020","Alves","Early","Combined",220,"77",2020-07-01,2208.2625,290.373333333333,2599.23468,251,337.328681562515
"2020","Alves","Early","Combined",220,"87",2020-07-15,2436.80833333333,319.94,2817.3888,265,350.885188832105
"2020","Alves","Early","Split",176,"09",2019-11-10,152.583333333333,19.11,93.92844,17,16.5872209717257
"2020","Alves","Early","Split",176,"13",2020-01-15,495.6625,79.1233333333333,239.64252,83.3333333333333,56.0172267555127
"2020","Alves","Early","Split",176,"23",2020-02-25,736.7,159.53,382.24512,124,99.2898334802793
"2020","Alves","Early","Split",176,"31",2020-04-16,1102.67638888889,216.943333333333,1044.72924,175,223.750936130027
"2020","Alves","Early","Split",176,"41",2020-05-25,1565.1625,244.89,1801.81728,214,290.36278018808
"2020","Alves","Early","Split",176,"51",2020-05-28,1608.7,244.92,1878.18948,217,295.652375975502
"2020","Alves","Early","Split",176,"61",2020-06-04,1729.76527777778,251.75,2062.66428,224.666666666667,307.467676089312
"2020","Alves","Early","Split",176,"71",2020-06-19,1976.06666666667,283.3,2320.69788,239,322.922998897347
"2020","Alves","Early","Split",176,"77",2020-07-01,2208.2625,290.373333333333,2599.23468,251,337.328681562515
"2020","Alves","Early","Split",176,"87",2020-07-15,2436.80833333333,319.94,2817.3888,265,350.885188832105
"2020","Alves","Early","Split",220,"09",2019-11-11,156.6375,19.72,98.9658,18,18.0157044808075
"2020","Alves","Early","Split",220,"13",2020-01-16,498.086111111111,79.1333333333333,243.10296,84.6666666666667,57.8465370895318
"2020","Alves","Early","Split",220,"23",2020-02-22,720.840277777778,148.49,371.8494,121.666666666667,97.7174848286279
"2020","Alves","Early","Split",220,"31",2020-04-12,1066.31666666667,216.826666666667,968.01864,171.333333333333,215.69314182931
"2020","Alves","Early","Split",220,"41",2020-05-25,1565.1625,244.89,1801.81728,214,290.36278018808
"2020","Alves","Early","Split",220,"51",2020-05-28,1608.7,244.92,1878.18948,217,295.652375975502
"2020","Alves","Early","Split",220,"61",2020-06-03,1707.575,245.08,2032.08372,223,305.130660020219
"2020","Alves","Early","Split",220,"71",2020-06-18,1957.04166666667,281.686666666667,2302.25832,238,321.979967752795
"2020","Alves","Early","Split",220,"77",2020-07-01,2208.2625,290.373333333333,2599.23468,251,337.328681562515
"2020","Alves","Early","Split",220,"87",2020-07-15,2436.80833333333,319.94,2817.3888,265,350.885188832105
"2020","Alves","Late","Combined",176,"09",2019-12-18,183.491666666667,37.95,76.2498,35,18.7600048688233
"2020","Alves","Late","Combined",176,"13",2020-02-05,444.254166666667,79.07,197.181,84,67.054755147195
"2020","Alves","Late","Combined",176,"23",2020-03-22,742.554166666666,193.406666666667,534.61536,130.666666666667,134.488233761465
"2020","Alves","Late","Combined",176,"31",2020-04-14,920.270833333333,197.2,897.8004,153,200.670288460839
"2020","Alves","Late","Combined",176,"41",2020-05-25,1403.42916666667,225.17,1699.33968,194,271.657924439897
"2020","Alves","Late","Combined",176,"51",2020-05-29,1461.34166666667,225.2,1805.085,198,278.99086770558
"2020","Alves","Late","Combined",176,"61",2020-06-08,1612.4125,245.37,2021.3478,208,293.436852479315
"2020","Alves","Late","Combined",176,"71",2020-06-19,1814.33333333333,263.58,2218.22028,219,304.218143149164
"2020","Alves","Late","Combined",176,"77",2020-07-01,2046.52916666667,270.653333333333,2496.75708,231,318.623825814333
"2020","Alves","Late","Combined",176,"87",2020-07-15,2285.89027777778,300.22,2726.67408,245.666666666667,332.897826399523
"2020","Alves","Late","Combined",220,"09",2019-12-18,188.830555555556,38.1333333333333,77.91624,35.6666666666667,18.9674104726535
"2020","Alves","Late","Combined",220,"13",2020-02-09,471.965277777778,88.2766666666667,214.31412,88.3333333333333,69.9924806905108
"2020","Alves","Late","Combined",220,"23",2020-03-19,723.8375,192.093333333333,487.641,127.333333333333,120.744311823402
"2020","Alves","Late","Combined",220,"31",2020-04-16,940.943055555555,197.223333333333,942.25164,155,205.046080381844
"2020","Alves","Late","Combined",220,"41",2020-05-27,1432.45416666667,225.19,1750.25448,196,275.184321631512
"2020","Alves","Late","Combined",220,"51",2020-05-31,1499.35972222222,225.253333333333,1861.61712,200.333333333333,282.485079278976
"2020","Alves","Late","Combined",220,"61",2020-06-08,1612.4125,245.37,2021.3478,208,293.436852479315
"2020","Alves","Late","Combined",220,"71",2020-06-19,1814.33333333333,263.58,2218.22028,219,304.218143149164
"2020","Alves","Late","Combined",220,"77",2020-07-02,2063.89583333333,276.516666666667,2511.36492,232,319.471523397656
"2020","Alves","Late","Combined",220,"87",2020-07-17,2316.10972222222,300.793333333333,2757.10308,247.333333333333,334.579003677503
"2020","Alves","Late","Split",176,"09",2019-12-18,188.830555555556,38.1333333333333,77.91624,35.6666666666667,18.9674104726535
"2020","Alves","Late","Split",176,"13",2020-02-05,444.254166666667,79.07,197.181,84,67.054755147195
"2020","Alves","Late","Split",176,"23",2020-03-19,723.8375,192.093333333333,487.641,127.333333333333,120.744311823402
"2020","Alves","Late","Split",176,"31",2020-04-14,920.270833333333,197.2,897.8004,153,200.670288460839
"2020","Alves","Late","Split",176,"41",2020-05-26,1417.94166666667,225.18,1724.79708,195,273.421123035704
"2020","Alves","Late","Split",176,"51",2020-05-29,1471.19305555556,225.2,1820.11008,198.666666666667,280.006767090158
"2020","Alves","Late","Split",176,"61",2020-06-08,1623.1,245.55,2034.95268,208.666666666667,294.28658639157
"2020","Alves","Late","Split",176,"71",2020-06-19,1814.33333333333,263.58,2218.22028,219,304.218143149164
"2020","Alves","Late","Split",176,"77",2020-07-02,2063.89583333333,276.516666666667,2511.36492,232,319.471523397656
"2020","Alves","Late","Split",176,"87",2020-07-19,2358.52777777778,301.376666666667,2803.21464,249.666666666667,337.143536659308
"2020","Alves","Late","Split",220,"09",2019-12-18,183.491666666667,37.95,76.2498,35,18.7600048688233
"2020","Alves","Late","Split",220,"13",2020-02-05,444.254166666667,79.07,197.181,84,67.054755147195
"2020","Alves","Late","Split",220,"23",2020-03-16,705.120833333333,190.78,440.66664,124,107.00038988534
"2020","Alves","Late","Split",220,"31",2020-04-18,973.247222222222,198.06,999.64908,157.666666666667,209.809940224553
"2020","Alves","Late","Split",220,"41",2020-05-25,1403.42916666667,225.17,1699.33968,194,271.657924439897
"2020","Alves","Late","Split",220,"51",2020-05-29,1461.34166666667,225.2,1805.085,198,278.99086770558
"2020","Alves","Late","Split",220,"61",2020-06-08,1612.4125,245.37,2021.3478,208,293.436852479315
"2020","Alves","Late","Split",220,"71",2020-06-19,1814.33333333333,263.58,2218.22028,219,304.218143149164
"2020","Alves","Late","Split",220,"77",2020-07-03,2081.2625,282.38,2525.97276,233,320.319220980978
"2020","Alves","Late","Split",220,"87",2020-07-15,2275.075,300.22,2714.9112,245,332.180333083922
"2020","Apertus","Early","Combined",176,"09",2019-11-12,161.733333333333,19.72,102.4776,19,18.7048557481828
"2020","Apertus","Early","Combined",176,"13",2020-01-16,498.086111111111,79.1333333333333,243.10296,84.6666666666667,57.8465370895318
"2020","Apertus","Early","Combined",176,"23",2020-02-25,736.7,159.53,382.24512,124,99.2898334802793
"2020","Apertus","Early","Combined",176,"31",2020-04-14,1082.00416666667,216.92,1000.278,173,219.375144209022
"2020","Apertus","Early","Combined",176,"41",2020-05-27,1594.1875,244.91,1852.73208,216,293.889177379695
"2020","Apertus","Early","Combined",176,"51",2020-05-30,1642.77777777778,244.92,1937.61276,219.333333333333,299.727522222918
"2020","Apertus","Early","Combined",176,"61",2020-06-08,1774.14583333333,265.09,2123.8254,228,312.141708227498
"2020","Apertus","Early","Combined",176,"71",2020-06-19,1976.06666666667,283.3,2320.69788,239,322.922998897347
"2020","Apertus","Early","Combined",176,"77",2020-07-01,2208.2625,290.373333333333,2599.23468,251,337.328681562515
"2020","Apertus","Early","Combined",176,"87",2020-07-16,2458.43888888889,319.94,2840.91456,266.333333333333,352.320175463306
"2020","Apertus","Early","Combined",220,"09",2019-11-11,160.034722222222,19.72,101.307,18.6666666666667,18.4751386590577
"2020","Apertus","Early","Combined",220,"13",2020-01-16,498.086111111111,79.1333333333333,243.10296,84.6666666666667,57.8465370895318
"2020","Apertus","Early","Combined",220,"23",2020-02-25,736.7,159.53,382.24512,124,99.2898334802793
"2020","Apertus","Early","Combined",220,"31",2020-04-14,1082.00416666667,216.92,1000.278,173,219.375144209022
"2020","Apertus","Early","Combined",220,"41",2020-05-27,1594.1875,244.91,1852.73208,216,293.889177379695
"2020","Apertus","Early","Combined",220,"51",2020-05-30,1642.77777777778,244.92,1937.61276,219.333333333333,299.727522222918
"2020","Apertus","Early","Combined",220,"61",2020-06-08,1774.14583333333,265.09,2123.8254,228,312.141708227498
"2020","Apertus","Early","Combined",220,"71",2020-06-18,1957.04166666667,281.686666666667,2302.25832,238,321.979967752795
"2020","Apertus","Early","Combined",220,"77",2020-07-02,2225.62916666666,296.236666666667,2613.84252,252,338.176379145838
"2020","Apertus","Early","Combined",220,"87",2020-07-21,2554.09027777778,321.106666666667,2944.90056,271.666666666667,358.166734742517
"2020","Apertus","Early","Split",176,"09",2019-11-12,161.733333333333,19.72,102.4776,19,18.7048557481828
"2020","Apertus","Early","Split",176,"13",2020-01-16,498.086111111111,79.1333333333333,243.10296,84.6666666666667,57.8465370895318
"2020","Apertus","Early","Split",176,"23",2020-02-25,736.7,159.53,382.24512,124,99.2898334802793
"2020","Apertus","Early","Split",176,"31",2020-04-14,1082.00416666667,216.92,1000.278,173,219.375144209022
"2020","Apertus","Early","Split",176,"41",2020-05-25,1565.1625,244.89,1801.81728,214,290.36278018808
"2020","Apertus","Early","Split",176,"51",2020-05-29,1623.075,244.92,1907.5626,218,297.695723453763
"2020","Apertus","Early","Split",176,"61",2020-06-07,1762.64305555555,258.6,2106.84972,227,310.65442607066
"2020","Apertus","Early","Split",176,"71",2020-06-18,1957.04166666667,281.686666666667,2302.25832,238,321.979967752795
"2020","Apertus","Early","Split",176,"77",2020-06-30,2190.89583333333,284.51,2584.62684,250,336.480983979193
"2020","Apertus","Early","Split",176,"87",2020-07-16,2467.02777777778,320.513333333333,2847.8178,266.666666666667,352.566366110085
"2020","Apertus","Early","Split",220,"09",2019-11-12,161.733333333333,19.72,102.4776,19,18.7048557481828
"2020","Apertus","Early","Split",220,"13",2020-01-13,480.0125,78.71,231.86628,81,54.5842046184005
"2020","Apertus","Early","Split",220,"23",2020-02-18,689.120833333333,126.41,351.05796,117,94.5727875253252
"2020","Apertus","Early","Split",220,"31",2020-04-12,1066.31666666667,216.826666666667,968.01864,171.333333333333,215.69314182931
"2020","Apertus","Early","Split",220,"41",2020-05-25,1565.1625,244.89,1801.81728,214,290.36278018808
"2020","Apertus","Early","Split",220,"51",2020-05-29,1623.075,244.92,1907.5626,218,297.695723453763
"2020","Apertus","Early","Split",220,"61",2020-06-08,1774.14583333333,265.09,2123.8254,228,312.141708227498
"2020","Apertus","Early","Split",220,"71",2020-06-20,2008.05416666667,283.323333333333,2368.08408,240.666666666667,325.39440232491
"2020","Apertus","Early","Split",220,"77",2020-06-30,2190.89583333333,284.51,2584.62684,250,336.480983979193
"2020","Apertus","Early","Split",220,"87",2020-07-21,2543.275,321.106666666667,2933.13768,271,357.449241426917
"2020","Apertus","Late","Combined",176,"09",2019-12-18,188.830555555556,38.1333333333333,77.91624,35.6666666666667,18.9674104726535
"2020","Apertus","Late","Combined",176,"13",2020-02-13,499.676388888889,97.4833333333333,231.44724,92.6666666666667,72.9302062338266
"2020","Apertus","Late","Combined",176,"23",2020-03-19,723.8375,192.093333333333,487.641,127.333333333333,120.744311823402
"2020","Apertus","Late","Combined",176,"31",2020-04-25,1046.89583333333,198.943333333333,1145.949,164.333333333333,223.325383909272
"2020","Apertus","Late","Combined",176,"41",2020-05-28,1446.96666666667,225.2,1775.71188,197,276.947520227319
"2020","Apertus","Late","Combined",176,"51",2020-06-01,1509.21111111111,225.253333333333,1876.6422,201,283.500978663554
"2020","Apertus","Late","Combined",176,"61",2020-06-08,1623.1,245.55,2034.95268,208.666666666667,294.28658639157
"2020","Apertus","Late","Combined",176,"71",2020-06-17,1776.28333333333,260.353333333333,2181.34116,217,302.332080860061
"2020","Apertus","Late","Combined",176,"77",2020-06-30,2029.1625,264.79,2482.14924,230,317.776128231011
"2020","Apertus","Late","Combined",176,"87",2020-07-20,2365.73333333333,301.94,2806.1982,250,337.223864917862
"2020","Apertus","Late","Combined",220,"09",2019-12-18,188.830555555556,38.1333333333333,77.91624,35.6666666666667,18.9674104726535
"2020","Apertus","Late","Combined",220,"13",2020-02-07,456.593055555556,83.26,207.23148,86.3333333333333,68.4257923611568
"2020","Apertus","Late","Combined",220,"23",2020-03-22,742.554166666666,193.406666666667,534.61536,130.666666666667,134.488233761465
"2020","Apertus","Late","Combined",220,"31",2020-04-28,1079.2,199.78,1203.34644,167,228.089243751981
"2020","Apertus","Late","Combined",220,"41",2020-05-28,1446.96666666667,225.2,1775.71188,197,276.947520227319
"2020","Apertus","Late","Combined",220,"51",2020-06-03,1545.84166666667,225.36,1929.60612,203,286.425804272036
"2020","Apertus","Late","Combined",220,"61",2020-06-09,1633.7875,245.73,2048.55756,209.333333333333,295.136320303826
"2020","Apertus","Late","Combined",220,"71",2020-06-18,1795.30833333333,261.966666666667,2199.78072,218,303.275112004613
"2020","Apertus","Late","Combined",220,"77",2020-07-02,2063.89583333333,276.516666666667,2511.36492,232,319.471523397656
"2020","Apertus","Late","Combined",220,"87",2020-07-24,2434.775,301.97,2888.53452,254,342.02641197614
"2020","Apertus","Late","Split",176,"09",2019-12-18,188.830555555556,38.1333333333333,77.91624,35.6666666666667,18.9674104726535
"2020","Apertus","Late","Split",176,"13",2020-02-05,444.254166666667,79.07,197.181,84,67.054755147195
"2020","Apertus","Late","Split",176,"23",2020-03-13,685.758333333333,187.31,416.3796,121.666666666667,103.73965927346
"2020","Apertus","Late","Split",176,"31",2020-04-16,940.943055555555,197.223333333333,942.25164,155,205.046080381844
"2020","Apertus","Late","Split",176,"41",2020-05-28,1446.96666666667,225.2,1775.71188,197,276.947520227319
"2020","Apertus","Late","Split",176,"51",2020-06-02,1527.52638888889,225.306666666667,1903.12416,202,284.963391467795
"2020","Apertus","Late","Split",176,"61",2020-06-09,1633.7875,245.73,2048.55756,209.333333333333,295.136320303826
"2020","Apertus","Late","Split",176,"71",2020-06-19,1814.33333333333,263.58,2218.22028,219,304.218143149164
"2020","Apertus","Late","Split",176,"77",2020-07-01,2046.52916666667,270.653333333333,2496.75708,231,318.623825814333
"2020","Apertus","Late","Split",176,"87",2020-07-19,2358.52777777778,301.376666666667,2803.21464,249.666666666667,337.143536659308
"2020","Apertus","Late","Split",220,"09",2019-12-18,183.491666666667,37.95,76.2498,35,18.7600048688233
"2020","Apertus","Late","Split",220,"13",2020-02-05,444.254166666667,79.07,197.181,84,67.054755147195
"2020","Apertus","Late","Split",220,"23",2020-03-17,704.475,188.623333333333,463.35396,125,117.483581211522
"2020","Apertus","Late","Split",220,"31",2020-04-18,961.615277777778,197.246666666667,986.70288,157,209.42187230285
"2020","Apertus","Late","Split",220,"41",2020-05-28,1446.96666666667,225.2,1775.71188,197,276.947520227319
"2020","Apertus","Late","Split",220,"51",2020-06-02,1527.52638888889,225.306666666667,1903.12416,202,284.963391467795
"2020","Apertus","Late","Split",220,"61",2020-06-10,1644.475,245.91,2062.16244,210,295.986054216081
"2020","Apertus","Late","Split",220,"71",2020-06-20,1846.32083333333,263.603333333333,2265.60648,220.666666666667,306.689546576727
"2020","Apertus","Late","Split",220,"77",2020-07-02,2063.89583333333,276.516666666667,2511.36492,232,319.471523397656
"2020","Apertus","Late","Split",220,"87",2020-07-20,2365.73333333333,301.94,2806.1982,250,337.223864917862
"2020","Capone","Early","Combined",176,"09",2019-11-10,155.980555555555,19.11,96.26964,17.6666666666667,17.0466551499759
"2020","Capone","Early","Combined",176,"13",2020-01-13,480.0125,78.71,231.86628,81,54.5842046184005
"2020","Capone","Early","Combined",176,"23",2020-02-25,736.7,159.53,382.24512,124,99.2898334802793
"2020","Capone","Early","Combined",176,"31",2020-04-14,1082.00416666667,216.92,1000.278,173,219.375144209022
"2020","Capone","Early","Combined",176,"41",2020-05-25,1565.1625,244.89,1801.81728,214,290.36278018808
"2020","Capone","Early","Combined",176,"51",2020-05-28,1613.49166666667,244.92,1887.98052,217.333333333333,296.333491801589
"2020","Capone","Early","Combined",176,"61",2020-06-07,1762.64305555555,258.6,2106.84972,227,310.65442607066
"2020","Capone","Early","Combined",176,"71",2020-06-18,1957.04166666667,281.686666666667,2302.25832,238,321.979967752795
"2020","Capone","Early","Combined",176,"77",2020-07-01,2208.2625,290.373333333333,2599.23468,251,337.328681562515
"2020","Capone","Early","Combined",176,"87",2020-07-17,2477.84305555556,320.513333333333,2859.58068,267.333333333333,353.283859425685
"2020","Capone","Early","Combined",220,"09",2019-11-11,160.034722222222,19.72,101.307,18.6666666666667,18.4751386590577
"2020","Capone","Early","Combined",220,"13",2020-01-13,480.0125,78.71,231.86628,81,54.5842046184005
"2020","Capone","Early","Combined",220,"23",2020-02-25,736.7,159.53,382.24512,124,99.2898334802793
"2020","Capone","Early","Combined",220,"31",2020-04-14,1082.00416666667,216.92,1000.278,173,219.375144209022
"2020","Capone","Early","Combined",220,"41",2020-05-25,1565.1625,244.89,1801.81728,214,290.36278018808
"2020","Capone","Early","Combined",220,"51",2020-05-29,1623.075,244.92,1907.5626,218,297.695723453763
"2020","Capone","Early","Combined",220,"61",2020-06-08,1774.14583333333,265.09,2123.8254,228,312.141708227498
"2020","Capone","Early","Combined",220,"71",2020-06-18,1957.04166666667,281.686666666667,2302.25832,238,321.979967752795
"2020","Capone","Early","Combined",220,"77",2020-07-04,2265.75833333333,302.7,2648.59728,254.333333333333,340.27225170246
"2020","Capone","Early","Combined",220,"87",2020-07-23,2592.63194444444,324.836666666667,2978.27652,273.666666666667,359.898100073909
"2020","Capone","Early","Split",176,"09",2019-11-11,160.034722222222,19.72,101.307,18.6666666666667,18.4751386590577
"2020","Capone","Early","Split",176,"13",2020-01-13,480.0125,78.71,231.86628,81,54.5842046184005
"2020","Capone","Early","Split",176,"23",2020-02-22,720.840277777778,148.49,371.8494,121.666666666667,97.7174848286279
"2020","Capone","Early","Split",176,"31",2020-04-12,1066.31666666667,216.826666666667,968.01864,171.333333333333,215.69314182931
"2020","Capone","Early","Split",176,"41",2020-05-25,1565.1625,244.89,1801.81728,214,290.36278018808
"2020","Capone","Early","Split",176,"51",2020-05-28,1618.28333333333,244.92,1897.77156,217.666666666667,297.014607627676
"2020","Capone","Early","Split",176,"61",2020-06-08,1774.14583333333,265.09,2123.8254,228,312.141708227498
"2020","Capone","Early","Split",176,"71",2020-06-17,1938.01666666667,280.073333333333,2283.81876,237,321.036936608244
"2020","Capone","Early","Split",176,"77",2020-07-01,2208.2625,290.373333333333,2599.23468,251,337.328681562515
"2020","Capone","Early","Split",176,"87",2020-07-20,2527.46666666667,321.66,2908.6758,270,355.928720666045
"2020","Capone","Early","Split",220,"09",2019-11-11,158.336111111111,19.72,100.1364,18.3333333333333,18.2454215699326
"2020","Capone","Early","Split",220,"13",2020-01-13,480.0125,78.71,231.86628,81,54.5842046184005
"2020","Capone","Early","Split",220,"23",2020-02-20,704.980555555555,137.45,361.45368,119.333333333333,96.1451361769766
"2020","Capone","Early","Split",220,"31",2020-04-18,1123.34861111111,216.966666666667,1089.18048,177,228.126728051033
"2020","Capone","Early","Split",220,"41",2020-05-25,1565.1625,244.89,1801.81728,214,290.36278018808
"2020","Capone","Early","Split",220,"51",2020-05-28,1618.28333333333,244.92,1897.77156,217.666666666667,297.014607627676
"2020","Capone","Early","Split",220,"61",2020-06-08,1774.14583333333,265.09,2123.8254,228,312.141708227498
"2020","Capone","Early","Split",220,"71",2020-06-18,1957.04166666667,281.686666666667,2302.25832,238,321.979967752795
"2020","Capone","Early","Split",220,"77",2020-07-04,2265.75833333333,302.7,2648.59728,254.333333333333,340.27225170246
"2020","Capone","Early","Split",220,"87",2020-07-21,2550.48055555556,321.67,2936.12124,271.333333333333,357.529569685471
"2020","Capone","Late","Combined",176,"09",2019-12-18,188.830555555556,38.1333333333333,77.91624,35.6666666666667,18.9674104726535
"2020","Capone","Late","Combined",176,"13",2020-02-05,444.254166666667,79.07,197.181,84,67.054755147195
"2020","Capone","Late","Combined",176,"23",2020-03-22,742.554166666666,193.406666666667,534.61536,130.666666666667,134.488233761465
"2020","Capone","Late","Combined",176,"31",2020-04-20,993.919444444444,198.083333333333,1044.10032,159.666666666667,214.185732145558
"2020","Capone","Late","Combined",176,"41",2020-05-28,1446.96666666667,225.2,1775.71188,197,276.947520227319
"2020","Capone","Late","Combined",176,"51",2020-05-31,1490.89583333333,225.2,1850.16024,200,282.038565859313
"2020","Capone","Late","Combined",176,"61",2020-06-10,1644.475,245.91,2062.16244,210,295.986054216081
"2020","Capone","Late","Combined",176,"71",2020-06-18,1795.30833333333,261.966666666667,2199.78072,218,303.275112004613
"2020","Capone","Late","Combined",176,"77",2020-07-04,2104.025,282.98,2546.11968,234.333333333333,321.567395954277
"2020","Capone","Late","Combined",176,"87",2020-07-21,2388.74722222222,301.95,2833.64364,251.333333333333,338.824713937288
"2020","Capone","Late","Combined",220,"09",2019-12-18,188.830555555556,38.1333333333333,77.91624,35.6666666666667,18.9674104726535
"2020","Capone","Late","Combined",220,"13",2020-02-05,444.254166666667,79.07,197.181,84,67.054755147195
"2020","Capone","Late","Combined",220,"23",2020-03-26,761.270833333333,194.72,581.58972,134,148.232155699527
"2020","Capone","Late","Combined",220,"31",2020-04-28,1074.99722222222,203.96,1190.55108,167,227.692199053473
"2020","Capone","Late","Combined",220,"41",2020-05-27,1432.45416666667,225.19,1750.25448,196,275.184321631512
"2020","Capone","Late","Combined",220,"51",2020-06-01,1517.675,225.306666666667,1888.09908,201.333333333333,283.947492083217
"2020","Capone","Late","Combined",220,"61",2020-06-10,1644.475,245.91,2062.16244,210,295.986054216081
"2020","Capone","Late","Combined",220,"71",2020-06-19,1814.33333333333,263.58,2218.22028,219,304.218143149164
"2020","Capone","Late","Combined",220,"77",2020-07-04,2104.025,282.98,2546.11968,234.333333333333,321.567395954277
"2020","Capone","Late","Combined",220,"87",2020-07-24,2434.775,301.97,2888.53452,254,342.02641197614
"2020","Capone","Late","Split",176,"09",2019-12-18,183.491666666667,37.95,76.2498,35,18.7600048688233
"2020","Capone","Late","Split",176,"13",2020-02-05,444.254166666667,79.07,197.181,84,67.054755147195
"2020","Capone","Late","Split",176,"23",2020-03-12,680.452777777778,175.103333333333,434.00796,120.666666666667,111.939174438988
"2020","Capone","Late","Split",176,"31",2020-04-16,940.943055555555,197.223333333333,942.25164,155,205.046080381844
"2020","Capone","Late","Split",176,"41",2020-05-27,1432.45416666667,225.19,1750.25448,196,275.184321631512
"2020","Capone","Late","Split",176,"51",2020-06-03,1545.84166666667,225.36,1929.60612,203,286.425804272036
"2020","Capone","Late","Split",176,"61",2020-06-09,1633.7875,245.73,2048.55756,209.333333333333,295.136320303826
"2020","Capone","Late","Split",176,"71",2020-06-18,1795.30833333333,261.966666666667,2199.78072,218,303.275112004613
"2020","Capone","Late","Split",176,"77",2020-07-03,2081.2625,282.38,2525.97276,233,320.319220980978
"2020","Capone","Late","Split",176,"87",2020-07-22,2411.76111111111,301.96,2861.08908,252.666666666667,340.425562956714
"2020","Capone","Late","Split",220,"09",2019-12-19,194.169444444444,38.3166666666667,79.58268,36.3333333333333,19.1748160764837
"2020","Capone","Late","Split",220,"13",2020-02-05,444.254166666667,79.07,197.181,84,67.054755147195
"2020","Capone","Late","Split",220,"23",2020-03-26,761.270833333333,194.72,581.58972,134,148.232155699527
"2020","Capone","Late","Split",220,"31",2020-04-14,920.270833333333,197.2,897.8004,153,200.670288460839
"2020","Capone","Late","Split",220,"41",2020-05-28,1446.96666666667,225.2,1775.71188,197,276.947520227319
"2020","Capone","Late","Split",220,"51",2020-06-01,1509.21111111111,225.253333333333,1876.6422,201,283.500978663554
"2020","Capone","Late","Split",220,"61",2020-06-09,1633.7875,245.73,2048.55756,209.333333333333,295.136320303826
"2020","Capone","Late","Split",220,"71",2020-06-19,1827.29583333333,261.99,2247.16692,219.666666666667,305.746515432175
"2020","Capone","Late","Split",220,"77",2020-07-02,2069.29166666667,271.253333333333,2516.904,232.333333333333,319.872000787633
"2020","Capone","Late","Split",220,"87",2020-07-24,2434.775,301.97,2888.53452,254,342.02641197614
"2020","Esket","Early","Combined",176,"09",2019-11-10,154.281944444444,19.11,95.09904,17.3333333333333,16.8169380608508
"2020","Esket","Early","Combined",176,"13",2020-01-15,495.6625,79.1233333333333,239.64252,83.3333333333333,56.0172267555127
"2020","Esket","Early","Combined",176,"23",2020-02-25,736.7,159.53,382.24512,124,99.2898334802793
"2020","Esket","Early","Combined",176,"31",2020-04-14,1082.00416666667,216.92,1000.278,173,219.375144209022
"2020","Esket","Early","Combined",176,"41",2020-05-25,1565.1625,244.89,1801.81728,214,290.36278018808
"2020","Esket","Early","Combined",176,"51",2020-05-29,1623.075,244.92,1907.5626,218,297.695723453763
"2020","Esket","Early","Combined",176,"61",2020-06-08,1774.14583333333,265.09,2123.8254,228,312.141708227498
"2020","Esket","Early","Combined",176,"71",2020-06-20,2008.05416666667,283.323333333333,2368.08408,240.666666666667,325.39440232491
"2020","Esket","Early","Combined",176,"77",2020-07-02,2225.62916666666,296.236666666667,2613.84252,252,338.176379145838
"2020","Esket","Early","Combined",176,"87",2020-07-15,2447.62361111111,319.94,2829.15168,265.666666666667,351.602682147705
"2020","Esket","Early","Combined",220,"09",2019-11-11,156.6375,19.72,98.9658,18,18.0157044808075
"2020","Esket","Early","Combined",220,"13",2020-01-13,480.0125,78.71,231.86628,81,54.5842046184005
"2020","Esket","Early","Combined",220,"23",2020-02-25,736.7,159.53,382.24512,124,99.2898334802793
"2020","Esket","Early","Combined",220,"31",2020-04-14,1082.00416666667,216.92,1000.278,173,219.375144209022
"2020","Esket","Early","Combined",220,"41",2020-05-25,1565.1625,244.89,1801.81728,214,290.36278018808
"2020","Esket","Early","Combined",220,"51",2020-05-29,1623.075,244.92,1907.5626,218,297.695723453763
"2020","Esket","Early","Combined",220,"61",2020-06-08,1774.14583333333,265.09,2123.8254,228,312.141708227498
"2020","Esket","Early","Combined",220,"71",2020-06-19,1976.06666666667,283.3,2320.69788,239,322.922998897347
"2020","Esket","Early","Combined",220,"77",2020-07-01,2208.2625,290.373333333333,2599.23468,251,337.328681562515
"2020","Esket","Early","Combined",220,"87",2020-07-17,2477.84305555556,320.513333333333,2859.58068,267.333333333333,353.283859425685
"2020","Esket","Early","Split",176,"09",2019-11-11,156.6375,19.72,98.9658,18,18.0157044808075
"2020","Esket","Early","Split",176,"13",2020-01-13,480.0125,78.71,231.86628,81,54.5842046184005
"2020","Esket","Early","Split",176,"23",2020-02-25,736.7,159.53,382.24512,124,99.2898334802793
"2020","Esket","Early","Split",176,"31",2020-04-14,1082.00416666667,216.92,1000.278,173,219.375144209022
"2020","Esket","Early","Split",176,"41",2020-05-25,1565.1625,244.89,1801.81728,214,290.36278018808
"2020","Esket","Early","Split",176,"51",2020-05-29,1623.075,244.92,1907.5626,218,297.695723453763
"2020","Esket","Early","Split",176,"61",2020-06-08,1774.14583333333,265.09,2123.8254,228,312.141708227498
"2020","Esket","Early","Split",176,"71",2020-06-20,2008.05416666667,283.323333333333,2368.08408,240.666666666667,325.39440232491
"2020","Esket","Early","Split",176,"77",2020-07-01,2208.2625,290.373333333333,2599.23468,251,337.328681562515
"2020","Esket","Early","Split",176,"87",2020-07-17,2469.25416666667,319.94,2852.67744,267,353.037668778906
"2020","Esket","Early","Split",220,"09",2019-11-11,156.6375,19.72,98.9658,18,18.0157044808075
"2020","Esket","Early","Split",220,"13",2020-01-13,480.0125,78.71,231.86628,81,54.5842046184005
"2020","Esket","Early","Split",220,"23",2020-02-25,736.7,159.53,382.24512,124,99.2898334802793
"2020","Esket","Early","Split",220,"31",2020-04-14,1086.98888888889,216.85,1012.46988,173.333333333333,220.068933750316
"2020","Esket","Early","Split",220,"41",2020-05-25,1565.1625,244.89,1801.81728,214,290.36278018808
"2020","Esket","Early","Split",220,"51",2020-05-28,1618.28333333333,244.92,1897.77156,217.666666666667,297.014607627676
"2020","Esket","Early","Split",220,"61",2020-06-06,1751.95555555555,258.42,2093.24484,226.333333333333,309.804692158405
"2020","Esket","Early","Split",220,"71",2020-06-18,1957.04166666667,281.686666666667,2302.25832,238,321.979967752795
"2020","Esket","Early","Split",220,"77",2020-07-02,2225.62916666666,296.236666666667,2613.84252,252,338.176379145838
"2020","Esket","Early","Split",220,"87",2020-07-16,2467.02777777778,320.513333333333,2847.8178,266.666666666667,352.566366110085
"2020","Esket","Late","Combined",176,"09",2019-12-18,183.491666666667,37.95,76.2498,35,18.7600048688233
"2020","Esket","Late","Combined",176,"13",2020-02-05,444.254166666667,79.07,197.181,84,67.054755147195
"2020","Esket","Late","Combined",176,"23",2020-03-16,705.120833333333,190.78,440.66664,124,107.00038988534
"2020","Esket","Late","Combined",176,"31",2020-04-14,920.270833333333,197.2,897.8004,153,200.670288460839
"2020","Esket","Late","Combined",176,"41",2020-05-28,1446.96666666667,225.2,1775.71188,197,276.947520227319
"2020","Esket","Late","Combined",176,"51",2020-06-01,1509.21111111111,225.253333333333,1876.6422,201,283.500978663554
"2020","Esket","Late","Combined",176,"61",2020-06-08,1623.1,245.55,2034.95268,208.666666666667,294.28658639157
"2020","Esket","Late","Combined",176,"71",2020-06-19,1814.33333333333,263.58,2218.22028,219,304.218143149164
"2020","Esket","Late","Combined",176,"77",2020-07-02,2063.89583333333,276.516666666667,2511.36492,232,319.471523397656
"2020","Esket","Late","Combined",176,"87",2020-07-18,2335.51388888889,301.366666666667,2775.7692,248.333333333333,335.542687639882
"2020","Esket","Late","Combined",220,"09",2019-12-18,183.491666666667,37.95,76.2498,35,18.7600048688233
"2020","Esket","Late","Combined",220,"13",2020-02-05,444.254166666667,79.07,197.181,84,67.054755147195
"2020","Esket","Late","Combined",220,"23",2020-03-19,723.8375,192.093333333333,487.641,127.333333333333,120.744311823402
"2020","Esket","Late","Combined",220,"31",2020-04-22,1014.59166666667,198.106666666667,1088.55156,161.666666666667,218.561524066564
"2020","Esket","Late","Combined",220,"41",2020-05-27,1432.45416666667,225.19,1750.25448,196,275.184321631512
"2020","Esket","Late","Combined",220,"51",2020-05-30,1481.04444444444,225.2,1835.13516,199.333333333333,281.022666474735
"2020","Esket","Late","Combined",220,"61",2020-06-09,1633.7875,245.73,2048.55756,209.333333333333,295.136320303826
"2020","Esket","Late","Combined",220,"71",2020-06-19,1814.33333333333,263.58,2218.22028,219,304.218143149164
"2020","Esket","Late","Combined",220,"77",2020-07-04,2104.025,282.98,2546.11968,234.333333333333,321.567395954277
"2020","Esket","Late","Combined",220,"87",2020-07-19,2346.32916666666,301.366666666667,2787.53208,249,336.260180955483
"2020","Esket","Late","Split",176,"09",2019-12-18,183.491666666667,37.95,76.2498,35,18.7600048688233
"2020","Esket","Late","Split",176,"13",2020-02-05,444.254166666667,79.07,197.181,84,67.054755147195
"2020","Esket","Late","Split",176,"23",2020-03-16,705.120833333333,190.78,440.66664,124,107.00038988534
"2020","Esket","Late","Split",176,"31",2020-04-16,940.943055555555,197.223333333333,942.25164,155,205.046080381844
"2020","Esket","Late","Split",176,"41",2020-05-28,1446.96666666667,225.2,1775.71188,197,276.947520227319
"2020","Esket","Late","Split",176,"51",2020-06-01,1509.21111111111,225.253333333333,1876.6422,201,283.500978663554
"2020","Esket","Late","Split",176,"61",2020-06-08,1612.4125,245.37,2021.3478,208,293.436852479315
"2020","Esket","Late","Split",176,"71",2020-06-19,1814.33333333333,263.58,2218.22028,219,304.218143149164
"2020","Esket","Late","Split",176,"77",2020-07-02,2063.89583333333,276.516666666667,2511.36492,232,319.471523397656
"2020","Esket","Late","Split",176,"87",2020-07-22,2407.88472222222,305.106666666667,2848.35348,252.333333333333,339.5923953063
"2020","Esket","Late","Split",220,"09",2019-12-18,188.830555555556,38.1333333333333,77.91624,35.6666666666667,18.9674104726535
"2020","Esket","Late","Split",220,"13",2020-02-05,444.254166666667,79.07,197.181,84,67.054755147195
"2020","Esket","Late","Split",220,"23",2020-03-19,723.8375,192.093333333333,487.641,127.333333333333,120.744311823402
"2020","Esket","Late","Split",220,"31",2020-04-16,940.943055555555,197.223333333333,942.25164,155,205.046080381844
"2020","Esket","Late","Split",220,"41",2020-05-28,1446.96666666667,225.2,1775.71188,197,276.947520227319
"2020","Esket","Late","Split",220,"51",2020-06-02,1527.52638888889,225.306666666667,1903.12416,202,284.963391467795
"2020","Esket","Late","Split",220,"61",2020-06-10,1644.475,245.91,2062.16244,210,295.986054216081
"2020","Esket","Late","Split",220,"71",2020-06-19,1814.33333333333,263.58,2218.22028,219,304.218143149164
"2020","Esket","Late","Split",220,"77",2020-07-03,2081.2625,282.38,2525.97276,233,320.319220980978
"2020","Esket","Late","Split",220,"87",2020-07-21,2388.74722222222,301.95,2833.64364,251.333333333333,338.824713937288
"2020","Patras","Early","Combined",176,"09",2019-11-11,160.034722222222,19.72,101.307,18.6666666666667,18.4751386590577
"2020","Patras","Early","Combined",176,"13",2020-01-16,498.086111111111,79.1333333333333,243.10296,84.6666666666667,57.8465370895318
"2020","Patras","Early","Combined",176,"23",2020-02-25,736.7,159.53,382.24512,124,99.2898334802793
"2020","Patras","Early","Combined",176,"31",2020-04-16,1102.67638888889,216.943333333333,1044.72924,175,223.750936130027
"2020","Patras","Early","Combined",176,"41",2020-05-25,1565.1625,244.89,1801.81728,214,290.36278018808
"2020","Patras","Early","Combined",176,"51",2020-05-28,1608.7,244.92,1878.18948,217,295.652375975502
"2020","Patras","Early","Combined",176,"61",2020-06-04,1729.76527777778,251.75,2062.66428,224.666666666667,307.467676089312
"2020","Patras","Early","Combined",176,"71",2020-06-17,1938.01666666667,280.073333333333,2283.81876,237,321.036936608244
"2020","Patras","Early","Combined",176,"77",2020-07-01,2208.2625,290.373333333333,2599.23468,251,337.328681562515
"2020","Patras","Early","Combined",176,"87",2020-07-15,2436.80833333333,319.94,2817.3888,265,350.885188832105
"2020","Patras","Early","Combined",220,"09",2019-11-11,158.336111111111,19.72,100.1364,18.3333333333333,18.2454215699326
"2020","Patras","Early","Combined",220,"13",2020-01-13,480.0125,78.71,231.86628,81,54.5842046184005
"2020","Patras","Early","Combined",220,"23",2020-02-27,747.480555555556,167.46,397.35336,126,102.250796269791
"2020","Patras","Early","Combined",220,"31",2020-04-14,1082.00416666667,216.92,1000.278,173,219.375144209022
"2020","Patras","Early","Combined",220,"41",2020-05-25,1565.1625,244.89,1801.81728,214,290.36278018808
"2020","Patras","Early","Combined",220,"51",2020-05-28,1613.49166666667,244.92,1887.98052,217.333333333333,296.333491801589
"2020","Patras","Early","Combined",220,"61",2020-06-04,1729.76527777778,251.75,2062.66428,224.666666666667,307.467676089312
"2020","Patras","Early","Combined",220,"71",2020-06-19,1976.06666666667,283.3,2320.69788,239,322.922998897347
"2020","Patras","Early","Combined",220,"77",2020-07-01,2208.2625,290.373333333333,2599.23468,251,337.328681562515
"2020","Patras","Early","Combined",220,"87",2020-07-17,2477.84305555556,320.513333333333,2859.58068,267.333333333333,353.283859425685
"2020","Patras","Early","Split",176,"09",2019-11-12,161.733333333333,19.72,102.4776,19,18.7048557481828
"2020","Patras","Early","Split",176,"13",2020-01-13,480.0125,78.71,231.86628,81,54.5842046184005
"2020","Patras","Early","Split",176,"23",2020-02-25,736.7,159.53,382.24512,124,99.2898334802793
"2020","Patras","Early","Split",176,"31",2020-04-14,1082.00416666667,216.92,1000.278,173,219.375144209022
"2020","Patras","Early","Split",176,"41",2020-05-25,1565.1625,244.89,1801.81728,214,290.36278018808
"2020","Patras","Early","Split",176,"51",2020-05-28,1613.49166666667,244.92,1887.98052,217.333333333333,296.333491801589
"2020","Patras","Early","Split",176,"61",2020-06-03,1707.575,245.08,2032.08372,223,305.130660020219
"2020","Patras","Early","Split",176,"71",2020-06-17,1938.01666666667,280.073333333333,2283.81876,237,321.036936608244
"2020","Patras","Early","Split",176,"77",2020-06-29,2183.21527777778,290.003333333333,2575.51476,249.666666666667,336.052277651955
"2020","Patras","Early","Split",176,"87",2020-07-15,2436.80833333333,319.94,2817.3888,265,350.885188832105
"2020","Patras","Early","Split",220,"09",2019-11-11,158.336111111111,19.72,100.1364,18.3333333333333,18.2454215699326
"2020","Patras","Early","Split",220,"13",2020-01-16,498.086111111111,79.1333333333333,243.10296,84.6666666666667,57.8465370895318
"2020","Patras","Early","Split",220,"23",2020-02-20,704.980555555555,137.45,361.45368,119.333333333333,96.1451361769766
"2020","Patras","Early","Split",220,"31",2020-04-10,1050.62916666667,216.733333333333,935.75928,169.666666666667,212.011139449599
"2020","Patras","Early","Split",220,"41",2020-05-25,1565.1625,244.89,1801.81728,214,290.36278018808
"2020","Patras","Early","Split",220,"51",2020-05-28,1608.7,244.92,1878.18948,217,295.652375975502
"2020","Patras","Early","Split",220,"61",2020-06-03,1707.575,245.08,2032.08372,223,305.130660020219
"2020","Patras","Early","Split",220,"71",2020-06-17,1938.01666666667,280.073333333333,2283.81876,237,321.036936608244
"2020","Patras","Early","Split",220,"77",2020-07-01,2208.2625,290.373333333333,2599.23468,251,337.328681562515
"2020","Patras","Early","Split",220,"87",2020-07-16,2467.02777777778,320.513333333333,2847.8178,266.666666666667,352.566366110085
"2020","Patras","Late","Combined",176,"09",2019-12-18,188.830555555556,38.1333333333333,77.91624,35.6666666666667,18.9674104726535
"2020","Patras","Late","Combined",176,"13",2020-02-18,527.3875,106.69,248.58036,97,75.8679317771424
"2020","Patras","Late","Combined",176,"23",2020-03-22,742.554166666666,193.406666666667,534.61536,130.666666666667,134.488233761465
"2020","Patras","Late","Combined",176,"31",2020-04-26,1062.76388888889,207.593333333333,1155.60672,165.666666666667,224.069910378018
"2020","Patras","Late","Combined",176,"41",2020-05-28,1446.96666666667,225.2,1775.71188,197,276.947520227319
"2020","Patras","Late","Combined",176,"51",2020-05-31,1490.89583333333,225.2,1850.16024,200,282.038565859313
"2020","Patras","Late","Combined",176,"61",2020-06-08,1623.1,245.55,2034.95268,208.666666666667,294.28658639157
"2020","Patras","Late","Combined",176,"71",2020-06-18,1795.30833333333,261.966666666667,2199.78072,218,303.275112004613
"2020","Patras","Late","Combined",176,"77",2020-07-01,2046.52916666667,270.653333333333,2496.75708,231,318.623825814333
"2020","Patras","Late","Combined",176,"87",2020-07-19,2346.32916666666,301.366666666667,2787.53208,249,336.260180955483
"2020","Patras","Late","Combined",220,"09",2019-12-20,199.508333333333,38.5,81.24912,37,19.3822216803139
"2020","Patras","Late","Combined",220,"13",2020-02-05,444.254166666667,79.07,197.181,84,67.054755147195
"2020","Patras","Late","Combined",220,"23",2020-03-22,742.554166666666,193.406666666667,534.61536,130.666666666667,134.488233761465
"2020","Patras","Late","Combined",220,"31",2020-04-26,1054.325,203.936666666667,1146.09984,165,223.316407132468
"2020","Patras","Late","Combined",220,"41",2020-05-28,1446.96666666667,225.2,1775.71188,197,276.947520227319
"2020","Patras","Late","Combined",220,"51",2020-05-31,1490.89583333333,225.2,1850.16024,200,282.038565859313
"2020","Patras","Late","Combined",220,"61",2020-06-08,1612.4125,245.37,2021.3478,208,293.436852479315
"2020","Patras","Late","Combined",220,"71",2020-06-19,1814.33333333333,263.58,2218.22028,219,304.218143149164
"2020","Patras","Late","Combined",220,"77",2020-07-02,2063.89583333333,276.516666666667,2511.36492,232,319.471523397656
"2020","Patras","Late","Combined",220,"87",2020-07-19,2346.32916666666,301.366666666667,2787.53208,249,336.260180955483
"2020","Patras","Late","Split",176,"09",2019-12-18,188.830555555556,38.1333333333333,77.91624,35.6666666666667,18.9674104726535
"2020","Patras","Late","Split",176,"13",2020-02-05,444.254166666667,79.07,197.181,84,67.054755147195
"2020","Patras","Late","Split",176,"23",2020-03-16,705.120833333333,190.78,440.66664,124,107.00038988534
"2020","Patras","Late","Split",176,"31",2020-04-18,973.247222222222,198.06,999.64908,157.666666666667,209.809940224553
"2020","Patras","Late","Split",176,"41",2020-05-28,1446.96666666667,225.2,1775.71188,197,276.947520227319
"2020","Patras","Late","Split",176,"51",2020-05-31,1490.89583333333,225.2,1850.16024,200,282.038565859313
"2020","Patras","Late","Split",176,"61",2020-06-06,1590.22222222222,238.7,1990.76724,206.333333333333,291.099836410222
"2020","Patras","Late","Split",176,"71",2020-06-19,1814.33333333333,263.58,2218.22028,219,304.218143149164
"2020","Patras","Late","Split",176,"77",2020-07-02,2063.89583333333,276.516666666667,2511.36492,232,319.471523397656
"2020","Patras","Late","Split",176,"87",2020-07-16,2296.70555555555,300.22,2738.43696,246.333333333333,333.615319715123
"2020","Patras","Late","Split",220,"09",2019-12-18,183.491666666667,37.95,76.2498,35,18.7600048688233
"2020","Patras","Late","Split",220,"13",2020-02-09,471.965277777778,88.2766666666667,214.31412,88.3333333333333,69.9924806905108
"2020","Patras","Late","Split",220,"23",2020-03-19,723.8375,192.093333333333,487.641,127.333333333333,120.744311823402
"2020","Patras","Late","Split",220,"31",2020-04-16,940.943055555555,197.223333333333,942.25164,155,205.046080381844
"2020","Patras","Late","Split",220,"41",2020-05-28,1446.96666666667,225.2,1775.71188,197,276.947520227319
"2020","Patras","Late","Split",220,"51",2020-05-31,1490.89583333333,225.2,1850.16024,200,282.038565859313
"2020","Patras","Late","Split",220,"61",2020-06-08,1623.1,245.55,2034.95268,208.666666666667,294.28658639157
"2020","Patras","Late","Split",220,"71",2020-06-18,1795.30833333333,261.966666666667,2199.78072,218,303.275112004613
"2020","Patras","Late","Split",220,"77",2020-07-01,2046.52916666667,270.653333333333,2496.75708,231,318.623825814333
"2020","Patras","Late","Split",220,"87",2020-07-21,2388.74722222222,301.95,2833.64364,251.333333333333,338.824713937288
"2020","Pionier","Early","Combined",176,"09",2019-11-11,158.336111111111,19.72,100.1364,18.3333333333333,18.2454215699326
"2020","Pionier","Early","Combined",176,"13",2020-01-19,513.736111111111,79.5466666666667,250.8792,87,59.2795592266439
"2020","Pionier","Early","Combined",176,"23",2020-02-25,736.7,159.53,382.24512,124,99.2898334802793
"2020","Pionier","Early","Combined",176,"31",2020-04-14,1082.00416666667,216.92,1000.278,173,219.375144209022
"2020","Pionier","Early","Combined",176,"41",2020-05-28,1608.7,244.92,1878.18948,217,295.652375975502
"2020","Pionier","Early","Combined",176,"51",2020-05-31,1652.62916666667,244.92,1952.63784,220,300.743421607496
"2020","Pionier","Early","Combined",176,"61",2020-06-09,1795.52083333333,265.45,2151.03516,229.333333333333,313.841176052009
"2020","Pionier","Early","Combined",176,"71",2020-06-19,1976.06666666667,283.3,2320.69788,239,322.922998897347
"2020","Pionier","Early","Combined",176,"77",2020-07-03,2242.99583333333,302.1,2628.45036,253,339.02407672916
"2020","Pionier","Early","Combined",176,"87",2020-07-18,2488.65833333334,320.513333333333,2871.34356,268,354.001352741286
"2020","Pionier","Early","Combined",220,"09",2019-11-11,160.034722222222,19.72,101.307,18.6666666666667,18.4751386590577
"2020","Pionier","Early","Combined",220,"13",2020-01-13,480.0125,78.71,231.86628,81,54.5842046184005
"2020","Pionier","Early","Combined",220,"23",2020-02-25,736.7,159.53,382.24512,124,99.2898334802793
"2020","Pionier","Early","Combined",220,"31",2020-04-18,1123.34861111111,216.966666666667,1089.18048,177,228.126728051033
"2020","Pionier","Early","Combined",220,"41",2020-05-28,1608.7,244.92,1878.18948,217,295.652375975502
"2020","Pionier","Early","Combined",220,"51",2020-05-31,1652.62916666667,244.92,1952.63784,220,300.743421607496
"2020","Pionier","Early","Combined",220,"61",2020-06-08,1784.83333333333,265.27,2137.43028,228.666666666667,312.991442139753
"2020","Pionier","Early","Combined",220,"71",2020-06-19,1976.06666666667,283.3,2320.69788,239,322.922998897347
"2020","Pionier","Early","Combined",220,"77",2020-07-03,2248.39166666666,296.836666666667,2633.98944,253.333333333333,339.424554119137
"2020","Pionier","Early","Combined",220,"87",2020-07-21,2550.48055555556,321.67,2936.12124,271.333333333333,357.529569685471
"2020","Pionier","Early","Split",176,"09",2019-11-11,160.034722222222,19.72,101.307,18.6666666666667,18.4751386590577
"2020","Pionier","Early","Split",176,"13",2020-01-13,480.0125,78.71,231.86628,81,54.5842046184005
"2020","Pionier","Early","Split",176,"23",2020-02-25,736.7,159.53,382.24512,124,99.2898334802793
"2020","Pionier","Early","Split",176,"31",2020-04-14,1082.00416666667,216.92,1000.278,173,219.375144209022
"2020","Pionier","Early","Split",176,"41",2020-05-26,1579.675,244.9,1827.27468,215,292.125978783887
"2020","Pionier","Early","Split",176,"51",2020-05-29,1632.92638888889,244.92,1922.58768,218.666666666667,298.711622838341
"2020","Pionier","Early","Split",176,"61",2020-06-08,1784.83333333333,265.27,2137.43028,228.666666666667,312.991442139753
"2020","Pionier","Early","Split",176,"71",2020-06-19,1976.06666666667,283.3,2320.69788,239,322.922998897347
"2020","Pionier","Early","Split",176,"77",2020-07-02,2225.62916666666,296.236666666667,2613.84252,252,338.176379145838
"2020","Pionier","Early","Split",176,"87",2020-07-17,2477.84305555556,320.513333333333,2859.58068,267.333333333333,353.283859425685
"2020","Pionier","Early","Split",220,"09",2019-11-11,160.034722222222,19.72,101.307,18.6666666666667,18.4751386590577
"2020","Pionier","Early","Split",220,"13",2020-01-13,480.0125,78.71,231.86628,81,54.5842046184005
"2020","Pionier","Early","Split",220,"23",2020-02-22,720.840277777778,148.49,371.8494,121.666666666667,97.7174848286279
"2020","Pionier","Early","Split",220,"31",2020-04-14,1082.00416666667,216.92,1000.278,173,219.375144209022
"2020","Pionier","Early","Split",220,"41",2020-05-26,1579.675,244.9,1827.27468,215,292.125978783887
"2020","Pionier","Early","Split",220,"51",2020-05-29,1632.92638888889,244.92,1922.58768,218.666666666667,298.711622838341
"2020","Pionier","Early","Split",220,"61",2020-06-08,1784.83333333333,265.27,2137.43028,228.666666666667,312.991442139753
"2020","Pionier","Early","Split",220,"71",2020-06-19,1976.06666666667,283.3,2320.69788,239,322.922998897347
"2020","Pionier","Early","Split",220,"77",2020-07-03,2242.99583333333,302.1,2628.45036,253,339.02407672916
"2020","Pionier","Early","Split",220,"87",2020-07-21,2550.48055555556,321.67,2936.12124,271.333333333333,357.529569685471
"2020","Pionier","Late","Combined",176,"09",2019-12-19,194.169444444444,38.3166666666667,79.58268,36.3333333333333,19.1748160764837
"2020","Pionier","Late","Combined",176,"13",2020-02-09,471.965277777778,88.2766666666667,214.31412,88.3333333333333,69.9924806905108
"2020","Pionier","Late","Combined",176,"23",2020-03-19,723.8375,192.093333333333,487.641,127.333333333333,120.744311823402
"2020","Pionier","Late","Combined",176,"31",2020-04-23,1026.22361111111,198.92,1101.49776,162.333333333333,218.949591988267
"2020","Pionier","Late","Combined",176,"41",2020-05-29,1461.34166666667,225.2,1805.085,198,278.99086770558
"2020","Pionier","Late","Combined",176,"51",2020-06-02,1527.52638888889,225.306666666667,1903.12416,202,284.963391467795
"2020","Pionier","Late","Combined",176,"61",2020-06-10,1644.475,245.91,2062.16244,210,295.986054216081
"2020","Pionier","Late","Combined",176,"71",2020-06-20,1846.32083333333,263.603333333333,2265.60648,220.666666666667,306.689546576727
"2020","Pionier","Late","Combined",176,"77",2020-07-04,2104.025,282.98,2546.11968,234.333333333333,321.567395954277
"2020","Pionier","Late","Combined",176,"87",2020-07-21,2388.74722222222,301.95,2833.64364,251.333333333333,338.824713937288
"2020","Pionier","Late","Combined",220,"09",2019-12-18,188.830555555556,38.1333333333333,77.91624,35.6666666666667,18.9674104726535
"2020","Pionier","Late","Combined",220,"13",2020-02-09,471.965277777778,88.2766666666667,214.31412,88.3333333333333,69.9924806905108
"2020","Pionier","Late","Combined",220,"23",2020-03-19,723.8375,192.093333333333,487.641,127.333333333333,120.744311823402
"2020","Pionier","Late","Combined",220,"31",2020-04-30,1107.30138888889,204.796666666667,1247.94852,169.666666666667,232.456058896182
"2020","Pionier","Late","Combined",220,"41",2020-05-28,1456.55,225.2,1795.29396,197.666666666667,278.309751879493
"2020","Pionier","Late","Combined",220,"51",2020-06-03,1545.84166666667,225.36,1929.60612,203,286.425804272036
"2020","Pionier","Late","Combined",220,"61",2020-06-12,1681.08333333333,246.15,2105.47368,212,298.374316526681
"2020","Pionier","Late","Combined",220,"71",2020-06-19,1814.33333333333,263.58,2218.22028,219,304.218143149164
"2020","Pionier","Late","Combined",220,"77",2020-07-04,2104.025,282.98,2546.11968,234.333333333333,321.567395954277
"2020","Pionier","Late","Combined",220,"87",2020-07-22,2411.76111111111,301.96,2861.08908,252.666666666667,340.425562956714
"2020","Pionier","Late","Split",176,"09",2019-12-19,194.169444444444,38.3166666666667,79.58268,36.3333333333333,19.1748160764837
"2020","Pionier","Late","Split",176,"13",2020-02-05,444.254166666667,79.07,197.181,84,67.054755147195
"2020","Pionier","Late","Split",176,"23",2020-03-16,705.120833333333,190.78,440.66664,124,107.00038988534
"2020","Pionier","Late","Split",176,"31",2020-04-20,993.919444444444,198.083333333333,1044.10032,159.666666666667,214.185732145558
"2020","Pionier","Late","Split",176,"41",2020-05-28,1456.55,225.2,1795.29396,197.666666666667,278.309751879493
"2020","Pionier","Late","Split",176,"51",2020-06-02,1527.52638888889,225.306666666667,1903.12416,202,284.963391467795
"2020","Pionier","Late","Split",176,"61",2020-06-09,1636.00277777778,239.22,2046.85116,209,294.391479108466
"2020","Pionier","Late","Split",176,"71",2020-06-22,1878.30833333333,263.626666666667,2312.99268,222.333333333333,309.160950004289
"2020","Pionier","Late","Split",176,"77",2020-07-02,2063.89583333333,276.516666666667,2511.36492,232,319.471523397656
"2020","Pionier","Late","Split",176,"87",2020-07-23,2430.89861111111,305.116666666667,2875.79892,253.666666666667,341.193244325726
"2020","Pionier","Late","Split",220,"09",2019-12-19,194.169444444444,38.3166666666667,79.58268,36.3333333333333,19.1748160764837
"2020","Pionier","Late","Split",220,"13",2020-02-05,444.254166666667,79.07,197.181,84,67.054755147195
"2020","Pionier","Late","Split",220,"23",2020-03-22,742.554166666666,193.406666666667,534.61536,130.666666666667,134.488233761465
"2020","Pionier","Late","Split",220,"31",2020-04-20,993.919444444444,198.083333333333,1044.10032,159.666666666667,214.185732145558
"2020","Pionier","Late","Split",220,"41",2020-05-28,1446.96666666667,225.2,1775.71188,197,276.947520227319
"2020","Pionier","Late","Split",220,"51",2020-06-03,1545.84166666667,225.36,1929.60612,203,286.425804272036
"2020","Pionier","Late","Split",220,"61",2020-06-11,1668.88055555555,246.07,2091.0366,211.333333333333,297.578229089814
"2020","Pionier","Late","Split",220,"71",2020-06-20,1846.32083333333,263.603333333333,2265.60648,220.666666666667,306.689546576727
"2020","Pionier","Late","Split",220,"77",2020-07-03,2081.2625,282.38,2525.97276,233,320.319220980978
"2020","Pionier","Late","Split",220,"87",2020-07-22,2411.76111111111,301.96,2861.08908,252.666666666667,340.425562956714
"2020","Potenzial","Early","Combined",176,"09",2019-11-11,158.336111111111,19.72,100.1364,18.3333333333333,18.2454215699326
"2020","Potenzial","Early","Combined",176,"13",2020-01-16,498.086111111111,79.1333333333333,243.10296,84.6666666666667,57.8465370895318
"2020","Potenzial","Early","Combined",176,"23",2020-02-25,736.7,159.53,382.24512,124,99.2898334802793
"2020","Potenzial","Early","Combined",176,"31",2020-04-14,1082.00416666667,216.92,1000.278,173,219.375144209022
"2020","Potenzial","Early","Combined",176,"41",2020-05-25,1565.1625,244.89,1801.81728,214,290.36278018808
"2020","Potenzial","Early","Combined",176,"51",2020-05-28,1608.7,244.92,1878.18948,217,295.652375975502
"2020","Potenzial","Early","Combined",176,"61",2020-06-03,1707.575,245.08,2032.08372,223,305.130660020219
"2020","Potenzial","Early","Combined",176,"71",2020-06-19,1976.06666666667,283.3,2320.69788,239,322.922998897347
"2020","Potenzial","Early","Combined",176,"77",2020-07-01,2208.2625,290.373333333333,2599.23468,251,337.328681562515
"2020","Potenzial","Early","Combined",176,"87",2020-07-15,2447.62361111111,319.94,2829.15168,265.666666666667,351.602682147705
"2020","Potenzial","Early","Combined",220,"09",2019-11-11,158.336111111111,19.72,100.1364,18.3333333333333,18.2454215699326
"2020","Potenzial","Early","Combined",220,"13",2020-01-13,480.0125,78.71,231.86628,81,54.5842046184005
"2020","Potenzial","Early","Combined",220,"23",2020-02-25,736.7,159.53,382.24512,124,99.2898334802793
"2020","Potenzial","Early","Combined",220,"31",2020-04-14,1082.00416666667,216.92,1000.278,173,219.375144209022
"2020","Potenzial","Early","Combined",220,"41",2020-05-25,1565.1625,244.89,1801.81728,214,290.36278018808
"2020","Potenzial","Early","Combined",220,"51",2020-05-28,1613.49166666667,244.92,1887.98052,217.333333333333,296.333491801589
"2020","Potenzial","Early","Combined",220,"61",2020-06-06,1751.95555555555,258.42,2093.24484,226.333333333333,309.804692158405
"2020","Potenzial","Early","Combined",220,"71",2020-06-19,1989.02916666667,281.71,2349.64452,239.666666666667,324.451371180358
"2020","Potenzial","Early","Combined",220,"77",2020-07-03,2242.99583333333,302.1,2628.45036,253,339.02407672916
"2020","Potenzial","Early","Combined",220,"87",2020-07-16,2467.02777777778,320.513333333333,2847.8178,266.666666666667,352.566366110085
"2020","Potenzial","Early","Split",176,"09",2019-11-12,161.733333333333,19.72,102.4776,19,18.7048557481828
"2020","Potenzial","Early","Split",176,"13",2020-01-13,480.0125,78.71,231.86628,81,54.5842046184005
"2020","Potenzial","Early","Split",176,"23",2020-02-25,736.7,159.53,382.24512,124,99.2898334802793
"2020","Potenzial","Early","Split",176,"31",2020-04-16,1102.67638888889,216.943333333333,1044.72924,175,223.750936130027
"2020","Potenzial","Early","Split",176,"41",2020-05-25,1565.1625,244.89,1801.81728,214,290.36278018808
"2020","Potenzial","Early","Split",176,"51",2020-05-28,1608.7,244.92,1878.18948,217,295.652375975502
"2020","Potenzial","Early","Split",176,"61",2020-06-04,1729.76527777778,251.75,2062.66428,224.666666666667,307.467676089312
"2020","Potenzial","Early","Split",176,"71",2020-06-18,1957.04166666667,281.686666666667,2302.25832,238,321.979967752795
"2020","Potenzial","Early","Split",176,"77",2020-07-02,2225.62916666666,296.236666666667,2613.84252,252,338.176379145838
"2020","Potenzial","Early","Split",176,"87",2020-07-16,2467.02777777778,320.513333333333,2847.8178,266.666666666667,352.566366110085
"2020","Potenzial","Early","Split",220,"09",2019-11-11,158.336111111111,19.72,100.1364,18.3333333333333,18.2454215699326
"2020","Potenzial","Early","Split",220,"13",2020-01-13,480.0125,78.71,231.86628,81,54.5842046184005
"2020","Potenzial","Early","Split",220,"23",2020-02-22,720.840277777778,148.49,371.8494,121.666666666667,97.7174848286279
"2020","Potenzial","Early","Split",220,"31",2020-04-12,1066.31666666667,216.826666666667,968.01864,171.333333333333,215.69314182931
"2020","Potenzial","Early","Split",220,"41",2020-05-25,1565.1625,244.89,1801.81728,214,290.36278018808
"2020","Potenzial","Early","Split",220,"51",2020-05-28,1608.7,244.92,1878.18948,217,295.652375975502
"2020","Potenzial","Early","Split",220,"61",2020-06-03,1707.575,245.08,2032.08372,223,305.130660020219
"2020","Potenzial","Early","Split",220,"71",2020-06-18,1957.04166666667,281.686666666667,2302.25832,238,321.979967752795
"2020","Potenzial","Early","Split",220,"77",2020-07-03,2242.99583333333,302.1,2628.45036,253,339.02407672916
"2020","Potenzial","Early","Split",220,"87",2020-07-18,2488.65833333334,320.513333333333,2871.34356,268,354.001352741286
"2020","Potenzial","Late","Combined",176,"09",2019-12-18,183.491666666667,37.95,76.2498,35,18.7600048688233
"2020","Potenzial","Late","Combined",176,"13",2020-02-15,511.127777777778,103.61,237.94752,94.6666666666667,74.1253629257955
"2020","Potenzial","Late","Combined",176,"23",2020-03-22,742.554166666666,193.406666666667,534.61536,130.666666666667,134.488233761465
"2020","Potenzial","Late","Combined",176,"31",2020-04-26,1054.325,203.936666666667,1146.09984,165,223.316407132468
"2020","Potenzial","Late","Combined",176,"41",2020-05-28,1456.55,225.2,1795.29396,197.666666666667,278.309751879493
"2020","Potenzial","Late","Combined",176,"51",2020-05-31,1490.89583333333,225.2,1850.16024,200,282.038565859313
"2020","Potenzial","Late","Combined",176,"61",2020-06-08,1612.4125,245.37,2021.3478,208,293.436852479315
"2020","Potenzial","Late","Combined",176,"71",2020-06-19,1814.33333333333,263.58,2218.22028,219,304.218143149164
"2020","Potenzial","Late","Combined",176,"77",2020-07-03,2081.2625,282.38,2525.97276,233,320.319220980978
"2020","Potenzial","Late","Combined",176,"87",2020-07-19,2346.32916666666,301.366666666667,2787.53208,249,336.260180955483
"2020","Potenzial","Late","Combined",220,"09",2019-12-18,183.491666666667,37.95,76.2498,35,18.7600048688233
"2020","Potenzial","Late","Combined",220,"13",2020-02-13,499.676388888889,97.4833333333333,231.44724,92.6666666666667,72.9302062338266
"2020","Potenzial","Late","Combined",220,"23",2020-03-22,742.554166666666,193.406666666667,534.61536,130.666666666667,134.488233761465
"2020","Potenzial","Late","Combined",220,"31",2020-04-25,1046.89583333333,198.943333333333,1145.949,164.333333333333,223.325383909272
"2020","Potenzial","Late","Combined",220,"41",2020-05-28,1451.75833333334,225.2,1785.50292,197.333333333333,277.628636053406
"2020","Potenzial","Late","Combined",220,"51",2020-06-01,1509.21111111111,225.253333333333,1876.6422,201,283.500978663554
"2020","Potenzial","Late","Combined",220,"61",2020-06-09,1633.7875,245.73,2048.55756,209.333333333333,295.136320303826
"2020","Potenzial","Late","Combined",220,"71",2020-06-20,1846.32083333333,263.603333333333,2265.60648,220.666666666667,306.689546576727
"2020","Potenzial","Late","Combined",220,"77",2020-07-02,2063.89583333333,276.516666666667,2511.36492,232,319.471523397656
"2020","Potenzial","Late","Combined",220,"87",2020-07-20,2369.34305555555,301.376666666667,2814.97752,250.333333333333,337.861029974909
"2020","Potenzial","Late","Split",176,"09",2019-12-18,183.491666666667,37.95,76.2498,35,18.7600048688233
"2020","Potenzial","Late","Split",176,"13",2020-02-05,444.254166666667,79.07,197.181,84,67.054755147195
"2020","Potenzial","Late","Split",176,"23",2020-03-16,705.120833333333,190.78,440.66664,124,107.00038988534
"2020","Potenzial","Late","Split",176,"31",2020-04-16,940.943055555555,197.223333333333,942.25164,155,205.046080381844
"2020","Potenzial","Late","Split",176,"41",2020-05-27,1432.45416666667,225.19,1750.25448,196,275.184321631512
"2020","Potenzial","Late","Split",176,"51",2020-05-30,1481.04444444444,225.2,1835.13516,199.333333333333,281.022666474735
"2020","Potenzial","Late","Split",176,"61",2020-06-08,1623.1,245.55,2034.95268,208.666666666667,294.28658639157
"2020","Potenzial","Late","Split",176,"71",2020-06-19,1814.33333333333,263.58,2218.22028,219,304.218143149164
"2020","Potenzial","Late","Split",176,"77",2020-07-03,2081.2625,282.38,2525.97276,233,320.319220980978
"2020","Potenzial","Late","Split",176,"87",2020-07-17,2316.10972222222,300.793333333333,2757.10308,247.333333333333,334.579003677503
"2020","Potenzial","Late","Split",220,"09",2019-12-18,188.830555555556,38.1333333333333,77.91624,35.6666666666667,18.9674104726535
"2020","Potenzial","Late","Split",220,"13",2020-02-15,511.127777777778,103.61,237.94752,94.6666666666667,74.1253629257955
"2020","Potenzial","Late","Split",220,"23",2020-03-22,742.554166666666,193.406666666667,534.61536,130.666666666667,134.488233761465
"2020","Potenzial","Late","Split",220,"31",2020-04-14,920.270833333333,197.2,897.8004,153,200.670288460839
"2020","Potenzial","Late","Split",220,"41",2020-05-28,1446.96666666667,225.2,1775.71188,197,276.947520227319
"2020","Potenzial","Late","Split",220,"51",2020-06-02,1527.52638888889,225.306666666667,1903.12416,202,284.963391467795
"2020","Potenzial","Late","Split",220,"61",2020-06-09,1633.7875,245.73,2048.55756,209.333333333333,295.136320303826
"2020","Potenzial","Late","Split",220,"71",2020-06-19,1814.33333333333,263.58,2218.22028,219,304.218143149164
"2020","Potenzial","Late","Split",220,"77",2020-07-04,2104.025,282.98,2546.11968,234.333333333333,321.567395954277
"2020","Potenzial","Late","Split",220,"87",2020-07-16,2296.70555555555,300.22,2738.43696,246.333333333333,333.615319715123
"2020","Torrild","Early","Combined",176,"09",2019-11-11,158.336111111111,19.72,100.1364,18.3333333333333,18.2454215699326
"2020","Torrild","Early","Combined",176,"13",2020-01-16,498.086111111111,79.1333333333333,243.10296,84.6666666666667,57.8465370895318
"2020","Torrild","Early","Combined",176,"23",2020-02-25,736.7,159.53,382.24512,124,99.2898334802793
"2020","Torrild","Early","Combined",176,"31",2020-04-14,1082.00416666667,216.92,1000.278,173,219.375144209022
"2020","Torrild","Early","Combined",176,"41",2020-05-25,1565.1625,244.89,1801.81728,214,290.36278018808
"2020","Torrild","Early","Combined",176,"51",2020-05-28,1608.7,244.92,1878.18948,217,295.652375975502
"2020","Torrild","Early","Combined",176,"61",2020-06-03,1707.575,245.08,2032.08372,223,305.130660020219
"2020","Torrild","Early","Combined",176,"71",2020-06-18,1957.04166666667,281.686666666667,2302.25832,238,321.979967752795
"2020","Torrild","Early","Combined",176,"77",2020-07-01,2208.2625,290.373333333333,2599.23468,251,337.328681562515
"2020","Torrild","Early","Combined",176,"87",2020-07-15,2447.62361111111,319.94,2829.15168,265.666666666667,351.602682147705
"2020","Torrild","Early","Combined",220,"09",2019-11-11,160.034722222222,19.72,101.307,18.6666666666667,18.4751386590577
"2020","Torrild","Early","Combined",220,"13",2020-01-15,495.6625,79.1233333333333,239.64252,83.3333333333333,56.0172267555127
"2020","Torrild","Early","Combined",220,"23",2020-02-25,736.7,159.53,382.24512,124,99.2898334802793
"2020","Torrild","Early","Combined",220,"31",2020-04-12,1066.31666666667,216.826666666667,968.01864,171.333333333333,215.69314182931
"2020","Torrild","Early","Combined",220,"41",2020-05-25,1565.1625,244.89,1801.81728,214,290.36278018808
"2020","Torrild","Early","Combined",220,"51",2020-05-28,1608.7,244.92,1878.18948,217,295.652375975502
"2020","Torrild","Early","Combined",220,"61",2020-06-04,1729.76527777778,251.75,2062.66428,224.666666666667,307.467676089312
"2020","Torrild","Early","Combined",220,"71",2020-06-19,1976.06666666667,283.3,2320.69788,239,322.922998897347
"2020","Torrild","Early","Combined",220,"77",2020-07-01,2208.2625,290.373333333333,2599.23468,251,337.328681562515
"2020","Torrild","Early","Combined",220,"87",2020-07-18,2490.04166666666,320.523333333333,2875.26324,268,354.167215129511
"2020","Torrild","Early","Split",176,"09",2019-11-11,160.034722222222,19.72,101.307,18.6666666666667,18.4751386590577
"2020","Torrild","Early","Split",176,"13",2020-01-15,495.6625,79.1233333333333,239.64252,83.3333333333333,56.0172267555127
"2020","Torrild","Early","Split",176,"23",2020-02-25,736.7,159.53,382.24512,124,99.2898334802793
"2020","Torrild","Early","Split",176,"31",2020-04-16,1102.67638888889,216.943333333333,1044.72924,175,223.750936130027
"2020","Torrild","Early","Split",176,"41",2020-05-25,1565.1625,244.89,1801.81728,214,290.36278018808
"2020","Torrild","Early","Split",176,"51",2020-05-28,1608.7,244.92,1878.18948,217,295.652375975502
"2020","Torrild","Early","Split",176,"61",2020-06-03,1707.575,245.08,2032.08372,223,305.130660020219
"2020","Torrild","Early","Split",176,"71",2020-06-17,1938.01666666667,280.073333333333,2283.81876,237,321.036936608244
"2020","Torrild","Early","Split",176,"77",2020-07-02,2225.62916666666,296.236666666667,2613.84252,252,338.176379145838
"2020","Torrild","Early","Split",176,"87",2020-07-15,2436.80833333333,319.94,2817.3888,265,350.885188832105
"2020","Torrild","Early","Split",220,"09",2019-11-11,160.034722222222,19.72,101.307,18.6666666666667,18.4751386590577
"2020","Torrild","Early","Split",220,"13",2020-01-13,480.0125,78.71,231.86628,81,54.5842046184005
"2020","Torrild","Early","Split",220,"23",2020-02-25,736.7,159.53,382.24512,124,99.2898334802793
"2020","Torrild","Early","Split",220,"31",2020-04-16,1102.67638888889,216.943333333333,1044.72924,175,223.750936130027
"2020","Torrild","Early","Split",220,"41",2020-05-26,1579.675,244.9,1827.27468,215,292.125978783887
"2020","Torrild","Early","Split",220,"51",2020-05-29,1623.34305555556,244.92,1903.0056,218,297.349391186167
"2020","Torrild","Early","Split",220,"61",2020-06-04,1729.76527777778,251.75,2062.66428,224.666666666667,307.467676089312
"2020","Torrild","Early","Split",220,"71",2020-06-19,1976.06666666667,283.3,2320.69788,239,322.922998897347
"2020","Torrild","Early","Split",220,"77",2020-07-01,2208.2625,290.373333333333,2599.23468,251,337.328681562515
"2020","Torrild","Early","Split",220,"87",2020-07-17,2477.84305555556,320.513333333333,2859.58068,267.333333333333,353.283859425685
"2020","Torrild","Late","Combined",176,"09",2019-12-18,188.830555555556,38.1333333333333,77.91624,35.6666666666667,18.9674104726535
"2020","Torrild","Late","Combined",176,"13",2020-02-09,471.965277777778,88.2766666666667,214.31412,88.3333333333333,69.9924806905108
"2020","Torrild","Late","Combined",176,"23",2020-03-19,723.8375,192.093333333333,487.641,127.333333333333,120.744311823402
"2020","Torrild","Late","Combined",176,"31",2020-04-14,920.270833333333,197.2,897.8004,153,200.670288460839
"2020","Torrild","Late","Combined",176,"41",2020-05-26,1417.94166666667,225.18,1724.79708,195,273.421123035704
"2020","Torrild","Late","Combined",176,"51",2020-05-30,1489.50833333334,225.253333333333,1846.59204,199.666666666667,281.469179894399
"2020","Torrild","Late","Combined",176,"61",2020-06-08,1623.1,245.55,2034.95268,208.666666666667,294.28658639157
"2020","Torrild","Late","Combined",176,"71",2020-06-18,1795.30833333333,261.966666666667,2199.78072,218,303.275112004613
"2020","Torrild","Late","Combined",176,"77",2020-07-02,2063.89583333333,276.516666666667,2511.36492,232,319.471523397656
"2020","Torrild","Late","Combined",176,"87",2020-07-15,2285.89027777778,300.22,2726.67408,245.666666666667,332.897826399523
"2020","Torrild","Late","Combined",220,"09",2019-12-18,183.491666666667,37.95,76.2498,35,18.7600048688233
"2020","Torrild","Late","Combined",220,"13",2020-02-11,483.416666666667,94.4033333333333,220.8144,90.3333333333333,71.1876373824797
"2020","Torrild","Late","Combined",220,"23",2020-03-19,723.8375,192.093333333333,487.641,127.333333333333,120.744311823402
"2020","Torrild","Late","Combined",220,"31",2020-04-18,961.615277777778,197.246666666667,986.70288,157,209.42187230285
"2020","Torrild","Late","Combined",220,"41",2020-05-28,1446.96666666667,225.2,1775.71188,197,276.947520227319
"2020","Torrild","Late","Combined",220,"51",2020-05-31,1490.89583333333,225.2,1850.16024,200,282.038565859313
"2020","Torrild","Late","Combined",220,"61",2020-06-08,1623.1,245.55,2034.95268,208.666666666667,294.28658639157
"2020","Torrild","Late","Combined",220,"71",2020-06-18,1795.30833333333,261.966666666667,2199.78072,218,303.275112004613
"2020","Torrild","Late","Combined",220,"77",2020-07-02,2063.89583333333,276.516666666667,2511.36492,232,319.471523397656
"2020","Torrild","Late","Combined",220,"87",2020-07-17,2316.10972222222,300.793333333333,2757.10308,247.333333333333,334.579003677503
"2020","Torrild","Late","Split",176,"09",2019-12-18,183.491666666667,37.95,76.2498,35,18.7600048688233
"2020","Torrild","Late","Split",176,"13",2020-02-11,483.416666666667,94.4033333333333,220.8144,90.3333333333333,71.1876373824797
"2020","Torrild","Late","Split",176,"23",2020-03-16,705.120833333333,190.78,440.66664,124,107.00038988534
"2020","Torrild","Late","Split",176,"31",2020-04-14,920.270833333333,197.2,897.8004,153,200.670288460839
"2020","Torrild","Late","Split",176,"41",2020-05-25,1403.42916666667,225.17,1699.33968,194,271.657924439897
"2020","Torrild","Late","Split",176,"51",2020-05-29,1461.34166666667,225.2,1805.085,198,278.99086770558
"2020","Torrild","Late","Split",176,"61",2020-06-06,1590.22222222222,238.7,1990.76724,206.333333333333,291.099836410222
"2020","Torrild","Late","Split",176,"71",2020-06-19,1814.33333333333,263.58,2218.22028,219,304.218143149164
"2020","Torrild","Late","Split",176,"77",2020-07-03,2081.2625,282.38,2525.97276,233,320.319220980978
"2020","Torrild","Late","Split",176,"87",2020-07-16,2296.70555555555,300.22,2738.43696,246.333333333333,333.615319715123
"2020","Torrild","Late","Split",220,"09",2019-12-18,188.830555555556,38.1333333333333,77.91624,35.6666666666667,18.9674104726535
"2020","Torrild","Late","Split",220,"13",2020-02-09,471.965277777778,88.2766666666667,214.31412,88.3333333333333,69.9924806905108
"2020","Torrild","Late","Split",220,"23",2020-03-19,723.8375,192.093333333333,487.641,127.333333333333,120.744311823402
"2020","Torrild","Late","Split",220,"31",2020-04-16,940.943055555555,197.223333333333,942.25164,155,205.046080381844
"2020","Torrild","Late","Split",220,"41",2020-05-27,1432.45416666667,225.19,1750.25448,196,275.184321631512
"2020","Torrild","Late","Split",220,"51",2020-05-30,1481.04444444444,225.2,1835.13516,199.333333333333,281.022666474735
"2020","Torrild","Late","Split",220,"61",2020-06-08,1612.4125,245.37,2021.3478,208,293.436852479315
"2020","Torrild","Late","Split",220,"71",2020-06-18,1795.30833333333,261.966666666667,2199.78072,218,303.275112004613
"2020","Torrild","Late","Split",220,"77",2020-07-02,2063.89583333333,276.516666666667,2511.36492,232,319.471523397656
"2020","Torrild","Late","Split",220,"87",2020-07-20,2369.34305555555,301.376666666667,2814.97752,250.333333333333,337.861029974909
"2021","Alves","Early","Combined",176,"09",2020-11-03,166.3375,23.24,52.65936,12,4.29229651431501
"2021","Alves","Early","Combined",176,"13",2021-01-14,520.009722222222,75.0166666666667,216.52704,84.3333333333333,50.5578260366433
"2021","Alves","Early","Combined",176,"23",2021-03-21,767.531944444444,175.52,583.22592,150,146.214074637212
"2021","Alves","Early","Combined",176,"31",2021-04-30,1060.75,207.85,1152.67116,190.666666666667,242.353099856864
"2021","Alves","Early","Combined",176,"41",2021-05-29,1396.72777777778,261.39,1642.1598,219.333333333333,286.482365449431
"2021","Alves","Early","Combined",176,"51",2021-06-06,1537.12777777778,271.346666666667,1804.59528,227.333333333333,295.922626686059
"2021","Alves","Early","Combined",176,"61",2021-06-11,1632.20694444444,272.82,1907.44416,232.333333333333,301.272273699022
"2021","Alves","Early","Combined",176,"71",2021-06-18,1770.45416666667,272.95,2084.78376,239,310.090476855853
"2021","Alves","Early","Combined",176,"77",2021-06-26,1924.42916666667,310.44,2238.09192,247,317.971167215294
"2021","Alves","Early","Combined",176,"87",2021-07-17,2328.00416666667,378.67,2574.459,268,335.188829127798
"2021","Alves","Early","Combined",220,"09",2020-11-03,166.3375,23.24,52.65936,12,4.29229651431501
"2021","Alves","Early","Combined",220,"13",2021-01-11,509.845833333333,69.8,210.62412,81,49.0164183444776
"2021","Alves","Early","Combined",220,"23",2021-03-25,812.923611111111,178.833333333333,646.7976,154.666666666667,152.936010000965
"2021","Alves","Early","Combined",220,"31",2021-05-03,1081.425,210.39,1190.4714,193,246.73299470216
"2021","Alves","Early","Combined",220,"41",2021-05-28,1377.36666666667,261.39,1609.15104,218,284.243966948171
"2021","Alves","Early","Combined",220,"51",2021-06-05,1526.14305555555,271.293333333333,1797.91248,226.666666666667,295.51575097554
"2021","Alves","Early","Combined",220,"61",2021-06-12,1644.9375,272.83,1921.76676,233,302.016722551732
"2021","Alves","Early","Combined",220,"71",2021-06-17,1761.71111111111,272.94,2076.21072,238.666666666667,309.763625449975
"2021","Alves","Early","Combined",220,"77",2021-06-26,1924.42916666667,310.44,2238.09192,247,317.971167215294
"2021","Alves","Early","Combined",220,"87",2021-07-17,2340.41805555556,378.68,2587.23708,268.666666666667,335.864481714548
"2021","Alves","Early","Split",176,"09",2020-11-03,166.3375,23.24,52.65936,12,4.29229651431501
"2021","Alves","Early","Split",176,"13",2021-01-11,509.845833333333,69.8,210.62412,81,49.0164183444776
"2021","Alves","Early","Split",176,"23",2021-03-23,790.227777777778,177.176666666667,615.01176,152.333333333333,149.575042319088
"2021","Alves","Early","Split",176,"31",2021-04-28,1040.075,205.31,1114.87092,188.333333333333,237.973205011568
"2021","Alves","Early","Split",176,"41",2021-05-29,1396.72777777778,261.39,1642.1598,219.333333333333,286.482365449431
"2021","Alves","Early","Split",176,"51",2021-06-05,1526.14305555555,271.293333333333,1797.91248,226.666666666667,295.51575097554
"2021","Alves","Early","Split",176,"61",2021-06-10,1619.47638888889,272.81,1893.12156,231.666666666667,300.527824846313
"2021","Alves","Early","Split",176,"71",2021-06-18,1777.78333333333,279.86,2093.5122,239.333333333333,310.480394166793
"2021","Alves","Early","Split",176,"77",2021-06-25,1912.1125,310.426666666667,2224.05108,246.333333333333,317.212518170504
"2021","Alves","Early","Split",176,"87",2021-07-15,2301.62361111111,378.61,2551.5906,266.666666666667,334.049324881766
"2021","Alves","Early","Split",220,"09",2020-11-03,166.3375,23.24,52.65936,12,4.29229651431501
"2021","Alves","Early","Split",220,"13",2021-01-11,509.845833333333,69.8,210.62412,81,49.0164183444776
"2021","Alves","Early","Split",220,"23",2021-03-19,760.030555555556,175.46,565.82352,148,139.178504347069
"2021","Alves","Early","Split",220,"31",2021-04-28,1040.075,205.31,1114.87092,188.333333333333,237.973205011568
"2021","Alves","Early","Split",220,"41",2021-05-28,1377.36666666667,261.39,1609.15104,218,284.243966948171
"2021","Alves","Early","Split",220,"51",2021-06-07,1548.1125,271.4,1811.27808,228,296.329502396579
"2021","Alves","Early","Split",220,"61",2021-06-11,1632.20694444444,272.82,1907.44416,232.333333333333,301.272273699022
"2021","Alves","Early","Split",220,"71",2021-06-18,1777.78333333333,279.86,2093.5122,239.333333333333,310.480394166793
"2021","Alves","Early","Split",220,"77",2021-06-25,1912.1125,310.426666666667,2224.05108,246.333333333333,317.212518170504
"2021","Alves","Early","Split",220,"87",2021-07-21,2401.04027777778,378.71,2645.65668,272,339.087019945229
"2021","Alves","Late","Combined",176,"09",2020-12-01,182.908333333333,8.78,83.64708,26,14.8750550991095
"2021","Alves","Late","Combined",176,"13",2021-03-01,509.516666666667,125.15,358.8138,116,89.9399168373426
"2021","Alves","Late","Combined",176,"23",2021-04-07,719.9375,165.26,731.15712,153,182.135209700048
"2021","Alves","Late","Combined",176,"31",2021-05-03,908.566666666667,187.15,1130.8194,179,241.368344449825
"2021","Alves","Late","Combined",176,"41",2021-06-01,1275.39861111111,239.073333333333,1662.906,208.666666666667,286.341866865619
"2021","Alves","Late","Combined",176,"51",2021-06-07,1381.4125,248.16,1758.43488,214.333333333333,291.333393416234
"2021","Alves","Late","Combined",176,"61",2021-06-12,1472.07916666667,249.59,1862.11476,219,296.652072299398
"2021","Alves","Late","Combined",176,"71",2021-06-17,1588.85277777778,249.7,2016.55872,224.666666666667,304.398975197641
"2021","Alves","Late","Combined",176,"77",2021-06-26,1751.57083333333,287.2,2178.43992,233,312.60651696296
"2021","Alves","Late","Combined",176,"87",2021-07-17,2155.14583333333,355.43,2514.807,254,329.824178875463
"2021","Alves","Late","Combined",220,"09",2020-12-01,182.908333333333,8.78,83.64708,26,14.8750550991095
"2021","Alves","Late","Combined",220,"13",2021-03-01,509.516666666667,125.15,358.8138,116,89.9399168373426
"2021","Alves","Late","Combined",220,"23",2021-04-10,737.808333333333,170.803333333333,766.96104,156.333333333333,187.665277846074
"2021","Alves","Late","Combined",220,"31",2021-05-06,944.694444444445,195.386666666667,1179.30084,182,246.172974415957
"2021","Alves","Late","Combined",220,"41",2021-06-01,1275.39861111111,239.073333333333,1662.906,208.666666666667,286.341866865619
"2021","Alves","Late","Combined",220,"51",2021-06-08,1393.72916666667,248.16,1772.05248,215,292.070475960213
"2021","Alves","Late","Combined",220,"61",2021-06-12,1483.55138888889,249.6,1880.95116,219.666666666667,297.756648220882
"2021","Alves","Late","Combined",220,"71",2021-06-18,1597.59583333333,249.71,2025.13176,225,304.725826603519
"2021","Alves","Late","Combined",220,"77",2021-06-26,1751.57083333333,287.2,2178.43992,233,312.60651696296
"2021","Alves","Late","Combined",220,"87",2021-07-17,2167.55972222222,355.44,2527.58508,254.666666666667,330.499831462214
"2021","Alves","Late","Split",176,"09",2020-12-01,182.908333333333,8.78,83.64708,26,14.8750550991095
"2021","Alves","Late","Split",176,"13",2021-03-01,509.516666666667,125.15,358.8138,116,89.9399168373426
"2021","Alves","Late","Split",176,"23",2021-04-08,723.704166666667,169.503333333333,737.6484,154.333333333333,183.01809777851
"2021","Alves","Late","Split",176,"31",2021-05-03,908.566666666667,187.15,1130.8194,179,241.368344449825
"2021","Alves","Late","Split",176,"41",2021-05-31,1256.0375,239.073333333333,1629.89724,207.333333333333,284.103468364359
"2021","Alves","Late","Split",176,"51",2021-06-07,1387.57083333334,248.16,1765.24368,214.666666666667,291.701934688224
"2021","Alves","Late","Split",176,"61",2021-06-12,1472.07916666667,249.59,1862.11476,219,296.652072299398
"2021","Alves","Late","Split",176,"71",2021-06-18,1604.925,256.62,2033.8602,225.333333333333,305.115743914459
"2021","Alves","Late","Split",176,"77",2021-06-26,1751.57083333333,287.2,2178.43992,233,312.60651696296
"2021","Alves","Late","Split",176,"87",2021-07-17,2155.14583333333,355.43,2514.807,254,329.824178875463
"2021","Alves","Late","Split",220,"09",2020-12-01,182.908333333333,8.78,83.64708,26,14.8750550991095
"2021","Alves","Late","Split",220,"13",2021-03-01,509.516666666667,125.15,358.8138,116,89.9399168373426
"2021","Alves","Late","Split",220,"23",2021-04-07,719.9375,165.26,731.15712,153,182.135209700048
"2021","Alves","Late","Split",220,"31",2021-05-03,908.566666666667,187.15,1130.8194,179,241.368344449825
"2021","Alves","Late","Split",220,"41",2021-05-31,1256.0375,239.073333333333,1629.89724,207.333333333333,284.103468364359
"2021","Alves","Late","Split",220,"51",2021-06-07,1387.57083333334,248.16,1765.24368,214.666666666667,291.701934688224
"2021","Alves","Late","Split",220,"61",2021-06-12,1472.07916666667,249.59,1862.11476,219,296.652072299398
"2021","Alves","Late","Split",220,"71",2021-06-18,1597.59583333333,249.71,2025.13176,225,304.725826603519
"2021","Alves","Late","Split",220,"77",2021-06-26,1751.57083333333,287.2,2178.43992,233,312.60651696296
"2021","Alves","Late","Split",220,"87",2021-07-17,2167.55972222222,355.44,2527.58508,254.666666666667,330.499831462214
"2021","Apertus","Early","Combined",176,"09",2020-11-03,166.3375,23.24,52.65936,12,4.29229651431501
"2021","Apertus","Early","Combined",176,"13",2021-01-11,509.845833333333,69.8,210.62412,81,49.0164183444776
"2021","Apertus","Early","Combined",176,"23",2021-03-21,782.726388888889,177.116666666667,597.60936,150.333333333333,142.539472028945
"2021","Apertus","Early","Combined",176,"31",2021-05-12,1189.80833333333,235.1,1335.91572,202,261.146884600555
"2021","Apertus","Early","Combined",176,"41",2021-06-03,1473.87083333333,264.16,1751.31936,224,293.201226449956
"2021","Apertus","Early","Combined",176,"51",2021-06-07,1548.1125,271.4,1811.27808,228,296.329502396579
"2021","Apertus","Early","Combined",176,"61",2021-06-12,1656.40972222222,272.84,1940.60316,233.666666666667,303.121298473216
"2021","Apertus","Early","Combined",176,"71",2021-06-19,1802.59861111111,286.79,2119.38672,240.333333333333,311.524014289489
"2021","Apertus","Early","Combined",176,"77",2021-06-26,1924.42916666667,310.44,2238.09192,247,317.971167215294
"2021","Apertus","Early","Combined",176,"87",2021-07-20,2389.35,378.71,2635.614,271.333333333333,338.489229710014
"2021","Apertus","Early","Combined",220,"09",2020-11-03,166.3375,23.24,52.65936,12,4.29229651431501
"2021","Apertus","Early","Combined",220,"13",2021-01-14,520.009722222222,75.0166666666667,216.52704,84.3333333333333,50.5578260366433
"2021","Apertus","Early","Combined",220,"23",2021-03-19,760.030555555556,175.46,565.82352,148,139.178504347069
"2021","Apertus","Early","Combined",220,"31",2021-05-09,1153.68055555555,226.863333333333,1287.43428,199,256.342254634423
"2021","Apertus","Early","Combined",220,"41",2021-06-02,1461.06388888889,263.236666666667,1736.93868,223.333333333333,292.453871783955
"2021","Apertus","Early","Combined",220,"51",2021-06-07,1554.27083333333,271.4,1818.08688,228.333333333333,296.698043668568
"2021","Apertus","Early","Combined",220,"61",2021-06-13,1667.88194444445,272.85,1959.43956,234.333333333333,304.225874394701
"2021","Apertus","Early","Combined",220,"71",2021-06-18,1786.52638888889,279.87,2102.08524,239.666666666667,310.807245572671
"2021","Apertus","Early","Combined",220,"77",2021-06-26,1924.42916666667,310.44,2238.09192,247,317.971167215294
"2021","Apertus","Early","Combined",220,"87",2021-07-22,2434.40138888889,381.073333333333,2678.8164,273.666666666667,340.736401034793
"2021","Apertus","Early","Split",176,"09",2020-11-03,166.3375,23.24,52.65936,12,4.29229651431501
"2021","Apertus","Early","Split",176,"13",2021-01-11,509.845833333333,69.8,210.62412,81,49.0164183444776
"2021","Apertus","Early","Split",176,"23",2021-03-17,752.529166666667,175.4,548.42112,146,132.142934056926
"2021","Apertus","Early","Split",176,"31",2021-05-09,1153.68055555555,226.863333333333,1287.43428,199,256.342254634423
"2021","Apertus","Early","Split",176,"41",2021-06-02,1461.06388888889,263.236666666667,1736.93868,223.333333333333,292.453871783955
"2021","Apertus","Early","Split",176,"51",2021-06-07,1548.1125,271.4,1811.27808,228,296.329502396579
"2021","Apertus","Early","Split",176,"61",2021-06-13,1667.88194444445,272.85,1959.43956,234.333333333333,304.225874394701
"2021","Apertus","Early","Split",176,"71",2021-06-18,1786.52638888889,279.87,2102.08524,239.666666666667,310.807245572671
"2021","Apertus","Early","Split",176,"77",2021-06-26,1924.42916666667,310.44,2238.09192,247,317.971167215294
"2021","Apertus","Early","Split",176,"87",2021-07-19,2365.24583333333,378.7,2612.79324,270,337.215786888049
"2021","Apertus","Early","Split",220,"09",2020-11-03,166.3375,23.24,52.65936,12,4.29229651431501
"2021","Apertus","Early","Split",220,"13",2021-01-11,509.845833333333,69.8,210.62412,81,49.0164183444776
"2021","Apertus","Early","Split",220,"23",2021-03-19,760.030555555556,175.46,565.82352,148,139.178504347069
"2021","Apertus","Early","Split",220,"31",2021-04-30,1060.75,207.85,1152.67116,190.666666666667,242.353099856864
"2021","Apertus","Early","Split",220,"41",2021-06-03,1473.87083333333,264.16,1751.31936,224,293.201226449956
"2021","Apertus","Early","Split",220,"51",2021-06-07,1548.1125,271.4,1811.27808,228,296.329502396579
"2021","Apertus","Early","Split",220,"61",2021-06-13,1667.88194444445,272.85,1959.43956,234.333333333333,304.225874394701
"2021","Apertus","Early","Split",220,"71",2021-06-17,1761.71111111111,272.94,2076.21072,238.666666666667,309.763625449975
"2021","Apertus","Early","Split",220,"77",2021-06-26,1924.42916666667,310.44,2238.09192,247,317.971167215294
"2021","Apertus","Early","Split",220,"87",2021-07-21,2413.45416666666,378.72,2658.43476,272.666666666667,339.76267253198
"2021","Apertus","Late","Combined",176,"09",2020-12-01,182.908333333333,8.78,83.64708,26,14.8750550991095
"2021","Apertus","Late","Combined",176,"13",2021-03-01,509.516666666667,125.15,358.8138,116,89.9399168373426
"2021","Apertus","Late","Combined",176,"23",2021-04-15,768.470833333333,174.753333333333,827.88144,161,200.368228573437
"2021","Apertus","Late","Combined",176,"31",2021-05-12,1016.95,211.86,1276.26372,188,255.782234348221
"2021","Apertus","Late","Combined",176,"41",2021-06-03,1301.0125,240.92,1691.66736,210,287.836576197622
"2021","Apertus","Late","Combined",176,"51",2021-06-08,1393.72916666667,248.16,1772.05248,215,292.070475960213
"2021","Apertus","Late","Combined",176,"61",2021-06-13,1495.02361111111,249.61,1899.78756,220.333333333333,298.861224142366
"2021","Apertus","Late","Combined",176,"71",2021-06-19,1620.99722222222,263.54,2051.16168,226,305.832512631277
"2021","Apertus","Late","Combined",176,"77",2021-06-26,1751.57083333333,287.2,2178.43992,233,312.60651696296
"2021","Apertus","Late","Combined",176,"87",2021-07-23,2282.49027777778,360.186666666667,2639.54604,260.666666666667,336.345479285272
"2021","Apertus","Late","Combined",220,"09",2020-12-01,182.908333333333,8.78,83.64708,26,14.8750550991095
"2021","Apertus","Late","Combined",220,"13",2021-03-01,509.516666666667,125.15,358.8138,116,89.9399168373426
"2021","Apertus","Late","Combined",220,"23",2021-04-11,740.2625,172.153333333333,769.25616,157,191.073868438309
"2021","Apertus","Late","Combined",220,"31",2021-05-09,980.822222222222,203.623333333333,1227.78228,185,250.977604382089
"2021","Apertus","Late","Combined",220,"41",2021-06-03,1301.0125,240.92,1691.66736,210,287.836576197622
"2021","Apertus","Late","Combined",220,"51",2021-06-08,1393.72916666667,248.16,1772.05248,215,292.070475960213
"2021","Apertus","Late","Combined",220,"61",2021-06-13,1495.02361111111,249.61,1899.78756,220.333333333333,298.861224142366
"2021","Apertus","Late","Combined",220,"71",2021-06-18,1604.925,256.62,2033.8602,225.333333333333,305.115743914459
"2021","Apertus","Late","Combined",220,"77",2021-06-26,1751.57083333333,287.2,2178.43992,233,312.60651696296
"2021","Apertus","Late","Combined",220,"87",2021-07-22,2261.54305555556,357.833333333333,2619.1644,259.666666666667,335.371750782459
"2021","Apertus","Late","Split",176,"09",2020-12-01,182.908333333333,8.78,83.64708,26,14.8750550991095
"2021","Apertus","Late","Split",176,"13",2021-03-01,509.516666666667,125.15,358.8138,116,89.9399168373426
"2021","Apertus","Late","Split",176,"23",2021-04-09,730.1,168.706666666667,750.20664,155,186.604539069179
"2021","Apertus","Late","Split",176,"31",2021-05-09,980.822222222222,203.623333333333,1227.78228,185,250.977604382089
"2021","Apertus","Late","Split",176,"41",2021-06-03,1301.0125,240.92,1691.66736,210,287.836576197622
"2021","Apertus","Late","Split",176,"51",2021-06-08,1393.72916666667,248.16,1772.05248,215,292.070475960213
"2021","Apertus","Late","Split",176,"61",2021-06-13,1495.02361111111,249.61,1899.78756,220.333333333333,298.861224142366
"2021","Apertus","Late","Split",176,"71",2021-06-18,1597.59583333333,249.71,2025.13176,225,304.725826603519
"2021","Apertus","Late","Split",176,"77",2021-06-25,1739.25416666666,287.186666666667,2164.39908,232.333333333333,311.84786791817
"2021","Apertus","Late","Split",176,"87",2021-07-18,2179.97361111111,355.45,2540.36316,255.333333333333,331.175484048964
"2021","Apertus","Late","Split",220,"09",2020-12-01,182.908333333333,8.78,83.64708,26,14.8750550991095
"2021","Apertus","Late","Split",220,"13",2021-03-01,509.516666666667,125.15,358.8138,116,89.9399168373426
"2021","Apertus","Late","Split",220,"23",2021-04-13,754.366666666667,173.453333333333,798.5688,159,195.721048505873
"2021","Apertus","Late","Split",220,"31",2021-05-12,1016.95,211.86,1276.26372,188,255.782234348221
"2021","Apertus","Late","Split",220,"41",2021-06-03,1301.0125,240.92,1691.66736,210,287.836576197622
"2021","Apertus","Late","Split",220,"51",2021-06-08,1393.72916666667,248.16,1772.05248,215,292.070475960213
"2021","Apertus","Late","Split",220,"61",2021-06-12,1483.55138888889,249.6,1880.95116,219.666666666667,297.756648220882
"2021","Apertus","Late","Split",220,"71",2021-06-17,1588.85277777778,249.7,2016.55872,224.666666666667,304.398975197641
"2021","Apertus","Late","Split",220,"77",2021-06-26,1751.57083333333,287.2,2178.43992,233,312.60651696296
"2021","Apertus","Late","Split",220,"87",2021-07-25,2306.59444444445,360.196666666667,2662.3668,262,337.618922107237
"2021","Capone","Early","Combined",176,"09",2020-11-03,166.3375,23.24,52.65936,12,4.29229651431501
"2021","Capone","Early","Combined",176,"13",2021-01-17,530.173611111111,80.2333333333333,222.42996,87.6666666666667,52.0992337288089
"2021","Capone","Early","Combined",176,"23",2021-03-27,815.986111111111,178.893333333333,657.92712,156.333333333333,159.500525472585
"2021","Capone","Early","Combined",176,"31",2021-05-09,1153.68055555555,226.863333333333,1287.43428,199,256.342254634423
"2021","Capone","Early","Combined",176,"41",2021-05-30,1416.08888888889,261.39,1675.16856,220.666666666667,288.720763950692
"2021","Capone","Early","Combined",176,"51",2021-06-05,1526.14305555555,271.293333333333,1797.91248,226.666666666667,295.51575097554
"2021","Capone","Early","Combined",176,"61",2021-06-14,1679.35416666667,272.86,1978.27596,235,305.330450316185
"2021","Capone","Early","Combined",176,"71",2021-06-18,1786.52638888889,279.87,2102.08524,239.666666666667,310.807245572671
"2021","Capone","Early","Combined",176,"77",2021-06-25,1912.1125,310.426666666667,2224.05108,246.333333333333,317.212518170504
"2021","Capone","Early","Combined",176,"87",2021-07-21,2413.45416666666,378.72,2658.43476,272.666666666667,339.76267253198
"2021","Capone","Early","Combined",220,"09",2020-11-03,166.3375,23.24,52.65936,12,4.29229651431501
"2021","Capone","Early","Combined",220,"13",2021-01-14,520.009722222222,75.0166666666667,216.52704,84.3333333333333,50.5578260366433
"2021","Capone","Early","Combined",220,"23",2021-03-21,778.2875,177.116666666667,591.33648,150,142.068417210422
"2021","Capone","Early","Combined",220,"31",2021-05-03,1081.425,210.39,1190.4714,193,246.73299470216
"2021","Capone","Early","Combined",220,"41",2021-05-29,1396.72777777778,261.39,1642.1598,219.333333333333,286.482365449431
"2021","Capone","Early","Combined",220,"51",2021-06-05,1526.14305555555,271.293333333333,1797.91248,226.666666666667,295.51575097554
"2021","Capone","Early","Combined",220,"61",2021-06-13,1667.88194444445,272.85,1959.43956,234.333333333333,304.225874394701
"2021","Capone","Early","Combined",220,"71",2021-06-17,1761.71111111111,272.94,2076.21072,238.666666666667,309.763625449975
"2021","Capone","Early","Combined",220,"77",2021-06-26,1924.42916666667,310.44,2238.09192,247,317.971167215294
"2021","Capone","Early","Combined",220,"87",2021-07-22,2434.40138888889,381.073333333333,2678.8164,273.666666666667,340.736401034793
"2021","Capone","Early","Split",176,"09",2020-11-03,166.3375,23.24,52.65936,12,4.29229651431501
"2021","Capone","Early","Split",176,"13",2021-01-14,520.009722222222,75.0166666666667,216.52704,84.3333333333333,50.5578260366433
"2021","Capone","Early","Split",176,"23",2021-03-21,767.531944444444,175.52,583.22592,150,146.214074637212
"2021","Capone","Early","Split",176,"31",2021-04-30,1060.75,207.85,1152.67116,190.666666666667,242.353099856864
"2021","Capone","Early","Split",176,"41",2021-06-02,1461.06388888889,263.236666666667,1736.93868,223.333333333333,292.453871783955
"2021","Capone","Early","Split",176,"51",2021-06-05,1526.14305555555,271.293333333333,1797.91248,226.666666666667,295.51575097554
"2021","Capone","Early","Split",176,"61",2021-06-14,1679.35416666667,272.86,1978.27596,235,305.330450316185
"2021","Capone","Early","Split",176,"71",2021-06-18,1777.78333333333,279.86,2093.5122,239.333333333333,310.480394166793
"2021","Capone","Early","Split",176,"77",2021-06-25,1912.1125,310.426666666667,2224.05108,246.333333333333,317.212518170504
"2021","Capone","Early","Split",176,"87",2021-07-21,2413.45416666666,378.72,2658.43476,272.666666666667,339.76267253198
"2021","Capone","Early","Split",220,"09",2020-11-03,166.3375,23.24,52.65936,12,4.29229651431501
"2021","Capone","Early","Split",220,"13",2021-01-14,520.009722222222,75.0166666666667,216.52704,84.3333333333333,50.5578260366433
"2021","Capone","Early","Split",220,"23",2021-03-19,760.030555555556,175.46,565.82352,148,139.178504347069
"2021","Capone","Early","Split",220,"31",2021-04-30,1060.75,207.85,1152.67116,190.666666666667,242.353099856864
"2021","Capone","Early","Split",220,"41",2021-06-01,1435.45,261.39,1708.17732,222,290.959162451952
"2021","Capone","Early","Split",220,"51",2021-06-06,1537.12777777778,271.346666666667,1804.59528,227.333333333333,295.922626686059
"2021","Capone","Early","Split",220,"61",2021-06-14,1679.35416666667,272.86,1978.27596,235,305.330450316185
"2021","Capone","Early","Split",220,"71",2021-06-18,1786.52638888889,279.87,2102.08524,239.666666666667,310.807245572671
"2021","Capone","Early","Split",220,"77",2021-06-26,1924.42916666667,310.44,2238.09192,247,317.971167215294
"2021","Capone","Early","Split",220,"87",2021-07-25,2479.45277777778,383.436666666667,2722.0188,276,342.983572359572
"2021","Capone","Late","Combined",176,"09",2020-12-01,182.908333333333,8.78,83.64708,26,14.8750550991095
"2021","Capone","Late","Combined",176,"13",2021-03-01,509.516666666667,125.15,358.8138,116,89.9399168373426
"2021","Capone","Late","Combined",176,"23",2021-04-11,740.2625,172.153333333333,769.25616,157,191.073868438309
"2021","Capone","Late","Combined",176,"31",2021-05-03,908.566666666667,187.15,1130.8194,179,241.368344449825
"2021","Capone","Late","Combined",176,"41",2021-06-01,1275.39861111111,239.073333333333,1662.906,208.666666666667,286.341866865619
"2021","Capone","Late","Combined",176,"51",2021-06-05,1353.28472222222,248.053333333333,1738.26048,212.666666666667,290.151100723205
"2021","Capone","Late","Combined",176,"61",2021-06-14,1506.49583333333,249.62,1918.62396,221,299.96580006385
"2021","Capone","Late","Combined",176,"71",2021-06-18,1604.925,256.62,2033.8602,225.333333333333,305.115743914459
"2021","Capone","Late","Combined",176,"77",2021-06-26,1751.57083333333,287.2,2178.43992,233,312.60651696296
"2021","Capone","Late","Combined",176,"87",2021-07-22,2261.54305555556,357.833333333333,2619.1644,259.666666666667,335.371750782459
"2021","Capone","Late","Combined",220,"09",2020-12-01,182.908333333333,8.78,83.64708,26,14.8750550991095
"2021","Capone","Late","Combined",220,"13",2021-03-01,509.516666666667,125.15,358.8138,116,89.9399168373426
"2021","Capone","Late","Combined",220,"23",2021-04-11,744.204166666667,170.006666666667,779.51928,157,191.251719136743
"2021","Capone","Late","Combined",220,"31",2021-05-06,944.694444444445,195.386666666667,1179.30084,182,246.172974415957
"2021","Capone","Late","Combined",220,"41",2021-06-01,1262.59166666667,238.15,1648.52532,208,285.594512199618
"2021","Capone","Late","Combined",220,"51",2021-06-06,1364.26944444445,248.106666666667,1744.94328,213.333333333333,290.557976433725
"2021","Capone","Late","Combined",220,"61",2021-06-14,1506.49583333333,249.62,1918.62396,221,299.96580006385
"2021","Capone","Late","Combined",220,"71",2021-06-18,1604.925,256.62,2033.8602,225.333333333333,305.115743914459
"2021","Capone","Late","Combined",220,"77",2021-06-26,1751.57083333333,287.2,2178.43992,233,312.60651696296
"2021","Capone","Late","Combined",220,"87",2021-07-26,2327.54166666667,362.55,2682.74844,263,338.59265061005
"2021","Capone","Late","Split",176,"09",2020-12-01,182.908333333333,8.78,83.64708,26,14.8750550991095
"2021","Capone","Late","Split",176,"13",2021-03-01,509.516666666667,125.15,358.8138,116,89.9399168373426
"2021","Capone","Late","Split",176,"23",2021-04-08,727.645833333333,167.356666666667,747.91152,154.333333333333,183.195948476943
"2021","Capone","Late","Split",176,"31",2021-05-06,944.694444444445,195.386666666667,1179.30084,182,246.172974415957
"2021","Capone","Late","Split",176,"41",2021-06-01,1275.39861111111,239.073333333333,1662.906,208.666666666667,286.341866865619
"2021","Capone","Late","Split",176,"51",2021-06-07,1375.25416666667,248.16,1751.62608,214,290.964852144245
"2021","Capone","Late","Split",176,"61",2021-06-14,1506.49583333333,249.62,1918.62396,221,299.96580006385
"2021","Capone","Late","Split",176,"71",2021-06-18,1613.66805555555,256.63,2042.43324,225.666666666667,305.442595320337
"2021","Capone","Late","Split",176,"77",2021-06-25,1739.25416666666,287.186666666667,2164.39908,232.333333333333,311.84786791817
"2021","Capone","Late","Split",176,"87",2021-07-23,2282.49027777778,360.186666666667,2639.54604,260.666666666667,336.345479285272
"2021","Capone","Late","Split",220,"09",2020-12-01,182.908333333333,8.78,83.64708,26,14.8750550991095
"2021","Capone","Late","Split",220,"13",2021-03-01,509.516666666667,125.15,358.8138,116,89.9399168373426
"2021","Capone","Late","Split",220,"23",2021-04-05,711.0875,164.706666666667,716.30376,151.666666666667,175.140177817144
"2021","Capone","Late","Split",220,"31",2021-05-03,908.566666666667,187.15,1130.8194,179,241.368344449825
"2021","Capone","Late","Split",220,"41",2021-06-01,1275.39861111111,239.073333333333,1662.906,208.666666666667,286.341866865619
"2021","Capone","Late","Split",220,"51",2021-06-07,1381.4125,248.16,1758.43488,214.333333333333,291.333393416234
"2021","Capone","Late","Split",220,"61",2021-06-14,1506.49583333333,249.62,1918.62396,221,299.96580006385
"2021","Capone","Late","Split",220,"71",2021-06-17,1588.85277777778,249.7,2016.55872,224.666666666667,304.398975197641
"2021","Capone","Late","Split",220,"77",2021-06-26,1751.57083333333,287.2,2178.43992,233,312.60651696296
"2021","Capone","Late","Split",220,"87",2021-07-25,2306.59444444445,360.196666666667,2662.3668,262,337.618922107237
"2021","Esket","Early","Combined",176,"09",2020-11-03,166.3375,23.24,52.65936,12,4.29229651431501
"2021","Esket","Early","Combined",176,"13",2021-01-11,509.845833333333,69.8,210.62412,81,49.0164183444776
"2021","Esket","Early","Combined",176,"23",2021-03-13,736.645833333333,166.456666666667,522.50508,142.666666666667,126.899048691319
"2021","Esket","Early","Combined",176,"31",2021-04-30,1060.75,207.85,1152.67116,190.666666666667,242.353099856864
"2021","Esket","Early","Combined",176,"41",2021-05-29,1396.72777777778,261.39,1642.1598,219.333333333333,286.482365449431
"2021","Esket","Early","Combined",176,"51",2021-06-05,1526.14305555555,271.293333333333,1797.91248,226.666666666667,295.51575097554
"2021","Esket","Early","Combined",176,"61",2021-06-10,1606.74583333333,272.8,1878.79896,231,299.783375993603
"2021","Esket","Early","Combined",176,"71",2021-06-18,1786.52638888889,279.87,2102.08524,239.666666666667,310.807245572671
"2021","Esket","Early","Combined",176,"77",2021-06-26,1924.42916666667,310.44,2238.09192,247,317.971167215294
"2021","Esket","Early","Combined",176,"87",2021-07-19,2365.24583333333,378.7,2612.79324,270,337.215786888049
"2021","Esket","Early","Combined",220,"09",2020-11-03,166.3375,23.24,52.65936,12,4.29229651431501
"2021","Esket","Early","Combined",220,"13",2021-01-13,513.055555555555,73.0733333333333,214.18632,83.3333333333333,50.2394799737699
"2021","Esket","Early","Combined",220,"23",2021-03-17,752.529166666667,175.4,548.42112,146,132.142934056926
"2021","Esket","Early","Combined",220,"31",2021-04-26,1019.4,202.77,1077.07068,186,233.593310166272
"2021","Esket","Early","Combined",220,"41",2021-05-28,1377.36666666667,261.39,1609.15104,218,284.243966948171
"2021","Esket","Early","Combined",220,"51",2021-06-06,1537.12777777778,271.346666666667,1804.59528,227.333333333333,295.922626686059
"2021","Esket","Early","Combined",220,"61",2021-06-12,1644.9375,272.83,1921.76676,233,302.016722551732
"2021","Esket","Early","Combined",220,"71",2021-06-18,1786.52638888889,279.87,2102.08524,239.666666666667,310.807245572671
"2021","Esket","Early","Combined",220,"77",2021-06-26,1924.42916666667,310.44,2238.09192,247,317.971167215294
"2021","Esket","Early","Combined",220,"87",2021-07-19,2376.93611111111,378.7,2622.83592,270.666666666667,337.813577123264
"2021","Esket","Early","Split",176,"09",2020-11-03,166.3375,23.24,52.65936,12,4.29229651431501
"2021","Esket","Early","Split",176,"13",2021-01-13,513.055555555555,73.0733333333333,214.18632,83.3333333333333,50.2394799737699
"2021","Esket","Early","Split",176,"23",2021-03-11,729.144444444445,166.396666666667,505.10268,140.666666666667,119.863478401176
"2021","Esket","Early","Split",176,"31",2021-04-28,1040.075,205.31,1114.87092,188.333333333333,237.973205011568
"2021","Esket","Early","Split",176,"41",2021-05-29,1396.72777777778,261.39,1642.1598,219.333333333333,286.482365449431
"2021","Esket","Early","Split",176,"51",2021-06-05,1526.14305555555,271.293333333333,1797.91248,226.666666666667,295.51575097554
"2021","Esket","Early","Split",176,"61",2021-06-11,1632.20694444444,272.82,1907.44416,232.333333333333,301.272273699022
"2021","Esket","Early","Split",176,"71",2021-06-18,1786.52638888889,279.87,2102.08524,239.666666666667,310.807245572671
"2021","Esket","Early","Split",176,"77",2021-06-26,1924.42916666667,310.44,2238.09192,247,317.971167215294
"2021","Esket","Early","Split",176,"87",2021-07-17,2328.00416666667,378.67,2574.459,268,335.188829127798
"2021","Esket","Early","Split",220,"09",2020-11-03,166.3375,23.24,52.65936,12,4.29229651431501
"2021","Esket","Early","Split",220,"13",2021-01-14,520.009722222222,75.0166666666667,216.52704,84.3333333333333,50.5578260366433
"2021","Esket","Early","Split",220,"23",2021-03-06,705.759722222222,157.393333333333,461.78424,135.333333333333,107.584022745427
"2021","Esket","Early","Split",220,"31",2021-04-28,1040.075,205.31,1114.87092,188.333333333333,237.973205011568
"2021","Esket","Early","Split",220,"41",2021-05-29,1396.72777777778,261.39,1642.1598,219.333333333333,286.482365449431
"2021","Esket","Early","Split",220,"51",2021-06-07,1548.1125,271.4,1811.27808,228,296.329502396579
"2021","Esket","Early","Split",220,"61",2021-06-11,1632.20694444444,272.82,1907.44416,232.333333333333,301.272273699022
"2021","Esket","Early","Split",220,"71",2021-06-19,1802.59861111111,286.79,2119.38672,240.333333333333,311.524014289489
"2021","Esket","Early","Split",220,"77",2021-06-26,1924.42916666667,310.44,2238.09192,247,317.971167215294
"2021","Esket","Early","Split",220,"87",2021-07-18,2352.83194444444,378.69,2600.01516,269.333333333333,336.540134301299
"2021","Esket","Late","Combined",176,"09",2020-12-01,182.908333333333,8.78,83.64708,26,14.8750550991095
"2021","Esket","Late","Combined",176,"13",2021-03-01,509.516666666667,125.15,358.8138,116,89.9399168373426
"2021","Esket","Late","Combined",176,"23",2021-04-10,737.808333333333,170.803333333333,766.96104,156.333333333333,187.665277846074
"2021","Esket","Late","Combined",176,"31",2021-05-03,908.566666666667,187.15,1130.8194,179,241.368344449825
"2021","Esket","Late","Combined",176,"41",2021-06-02,1288.20555555556,239.996666666667,1677.28668,209.333333333333,287.089221531621
"2021","Esket","Late","Combined",176,"51",2021-06-07,1381.4125,248.16,1758.43488,214.333333333333,291.333393416234
"2021","Esket","Late","Combined",176,"61",2021-06-14,1506.49583333333,249.62,1918.62396,221,299.96580006385
"2021","Esket","Late","Combined",176,"71",2021-06-19,1629.74027777778,263.55,2059.73472,226.333333333333,306.159364037155
"2021","Esket","Late","Combined",176,"77",2021-06-26,1751.57083333333,287.2,2178.43992,233,312.60651696296
"2021","Esket","Late","Combined",176,"87",2021-07-18,2179.97361111111,355.45,2540.36316,255.333333333333,331.175484048964
"2021","Esket","Late","Combined",220,"09",2020-12-01,182.908333333333,8.78,83.64708,26,14.8750550991095
"2021","Esket","Late","Combined",220,"13",2021-03-01,509.516666666667,125.15,358.8138,116,89.9399168373426
"2021","Esket","Late","Combined",220,"23",2021-04-09,730.1,168.706666666667,750.20664,155,186.604539069179
"2021","Esket","Late","Combined",220,"31",2021-05-06,944.694444444445,195.386666666667,1179.30084,182,246.172974415957
"2021","Esket","Late","Combined",220,"41",2021-05-30,1243.23055555556,238.15,1615.51656,206.666666666667,283.356113698358
"2021","Esket","Late","Combined",220,"51",2021-06-07,1387.57083333334,248.16,1765.24368,214.666666666667,291.701934688224
"2021","Esket","Late","Combined",220,"61",2021-06-12,1472.07916666667,249.59,1862.11476,219,296.652072299398
"2021","Esket","Late","Combined",220,"71",2021-06-19,1629.74027777778,263.55,2059.73472,226.333333333333,306.159364037155
"2021","Esket","Late","Combined",220,"77",2021-06-26,1751.57083333333,287.2,2178.43992,233,312.60651696296
"2021","Esket","Late","Combined",220,"87",2021-07-24,2285.64722222222,357.843333333333,2641.98516,261,336.645193604424
"2021","Esket","Late","Split",176,"09",2020-12-01,182.908333333333,8.78,83.64708,26,14.8750550991095
"2021","Esket","Late","Split",176,"13",2021-03-01,509.516666666667,125.15,358.8138,116,89.9399168373426
"2021","Esket","Late","Split",176,"23",2021-04-13,754.366666666667,173.453333333333,798.5688,159,195.721048505873
"2021","Esket","Late","Split",176,"31",2021-05-03,908.566666666667,187.15,1130.8194,179,241.368344449825
"2021","Esket","Late","Split",176,"41",2021-06-01,1275.39861111111,239.073333333333,1662.906,208.666666666667,286.341866865619
"2021","Esket","Late","Split",176,"51",2021-06-07,1387.57083333334,248.16,1765.24368,214.666666666667,291.701934688224
"2021","Esket","Late","Split",176,"61",2021-06-14,1506.49583333333,249.62,1918.62396,221,299.96580006385
"2021","Esket","Late","Split",176,"71",2021-06-18,1613.66805555555,256.63,2042.43324,225.666666666667,305.442595320337
"2021","Esket","Late","Split",176,"77",2021-06-26,1751.57083333333,287.2,2178.43992,233,312.60651696296
"2021","Esket","Late","Split",176,"87",2021-07-19,2192.3875,355.46,2553.14124,256,331.851136635715
"2021","Esket","Late","Split",220,"09",2020-12-01,182.908333333333,8.78,83.64708,26,14.8750550991095
"2021","Esket","Late","Split",220,"13",2021-03-01,509.516666666667,125.15,358.8138,116,89.9399168373426
"2021","Esket","Late","Split",220,"23",2021-04-01,686.820833333333,159.96,667.9416,147.666666666667,166.023668380449
"2021","Esket","Late","Split",220,"31",2021-05-03,908.566666666667,187.15,1130.8194,179,241.368344449825
"2021","Esket","Late","Split",220,"41",2021-06-01,1275.39861111111,239.073333333333,1662.906,208.666666666667,286.341866865619
"2021","Esket","Late","Split",220,"51",2021-06-08,1393.72916666667,248.16,1772.05248,215,292.070475960213
"2021","Esket","Late","Split",220,"61",2021-06-12,1483.55138888889,249.6,1880.95116,219.666666666667,297.756648220882
"2021","Esket","Late","Split",220,"71",2021-06-18,1597.59583333333,249.71,2025.13176,225,304.725826603519
"2021","Esket","Late","Split",220,"77",2021-06-25,1739.25416666666,287.186666666667,2164.39908,232.333333333333,311.84786791817
"2021","Esket","Late","Split",220,"87",2021-07-19,2204.07777777778,355.46,2563.18392,256.666666666667,332.44892687093
"2021","Patras","Early","Combined",176,"09",2020-11-03,166.3375,23.24,52.65936,12,4.29229651431501
"2021","Patras","Early","Combined",176,"13",2021-01-14,520.009722222222,75.0166666666667,216.52704,84.3333333333333,50.5578260366433
"2021","Patras","Early","Combined",176,"23",2021-03-30,839.644444444444,184.93,697.45488,159.333333333333,165.461110029895
"2021","Patras","Early","Combined",176,"31",2021-04-30,1060.75,207.85,1152.67116,190.666666666667,242.353099856864
"2021","Patras","Early","Combined",176,"41",2021-05-28,1377.36666666667,261.39,1609.15104,218,284.243966948171
"2021","Patras","Early","Combined",176,"51",2021-06-04,1501.39583333333,268.88,1777.92624,225.333333333333,294.472992326665
"2021","Patras","Early","Combined",176,"61",2021-06-10,1606.74583333333,272.8,1878.79896,231,299.783375993603
"2021","Patras","Early","Combined",176,"71",2021-06-18,1770.45416666667,272.95,2084.78376,239,310.090476855853
"2021","Patras","Early","Combined",176,"77",2021-06-26,1924.42916666667,310.44,2238.09192,247,317.971167215294
"2021","Patras","Early","Combined",176,"87",2021-07-17,2340.41805555556,378.68,2587.23708,268.666666666667,335.864481714548
"2021","Patras","Early","Combined",220,"09",2020-11-03,166.3375,23.24,52.65936,12,4.29229651431501
"2021","Patras","Early","Combined",220,"13",2021-01-14,520.009722222222,75.0166666666667,216.52704,84.3333333333333,50.5578260366433
"2021","Patras","Early","Combined",220,"23",2021-03-25,808.484722222222,178.833333333333,640.52472,154.333333333333,152.464955182442
"2021","Patras","Early","Combined",220,"31",2021-04-30,1060.75,207.85,1152.67116,190.666666666667,242.353099856864
"2021","Patras","Early","Combined",220,"41",2021-05-28,1377.36666666667,261.39,1609.15104,218,284.243966948171
"2021","Patras","Early","Combined",220,"51",2021-06-05,1515.15833333333,271.24,1791.22968,226,295.10887526502
"2021","Patras","Early","Combined",220,"61",2021-06-10,1606.74583333333,272.8,1878.79896,231,299.783375993603
"2021","Patras","Early","Combined",220,"71",2021-06-18,1770.45416666667,272.95,2084.78376,239,310.090476855853
"2021","Patras","Early","Combined",220,"77",2021-06-26,1924.42916666667,310.44,2238.09192,247,317.971167215294
"2021","Patras","Early","Combined",220,"87",2021-07-17,2328.00416666667,378.67,2574.459,268,335.188829127798
"2021","Patras","Early","Split",176,"09",2020-11-03,166.3375,23.24,52.65936,12,4.29229651431501
"2021","Patras","Early","Split",176,"13",2021-01-11,509.845833333333,69.8,210.62412,81,49.0164183444776
"2021","Patras","Early","Split",176,"23",2021-03-30,843.120833333333,180.55,695.98584,159,163.332547972984
"2021","Patras","Early","Split",176,"31",2021-04-26,1019.4,202.77,1077.07068,186,233.593310166272
"2021","Patras","Early","Split",176,"41",2021-05-29,1396.72777777778,261.39,1642.1598,219.333333333333,286.482365449431
"2021","Patras","Early","Split",176,"51",2021-06-05,1515.15833333333,271.24,1791.22968,226,295.10887526502
"2021","Patras","Early","Split",176,"61",2021-06-10,1606.74583333333,272.8,1878.79896,231,299.783375993603
"2021","Patras","Early","Split",176,"71",2021-06-18,1786.52638888889,279.87,2102.08524,239.666666666667,310.807245572671
"2021","Patras","Early","Split",176,"77",2021-06-25,1912.1125,310.426666666667,2224.05108,246.333333333333,317.212518170504
"2021","Patras","Early","Split",176,"87",2021-07-17,2328.00416666667,378.67,2574.459,268,335.188829127798
"2021","Patras","Early","Split",220,"09",2020-11-03,166.3375,23.24,52.65936,12,4.29229651431501
"2021","Patras","Early","Split",220,"13",2021-01-14,520.009722222222,75.0166666666667,216.52704,84.3333333333333,50.5578260366433
"2021","Patras","Early","Split",220,"23",2021-03-25,804.045833333334,178.833333333333,634.25184,154,151.993900363919
"2021","Patras","Early","Split",220,"31",2021-04-30,1060.75,207.85,1152.67116,190.666666666667,242.353099856864
"2021","Patras","Early","Split",220,"41",2021-05-28,1377.36666666667,261.39,1609.15104,218,284.243966948171
"2021","Patras","Early","Split",220,"51",2021-06-05,1515.15833333333,271.24,1791.22968,226,295.10887526502
"2021","Patras","Early","Split",220,"61",2021-06-10,1619.47638888889,272.81,1893.12156,231.666666666667,300.527824846313
"2021","Patras","Early","Split",220,"71",2021-06-18,1770.45416666667,272.95,2084.78376,239,310.090476855853
"2021","Patras","Early","Split",220,"77",2021-06-24,1899.79583333334,310.413333333333,2210.01024,245.666666666667,316.453869125714
"2021","Patras","Early","Split",220,"87",2021-07-18,2352.83194444444,378.69,2600.01516,269.333333333333,336.540134301299
"2021","Patras","Late","Combined",176,"09",2020-12-01,182.908333333333,8.78,83.64708,26,14.8750550991095
"2021","Patras","Late","Combined",176,"13",2021-03-01,509.516666666667,125.15,358.8138,116,89.9399168373426
"2021","Patras","Late","Combined",176,"23",2021-04-19,792.7375,179.5,876.2436,165,209.484738010132
"2021","Patras","Late","Combined",176,"31",2021-05-03,908.566666666667,187.15,1130.8194,179,241.368344449825
"2021","Patras","Late","Combined",176,"41",2021-05-30,1236.67638888889,239.073333333333,1596.88848,206,281.865069863099
"2021","Patras","Late","Combined",176,"51",2021-06-05,1342.3,248,1731.57768,212,289.744225012685
"2021","Patras","Late","Combined",176,"61",2021-06-12,1470.82083333333,249.59,1866.62856,219,297.012199368172
"2021","Patras","Late","Combined",176,"71",2021-06-18,1597.59583333333,249.71,2025.13176,225,304.725826603519
"2021","Patras","Late","Combined",176,"77",2021-06-26,1751.57083333333,287.2,2178.43992,233,312.60651696296
"2021","Patras","Late","Combined",176,"87",2021-07-17,2167.55972222222,355.44,2527.58508,254.666666666667,330.499831462214
"2021","Patras","Late","Combined",220,"09",2020-12-01,182.908333333333,8.78,83.64708,26,14.8750550991095
"2021","Patras","Late","Combined",220,"13",2021-03-01,509.516666666667,125.15,358.8138,116,89.9399168373426
"2021","Patras","Late","Combined",220,"23",2021-04-11,744.204166666667,170.006666666667,779.51928,157,191.251719136743
"2021","Patras","Late","Combined",220,"31",2021-05-03,908.566666666667,187.15,1130.8194,179,241.368344449825
"2021","Patras","Late","Combined",220,"41",2021-05-29,1223.86944444444,238.15,1582.5078,205.333333333333,281.117715197097
"2021","Patras","Late","Combined",220,"51",2021-06-05,1353.28472222222,248.053333333333,1738.26048,212.666666666667,290.151100723205
"2021","Patras","Late","Combined",220,"61",2021-06-12,1483.55138888889,249.6,1880.95116,219.666666666667,297.756648220882
"2021","Patras","Late","Combined",220,"71",2021-06-17,1588.85277777778,249.7,2016.55872,224.666666666667,304.398975197641
"2021","Patras","Late","Combined",220,"77",2021-06-26,1751.57083333333,287.2,2178.43992,233,312.60651696296
"2021","Patras","Late","Combined",220,"87",2021-07-17,2167.55972222222,355.44,2527.58508,254.666666666667,330.499831462214
"2021","Patras","Late","Split",176,"09",2020-12-01,182.908333333333,8.78,83.64708,26,14.8750550991095
"2021","Patras","Late","Split",176,"13",2021-03-01,509.516666666667,125.15,358.8138,116,89.9399168373426
"2021","Patras","Late","Split",176,"23",2021-04-17,778.633333333333,178.2,846.93096,163,204.837557942568
"2021","Patras","Late","Split",176,"31",2021-05-06,944.694444444445,195.386666666667,1179.30084,182,246.172974415957
"2021","Patras","Late","Split",176,"41",2021-05-29,1223.86944444444,238.15,1582.5078,205.333333333333,281.117715197097
"2021","Patras","Late","Split",176,"51",2021-06-05,1353.28472222222,248.053333333333,1738.26048,212.666666666667,290.151100723205
"2021","Patras","Late","Split",176,"61",2021-06-12,1472.07916666667,249.59,1862.11476,219,296.652072299398
"2021","Patras","Late","Split",176,"71",2021-06-18,1597.59583333333,249.71,2025.13176,225,304.725826603519
"2021","Patras","Late","Split",176,"77",2021-06-26,1751.57083333333,287.2,2178.43992,233,312.60651696296
"2021","Patras","Late","Split",176,"87",2021-07-17,2155.14583333333,355.43,2514.807,254,329.824178875463
"2021","Patras","Late","Split",220,"09",2020-12-01,182.908333333333,8.78,83.64708,26,14.8750550991095
"2021","Patras","Late","Split",220,"13",2021-03-01,509.516666666667,125.15,358.8138,116,89.9399168373426
"2021","Patras","Late","Split",220,"23",2021-04-09,730.1,168.706666666667,750.20664,155,186.604539069179
"2021","Patras","Late","Split",220,"31",2021-05-03,908.566666666667,187.15,1130.8194,179,241.368344449825
"2021","Patras","Late","Split",220,"41",2021-05-28,1204.50833333333,238.15,1549.49904,204,278.879316695837
"2021","Patras","Late","Split",220,"51",2021-06-05,1353.28472222222,248.053333333333,1738.26048,212.666666666667,290.151100723205
"2021","Patras","Late","Split",220,"61",2021-06-13,1495.02361111111,249.61,1899.78756,220.333333333333,298.861224142366
"2021","Patras","Late","Split",220,"71",2021-06-19,1629.74027777778,263.55,2059.73472,226.333333333333,306.159364037155
"2021","Patras","Late","Split",220,"77",2021-06-25,1739.25416666666,287.186666666667,2164.39908,232.333333333333,311.84786791817
"2021","Patras","Late","Split",220,"87",2021-07-19,2192.3875,355.46,2553.14124,256,331.851136635715
"2021","Pionier","Early","Combined",176,"09",2020-11-03,166.3375,23.24,52.65936,12,4.29229651431501
"2021","Pionier","Early","Combined",176,"13",2021-01-11,509.845833333333,69.8,210.62412,81,49.0164183444776
"2021","Pionier","Early","Combined",176,"23",2021-03-21,782.726388888889,177.116666666667,597.60936,150.333333333333,142.539472028945
"2021","Pionier","Early","Combined",176,"31",2021-05-03,1081.425,210.39,1190.4714,193,246.73299470216
"2021","Pionier","Early","Combined",176,"41",2021-06-01,1435.45,261.39,1708.17732,222,290.959162451952
"2021","Pionier","Early","Combined",176,"51",2021-06-05,1526.14305555555,271.293333333333,1797.91248,226.666666666667,295.51575097554
"2021","Pionier","Early","Combined",176,"61",2021-06-12,1656.40972222222,272.84,1940.60316,233.666666666667,303.121298473216
"2021","Pionier","Early","Combined",176,"71",2021-06-19,1802.59861111111,286.79,2119.38672,240.333333333333,311.524014289489
"2021","Pionier","Early","Combined",176,"77",2021-06-26,1924.42916666667,310.44,2238.09192,247,317.971167215294
"2021","Pionier","Early","Combined",176,"87",2021-07-17,2340.41805555556,378.68,2587.23708,268.666666666667,335.864481714548
"2021","Pionier","Early","Combined",220,"09",2020-11-03,166.3375,23.24,52.65936,12,4.29229651431501
"2021","Pionier","Early","Combined",220,"13",2021-01-17,530.173611111111,80.2333333333333,222.42996,87.6666666666667,52.0992337288089
"2021","Pionier","Early","Combined",220,"23",2021-03-25,808.484722222222,178.833333333333,640.52472,154.333333333333,152.464955182442
"2021","Pionier","Early","Combined",220,"31",2021-05-03,1081.425,210.39,1190.4714,193,246.73299470216
"2021","Pionier","Early","Combined",220,"41",2021-06-01,1435.45,261.39,1708.17732,222,290.959162451952
"2021","Pionier","Early","Combined",220,"51",2021-06-05,1526.14305555555,271.293333333333,1797.91248,226.666666666667,295.51575097554
"2021","Pionier","Early","Combined",220,"61",2021-06-13,1667.88194444445,272.85,1959.43956,234.333333333333,304.225874394701
"2021","Pionier","Early","Combined",220,"71",2021-06-19,1802.59861111111,286.79,2119.38672,240.333333333333,311.524014289489
"2021","Pionier","Early","Combined",220,"77",2021-06-26,1924.42916666667,310.44,2238.09192,247,317.971167215294
"2021","Pionier","Early","Combined",220,"87",2021-07-25,2479.45277777778,383.436666666667,2722.0188,276,342.983572359572
"2021","Pionier","Early","Split",176,"09",2020-11-03,166.3375,23.24,52.65936,12,4.29229651431501
"2021","Pionier","Early","Split",176,"13",2021-01-11,509.845833333333,69.8,210.62412,81,49.0164183444776
"2021","Pionier","Early","Split",176,"23",2021-03-17,752.529166666667,175.4,548.42112,146,132.142934056926
"2021","Pionier","Early","Split",176,"31",2021-05-03,1081.425,210.39,1190.4714,193,246.73299470216
"2021","Pionier","Early","Split",176,"41",2021-06-01,1435.45,261.39,1708.17732,222,290.959162451952
"2021","Pionier","Early","Split",176,"51",2021-06-05,1515.15833333333,271.24,1791.22968,226,295.10887526502
"2021","Pionier","Early","Split",176,"61",2021-06-12,1644.9375,272.83,1921.76676,233,302.016722551732
"2021","Pionier","Early","Split",176,"71",2021-06-19,1793.85555555555,286.78,2110.81368,240,311.197162883611
"2021","Pionier","Early","Split",176,"77",2021-06-26,1924.42916666667,310.44,2238.09192,247,317.971167215294
"2021","Pionier","Early","Split",176,"87",2021-07-19,2365.24583333333,378.7,2612.79324,270,337.215786888049
"2021","Pionier","Early","Split",220,"09",2020-11-03,166.3375,23.24,52.65936,12,4.29229651431501
"2021","Pionier","Early","Split",220,"13",2021-01-11,509.845833333333,69.8,210.62412,81,49.0164183444776
"2021","Pionier","Early","Split",220,"23",2021-03-19,760.030555555556,175.46,565.82352,148,139.178504347069
"2021","Pionier","Early","Split",220,"31",2021-04-30,1060.75,207.85,1152.67116,190.666666666667,242.353099856864
"2021","Pionier","Early","Split",220,"41",2021-06-01,1448.25694444444,262.313333333333,1722.558,222.666666666667,291.706517117953
"2021","Pionier","Early","Split",220,"51",2021-06-05,1526.14305555555,271.293333333333,1797.91248,226.666666666667,295.51575097554
"2021","Pionier","Early","Split",220,"61",2021-06-12,1644.9375,272.83,1921.76676,233,302.016722551732
"2021","Pionier","Early","Split",220,"71",2021-06-18,1786.52638888889,279.87,2102.08524,239.666666666667,310.807245572671
"2021","Pionier","Early","Split",220,"77",2021-06-26,1924.42916666667,310.44,2238.09192,247,317.971167215294
"2021","Pionier","Early","Split",220,"87",2021-07-23,2437.55833333333,378.73,2681.25552,274,341.036115353945
"2021","Pionier","Late","Combined",176,"09",2020-12-01,182.908333333333,8.78,83.64708,26,14.8750550991095
"2021","Pionier","Late","Combined",176,"13",2021-03-01,509.516666666667,125.15,358.8138,116,89.9399168373426
"2021","Pionier","Late","Combined",176,"23",2021-04-09,730.1,168.706666666667,750.20664,155,186.604539069179
"2021","Pionier","Late","Combined",176,"31",2021-05-09,980.822222222222,203.623333333333,1227.78228,185,250.977604382089
"2021","Pionier","Late","Combined",176,"41",2021-06-02,1288.20555555556,239.996666666667,1677.28668,209.333333333333,287.089221531621
"2021","Pionier","Late","Combined",176,"51",2021-06-07,1375.25416666667,248.16,1751.62608,214,290.964852144245
"2021","Pionier","Late","Combined",176,"61",2021-06-14,1506.49583333333,249.62,1918.62396,221,299.96580006385
"2021","Pionier","Late","Combined",176,"71",2021-06-19,1629.74027777778,263.55,2059.73472,226.333333333333,306.159364037155
"2021","Pionier","Late","Combined",176,"77",2021-06-26,1751.57083333333,287.2,2178.43992,233,312.60651696296
"2021","Pionier","Late","Combined",176,"87",2021-07-20,2216.49166666667,355.47,2575.962,257.333333333333,333.12457945768
"2021","Pionier","Late","Combined",220,"09",2020-12-01,182.908333333333,8.78,83.64708,26,14.8750550991095
"2021","Pionier","Late","Combined",220,"13",2021-03-01,509.516666666667,125.15,358.8138,116,89.9399168373426
"2021","Pionier","Late","Combined",220,"23",2021-04-11,744.204166666667,170.006666666667,779.51928,157,191.251719136743
"2021","Pionier","Late","Combined",220,"31",2021-05-12,1016.95,211.86,1276.26372,188,255.782234348221
"2021","Pionier","Late","Combined",220,"41",2021-06-03,1301.0125,240.92,1691.66736,210,287.836576197622
"2021","Pionier","Late","Combined",220,"51",2021-06-07,1381.4125,248.16,1758.43488,214.333333333333,291.333393416234
"2021","Pionier","Late","Combined",220,"61",2021-06-13,1495.02361111111,249.61,1899.78756,220.333333333333,298.861224142366
"2021","Pionier","Late","Combined",220,"71",2021-06-18,1597.59583333333,249.71,2025.13176,225,304.725826603519
"2021","Pionier","Late","Combined",220,"77",2021-06-26,1751.57083333333,287.2,2178.43992,233,312.60651696296
"2021","Pionier","Late","Combined",220,"87",2021-07-25,2306.59444444445,360.196666666667,2662.3668,262,337.618922107237
"2021","Pionier","Late","Split",176,"09",2020-12-01,182.908333333333,8.78,83.64708,26,14.8750550991095
"2021","Pionier","Late","Split",176,"13",2021-03-01,509.516666666667,125.15,358.8138,116,89.9399168373426
"2021","Pionier","Late","Split",176,"23",2021-04-10,737.808333333333,170.803333333333,766.96104,156.333333333333,187.665277846074
"2021","Pionier","Late","Split",176,"31",2021-05-09,980.822222222222,203.623333333333,1227.78228,185,250.977604382089
"2021","Pionier","Late","Split",176,"41",2021-06-03,1301.0125,240.92,1691.66736,210,287.836576197622
"2021","Pionier","Late","Split",176,"51",2021-06-07,1375.25416666667,248.16,1751.62608,214,290.964852144245
"2021","Pionier","Late","Split",176,"61",2021-06-14,1506.49583333333,249.62,1918.62396,221,299.96580006385
"2021","Pionier","Late","Split",176,"71",2021-06-19,1629.74027777778,263.55,2059.73472,226.333333333333,306.159364037155
"2021","Pionier","Late","Split",176,"77",2021-06-26,1751.57083333333,287.2,2178.43992,233,312.60651696296
"2021","Pionier","Late","Split",176,"87",2021-07-22,2249.12916666667,357.823333333333,2606.38632,259,334.696098195708
"2021","Pionier","Late","Split",220,"09",2020-12-01,182.908333333333,8.78,83.64708,26,14.8750550991095
"2021","Pionier","Late","Split",220,"13",2021-03-01,509.516666666667,125.15,358.8138,116,89.9399168373426
"2021","Pionier","Late","Split",220,"23",2021-04-04,703.379166666667,162.61,699.54936,150.333333333333,174.079439040249
"2021","Pionier","Late","Split",220,"31",2021-05-09,980.822222222222,203.623333333333,1227.78228,185,250.977604382089
"2021","Pionier","Late","Split",220,"41",2021-06-02,1288.20555555556,239.996666666667,1677.28668,209.333333333333,287.089221531621
"2021","Pionier","Late","Split",220,"51",2021-06-07,1381.4125,248.16,1758.43488,214.333333333333,291.333393416234
"2021","Pionier","Late","Split",220,"61",2021-06-12,1483.55138888889,249.6,1880.95116,219.666666666667,297.756648220882
"2021","Pionier","Late","Split",220,"71",2021-06-18,1597.59583333333,249.71,2025.13176,225,304.725826603519
"2021","Pionier","Late","Split",220,"77",2021-06-26,1751.57083333333,287.2,2178.43992,233,312.60651696296
"2021","Pionier","Late","Split",220,"87",2021-07-25,2306.59444444445,360.196666666667,2662.3668,262,337.618922107237
"2021","Potenzial","Early","Combined",176,"09",2020-11-03,166.3375,23.24,52.65936,12,4.29229651431501
"2021","Potenzial","Early","Combined",176,"13",2021-01-14,520.009722222222,75.0166666666667,216.52704,84.3333333333333,50.5578260366433
"2021","Potenzial","Early","Combined",176,"23",2021-03-25,804.045833333334,178.833333333333,634.25184,154,151.993900363919
"2021","Potenzial","Early","Combined",176,"31",2021-04-30,1060.75,207.85,1152.67116,190.666666666667,242.353099856864
"2021","Potenzial","Early","Combined",176,"41",2021-05-30,1416.08888888889,261.39,1675.16856,220.666666666667,288.720763950692
"2021","Potenzial","Early","Combined",176,"51",2021-06-05,1526.14305555555,271.293333333333,1797.91248,226.666666666667,295.51575097554
"2021","Potenzial","Early","Combined",176,"61",2021-06-10,1606.74583333333,272.8,1878.79896,231,299.783375993603
"2021","Potenzial","Early","Combined",176,"71",2021-06-19,1802.59861111111,286.79,2119.38672,240.333333333333,311.524014289489
"2021","Potenzial","Early","Combined",176,"77",2021-06-25,1912.1125,310.426666666667,2224.05108,246.333333333333,317.212518170504
"2021","Potenzial","Early","Combined",176,"87",2021-07-17,2340.41805555556,378.68,2587.23708,268.666666666667,335.864481714548
"2021","Potenzial","Early","Combined",220,"09",2020-11-03,166.3375,23.24,52.65936,12,4.29229651431501
"2021","Potenzial","Early","Combined",220,"13",2021-01-14,520.009722222222,75.0166666666667,216.52704,84.3333333333333,50.5578260366433
"2021","Potenzial","Early","Combined",220,"23",2021-03-29,838.681944444444,180.55,689.71296,158.666666666667,162.861493154461
"2021","Potenzial","Early","Combined",220,"31",2021-05-03,1081.425,210.39,1190.4714,193,246.73299470216
"2021","Potenzial","Early","Combined",220,"41",2021-05-29,1396.72777777778,261.39,1642.1598,219.333333333333,286.482365449431
"2021","Potenzial","Early","Combined",220,"51",2021-06-05,1515.15833333333,271.24,1791.22968,226,295.10887526502
"2021","Potenzial","Early","Combined",220,"61",2021-06-10,1619.47638888889,272.81,1893.12156,231.666666666667,300.527824846313
"2021","Potenzial","Early","Combined",220,"71",2021-06-18,1786.52638888889,279.87,2102.08524,239.666666666667,310.807245572671
"2021","Potenzial","Early","Combined",220,"77",2021-06-26,1924.42916666667,310.44,2238.09192,247,317.971167215294
"2021","Potenzial","Early","Combined",220,"87",2021-07-17,2328.00416666667,378.67,2574.459,268,335.188829127798
"2021","Potenzial","Early","Split",176,"09",2020-11-03,166.3375,23.24,52.65936,12,4.29229651431501
"2021","Potenzial","Early","Split",176,"13",2021-01-11,509.845833333333,69.8,210.62412,81,49.0164183444776
"2021","Potenzial","Early","Split",176,"23",2021-03-17,752.529166666667,175.4,548.42112,146,132.142934056926
"2021","Potenzial","Early","Split",176,"31",2021-04-30,1060.75,207.85,1152.67116,190.666666666667,242.353099856864
"2021","Potenzial","Early","Split",176,"41",2021-05-29,1396.72777777778,261.39,1642.1598,219.333333333333,286.482365449431
"2021","Potenzial","Early","Split",176,"51",2021-06-05,1515.15833333333,271.24,1791.22968,226,295.10887526502
"2021","Potenzial","Early","Split",176,"61",2021-06-10,1606.74583333333,272.8,1878.79896,231,299.783375993603
"2021","Potenzial","Early","Split",176,"71",2021-06-18,1786.52638888889,279.87,2102.08524,239.666666666667,310.807245572671
"2021","Potenzial","Early","Split",176,"77",2021-06-26,1924.42916666667,310.44,2238.09192,247,317.971167215294
"2021","Potenzial","Early","Split",176,"87",2021-07-17,2328.00416666667,378.67,2574.459,268,335.188829127798
"2021","Potenzial","Early","Split",220,"09",2020-11-03,166.3375,23.24,52.65936,12,4.29229651431501
"2021","Potenzial","Early","Split",220,"13",2021-01-14,520.009722222222,75.0166666666667,216.52704,84.3333333333333,50.5578260366433
"2021","Potenzial","Early","Split",220,"23",2021-03-21,782.726388888889,177.116666666667,597.60936,150.333333333333,142.539472028945
"2021","Potenzial","Early","Split",220,"31",2021-04-28,1040.075,205.31,1114.87092,188.333333333333,237.973205011568
"2021","Potenzial","Early","Split",220,"41",2021-05-29,1396.72777777778,261.39,1642.1598,219.333333333333,286.482365449431
"2021","Potenzial","Early","Split",220,"51",2021-06-05,1515.15833333333,271.24,1791.22968,226,295.10887526502
"2021","Potenzial","Early","Split",220,"61",2021-06-10,1619.47638888889,272.81,1893.12156,231.666666666667,300.527824846313
"2021","Potenzial","Early","Split",220,"71",2021-06-18,1770.45416666667,272.95,2084.78376,239,310.090476855853
"2021","Potenzial","Early","Split",220,"77",2021-06-26,1924.42916666667,310.44,2238.09192,247,317.971167215294
"2021","Potenzial","Early","Split",220,"87",2021-07-18,2352.83194444444,378.69,2600.01516,269.333333333333,336.540134301299
"2021","Potenzial","Late","Combined",176,"09",2020-12-01,182.908333333333,8.78,83.64708,26,14.8750550991095
"2021","Potenzial","Late","Combined",176,"13",2021-03-01,509.516666666667,125.15,358.8138,116,89.9399168373426
"2021","Potenzial","Late","Combined",176,"23",2021-04-06,713.541666666667,166.056666666667,718.59888,152.333333333333,178.548768409379
"2021","Potenzial","Late","Combined",176,"31",2021-05-09,980.822222222222,203.623333333333,1227.78228,185,250.977604382089
"2021","Potenzial","Late","Combined",176,"41",2021-05-31,1256.0375,239.073333333333,1629.89724,207.333333333333,284.103468364359
"2021","Potenzial","Late","Combined",176,"51",2021-06-05,1342.3,248,1731.57768,212,289.744225012685
"2021","Potenzial","Late","Combined",176,"61",2021-06-11,1459.34861111111,249.58,1847.79216,218.333333333333,295.907623446688
"2021","Potenzial","Late","Combined",176,"71",2021-06-19,1629.74027777778,263.55,2059.73472,226.333333333333,306.159364037155
"2021","Potenzial","Late","Combined",176,"77",2021-06-26,1751.57083333333,287.2,2178.43992,233,312.60651696296
"2021","Potenzial","Late","Combined",176,"87",2021-07-17,2155.14583333333,355.43,2514.807,254,329.824178875463
"2021","Potenzial","Late","Combined",220,"09",2020-12-01,182.908333333333,8.78,83.64708,26,14.8750550991095
"2021","Potenzial","Late","Combined",220,"13",2021-03-01,509.516666666667,125.15,358.8138,116,89.9399168373426
"2021","Potenzial","Late","Combined",220,"23",2021-04-07,719.9375,165.26,731.15712,153,182.135209700048
"2021","Potenzial","Late","Combined",220,"31",2021-05-06,944.694444444445,195.386666666667,1179.30084,182,246.172974415957
"2021","Potenzial","Late","Combined",220,"41",2021-06-01,1262.59166666667,238.15,1648.52532,208,285.594512199618
"2021","Potenzial","Late","Combined",220,"51",2021-06-07,1375.25416666667,248.16,1751.62608,214,290.964852144245
"2021","Potenzial","Late","Combined",220,"61",2021-06-12,1472.07916666667,249.59,1862.11476,219,296.652072299398
"2021","Potenzial","Late","Combined",220,"71",2021-06-18,1604.925,256.62,2033.8602,225.333333333333,305.115743914459
"2021","Potenzial","Late","Combined",220,"77",2021-06-26,1751.57083333333,287.2,2178.43992,233,312.60651696296
"2021","Potenzial","Late","Combined",220,"87",2021-07-19,2192.3875,355.46,2553.14124,256,331.851136635715
"2021","Potenzial","Late","Split",176,"09",2020-12-01,182.908333333333,8.78,83.64708,26,14.8750550991095
"2021","Potenzial","Late","Split",176,"13",2021-03-01,509.516666666667,125.15,358.8138,116,89.9399168373426
"2021","Potenzial","Late","Split",176,"23",2021-04-09,730.1,168.706666666667,750.20664,155,186.604539069179
"2021","Potenzial","Late","Split",176,"31",2021-05-03,908.566666666667,187.15,1130.8194,179,241.368344449825
"2021","Potenzial","Late","Split",176,"41",2021-06-01,1262.59166666667,238.15,1648.52532,208,285.594512199618
"2021","Potenzial","Late","Split",176,"51",2021-06-06,1364.26944444445,248.106666666667,1744.94328,213.333333333333,290.557976433725
"2021","Potenzial","Late","Split",176,"61",2021-06-12,1483.55138888889,249.6,1880.95116,219.666666666667,297.756648220882
"2021","Potenzial","Late","Split",176,"71",2021-06-18,1597.59583333333,249.71,2025.13176,225,304.725826603519
"2021","Potenzial","Late","Split",176,"77",2021-06-26,1751.57083333333,287.2,2178.43992,233,312.60651696296
"2021","Potenzial","Late","Split",176,"87",2021-07-19,2192.3875,355.46,2553.14124,256,331.851136635715
"2021","Potenzial","Late","Split",220,"09",2020-12-01,182.908333333333,8.78,83.64708,26,14.8750550991095
"2021","Potenzial","Late","Split",220,"13",2021-03-01,509.516666666667,125.15,358.8138,116,89.9399168373426
"2021","Potenzial","Late","Split",220,"23",2021-04-06,713.541666666667,166.056666666667,718.59888,152.333333333333,178.548768409379
"2021","Potenzial","Late","Split",220,"31",2021-05-03,908.566666666667,187.15,1130.8194,179,241.368344449825
"2021","Potenzial","Late","Split",220,"41",2021-05-31,1256.0375,239.073333333333,1629.89724,207.333333333333,284.103468364359
"2021","Potenzial","Late","Split",220,"51",2021-06-06,1364.26944444445,248.106666666667,1744.94328,213.333333333333,290.557976433725
"2021","Potenzial","Late","Split",220,"61",2021-06-12,1483.55138888889,249.6,1880.95116,219.666666666667,297.756648220882
"2021","Potenzial","Late","Split",220,"71",2021-06-19,1629.74027777778,263.55,2059.73472,226.333333333333,306.159364037155
"2021","Potenzial","Late","Split",220,"77",2021-06-26,1751.57083333333,287.2,2178.43992,233,312.60651696296
"2021","Potenzial","Late","Split",220,"87",2021-07-19,2204.07777777778,355.46,2563.18392,256.666666666667,332.44892687093
"2021","Torrild","Early","Combined",176,"09",2020-11-03,166.3375,23.24,52.65936,12,4.29229651431501
"2021","Torrild","Early","Combined",176,"13",2021-01-14,520.009722222222,75.0166666666667,216.52704,84.3333333333333,50.5578260366433
"2021","Torrild","Early","Combined",176,"23",2021-03-30,843.120833333333,180.55,695.98584,159,163.332547972984
"2021","Torrild","Early","Combined",176,"31",2021-04-26,1019.4,202.77,1077.07068,186,233.593310166272
"2021","Torrild","Early","Combined",176,"41",2021-05-28,1377.36666666667,261.39,1609.15104,218,284.243966948171
"2021","Torrild","Early","Combined",176,"51",2021-06-05,1515.15833333333,271.24,1791.22968,226,295.10887526502
"2021","Torrild","Early","Combined",176,"61",2021-06-10,1606.74583333333,272.8,1878.79896,231,299.783375993603
"2021","Torrild","Early","Combined",176,"71",2021-06-17,1761.71111111111,272.94,2076.21072,238.666666666667,309.763625449975
"2021","Torrild","Early","Combined",176,"77",2021-06-25,1912.1125,310.426666666667,2224.05108,246.333333333333,317.212518170504
"2021","Torrild","Early","Combined",176,"87",2021-07-17,2328.00416666667,378.67,2574.459,268,335.188829127798
"2021","Torrild","Early","Combined",220,"09",2020-11-03,166.3375,23.24,52.65936,12,4.29229651431501
"2021","Torrild","Early","Combined",220,"13",2021-01-14,520.009722222222,75.0166666666667,216.52704,84.3333333333333,50.5578260366433
"2021","Torrild","Early","Combined",220,"23",2021-03-25,808.484722222222,178.833333333333,640.52472,154.333333333333,152.464955182442
"2021","Torrild","Early","Combined",220,"31",2021-04-26,1019.4,202.77,1077.07068,186,233.593310166272
"2021","Torrild","Early","Combined",220,"41",2021-05-28,1377.36666666667,261.39,1609.15104,218,284.243966948171
"2021","Torrild","Early","Combined",220,"51",2021-06-05,1515.15833333333,271.24,1791.22968,226,295.10887526502
"2021","Torrild","Early","Combined",220,"61",2021-06-10,1606.74583333333,272.8,1878.79896,231,299.783375993603
"2021","Torrild","Early","Combined",220,"71",2021-06-17,1752.96805555556,272.93,2067.63768,238.333333333333,309.436774044098
"2021","Torrild","Early","Combined",220,"77",2021-06-26,1924.42916666667,310.44,2238.09192,247,317.971167215294
"2021","Torrild","Early","Combined",220,"87",2021-07-16,2314.81388888889,378.64,2563.0248,267.333333333333,334.619077004782
"2021","Torrild","Early","Split",176,"09",2020-11-03,166.3375,23.24,52.65936,12,4.29229651431501
"2021","Torrild","Early","Split",176,"13",2021-01-11,509.845833333333,69.8,210.62412,81,49.0164183444776
"2021","Torrild","Early","Split",176,"23",2021-04-03,869.841666666666,186.646666666667,746.64312,163.666666666667,175.857648001914
"2021","Torrild","Early","Split",176,"31",2021-04-26,1019.4,202.77,1077.07068,186,233.593310166272
"2021","Torrild","Early","Split",176,"41",2021-05-29,1396.72777777778,261.39,1642.1598,219.333333333333,286.482365449431
"2021","Torrild","Early","Split",176,"51",2021-06-05,1515.15833333333,271.24,1791.22968,226,295.10887526502
"2021","Torrild","Early","Split",176,"61",2021-06-10,1606.74583333333,272.8,1878.79896,231,299.783375993603
"2021","Torrild","Early","Split",176,"71",2021-06-17,1761.71111111111,272.94,2076.21072,238.666666666667,309.763625449975
"2021","Torrild","Early","Split",176,"77",2021-06-26,1924.42916666667,310.44,2238.09192,247,317.971167215294
"2021","Torrild","Early","Split",176,"87",2021-07-17,2328.00416666667,378.67,2574.459,268,335.188829127798
"2021","Torrild","Early","Split",220,"09",2020-11-03,166.3375,23.24,52.65936,12,4.29229651431501
"2021","Torrild","Early","Split",220,"13",2021-01-11,509.845833333333,69.8,210.62412,81,49.0164183444776
"2021","Torrild","Early","Split",220,"23",2021-03-25,793.290277777778,177.236666666667,626.14128,154,156.139557790708
"2021","Torrild","Early","Split",220,"31",2021-04-26,1019.4,202.77,1077.07068,186,233.593310166272
"2021","Torrild","Early","Split",220,"41",2021-05-29,1396.72777777778,261.39,1642.1598,219.333333333333,286.482365449431
"2021","Torrild","Early","Split",220,"51",2021-06-05,1515.15833333333,271.24,1791.22968,226,295.10887526502
"2021","Torrild","Early","Split",220,"61",2021-06-11,1630.94861111111,272.82,1911.95796,232.333333333333,301.632400767797
"2021","Torrild","Early","Split",220,"71",2021-06-18,1786.52638888889,279.87,2102.08524,239.666666666667,310.807245572671
"2021","Torrild","Early","Split",220,"77",2021-06-25,1912.1125,310.426666666667,2224.05108,246.333333333333,317.212518170504
"2021","Torrild","Early","Split",220,"87",2021-07-17,2328.00416666667,378.67,2574.459,268,335.188829127798
"2021","Torrild","Late","Combined",176,"09",2020-12-01,182.908333333333,8.78,83.64708,26,14.8750550991095
"2021","Torrild","Late","Combined",176,"13",2021-03-01,509.516666666667,125.15,358.8138,116,89.9399168373426
"2021","Torrild","Late","Combined",176,"23",2021-04-11,744.204166666667,170.006666666667,779.51928,157,191.251719136743
"2021","Torrild","Late","Combined",176,"31",2021-04-30,887.891666666667,184.61,1093.01916,176.666666666667,236.988449604529
"2021","Torrild","Late","Combined",176,"41",2021-06-01,1262.59166666667,238.15,1648.52532,208,285.594512199618
"2021","Torrild","Late","Combined",176,"51",2021-06-06,1364.26944444445,248.106666666667,1744.94328,213.333333333333,290.557976433725
"2021","Torrild","Late","Combined",176,"61",2021-06-12,1483.55138888889,249.6,1880.95116,219.666666666667,297.756648220882
"2021","Torrild","Late","Combined",176,"71",2021-06-18,1613.66805555555,256.63,2042.43324,225.666666666667,305.442595320337
"2021","Torrild","Late","Combined",176,"77",2021-06-26,1751.57083333333,287.2,2178.43992,233,312.60651696296
"2021","Torrild","Late","Combined",176,"87",2021-07-18,2179.97361111111,355.45,2540.36316,255.333333333333,331.175484048964
"2021","Torrild","Late","Combined",220,"09",2020-12-01,182.908333333333,8.78,83.64708,26,14.8750550991095
"2021","Torrild","Late","Combined",220,"13",2021-03-01,509.516666666667,125.15,358.8138,116,89.9399168373426
"2021","Torrild","Late","Combined",220,"23",2021-04-07,719.9375,165.26,731.15712,153,182.135209700048
"2021","Torrild","Late","Combined",220,"31",2021-05-03,908.566666666667,187.15,1130.8194,179,241.368344449825
"2021","Torrild","Late","Combined",220,"41",2021-06-02,1288.20555555556,239.996666666667,1677.28668,209.333333333333,287.089221531621
"2021","Torrild","Late","Combined",220,"51",2021-06-06,1364.26944444445,248.106666666667,1744.94328,213.333333333333,290.557976433725
"2021","Torrild","Late","Combined",220,"61",2021-06-12,1482.29305555555,249.6,1885.46496,219.666666666667,298.116775289656
"2021","Torrild","Late","Combined",220,"71",2021-06-18,1613.66805555555,256.63,2042.43324,225.666666666667,305.442595320337
"2021","Torrild","Late","Combined",220,"77",2021-06-26,1751.57083333333,287.2,2178.43992,233,312.60651696296
"2021","Torrild","Late","Combined",220,"87",2021-07-19,2192.3875,355.46,2553.14124,256,331.851136635715
"2021","Torrild","Late","Split",176,"09",2020-12-01,182.908333333333,8.78,83.64708,26,14.8750550991095
"2021","Torrild","Late","Split",176,"13",2021-03-01,509.516666666667,125.15,358.8138,116,89.9399168373426
"2021","Torrild","Late","Split",176,"23",2021-04-04,703.379166666667,162.61,699.54936,150.333333333333,174.079439040249
"2021","Torrild","Late","Split",176,"31",2021-04-30,887.891666666667,184.61,1093.01916,176.666666666667,236.988449604529
"2021","Torrild","Late","Split",176,"41",2021-06-01,1268.84444444444,239.996666666667,1644.27792,208,284.85082303036
"2021","Torrild","Late","Split",176,"51",2021-06-07,1375.25416666667,248.16,1751.62608,214,290.964852144245
"2021","Torrild","Late","Split",176,"61",2021-06-13,1495.02361111111,249.61,1899.78756,220.333333333333,298.861224142366
"2021","Torrild","Late","Split",176,"71",2021-06-17,1580.10972222222,249.69,2007.98568,224.333333333333,304.072123791764
"2021","Torrild","Late","Split",176,"77",2021-06-26,1751.57083333333,287.2,2178.43992,233,312.60651696296
"2021","Torrild","Late","Split",176,"87",2021-07-19,2191.66388888889,355.45,2550.40584,256,331.773274284179
"2021","Torrild","Late","Split",220,"09",2020-12-01,182.908333333333,8.78,83.64708,26,14.8750550991095
"2021","Torrild","Late","Split",220,"13",2021-03-01,509.516666666667,125.15,358.8138,116,89.9399168373426
"2021","Torrild","Late","Split",220,"23",2021-04-07,719.9375,165.26,731.15712,153,182.135209700048
"2021","Torrild","Late","Split",220,"31",2021-05-03,908.566666666667,187.15,1130.8194,179,241.368344449825
"2021","Torrild","Late","Split",220,"41",2021-06-01,1262.59166666667,238.15,1648.52532,208,285.594512199618
"2021","Torrild","Late","Split",220,"51",2021-06-05,1353.28472222222,248.053333333333,1738.26048,212.666666666667,290.151100723205
"2021","Torrild","Late","Split",220,"61",2021-06-12,1483.55138888889,249.6,1880.95116,219.666666666667,297.756648220882
"2021","Torrild","Late","Split",220,"71",2021-06-18,1613.66805555555,256.63,2042.43324,225.666666666667,305.442595320337
"2021","Torrild","Late","Split",220,"77",2021-06-26,1751.57083333333,287.2,2178.43992,233,312.60651696296
"2021","Torrild","Late","Split",220,"87",2021-07-18,2179.97361111111,355.45,2540.36316,255.333333333333,331.175484048964
