"DFG_year","timeid","var","nitrogen","appl","rep","GLA50","S","TT59","TT55","TT61","GCD59","GCD61","GCD55","LAImax59","LAImaxTT59","LAImax61","LAImaxTT61","LAImax55","LAImaxTT55","TT87","LAD59","LAD61","LAD55","GCD87"
"DFG2019","Early","Apertus","176","Combined","1",2197.64321252598,250,1764.12751805916,1663.56357950766,1781.2125,433.515694466814,416.430712525976,534.079633018312,4.51,1642.52916666667,4.51,1642.52916666667,4.51,1642.52916666667,2532.5,1955.41664372399,1878.36337515546,2408.96000654335,334.856787474024
"DFG2019","Early","Apertus","176","Combined","2",2212.18563063227,98.3387663924074,1752.07905172656,1649.3135603341,1781.2125,460.106578905705,430.973130632269,562.872070298173,4.93,1642.52916666667,6.77,1781.2125,4.93,1642.52916666667,2532.5,2270.18054031715,2920.23557308293,2776.81441287716,320.314369367731
"DFG2019","Early","Apertus","176","Combined","3",2204.86075138904,250,1764.12751805916,1663.56357950766,1781.2125,440.73323332988,423.648251389041,541.297171881377,3.97,1312.0125,5.57,1781.2125,3.97,1312.0125,2532.5,1749.94131810409,2360.04399114273,2149.18015416127,327.639248610958
"DFG2019","Early","Apertus","176","Split","1",2144.08978545949,39.4726302888659,1778.77579581582,1678.21583937418,1781.2125,365.313989643674,362.877285459493,465.873946085309,5.4,1642.52916666667,5.4,1642.52916666667,5.4,1642.52916666667,2532.5,1984.57998372678,1971.43026544126,2527.46890645235,388.410214540507
"DFG2019","Early","Apertus","176","Split","2",2212.79425023655,250,1762.24609686637,1661.06308397591,1781.2125,450.548153370173,431.581750236548,551.731166260639,5.81,1642.52916666667,6.38,1781.2125,5.81,1642.52916666667,2532.5,2618.02314248581,2753.86313441715,3205.89644737195,319.705749763452
"DFG2019","Early","Apertus","176","Split","3",2201.32398845271,250,1764.12751805916,1663.56357950766,1781.2125,437.196470393546,420.111488452707,537.760408945043,4.58,1504.98333333333,6.15,1781.2125,4.58,1504.98333333333,2532.5,2002.62518855905,2584.04197013061,2463.20802714246,331.176011547293
"DFG2019","Early","Apertus","220","Combined","1",2219.89312493435,111.513224787013,1776.97820102809,1675.81791406286,1781.2125,442.914923906254,438.680624934348,544.075210871487,5.77,1642.52916666667,5.77,1642.52916666667,5.77,1642.52916666667,2532.5,2557.31356472722,2532.88165965948,3141.00842058902,312.606875065652
"DFG2019","Early","Apertus","220","Combined","2",2232.25267031737,105.413349512218,1776.97820102809,1675.81791406286,1781.2125,455.274469289275,451.040170317368,556.434756254507,5.24,1504.98333333333,6.49,1781.2125,5.24,1504.98333333333,2532.5,2387.36972380253,2929.39525987839,2917.44962749554,300.247329682632
"DFG2019","Early","Apertus","220","Combined","3",2223.53585647963,118.931619938691,1786.61309032862,1687.34750574461,1781.2125,436.922766151011,442.32335647963,536.188350735023,5.19,1781.2125,5.19,1781.2125,4.39,1504.98333333333,2532.5,2268.97128393094,2297.00034773696,2355.00210847714,308.96414352037
"DFG2019","Early","Apertus","220","Split","1",2232.40522843464,82.7403243465221,1769.52633312638,1669.53954452701,1781.2125,462.878895308256,451.19272843464,562.865683907629,6.9,1642.52916666667,6.9,1642.52916666667,6.9,1642.52916666667,2532.5,3197.55986977913,3116.9253188303,3887.46871046807,300.09477156536
"DFG2019","Early","Apertus","220","Split","2",2228.19750628559,96.9238993995258,1764.12751805916,1663.56357950766,1781.2125,464.069988226433,446.985006285594,564.63392677793,5.38,1312.0125,5.59,1781.2125,5.38,1312.0125,2532.5,2498.79526301149,2500.82683052918,3039.82925240207,304.302493714406
"DFG2019","Early","Apertus","220","Split","3",2236.42431282299,72.9954580106814,1778.77579581582,1678.21583937418,1781.2125,457.648517007174,455.211812822994,558.208473448809,5.95,1642.52916666667,6.42,1781.2125,5.95,1642.52916666667,2532.5,2727.09359763448,2926.86743516555,3325.42533062795,296.075687177006
"DFG2019","Early","Capone","176","Combined","1",2228.19588480269,96.9457797877354,1777.82303409974,1676.7509699181,1781.2125,450.37285070295,446.983384802689,551.44491488459,4.67,1479.59166666667,4.67,1479.59166666667,4.67,1479.59166666667,2532.5,2105.0621487871,2089.23334031263,2577.06868705211,304.304115197311
"DFG2019","Early","Capone","176","Combined","2",2228.24599787006,96.6377810158604,1753.09548818588,1650.42295141786,1781.2125,475.150509684188,447.033497870063,577.823046452198,4.15,1642.52916666667,5.75,1781.2125,4.15,1642.52916666667,2532.5,1973.50314189238,2572.69900394087,2399.5941694762,304.254002129937
"DFG2019","Early","Capone","176","Combined","3",2223.55600983148,118.797352908798,1764.79869112033,1661.36440727376,1781.2125,458.757318711153,442.343509831483,562.191602557719,4.62,1312.0125,5.51,1781.2125,4.62,1312.0125,2532.5,2120.65625160858,2438.74085386622,2598.5226427786,308.943990168517
"DFG2019","Early","Capone","176","Split","1",2212.79425023649,250,1777.82303409974,1676.7509699181,1781.2125,434.971216136757,431.581750236495,536.043280318396,5.02,1379.96666666667,5.02,1379.96666666667,5.02,1379.96666666667,2532.5,2183.84786723175,2166.83274839693,2691.22962940437,319.705749763505
"DFG2019","Early","Capone","176","Split","2",2228.24768599897,96.6150397239633,1764.79869112033,1661.36440727376,1781.2125,463.448994878641,447.035185998971,566.883278725208,6.45,1642.52916666667,7.22,1781.2125,6.45,1642.52916666667,2532.5,2991.77829238879,3230.42861944822,3658.92942317898,304.252314001028
"DFG2019","Early","Capone","176","Split","3",2236.57268830873,72.0407406760148,1765.76278313166,1662.42166822534,1781.2125,470.809905177073,455.360188308732,574.151020083392,5.48,1312.0125,5.75,1781.2125,5.48,1312.0125,2532.5,2583.89853819776,2622.37154098321,3150.2078427789,295.927311691268
"DFG2019","Early","Capone","220","Combined","1",2259.16918039373,67.0137960079013,1779.63897928494,1679.17038787615,1781.2125,479.530201108792,477.956680393729,579.998792517583,5.92,1642.52916666667,5.92,1642.52916666667,5.92,1642.52916666667,2532.5,2843.61117684781,2834.29593530102,3438.38522063389,273.330819606271
"DFG2019","Early","Capone","220","Combined","2",2254.38835880549,69.8218713064556,1765.76278313166,1662.42166822534,1781.2125,488.625575673833,473.175858805492,591.966690580152,5.63,1504.98333333333,6.77,1781.2125,5.63,1504.98333333333,2532.5,2755.18406889519,3208.47756189236,3336.99454020891,278.111641194508
"DFG2019","Early","Capone","220","Combined","3",2245.15943831328,90.7646306951192,1767.88666171627,1665.18765490182,1781.2125,477.272776597005,463.946938313276,579.971783411455,4.98,1312.0125,4.98,1312.0125,4.98,1312.0125,2532.5,2379.04872631393,2312.68605169707,2890.48978021375,287.340561686724
"DFG2019","Early","Capone","220","Split","1",2279.46888466494,39.1884989305773,1765.76278313166,1662.42166822534,1781.2125,513.706101533277,498.256384664936,617.047216439596,6.21,1642.52916666667,7.06,1781.2125,6.21,1642.52916666667,2532.5,3198.69766555247,3527.45348960671,3840.43478153419,253.031115335064
"DFG2019","Early","Capone","220","Split","2",2260.10751230137,41.8217153311356,1766.90711733959,1664.11205034697,1781.2125,493.200394961775,478.895012301368,595.995461954399,7.75,1504.98333333333,7.75,1504.98333333333,7.75,1504.98333333333,2532.5,3834.69310633082,3723.83084505328,4631.34490404333,272.392487698632
"DFG2019","Early","Capone","220","Split","3",2276.25095715406,35.7476945111512,1765.02550153851,1664.55095667975,1781.2125,511.225455615548,495.038457154055,611.70000047431,6.14,1642.52916666667,6.14,1642.52916666667,6.14,1642.52916666667,2532.5,3147.19297946497,3047.81802665192,3764.07737097756,256.249042845945
"DFG2019","Early","Patras","176","Combined","1",2195.6376044776,250,1776.10723928366,1674.86056759014,1781.2125,419.530365193942,414.425104477597,520.777036887453,4.86,1763.40833333333,4.86,1763.40833333333,4.77,1642.52916666667,2532.5,2039.19842422202,2014.38685710783,2484.38211438887,336.862395522403
"DFG2019","Early","Patras","176","Combined","2",2199.52145261476,250,1752.32912816465,1649.831078955,1781.2125,447.192324450107,418.308952614755,549.690373659757,4.91,1642.52916666667,6.41,1781.2125,4.91,1642.52916666667,2532.5,2195.99855366679,2681.73146213255,2699.26397531003,332.978547385245
"DFG2019","Early","Patras","176","Combined","3",2197.64321252598,250,1751.02976436583,1648.17379415997,1781.2125,446.61344816015,416.430712525976,549.469418366009,5.35,1312.0125,5.35,1312.0125,5.35,1312.0125,2532.5,2389.69139541374,2228.21375988508,2939.97083609228,334.856787474024
"DFG2019","Early","Patras","176","Split","1",2139.99674781631,50.6607872459441,1777.88374202685,1677.23390165189,1781.2125,362.113005789459,358.784247816313,462.762846164419,5.7,1379.96666666667,5.7,1379.96666666667,5.7,1379.96666666667,2532.5,2071.82464233374,2052.85238215476,2645.51317378314,392.503252183687
"DFG2019","Early","Patras","176","Split","2",2199.52145261476,250,1763.8055336896,1660.28040510055,1781.2125,435.715918925159,418.308952614755,539.241047514209,5.11,1642.52916666667,6.42,1781.2125,5.11,1642.52916666667,2532.5,2226.80416442987,2685.91513056021,2755.8175714687,332.978547385245
"DFG2019","Early","Patras","176","Split","3",2199.52145261474,250,1774.09585968458,1671.79928342816,1781.2125,425.425592930159,418.308952614744,527.72216918658,4.28,1379.96666666667,5.67,1781.2125,4.28,1379.96666666667,2532.5,1821.06930754973,2372.13999848536,2258.89865396216,332.978547385256
"DFG2019","Early","Patras","220","Combined","1",2216.1468423344,104.742463539961,1778.96638954654,1678.64790878528,1781.2125,437.180452787853,434.934342334397,537.498933549116,5.85,1642.52916666667,5.85,1642.52916666667,5.85,1642.52916666667,2532.5,2559.44955700912,2546.30981085785,3146.31266948386,316.353157665603
"DFG2019","Early","Patras","220","Combined","2",2223.53488240186,118.939621744906,1748.85182307246,1645.34331879716,1781.2125,474.683059329397,442.322382401859,578.191563604701,5.74,1642.52916666667,7.05,1781.2125,5.74,1642.52916666667,2532.5,2726.16491715325,3120.19567116383,3320.30373211363,308.965117598141
"DFG2019","Early","Patras","220","Combined","3",2203.09166080408,250,1751.02976436583,1648.17379415997,1781.2125,452.061896438258,421.879160804083,554.917866644117,4.73,1312.0125,5.08,1781.2125,4.73,1312.0125,2532.5,2138.5270350388,2143.44069617195,2625.03577409836,329.408339195917
"DFG2019","Early","Patras","220","Split","1",2206.66765864681,250,1764.88114825237,1661.88272591745,1781.2125,441.786510394438,425.455158646807,544.78493272936,5.46,1642.52916666667,6.78,1781.2125,5.46,1642.52916666667,2532.5,2412.47145394387,2884.97974610826,2974.84283986474,325.832341353193
"DFG2019","Early","Patras","220","Split","2",2219.89312493435,111.513224787013,1765.89564527144,1663.00646956662,1781.2125,453.997479662907,438.680624934348,556.886655367723,6.46,1504.98333333333,6.95,1781.2125,6.46,1504.98333333333,2532.5,2934.72080206259,3050.87132316003,3599.38487698787,312.606875065652
"DFG2019","Early","Patras","220","Split","3",2219.89092767168,111.533724141723,1767.36489049611,1664.7651307451,1781.2125,452.526037175576,438.678427671683,555.125796926587,5.31,1642.52916666667,5.31,1642.52916666667,5.31,1642.52916666667,2532.5,2404.47205013235,2330.94124366914,2949.27677432617,312.609072328317
"DFG2019","Early","Pionier","176","Combined","1",2197.62429841335,80.7483885529998,1786.70253240183,1686.76465055297,1781.2125,410.921766011524,416.411798413352,510.859647860386,4.58,1642.52916666667,4.58,1642.52916666667,4.58,1642.52916666667,2532.5,1884.55981368181,1909.70416087872,2342.27530706728,334.875701586648
"DFG2019","Early","Pionier","176","Combined","2",2219.89092767168,111.533724141723,1766.90711733959,1664.11205034697,1781.2125,452.98381033209,438.678427671683,555.778877324714,5.03,1642.52916666667,5.03,1642.52916666667,5.03,1642.52916666667,2532.5,2279.98516247343,2208.02908769412,2797.04434935877,312.609072328317
"DFG2019","Early","Pionier","176","Combined","3",2232.25217545214,105.421310971415,1778.77579581582,1678.21583937418,1781.2125,453.476379636317,451.039675452137,554.036336077952,4.16,1504.98333333333,5.56,1781.2125,4.16,1504.98333333333,2532.5,1887.83616121078,2509.61756327747,2306.16557999967,300.247824547863
"DFG2019","Early","Pionier","176","Split","1",2219.89092767168,111.533724141723,1784.9841417492,1684.46007964471,1781.2125,434.906785922482,438.678427671683,535.430848026969,5.74,1642.52916666667,5.74,1642.52916666667,5.74,1642.52916666667,2532.5,2498.0499738477,2519.69919748792,3075.05809043268,312.609072328317
"DFG2019","Early","Pionier","176","Split","2",2212.17975691367,98.4485648307445,1784.9841417492,1684.46007964471,1781.2125,427.195615164467,430.967256913668,527.719677268954,7.11,1781.2125,7.11,1781.2125,6.84,1504.98333333333,2532.5,3040.03027302538,3066.84664584597,3612.17067014455,320.320243086332
"DFG2019","Early","Pionier","176","Split","3",2216.14273576167,104.7910229652,1771.93754939015,1671.88839338991,1781.2125,444.205186371515,434.930235761667,544.254342371753,4.68,1642.52916666667,6.24,1781.2125,4.68,1642.52916666667,2532.5,2080.4339554122,2716.03624874925,2548.66400552448,316.357264238333
"DFG2019","Early","Pionier","220","Combined","1",2267.364417946,73.5685969040065,1776.97820102809,1675.81791406286,1781.2125,490.386216917902,486.151917945995,591.546503883135,7.12,1642.52916666667,7.12,1642.52916666667,7.12,1642.52916666667,2532.5,3496.38457911865,3466.23637097745,4216.64581957182,265.135582054005
"DFG2019","Early","Pionier","220","Combined","2",2280.31925704532,47.2903224024252,1765.89564527144,1663.00646956662,1781.2125,514.423611773876,499.106757045316,617.312787478692,6.07,1642.52916666667,7.37,1781.2125,6.07,1642.52916666667,2532.5,3130.41874000659,3687.96993705696,3754.95485889959,252.180742954683
"DFG2019","Early","Pionier","220","Combined","3",2240.92661611494,80.8391706328768,1766.90711733959,1664.11205034697,1781.2125,474.019498775346,459.714116114939,576.81456576797,4.79,1312.0125,6.35,1781.2125,4.79,1312.0125,2532.5,2273.24805252673,2922.75688196994,2765.63642295627,291.573383885061
"DFG2019","Early","Pionier","220","Split","1",2273.28887678145,66.5731719103425,1785.81941692479,1686.46595494046,1781.2125,487.46945985666,492.076376781448,586.82292184099,7.23,1781.2125,7.23,1781.2125,6.45,1642.52916666667,2532.5,3530.2951882872,3563.60319441073,3790.26327900034,259.211123218552
"DFG2019","Early","Pionier","220","Split","2",2224.10052353626,89.0700593061508,1769.25974662222,1668.51718226462,1781.2125,454.840776914038,442.888023536263,555.583341271644,7.32,1642.52916666667,7.69,1781.2125,7.32,1642.52916666667,2532.5,3332.80857932276,3409.35354017832,4070.24414861123,308.399476463737
"DFG2019","Early","Pionier","220","Split","3",2259.16918039373,67.0137960079013,1778.77579581582,1678.21583937418,1781.2125,480.39338457791,477.956680393729,580.953341019545,5.84,1642.52916666667,6.88,1781.2125,5.84,1642.52916666667,2532.5,2810.2249896805,3293.91149237686,3397.49511872896,273.330819606271
"DFG2019","Late","Apertus","176","Combined","1",2101.94083923633,99.4073942959682,1656.0980706193,1559.14185461646,1667.01666666667,445.842768617028,434.924172569659,542.798984619869,5.06,1365.39583333333,5.06,1365.39583333333,5.06,1365.39583333333,2418.30416666667,2257.73494915008,2202.48685315439,2748.33340215877,316.363327430341
"DFG2019","Late","Apertus","176","Combined","2",2105.68515420026,105.831456165564,1671.16306700098,1574.13746133506,1667.01666666667,434.522087199286,438.668487533592,531.547692865205,5.37,1667.01666666667,5.37,1667.01666666667,4.42,1528.33333333333,2418.30416666667,2335.04440796105,2357.31057775615,2350.80779222585,312.619012466408
"DFG2019","Late","Apertus","176","Combined","3",2092.28647421034,250,1656.59250502134,1559.67130715379,1667.01666666667,435.693969189006,425.269807543671,532.615167056552,4.47,1390.7875,5.6,1667.01666666667,4.47,1390.7875,2418.30416666667,1947.79819520155,2381.81930197046,2381.03594975248,326.017692456329
"DFG2019","Late","Apertus","176","Split","1",2105.68515363963,105.831460932337,1670.78900206922,1573.57022456959,1667.01666666667,434.896151570414,438.668486972961,532.114929070039,5.35,1528.33333333333,5.35,1528.33333333333,5.35,1528.33333333333,2418.30416666667,2328.34902497936,2348.53101938288,2848.46948468372,312.619013027039
"DFG2019","Late","Apertus","176","Split","2",2087.21978384891,250,1670.64828663818,1573.3471455031,1667.01666666667,416.571497210736,420.203117182243,513.872638345812,6.77,1667.01666666667,6.77,1667.01666666667,5.56,1528.33333333333,2418.30416666667,2820.56094223511,2845.14700930263,2857.43730467059,331.084382817757
"DFG2019","Late","Apertus","176","Split","3",2109.32626717503,112.871005529658,1670.68259411257,1573.61900267629,1667.01666666667,438.643673062462,442.309600508357,535.707264498733,6.06,1667.01666666667,6.06,1667.01666666667,4.52,1390.7875,2418.30416666667,2659.83122319263,2682.04674351481,2422.6279497761,308.977899491643
"DFG2019","Late","Apertus","220","Combined","1",2112.99770318548,120.825433426332,1670.50262396654,1573.34724020803,1667.01666666667,442.495079218947,445.981036518812,539.650462977455,5.75,1528.33333333333,5.75,1528.33333333333,5.75,1528.33333333333,2418.30416666667,2545.71578873449,2565.76004318897,3104.35924533977,305.306463481188
"DFG2019","Late","Apertus","220","Combined","2",2126.71422979006,76.7150810354429,1656.40144747738,1559.38442186015,1667.01666666667,470.312782312688,459.697563123395,567.329807929912,6.48,1528.33333333333,7.13,1667.01666666667,6.48,1528.33333333333,2418.30416666667,3051.46860893406,3281.87076876708,3680.13893428912,291.589936876605
"DFG2019","Late","Apertus","220","Combined","3",2122.44595993606,86.7324702091519,1671.34778448887,1574.4083132773,1667.01666666667,451.098175447184,455.429293269388,548.037646658753,6.83,1667.01666666667,6.83,1667.01666666667,5.49,1528.33333333333,2418.30416666667,3084.16856033067,3113.75009502985,3011.27315749318,295.858206730612
"DFG2019","Late","Apertus","220","Split","1",2126.71140682601,76.6734345761722,1670.68259411257,1573.61900267629,1667.01666666667,456.028812713449,459.694740159344,553.09240414972,7.19,1528.33333333333,7.19,1528.33333333333,7.19,1528.33333333333,2418.30416666667,3283.11444970697,3309.47246781992,3981.00167072547,291.592759840656
"DFG2019","Late","Apertus","220","Split","2",2118.19391802411,78.4703133225229,1648.23651732095,1546.81366358577,1667.01666666667,469.957400703161,451.177251357438,571.380254438337,5.61,1390.7875,7.27,1667.01666666667,5.61,1390.7875,2418.30416666667,2639.63070350499,3284.16621407316,3208.61291263278,300.110248642562
"DFG2019","Late","Apertus","220","Split","3",2118.19372821071,78.5202119849751,1657.27186750846,1560.22834907607,1667.01666666667,460.921860702251,451.177061544045,557.965379134646,5.81,1528.33333333333,6.32,1667.01666666667,5.81,1528.33333333333,2418.30416666667,2681.23455872856,2855.00536727402,3245.05740030599,300.110438455955
"DFG2019","Late","Capone","176","Combined","1",2136.05579079691,60.5883497170359,1670.50189101193,1573.10589836462,1667.01666666667,465.553899784979,469.039124130235,562.949892432289,4.49,1528.33333333333,4.49,1528.33333333333,4.49,1528.33333333333,2418.30416666667,2094.53720608904,2110.18585840558,2531.8451725179,282.248375869765
"DFG2019","Late","Capone","176","Combined","2",2131.33602146846,66.7341402311864,1670.64828663818,1573.3471455031,1667.01666666667,460.68773483028,464.319354801787,557.988875965356,5.24,1667.01666666667,5.24,1667.01666666667,4.23,1528.33333333333,2418.30416666667,2418.08784270467,2437.1175297867,2363.58984379843,286.968145198213
"DFG2019","Late","Capone","176","Combined","3",2117.61994406633,60.8858106382837,1671.66680577904,1574.448338526,1667.01666666667,445.953138287293,450.60327739966,543.171605540326,4.63,1667.01666666667,4.63,1667.01666666667,3.3,1528.33333333333,2418.30416666667,2069.05735684677,2090.58748987357,1795.52700082549,300.68422260034
"DFG2019","Late","Capone","176","Split","1",2130.91951792861,86.6576416274816,1671.3885470085,1573.9984155424,1667.01666666667,459.530970920109,463.902851261938,556.921102386205,5.21,1528.33333333333,5.21,1528.33333333333,5.21,1528.33333333333,2418.30416666667,2396.58604847757,2419.36354504375,2903.98863334501,287.384648738062
"DFG2019","Late","Capone","176","Split","2",2131.32852797362,66.6203139603288,1671.5033580254,1574.18817664213,1667.01666666667,459.825169948217,464.311861306951,557.140351331495,6.16,1667.01666666667,6.16,1667.01666666667,4.92,1390.7875,2418.30416666667,2837.3400030194,2864.97801940668,2744.97782662814,286.975638693048
"DFG2019","Late","Capone","176","Split","3",2126.71422979006,76.7150810354429,1670.64828663818,1573.3471455031,1667.01666666667,456.065943151887,459.697563123395,553.367084286964,6.14,1667.01666666667,6.14,1667.01666666667,4.17,1528.33333333333,2418.30416666667,2803.88509623055,2826.18324266899,2310.01299734874,291.589936876605
"DFG2019","Late","Capone","220","Combined","1",2166.10448085066,44.9213166182453,1679.26141973688,1582.43013489114,1667.01666666667,486.843061113788,499.087814183994,583.674345959524,5.53,1528.33333333333,5.53,1528.33333333333,5.53,1528.33333333333,2418.30416666667,2699.85964966896,2767.57249952685,3235.33461356501,252.199685816006
"DFG2019","Late","Capone","220","Combined","2",2162.0125876932,33.9785702199089,1656.20863906683,1559.08702153379,1667.01666666667,505.803948626368,494.995921026532,602.925566159408,5.34,1390.7875,6.64,1667.01666666667,5.34,1390.7875,2418.30416666667,2708.87880325857,3296.58775278251,3227.4822910232,256.291578973468
"DFG2019","Late","Capone","220","Combined","3",2154.00307123468,36.1284839605984,1687.82696073069,1589.6575716516,1667.01666666667,466.176110503988,486.98640456801,564.34549958308,5.89,1667.01666666667,5.89,1667.01666666667,4.79,1197.81666666667,2418.30416666667,2755.67193402396,2878.22983718964,2711.23274516549,264.30109543199
"DFG2019","Late","Capone","220","Split","1",2156.20784188422,42.7664726262328,1670.50189101193,1573.10589836462,1667.01666666667,485.705950872297,489.191175217553,583.101943519607,6.44,1528.33333333333,6.44,1528.33333333333,6.44,1528.33333333333,2418.30416666667,3137.69729498823,3160.14174940475,3764.92334117544,262.096324782447
"DFG2019","Late","Capone","220","Split","2",2122.50192653256,86.3538828943159,1655.91277092613,1558.60646515637,1667.01666666667,466.589155606429,455.485259865888,563.89546137619,6.72,1528.33333333333,6.89,1667.01666666667,6.72,1528.33333333333,2418.30416666667,3138.62349049511,3141.51735029007,3792.52186520636,295.802240134112
"DFG2019","Late","Capone","220","Split","3",2126.80325669916,75.9466296259141,1678.41229012304,1581.56848813487,1667.01666666667,448.390966576113,459.786590032485,545.234768564285,6.29,1667.01666666667,6.29,1667.01666666667,4.52,1528.33333333333,2418.30416666667,2824.18330339468,2895.86177406728,2467.19479926741,291.500909967514
"DFG2019","Late","Patras","176","Combined","1",2085.5106806228,250,1647.51074599778,1549.19674975453,1667.01666666667,437.999934625018,418.494013956127,536.313930868272,4.34,1528.33333333333,4.34,1528.33333333333,4.34,1528.33333333333,2418.30416666667,1901.15793649506,1816.50224079599,2327.84068019216,332.793486043873
"DFG2019","Late","Patras","176","Combined","2",2095.98749468263,250,1654.86826210161,1557.74669779065,1667.01666666667,441.119232581021,428.970828015958,538.240796891976,5.04,1390.7875,6.41,1667.01666666667,5.04,1390.7875,2418.30416666667,2223.51896483991,2750.05661638031,2713.01164892369,322.316671984042
"DFG2019","Late","Patras","176","Combined","3",2090.57322376506,250,1636.2257034496,1536.11520077869,1667.01666666667,454.347520315461,423.556557098387,554.458022986365,3.93,1390.7875,5.61,1667.01666666667,3.93,1390.7875,2418.30416666667,1785.80199397089,2376.46096271725,2179.23626952972,327.730942901613
"DFG2019","Late","Patras","176","Split","1",2085.5106806228,250,1662.40397177525,1564.05352746427,1667.01666666667,423.106708847552,418.494013956127,521.457153158527,5.31,1528.33333333333,5.31,1528.33333333333,5.31,1528.33333333333,2418.30416666667,2246.98808683348,2222.49467710292,2769.22894625848,332.793486043873
"DFG2019","Late","Patras","176","Split","2",2095.98749468263,250,1647.37154681013,1548.97071888597,1667.01666666667,448.615947872496,428.970828015958,547.016775796656,5.82,1528.33333333333,7.36,1667.01666666667,5.82,1528.33333333333,2418.30416666667,2611.26587800337,3157.63130991561,3183.95869657722,322.316671984042
"DFG2019","Late","Patras","176","Split","3",2087.21978384891,250,1676.47777688414,1579.70607555824,1667.01666666667,410.742006964775,420.203117182243,507.513708290674,6.53,1667.01666666667,6.53,1667.01666666667,4.58,1528.33333333333,2418.30416666667,2682.50402742604,2744.28507691967,2324.6643836968,331.084382817757
"DFG2019","Late","Patras","220","Combined","1",2109.32439225848,112.885622831119,1662.40397177525,1564.05352746427,1667.01666666667,446.920420483239,442.307725591814,545.270864794215,6.51,1528.33333333333,6.51,1528.33333333333,6.51,1528.33333333333,2418.30416666667,2911.22460771216,2881.19596397309,3551.48600002755,308.979774408186
"DFG2019","Late","Patras","220","Combined","2",2109.32532943043,112.878316890645,1670.6658756459,1572.91922184176,1667.01666666667,438.659453784536,442.308662763761,536.40610758867,7.1,1667.01666666667,7.1,1667.01666666667,5.87,1390.7875,2418.30416666667,3116.41570012744,3142.32508387999,3150.30245800534,308.978837236239
"DFG2019","Late","Patras","220","Combined","3",2105.68303272031,105.850242062597,1651.34983679799,1551.15213690487,1667.01666666667,454.333195922319,438.666366053638,554.530895815434,4.16,1265.77083333333,5.21,1667.01666666667,4.16,1265.77083333333,2418.30416666667,1891.31221570253,2287.06250961082,2308.13464719978,312.621133946362
"DFG2019","Late","Patras","220","Split","1",2113.98460566521,92.0057635491094,1670.48602157154,1572.64821731761,1667.01666666667,443.498584093674,446.967938998539,541.336388347596,6.64,1365.39583333333,6.64,1365.39583333333,6.64,1365.39583333333,2418.30416666667,2947.55787169554,2970.59438620333,3597.20089189372,304.319561001461
"DFG2019","Late","Patras","220","Split","2",2118.03987657438,100.048942464727,1654.69978566727,1557.47598491521,1667.01666666667,463.340090907109,451.023209907705,560.563891659166,5.75,1390.7875,6.84,1667.01666666667,5.75,1390.7875,2418.30416666667,2666.20687043936,3087.37948940804,3225.24372476899,300.264290092295
"DFG2019","Late","Patras","220","Split","3",2109.32532943043,112.878316890645,1661.49839434045,1563.16910850569,1667.01666666667,447.826935089978,442.308662763761,546.156220924742,5.58,1528.33333333333,5.74,1667.01666666667,5.58,1528.33333333333,2418.30416666667,2500.3939269066,2540.41492696777,3049.07134170144,308.978837236239
"DFG2019","Late","Pionier","176","Combined","1",2122.21737032513,69.3758224887994,1678.41726019712,1581.80307885365,1667.01666666667,443.800110128005,455.200703658457,540.414291471475,5.17,1528.33333333333,5.17,1528.33333333333,5.17,1528.33333333333,2418.30416666667,2298.17608357351,2357.11714809367,2797.67139066705,296.086796341543
"DFG2019","Late","Pionier","176","Combined","2",2135.28402600677,77.2600659280357,1670.68259411257,1573.61900267629,1667.01666666667,464.601431894202,468.267359340097,561.665023330472,6.61,1667.01666666667,6.61,1667.01666666667,5.09,1390.7875,2418.30416666667,3074.89176464902,3099.12354493603,2861.85989491925,283.020140659903
"DFG2019","Late","Pionier","176","Combined","3",2126.71422979006,76.7150810354429,1670.32233889441,1573.06703861708,1667.01666666667,456.391890895659,459.697563123395,553.647191172987,5.69,1197.81666666667,5.69,1197.81666666667,5.69,1197.81666666667,2418.30416666667,2600.24327416844,2619.05254898804,3153.62593166199,291.589936876605
"DFG2019","Late","Pionier","176","Split","1",2131.12571500843,109.779363998729,1693.85914682661,1595.94362214946,1667.01666666667,437.266568181814,464.109048341758,535.182092858972,5.46,1649.2125,5.46,1649.2125,5.44,1528.33333333333,2418.30416666667,2389.06371313739,2535.6236547962,2912.97301826997,287.178451658242
"DFG2019","Late","Pionier","176","Split","2",2131.17499628885,68.295467142725,1670.32233889441,1573.06703861708,1667.01666666667,460.852657394448,464.158329622183,558.107957671775,5.99,1667.01666666667,5.99,1667.01666666667,5.89,1528.33333333333,2418.30416666667,2764.97221627138,2784.77319178276,3291.64612348409,287.129170377817
"DFG2019","Late","Pionier","176","Split","3",2126.71422979006,76.7150810354429,1670.50262396654,1573.34724020803,1667.01666666667,456.211605823529,459.697563123395,553.366989582037,6,1667.01666666667,6,1667.01666666667,4.86,1528.33333333333,2418.30416666667,2740.82683878795,2761.74258241269,2692.24490355058,291.589936876605
"DFG2019","Late","Pionier","220","Combined","1",2160.87335790092,55.8697235579699,1671.06021520605,1573.18172963996,1667.01666666667,489.813142694869,493.856691234249,587.691628260963,6.82,1365.39583333333,6.82,1365.39583333333,6.82,1365.39583333333,2418.30416666667,3347.73691919261,3375.31390529016,4015.268078256,257.43080876575
"DFG2019","Late","Pionier","220","Combined","2",2177.31925478607,47.2122625776159,1655.91346001291,1558.86204602863,1667.01666666667,521.40579477316,510.302588119403,618.45720875744,4.78,1390.7875,7.2,1667.01666666667,4.78,1390.7875,2418.30416666667,2498.24937465585,3683.11059273576,2962.15475487459,240.984911880596
"DFG2019","Late","Pionier","220","Combined","3",2130.91951792861,86.6576416274816,1656.28158580304,1559.41392481766,1667.01666666667,474.637932125571,463.902851261938,571.505593110949,5.08,1528.33333333333,5.11,1667.01666666667,5.08,1528.33333333333,2418.30416666667,2413.52975948149,2372.92662479339,2905.61747725612,287.384648738062
"DFG2019","Late","Pionier","220","Split","1",2183.21822714694,40.7432360700795,1678.24249089267,1581.53149110953,1667.01666666667,504.975736254267,516.201560480266,601.686736037408,6.64,1528.33333333333,6.64,1528.33333333333,6.64,1528.33333333333,2418.30416666667,3361.20309743759,3435.74112548638,4003.35871914737,235.085939519734
"DFG2019","Late","Pionier","220","Split","2",2127.17065902494,57.8273278708202,1670.18813431723,1572.85116510837,1667.01666666667,456.982524707709,460.153992358271,554.319493916571,7.43,1667.01666666667,7.43,1667.01666666667,6.81,1390.7875,2418.30416666667,3402.96771423164,3426.53170005423,3781.86921102153,291.133507641729
"DFG2019","Late","Pionier","220","Split","3",2143.5072505019,82.5129537030178,1670.86174615553,1573.88370299723,1667.01666666667,472.645504346362,476.490583835226,569.623547504671,6.52,1667.01666666667,6.52,1667.01666666667,5.88,1528.33333333333,2418.30416666667,3085.01663306718,3110.08655131578,3352.42380812379,274.796916164774
"DFG2020","Early","Alves","176","Combined","1",2262.27681093876,18.7561012308737,1820.35138580546,1725.99448535775,1774.14583333333,441.925425133305,488.130977605434,536.282325581012,4.25,1707.575,4.25,1707.575,4.25,1707.575,2436.80833333333,1800.20621977886,1993.9694942693,2196.95006416645,174.531522394566
"DFG2020","Early","Alves","176","Combined","2",2281.97710384556,18.5838598245749,1793.41511793368,1699.4608202269,1707.575,488.561985911876,574.402103845556,582.51628361866,4.72,1789.5625,3.98,1578.55833333333,3.98,1578.55833333333,2436.80833333333,2192.53152712245,2187.89409813368,2220.04796958386,154.831229487774
"DFG2020","Early","Alves","176","Combined","3",2179.38552430147,20.6125960456882,1808.86460621431,1713.10156245808,1707.575,370.520918087169,471.810524301474,466.283961843397,3.08,1806.20833333333,3.04,1594.80833333333,3.04,1594.80833333333,2436.80833333333,1136.17636910049,1425.50447560537,1408.81669388098,257.422809031856
"DFG2020","Early","Alves","176","Split","1",2286.12929120854,18.3397976679316,1819.96334862398,1728.75353086226,1774.14583333333,466.16594258456,511.983457875209,557.375760346283,5.5,1707.575,5.5,1707.575,5.5,1707.575,2436.80833333333,2423.82249612622,2672.78122694828,2920.55145562827,150.679042124791
"DFG2020","Early","Alves","176","Split","2",2196.96916417015,16.6495089739567,1809.13506197301,1713.41300042852,1707.575,387.834102197144,489.394164170151,483.556163741633,5.65,1789.5625,3.89,1394.14166666667,3.89,1394.14166666667,2436.80833333333,2142.98191244976,1860.72405076838,1838.36076408367,239.83916916318
"DFG2020","Early","Alves","176","Split","3",2213.96957615349,17.1507297406629,1803.03275083148,1709.41661715483,1707.575,410.936825322019,506.394576153494,504.55295899866,3.47,1594.80833333333,3.47,1594.80833333333,3.47,1594.80833333333,2436.80833333333,1386.45392661842,1711.42862947535,1705.1123523239,222.838757179836
"DFG2020","Early","Alves","220","Combined","1",2326.61947809776,25.4842530384418,1793.55082315459,1699.50724512937,1707.575,533.068654943166,619.044478097759,627.11223296839,4.19,1578.55833333333,4.19,1578.55833333333,4.19,1578.55833333333,2436.80833333333,2146.5440117191,2506.51073680676,2540.30262940583,110.188855235571
"DFG2020","Early","Alves","220","Combined","2",2297.79932487133,22.0358004311663,1801.943296133,1707.84228546481,1707.575,495.856028738334,590.224324871333,589.957039406523,5.61,1594.80833333333,5.61,1594.80833333333,5.61,1594.80833333333,2436.80833333333,2669.71839751253,3197.65865517724,3196.16134610943,139.009008461997
"DFG2020","Early","Alves","220","Combined","3",2346.6372674367,22.2308037722771,1798.86148607749,1702.56946742377,1707.575,547.775781359214,639.062267436704,644.067800012933,4.19,1594.80833333333,4.19,1594.80833333333,4.19,1594.80833333333,2436.80833333333,2155.27431178721,2537.14802020549,2558.1039076652,90.1710658966258
"DFG2020","Early","Alves","220","Split","1",2337.97836863492,27.717170567818,1795.44776042163,1699.58916425731,1707.575,542.530608213295,630.403368634923,638.389204377617,6.14,1707.575,6.14,1707.575,5.17,1460.25833333333,2436.80833333333,3207.39403147087,3746.73848658458,3196.10741188949,98.8299646984069
"DFG2020","Early","Alves","220","Split","2",2352.94777719443,38.5316662753336,1809.13506197301,1713.41300042852,1707.575,543.812715221427,645.372777194433,639.534776765916,6,1806.20833333333,5.96,1707.575,5.96,1707.575,2436.80833333333,3188.55482685345,3772.58596822441,3737.79164619441,83.8605561388968
"DFG2020","Early","Alves","220","Split","3",2262.08817101735,17.8710062844286,1793.41511793368,1699.4608202269,1707.575,468.67305308367,554.513171017351,562.627350790454,5.16,1594.80833333333,5.16,1594.80833333333,5.16,1594.80833333333,2436.80833333333,2310.80675671652,2749.12215584034,2790.7293562136,174.720162315979
"DFG2020","Early","Apertus","176","Combined","1",2334.79230605751,26.0009395929924,1829.48440336928,1735.68288659821,1774.14583333333,505.307902688226,560.646472724176,599.109419459293,2.98,1707.575,2.98,1707.575,2.98,1707.575,2469.25416666667,1461.30811178833,1626.01677802857,1740.56706383993,134.461860609164
"DFG2020","Early","Apertus","176","Combined","2",2345.00751656207,23.8204395263646,1829.48440336928,1735.68288659821,1774.14583333333,515.523113192786,570.861683228737,609.324629963854,2.84,1707.575,2.84,1707.575,2.84,1707.575,2469.25416666667,1404.96218852563,1561.8225394591,1670.94666914874,124.246650104603
"DFG2020","Early","Apertus","176","Combined","3",2291.33666869404,21.1027614555644,1823.62912483437,1730.07168639398,1774.14583333333,467.707543859667,517.190835360711,561.264982300066,3.38,1806.20833333333,3.1,1594.80833333333,3.1,1594.80833333333,2436.80833333333,1512.6436678224,1539.79806984423,1675.94954728949,145.471664639289
"DFG2020","Early","Apertus","176","Split","1",2394.16751794459,23.319666440358,1829.13333996601,1730.9293824921,1806.20833333333,565.034177978582,587.959184611258,663.238135452487,5.94,1707.575,5.94,1707.575,5.94,1707.575,2527.46666666667,3232.33403999355,3368.28730404942,3815.04648912999,133.299148722082
"DFG2020","Early","Apertus","176","Split","2",2279.5097398646,21.595741591336,1803.97722053088,1710.0998339881,1707.575,475.532519333722,571.9347398646,569.409905876502,5.35,1789.5625,3.77,1594.80833333333,3.77,1594.80833333333,2436.80833333333,2455.12820891211,2092.13666926863,2082.63689136714,157.29859346873
"DFG2020","Early","Apertus","176","Split","3",2291.91143709683,20.5896182300337,1805.18712093035,1712.09144026772,1774.14583333333,486.724316166478,517.765603763501,579.81999682911,3.12,1722.13333333333,3.12,1722.13333333333,2.98,1475.8625,2436.80833333333,1451.27375033024,1547.52864108263,1662.33886514775,144.896896236499
"DFG2020","Early","Apertus","220","Combined","1",2388.267249185,20.5105298702576,1835.00768166975,1729.59840716163,1774.14583333333,553.259567515251,614.121415851675,658.668842023373,4.45,1789.5625,4.02,1707.575,4.02,1707.575,2596.50833333333,2407.13896276034,2418.41111611234,2597.17799205639,208.241084148325
"DFG2020","Early","Apertus","220","Combined","2",2385.50201538168,24.65222000294,1829.48440336928,1735.68288659821,1774.14583333333,556.017612012401,611.356182048352,649.819128783469,4.52,1594.80833333333,4.52,1594.80833333333,4.52,1594.80833333333,2469.25416666667,2374.42806542982,2624.30532805685,2798.06700810983,83.752151284988
"DFG2020","Early","Apertus","220","Combined","3",2400,17.0214340619272,1837.91285730019,1733.21980198854,1774.14583333333,562.08714269981,625.85416666667,666.780198011455,5.56,1594.80833333333,5.56,1594.80833333333,5.56,1594.80833333333,2596.50833333333,2996.86585198032,3348.5900995537,3575.04664730618,196.50833333333
"DFG2020","Early","Apertus","220","Split","1",2389.65169239797,22.5631301392393,1835.94821107166,1729.89701453647,1774.14583333333,553.703481326308,615.505859064641,659.754677861505,5.05,1789.5625,4.77,1707.575,4.77,1707.575,2596.50833333333,2749.26058382724,2891.08698480359,3101.95966992518,206.856640935359
"DFG2020","Early","Apertus","220","Split","2",2400,24.702847565512,1824.49451965993,1719.14425382923,1774.14583333333,575.505480340066,625.85416666667,680.855746170768,6.39,1806.20833333333,5.89,1594.80833333333,5.89,1594.80833333333,2596.50833333333,3625.65527045487,3638.26619698211,3962.09620068492,196.50833333333
"DFG2020","Early","Apertus","220","Split","3",2346.63875900156,17.4072063101538,1813.72085598509,1720.61333033969,1774.14583333333,532.91790301647,572.49292566823,626.025428661873,5.14,1722.13333333333,5.14,1722.13333333333,4.55,1594.80833333333,2436.80833333333,2489.52741630897,2691.05322731187,2624.2865511903,90.16957433177
"DFG2020","Early","Capone","176","Combined","1",2373.2390820261,38.3380761083344,1821.86954648626,1727.34176241297,1806.20833333333,551.369535539836,567.030748692769,645.897319613127,4.15,1578.55833333333,4.15,1578.55833333333,4.15,1578.55833333333,2469.25416666667,2244.8900748139,2309.88191694906,2637.17370110874,96.0150846405704
"DFG2020","Early","Capone","176","Combined","2",2363.75038020983,32.5201903729844,1798.68334569653,1697.42154640829,1707.575,565.067034513295,656.175380209828,666.328833801538,3.66,1789.5625,3.46,1594.80833333333,3.46,1594.80833333333,2527.46666666667,2050.12089854318,2253.30609392139,2288.43622726784,163.716286456842
"DFG2020","Early","Capone","176","Combined","3",2372.47520884639,20.5071003980019,1822.40324099261,1728.30141948052,1774.14583333333,550.071967853781,598.329375513057,644.173789365869,3.33,1806.20833333333,3.31,1594.80833333333,3.31,1594.80833333333,2436.80833333333,1673.16892454077,1822.30345685687,1973.74570220742,64.3331244869432
"DFG2020","Early","Capone","176","Split","1",2400,31.0503541665895,1817.7337498364,1717.41610861557,1774.14583333333,582.266250163598,625.85416666667,682.583891384433,5.21,1707.575,5.21,1707.575,5.21,1707.575,2527.46666666667,2974.81169147828,3201.87614774649,3497.42229342343,127.46666666667
"DFG2020","Early","Capone","176","Split","2",2343.83250805845,29.7555292359238,1808.06277060195,1707.23656669795,1774.14583333333,535.769737456496,569.686674725117,636.595941360501,4.61,1789.5625,4.31,1707.575,4.3,1594.80833333333,2527.46666666667,2449.26555981641,2436.00983857855,2718.0243472388,183.634158608223
"DFG2020","Early","Capone","176","Split","3",2340.53828244444,25.5365710531497,1819.92088321369,1718.84805449281,1774.14583333333,520.61739923075,566.39244911111,621.690227951634,3.65,1806.20833333333,3.56,1722.13333333333,3.47,1594.80833333333,2527.46666666667,1872.73272531898,1989.32070783693,2130.80071847427,186.928384222229
"DFG2020","Early","Capone","220","Combined","1",2400,26.049647917731,1829.34800629562,1726.15666406166,1774.14583333333,570.651993704383,625.85416666667,673.843335938343,6.13,1707.575,6.13,1707.575,6.13,1707.575,2527.46666666667,3391.01890825588,3729.21029063243,4023.30354967805,127.46666666667
"DFG2020","Early","Capone","220","Combined","2",2400,19.1788033758777,1837.46286357828,1727.72045144094,1774.14583333333,562.537136421716,625.85416666667,672.279548559059,5.85,1806.20833333333,5.72,1594.80833333333,5.72,1594.80833333333,2653.92083333333,3240.89768814126,3529.48323633893,3794.40380558225,253.92083333333
"DFG2020","Early","Capone","220","Combined","3",2400,18.554850776361,1834.61206894564,1729.16225840846,1774.14583333333,565.387931054358,625.85416666667,670.837741591537,6.03,1722.13333333333,6.03,1722.13333333333,6.03,1722.13333333333,2596.50833333333,3295.76040964016,3658.52040291858,3928.98005919848,196.50833333333
"DFG2020","Early","Capone","220","Split","1",2400,37.3112301442191,1833.32782943092,1733.5157877518,1774.14583333333,566.672170569084,625.85416666667,666.484212248195,5.96,1707.575,5.96,1707.575,5.96,1707.575,2527.46666666667,3338.05781866302,3690.77369589877,3932.92670468636,127.46666666667
"DFG2020","Early","Capone","220","Split","2",2400,19.4292194835568,1850.49804672724,1744.18654419736,1774.14583333333,549.501953272756,625.85416666667,655.813455802644,5.67,1594.80833333333,5.67,1594.80833333333,5.67,1594.80833333333,2596.50833333333,3021.29910159603,3452.32847236455,3621.79039922222,196.50833333333
"DFG2020","Early","Capone","220","Split","3",2400,27.5893998347023,1820.26273418502,1719.23223316572,1774.14583333333,579.737265814981,625.85416666667,680.767766834279,5.2,1722.13333333333,5.2,1722.13333333333,4.63,1594.80833333333,2527.46666666667,2935.31981283739,3175.04398391535,3081.21945372435,127.46666666667
"DFG2020","Early","Esket","176","Combined","1",2326.32405316349,25.6550783527471,1818.77369045046,1724.02304831415,1774.14583333333,507.550362713033,552.17821983016,602.30100484934,4.54,1707.575,4.54,1707.575,4.54,1707.575,2469.25416666667,2241.95843794705,2444.29773772902,2671.70083065387,142.93011350318
"DFG2020","Early","Esket","176","Combined","2",2278.24825020215,25.6428211551058,1838.63176571295,1744.65309515006,1774.14583333333,439.616484489199,504.102416868823,533.595155052094,3.44,1707.575,3.44,1707.575,3.44,1707.575,2436.80833333333,1477.03924840024,1698.27561128711,1799.59547622052,158.560083131177
"DFG2020","Early","Esket","176","Combined","3",2294.38405460243,23.3239595326689,1823.67743942198,1730.08055963321,1774.14583333333,470.706615180448,520.238221269098,564.303494969215,3.37,1806.20833333333,3.26,1722.13333333333,3.26,1722.13333333333,2436.80833333333,1529.95937520019,1640.93161385854,1784.31457897139,142.424278730902
"DFG2020","Early","Esket","176","Split","1",2343.95650092504,31.1923294046093,1818.19162108045,1723.34842527243,1774.14583333333,525.764879844589,569.810667591706,620.608075652602,5.67,1707.575,5.67,1707.575,5.67,1707.575,2469.25416666667,2920.17505482599,3169.8513348339,3457.84062940747,125.297665741634
"DFG2020","Early","Esket","176","Split","2",2258.55794849209,19.6579440122116,1818.19162108045,1723.34842527243,1774.14583333333,440.366327411639,484.412115158756,535.209523219652,5.07,1789.5625,4.99,1707.575,4.99,1707.575,2469.25416666667,2180.37163659109,2363.32690222022,2615.1368136099,210.696218174584
"DFG2020","Early","Esket","176","Split","3",2253.41541821614,21.779746898433,1842.0359907567,1746.04513562638,1774.14583333333,411.379427459442,479.26958488281,507.370282589761,4.66,1594.80833333333,4.66,1594.80833333333,4.66,1594.80833333333,2469.25416666667,1887.26077788511,2200.96702000346,2331.31358958464,215.838748450529
"DFG2020","Early","Esket","220","Combined","1",2371.98257063055,33.7081030132268,1815.32338798842,1722.8288865732,1774.14583333333,556.659182642128,597.836737297219,649.153684057344,5.21,1789.5625,4.92,1394.14166666667,4.92,1394.14166666667,2436.80833333333,2786.36025477887,2833.84175181623,3086.3121217828,64.8257627027815
"DFG2020","Early","Esket","220","Combined","2",2366.33254281215,30.327723331006,1818.19162108045,1723.34842527243,1774.14583333333,548.140921731703,592.186709478819,642.984117539715,5.41,1806.20833333333,5.24,1594.80833333333,5.24,1594.80833333333,2469.25416666667,2877.60072723283,3017.92180809199,3284.07170991483,102.92162385452
"DFG2020","Early","Esket","220","Combined","3",2400,22.6840688638525,1830.45369833253,1730.1336508067,1774.14583333333,569.546301667469,625.85416666667,669.866349193295,4.5,1806.20833333333,4.08,1594.80833333333,4.08,1594.80833333333,2527.46666666667,2456.56302270155,2456.66700715602,2636.09221308413,127.46666666667
"DFG2020","Early","Esket","220","Split","1",2317.1605303807,31.239346583969,1787.2374213678,1691.5971252184,1707.575,529.923109012899,609.585530380698,625.563405162299,4.39,1707.575,4.39,1707.575,3.56,1578.55833333333,2436.80833333333,2276.80474440412,2626.46657480449,2186.76856584106,119.647802952632
"DFG2020","Early","Esket","220","Split","2",2400,26.6529478950899,1837.48047063496,1738.59881708758,1774.14583333333,562.51952936504,625.85416666667,661.401182912419,6.61,1806.20833333333,6.41,1594.80833333333,6.41,1594.80833333333,2527.46666666667,3608.83933255574,3905.40690253201,4133.20722248929,127.46666666667
"DFG2020","Early","Esket","220","Split","3",2323.96617153197,22.4888338992261,1822.63181197276,1728.56743566865,1774.14583333333,501.33435955921,549.820338198637,595.398735863316,4.64,1806.20833333333,4.43,1594.80833333333,4.43,1594.80833333333,2436.80833333333,2206.64823285925,2320.89067125018,2522.45026593336,112.842161801363
"DFG2020","Early","Patras","176","Combined","1",2274.55708177033,19.6446950613758,1809.73354398826,1717.88948930423,1774.14583333333,464.823537782076,500.411248437001,556.667592466103,3.45,1707.575,3.45,1707.575,3.45,1707.575,2436.80833333333,1536.63692805675,1658.2847469596,1851.28229373538,162.251251562999
"DFG2020","Early","Patras","176","Combined","2",2228.86472228273,19.5771476079553,1801.69102250634,1707.55072550737,1707.575,427.173699776391,521.289722282728,521.313996775357,4.81,1789.5625,3.57,1394.14166666667,3.57,1394.14166666667,2436.80833333333,2005.6800724469,1821.40749742069,1821.49368935124,207.943611050602
"DFG2020","Early","Patras","176","Combined","3",2172.55004849103,23.4041668836882,1800.21882445042,1704.52149061757,1707.575,372.331224040611,464.975048491029,468.028557873464,3.07,1594.80833333333,3.07,1594.80833333333,3.07,1594.80833333333,2436.80833333333,1143.87184947025,1426.28940375548,1435.63105485858,264.258284842301
"DFG2020","Early","Patras","176","Split","1",2289.71961412597,22.1284830745116,1801.69102250634,1707.55072550737,1707.575,488.028591619633,582.14461412597,582.168888618598,5.44,1707.575,5.44,1707.575,4.77,1578.55833333333,2436.80833333333,2557.45890981789,3067.9576541089,2690.21818944161,147.08871920736
"DFG2020","Early","Patras","176","Split","2",2202.35575921714,17.3324351235608,1780.56343146156,1687.6202411795,1707.575,421.792327755575,494.780759217138,514.73551803764,4.04,1578.55833333333,4.04,1578.55833333333,4.04,1578.55833333333,2436.80833333333,1666.16158264984,1955.85469541099,2035.59514042441,234.452574116192
"DFG2020","Early","Patras","176","Split","3",2234.05788800962,16.8455106780337,1801.16861222927,1705.12493532937,1707.575,432.889275780348,526.482888009621,528.932952680255,3.97,1594.80833333333,3.97,1594.80833333333,3.97,1594.80833333333,2436.80833333333,1653.16688255066,2018.31718607925,2027.9411422909,202.750445323709
"DFG2020","Early","Patras","220","Combined","1",2315.34930190067,22.2570020506448,1804.74208121793,1708.33370781157,1707.575,510.607220682745,607.774301900673,607.015594089102,4.57,1789.5625,4.33,1707.575,4.33,1707.575,2469.25416666667,2256.13218506341,2557.43389106464,2554.15244479588,153.904864765997
"DFG2020","Early","Patras","220","Combined","2",2374.69812774924,27.9055696444243,1803.09492412922,1709.43741735886,1707.575,571.603203620024,667.123127749245,665.260710390383,6.45,1594.80833333333,6.45,1594.80833333333,6.45,1594.80833333333,2436.80833333333,3486.96704807778,4102.92389149205,4090.91252792643,62.1102055840856
"DFG2020","Early","Patras","220","Combined","3",2392.17097632278,21.9320874451072,1830.45369833253,1730.1336508067,1774.14583333333,561.717277990251,618.025142989452,662.037325516077,5.77,1594.80833333333,5.77,1594.80833333333,5.77,1594.80833333333,2527.46666666667,3106.78258695123,3431.01521020398,3684.68768941625,135.295690343888
"DFG2020","Early","Patras","220","Split","1",2341.08590416708,28.4072429802291,1785.38874572262,1689.07712440158,1707.575,555.697158444462,633.510904167082,652.008779765499,5.82,1707.575,5.82,1707.575,5.58,1578.55833333333,2436.80833333333,3117.9673980622,3570.7263183754,3526.68665455231,95.7224291662483
"DFG2020","Early","Patras","220","Split","2",2388.30397071536,26.0586211367793,1809.39618795279,1705.77517629681,1707.575,578.907782762563,680.728970715357,682.52879441855,6.79,1594.80833333333,6.79,1594.80833333333,6.79,1594.80833333333,2527.46666666667,3829.17881474004,4520.28540319571,4532.50428268599,139.162695951313
"DFG2020","Early","Patras","220","Split","3",2287.18620101698,22.4792437095271,1793.11835148835,1699.11851295047,1707.575,494.067849528631,579.61120101698,588.067688066507,4.87,1594.80833333333,4.87,1594.80833333333,4.87,1594.80833333333,2436.80833333333,2324.57884357713,2740.10951295701,2781.23802291225,149.62213231635
"DFG2020","Early","Pionier","176","Combined","1",2378.26694218124,23.4775489960359,1849.0051569299,1750.87377183723,1806.20833333333,529.261785251343,572.058608847913,627.393170344015,4.4,1578.55833333333,4.4,1578.55833333333,4.4,1578.55833333333,2527.46666666667,2254.39706203684,2442.31058144037,2685.51203790254,149.199724485427
"DFG2020","Early","Pionier","176","Combined","2",2379.51243498972,40.632912327918,1842.66754757067,1748.1591818011,1806.20833333333,536.844887419048,573.30410165639,631.353253188624,4.15,1789.5625,4.15,1789.5625,4.05,1578.55833333333,2469.25416666667,2185.81418306786,2337.11673029468,2515.89794424148,89.7417316769502
"DFG2020","Early","Pionier","176","Combined","3",2356.954524682,27.8896695471494,1838.07443581773,1743.39459392914,1774.14583333333,518.880088864265,582.808691348669,613.559930752864,3.73,1806.20833333333,3.6,1722.13333333333,3.6,1722.13333333333,2469.25416666667,1871.39882164131,2036.17611272773,2146.84878931534,112.29964198467
"DFG2020","Early","Pionier","176","Split","1",2400,32.2559553304108,1835.62640578577,1735.78388444349,1806.20833333333,564.373594214232,593.79166666667,664.21611555651,6.05,1707.575,6.05,1707.575,6.05,1707.575,2527.46666666667,3352.94060345481,3530.89556976156,3956.93835066546,127.46666666667
"DFG2020","Early","Pionier","176","Split","2",2336.18837248859,33.7309682599435,1815.32338798842,1722.8288865732,1774.14583333333,520.864984500171,562.042539155261,613.359485915387,6.43,1789.5625,5.16,1594.80833333333,5.16,1594.80833333333,2436.80833333333,3267.38111575721,2834.48154536761,3099.26132139888,100.619960844739
"DFG2020","Early","Pionier","176","Split","3",2356.18384383305,34.2639228740339,1837.05671499456,1741.91163661744,1774.14583333333,519.127128838495,582.038010499724,614.272207215612,4.91,1594.80833333333,4.91,1594.80833333333,4.91,1594.80833333333,2469.25416666667,2498.43908358165,2807.29570429437,2965.55855526829,113.070322833616
"DFG2020","Early","Pionier","220","Combined","1",2400,27.6721705276799,1841.05803546536,1744.26750310067,1774.14583333333,558.941964534638,625.85416666667,655.732496899333,5.28,1707.575,5.28,1707.575,5.28,1707.575,2527.46666666667,2871.32426717652,3224.47635462297,3382.20449865923,127.46666666667
"DFG2020","Early","Pionier","220","Combined","2",2400,25.6524958428891,1847.4213128976,1748.67130195727,1806.20833333333,552.578687102398,593.79166666667,651.328698042726,6.53,1594.80833333333,6.53,1594.80833333333,6.53,1594.80833333333,2527.46666666667,3490.30246510159,3759.17485644902,4134.71746891134,127.46666666667
"DFG2020","Early","Pionier","220","Combined","3",2400,22.3845591784017,1863.90882957909,1759.21812495243,1774.14583333333,536.091170420906,625.85416666667,640.781875047571,5.77,1594.80833333333,5.77,1594.80833333333,5.77,1594.80833333333,2596.50833333333,3029.15726010121,3545.99420985069,3632.03651411439,196.50833333333
"DFG2020","Early","Pionier","220","Split","1",2400,28.5894369269339,1828.68569484519,1727.71495528844,1774.14583333333,571.314305154813,625.85416666667,672.285044711564,6.68,1578.55833333333,6.68,1578.55833333333,6.68,1578.55833333333,2527.46666666667,3723.06135103532,4087.28478080492,4397.40446249803,127.46666666667
"DFG2020","Early","Pionier","220","Split","2",2400,21.401826608947,1840.15757910855,1735.18553029216,1806.20833333333,559.842420891452,593.79166666667,664.814469707841,7.25,1806.20833333333,7.25,1806.20833333333,6.5,1707.575,2596.50833333333,3966.1283811401,4211.57223600938,4236.83303477699,196.50833333333
"DFG2020","Early","Pionier","220","Split","3",2400,26.4517861160404,1841.97372391537,1742.64609211765,1774.14583333333,558.026276084626,625.85416666667,657.353907882346,5.72,1806.20833333333,5.39,1594.80833333333,5.39,1594.80833333333,2527.46666666667,3095.55236125209,3282.34320904579,3452.08108589762,127.46666666667
"DFG2020","Early","Potenzial","176","Combined","1",2366.32482092855,27.0870135641805,1806.10721000825,1710.29014308221,1707.575,560.217610920305,658.749820928552,656.03467784634,5.04,1707.575,5.04,1707.575,5.04,1707.575,2469.25416666667,2719.29365197925,3215.72550193894,3202.04321062271,102.929345738118
"DFG2020","Early","Potenzial","176","Combined","2",2291.95609369774,21.3198169642203,1801.69102250634,1707.55072550737,1707.575,490.265071191404,584.381093697741,584.405368190369,3.63,1594.80833333333,3.63,1594.80833333333,3.63,1594.80833333333,2436.80833333333,1706.95881097024,2047.39601305708,2047.48396391252,144.852239635589
"DFG2020","Early","Potenzial","176","Combined","3",2274.07817169498,21.1616850087037,1809.13506197301,1713.41300042852,1707.575,464.943109721971,566.503171694978,560.66517126646,3.7,1594.80833333333,3.7,1594.80833333333,3.7,1594.80833333333,2436.80833333333,1660.24251928328,2034.29945222388,2012.75086818577,162.730161638352
"DFG2020","Early","Potenzial","176","Split","1",2400,20.5947212784741,1834.91873862496,1735.72788853954,1774.14583333333,565.081261375042,625.85416666667,664.272111460462,5.51,1707.575,5.51,1707.575,5.51,1707.575,2527.46666666667,2955.70404520089,3289.60506374776,3500.95016594521,127.46666666667
"DFG2020","Early","Potenzial","176","Split","2",2290.57828750819,22.4106114318066,1798.86148607749,1702.56946742377,1707.575,491.716801430704,583.003287508194,588.008820084423,4.92,1789.5625,4.19,1394.14166666667,4.19,1394.14166666667,2436.80833333333,2332.70687080772,2368.07846614367,2389.02358914697,146.230045825136
"DFG2020","Early","Potenzial","176","Split","3",2231.76893787269,22.9361255540351,1801.69102250634,1707.55072550737,1707.575,430.077915366352,524.19393787269,524.218212365318,3.71,1594.80833333333,3.71,1594.80833333333,3.71,1594.80833333333,2436.80833333333,1571.98191922704,1919.67053513682,1919.76039997438,205.039395460641
"DFG2020","Early","Potenzial","220","Combined","1",2384.47840638495,24.7658875933479,1799.15189790279,1702.90213676628,1707.575,585.326508482168,676.903406384953,681.576269618672,5.59,1789.5625,5.31,1707.575,4.75,1460.25833333333,2436.80833333333,3043.16213050857,3376.74904265822,3042.82298607861,52.3299269483769
"DFG2020","Early","Potenzial","220","Combined","2",2398.61601893365,29.4555416046126,1836.33542681605,1742.03374196296,1774.14583333333,562.280592117599,624.470185600322,656.582276970688,5.88,1806.20833333333,5.43,1594.80833333333,5.43,1594.80833333333,2436.80833333333,3086.64880015048,3188.03376377404,3362.3836986791,38.1923143996783
"DFG2020","Early","Potenzial","220","Combined","3",2400,18.2273735640696,1830.45369833253,1730.1336508067,1774.14583333333,569.546301667469,625.85416666667,669.866349193295,6.13,1722.13333333333,6.13,1722.13333333333,6.13,1722.13333333333,2527.46666666667,3271.40992131859,3614.69813902054,3883.61674566439,127.46666666667
"DFG2020","Early","Potenzial","220","Split","1",2374.42736368086,27.6998578999855,1794.94883332688,1694.76228678453,1707.575,579.478530353977,666.852363680858,679.665076896331,5.26,1789.5625,5.01,1707.575,4.28,1578.55833333333,2469.25416666667,2932.9801722033,3231.22015346824,2815.23670431542,94.8268029858118
"DFG2020","Early","Potenzial","220","Split","2",2374.48908741746,27.7499601830431,1811.81133704725,1713.92624399542,1707.575,562.677750370214,666.914087417465,660.562843422048,4.9,1806.20833333333,4.87,1594.80833333333,4.87,1594.80833333333,2469.25416666667,2650.25930898193,3141.52610388776,3110.59900812029,94.765079249205
"DFG2020","Early","Potenzial","220","Split","3",2380.51449883034,23.689851653518,1816.7661318179,1714.91717351358,1707.575,563.748367012442,672.939498830337,665.597325316759,5.99,1594.80833333333,5.99,1594.80833333333,5.99,1594.80833333333,2527.46666666667,3274.54044827684,3928.02344732518,3884.06149313684,146.952167836333
"DFG2020","Early","Torrild","176","Combined","1",2270.50803486354,24.4143214080139,1809.13506197301,1713.41300042852,1707.575,461.372972890538,562.933034863544,557.095034435027,4.21,1707.575,4.21,1707.575,4.21,1707.575,2436.80833333333,1898.06070871868,2324.73030268742,2300.17671232038,166.300298469786
"DFG2020","Early","Torrild","176","Combined","2",2256.61643637816,20.9956559376135,1794.81044951377,1697.92822075396,1707.575,461.805986864382,549.041436378157,558.688215624199,3.38,1578.55833333333,3.38,1578.55833333333,3.38,1578.55833333333,2469.25416666667,1532.89312310118,1826.25705532151,1858.77517301097,212.637730288513
"DFG2020","Early","Torrild","176","Combined","3",2265.77353457462,20.3362434895769,1802.96783998265,1709.39194411153,1707.575,462.805694591971,558.198534574619,556.381590463085,3.24,1722.13333333333,3.19,1594.80833333333,3.19,1594.80833333333,2436.80833333333,1447.41620493753,1727.61841729946,1721.84091832705,171.034798758711
"DFG2020","Early","Torrild","176","Split","1",2365.22115062904,29.5265557361818,1815.71653349163,1721.43635992427,1707.575,549.504617137414,657.64615062904,643.784790704772,6.18,1707.575,6.18,1707.575,6.18,1707.575,2436.80833333333,3240.02594525677,3908.21398260216,3822.5572040851,71.5871827042897
"DFG2020","Early","Torrild","176","Split","2",2250.93861490116,21.4338559373503,1798.86148607749,1702.56946742377,1707.575,452.07712882367,543.363614901161,548.369147477389,4.23,1578.55833333333,4.23,1578.55833333333,4.23,1578.55833333333,2436.80833333333,1864.46457223126,2248.70340419947,2269.82193367334,185.86971843217
"DFG2020","Early","Torrild","176","Split","3",2203.00757678029,25.330363061981,1793.19687708824,1699.15599387634,1707.575,409.810699692045,495.432576780289,503.851582903953,4.76,1594.80833333333,4.76,1594.80833333333,4.76,1594.80833333333,2436.80833333333,1943.69140113617,2349.97831491729,2389.99350674102,233.800756553042
"DFG2020","Early","Torrild","220","Combined","1",2353.70062949024,29.0362943153079,1797.20107388425,1701.99263929888,1707.575,556.499555605995,646.12562949024,651.707990191356,5.79,1789.5625,5.77,1707.575,5.64,1394.14166666667,2436.80833333333,3091.82633068987,3598.18147274336,3548.5950774359,83.1077038430899
"DFG2020","Early","Torrild","220","Combined","2",2384.30909308304,31.2081150321861,1812.84325438064,1720.02578473265,1774.14583333333,571.465838702398,610.163259749706,664.283308350389,6.31,1806.20833333333,6.28,1594.80833333333,6.28,1594.80833333333,2436.80833333333,3422.05126196365,3648.76719410918,3988.61957594515,52.4992402502944
"DFG2020","Early","Torrild","220","Combined","3",2400,23.9643564856307,1822.05846958812,1715.79549324415,1707.575,577.941530411876,692.425,684.204506755852,5.01,1806.20833333333,4.3,1594.80833333333,4.3,1594.80833333333,2596.50833333333,2850.37178715672,2938.36439639008,2903.02701038763,196.50833333333
"DFG2020","Early","Torrild","220","Split","1",2368.46216480998,28.2773733943003,1812.11262408259,1714.26971474912,1707.575,556.349540727387,660.887164809976,654.192450060852,4.76,1789.5625,4.53,1707.575,4.53,1707.575,2469.25416666667,2555.70104748899,2905.64770388611,2875.32372367484,100.792001856694
"DFG2020","Early","Torrild","220","Split","2",2400,35.0441258167707,1827.09541915959,1728.98761976196,1774.14583333333,572.904580840415,625.85416666667,671.012380238043,6.81,1707.575,6.81,1707.575,6.81,1707.575,2527.46666666667,3846.95104364993,4207.52178813466,4515.04411019283,127.46666666667
"DFG2020","Early","Torrild","220","Split","3",2343.68086043709,28.7119227527523,1815.50896579841,1722.6292773197,1707.575,528.171894638678,636.105860437091,621.051583117395,5.63,1594.80833333333,5.63,1594.80833333333,5.63,1594.80833333333,2436.80833333333,2859.89449819925,3467.37411060076,3382.62938456118,93.1274728962394
"DFG2020","Late","Alves","176","Combined","1",2190.23114729879,22.4009530785684,1651.24219567151,1560.34809448559,1612.4125,538.988951627285,577.81864729879,629.883052813197,5.23,1545.84166666667,5.23,1545.84166666667,5.23,1545.84166666667,2275.075,2658.74284985317,2861.54112760681,3133.63565972294,84.8438527012095
"DFG2020","Late","Alves","176","Combined","2",2148.29419355373,23.2885194246202,1654.89996702292,1565.00681363731,1612.4125,493.394226530814,535.881693553733,583.287379916428,3.51,1433.075,3.51,1433.075,3.51,1433.075,2275.075,1671.38622310294,1820.26057601725,1986.50418282411,126.780806446267
"DFG2020","Late","Alves","176","Combined","3",2162.6377418005,19.8065464723927,1664.25627287022,1570.70977599912,1612.4125,498.381468930274,550.225241800496,591.927965801378,3.67,1644.475,3.27,1433.075,3.27,1433.075,2307.52083333333,1753.66892112797,1731.36133107837,1867.41239431967,144.883091532834
"DFG2020","Late","Alves","176","Split","1",2244.12101426201,23.2514649748038,1665.99101558687,1562.84631497015,1612.4125,578.129998675139,631.708514262009,681.274699291861,6.05,1545.84166666667,6.05,1545.84166666667,6.05,1545.84166666667,2434.775,3446.72275042943,3770.64964084127,4070.42705668492,190.653985737992
"DFG2020","Late","Alves","176","Split","2",2170.30517473462,20.5206746150724,1668.65674717858,1572.20198988717,1612.4125,501.648427556039,557.89267473462,598.103184847448,3.97,1545.84166666667,3.97,1545.84166666667,3.97,1545.84166666667,2365.73333333333,1950.81252370979,2173.37460222749,2332.73039403079,195.428158598711
"DFG2020","Late","Alves","176","Split","3",2048.03117517865,18.8508843037583,1666.39017643304,1575.31015692159,1644.475,381.640998745612,403.556175178651,472.721018257063,3.54,1433.075,3.54,1433.075,3.54,1433.075,2275.075,1332.3538065715,1408.55101172453,1650.73753616873,227.043824821349
"DFG2020","Late","Alves","220","Combined","1",2210.8285666501,19.5380212894833,1660.31696551747,1565.75320319594,1612.4125,550.511601132628,598.416066650099,645.075363454154,4.35,1627.82916666667,4.2,1545.84166666667,4.2,1545.84166666667,2307.52083333333,2241.72312251439,2365.05244859462,2560.70875201919,96.6922666832311
"DFG2020","Late","Alves","220","Combined","2",2194.59597631095,20.5355495719214,1685.27612261455,1590.12166724281,1612.4125,509.319853696408,582.183476310955,604.474309068148,5.48,1644.475,4.15,1433.075,4.15,1433.075,2365.73333333333,2711.02005064633,2354.55999221387,2446.92380353257,171.137357022375
"DFG2020","Late","Alves","220","Combined","3",2214.42838957563,16.5590750429075,1675.07813061841,1587.06566235351,1612.4125,539.350258957226,602.015889575635,627.362727222127,4.69,1644.475,4.18,1560.4,4.18,1560.4,2275.075,2254.77714723128,2269.63162020046,2375.09620615846,60.646610424365
"DFG2020","Late","Alves","220","Split","1",2175.06267137445,30.1038068164915,1676.07521521441,1587.27565998575,1612.4125,498.987456160043,562.65017137445,587.787011388702,4.62,1545.84166666667,4.62,1545.84166666667,4.62,1545.84166666667,2275.075,2240.51636137248,2534.56985623599,2650.6907553853,100.01232862555
"DFG2020","Late","Alves","220","Split","2",2190.41860001122,26.1201993152565,1658.10142355415,1565.63447589126,1612.4125,532.317176457071,578.006100011225,624.784124119962,6.28,1644.475,5.39,1545.84166666667,5.39,1545.84166666667,2275.075,3196.23332257565,2989.40572229793,3241.48029530328,84.6563999887753
"DFG2020","Late","Alves","220","Split","3",2186.21652146769,22.4531177621463,1658.10142355415,1565.63447589126,1612.4125,528.11509791354,573.804021467693,620.582045576431,5.19,1644.475,4.57,1433.075,4.57,1433.075,2275.075,2589.35732828265,2488.51765570853,2702.1249753074,88.8584785323064
"DFG2020","Late","Apertus","176","Combined","1",2249.06460348192,32.4458426154225,1692.98718094132,1601.31705952863,1644.475,556.077422540607,604.589603481922,647.747543953291,4.24,1545.84166666667,4.24,1545.84166666667,4.24,1545.84166666667,2365.73333333333,2316.11993598222,2521.79830393112,2704.78321336644,116.668729851408
"DFG2020","Late","Apertus","176","Combined","2",2206.4164873015,23.3481543161708,1674.20769077018,1579.16326960994,1612.4125,532.20879653132,594.0039873015,627.25321769156,3.15,1416.825,3.15,1416.825,3.15,1416.825,2365.73333333333,1637.91500891019,1832.36369701308,1937.04399846164,159.31684603183
"DFG2020","Late","Apertus","176","Combined","3",2198.95856171571,16.3793978325434,1681.80323334887,1589.998347444,1612.4125,517.155328366845,586.546061715713,608.96021427171,3.54,1644.475,3.25,1433.075,3.25,1433.075,2365.73333333333,1738.56636332386,1819.65834049005,1892.10227272013,166.774771617617
"DFG2020","Late","Apertus","176","Split","1",2229.08378300902,26.9075632236861,1677.19347826705,1581.62741792379,1644.475,551.890304741974,584.608783009022,647.456365085237,5.19,1545.84166666667,5.19,1545.84166666667,5.19,1545.84166666667,2365.73333333333,2803.54922265326,2973.29562346045,3299.41802943708,136.649550324308
"DFG2020","Late","Apertus","176","Split","2",2237.51786645343,24.044416355107,1686.41009601127,1585.91484720287,1644.475,551.10777044216,593.042866453433,651.603019250563,4.59,1627.82916666667,4.59,1627.82916666667,3.81,1433.075,2434.775,2499.36717606383,2691.68821355509,2457.30051617009,197.257133546567
"DFG2020","Late","Apertus","176","Split","3",2179.91355999858,22.2703616865686,1679.86919889133,1589.49598902481,1612.4125,500.044361107241,567.501059998576,590.417570973769,3.6,1560.4,3.6,1560.4,3.6,1560.4,2275.075,1700.8130015214,1943.1759279875,2025.58982564161,95.1614400014241
"DFG2020","Late","Apertus","220","Combined","1",2247.17535762707,18.9702120698701,1706.68208456186,1608.64225041769,1644.475,540.493273065203,602.700357627067,638.53310720938,4.41,1545.84166666667,4.41,1545.84166666667,4.41,1545.84166666667,2434.775,2312.65686241092,2585.92643359368,2743.60375721743,187.599642372933
"DFG2020","Late","Apertus","220","Combined","2",2276.61995079589,22.7489800062009,1713.477448095,1615.71154824408,1644.475,563.142502700895,632.144950795894,660.908402551809,5.56,1644.475,5.56,1644.475,4.62,1433.075,2434.775,3049.50687827167,3432.77144684419,2985.23101670571,158.155049204106
"DFG2020","Late","Apertus","220","Combined","3",2233.79396080374,21.2891753972227,1703.25117913002,1607.38834387506,1612.4125,530.542781673715,621.381460803737,626.405616928676,3.66,1644.475,3.46,1560.4,3.46,1560.4,2434.775,1907.19067345042,2116.69553201096,2134.06283616038,200.981039196263
"DFG2020","Late","Apertus","220","Split","1",2256.4344249944,22.128983879848,1680.92611959978,1586.33355519779,1644.475,575.50830539462,611.959424994402,670.100869796608,4.61,1545.84166666667,4.61,1545.84166666667,4.61,1545.84166666667,2365.73333333333,2532.73878083805,2700.58144773592,2968.44486982875,109.298908338928
"DFG2020","Late","Apertus","220","Split","2",2287.19252820847,29.1903414904401,1688.80610116861,1591.79199970641,1644.475,598.386427039858,642.717528208465,695.400528502051,5.67,1433.075,5.67,1433.075,5.67,1433.075,2365.73333333333,3266.61636826689,3517.94869729225,3816.64860575581,78.5408051248646
"DFG2020","Late","Apertus","220","Split","3",2256.66121938688,20.708847289873,1718.14956410237,1625.02171918235,1644.475,538.511655284512,612.18621938688,631.639500204534,5.3,1560.4,5.3,1560.4,5.3,1560.4,2365.73333333333,2697.58226461667,3087.15043409301,3190.12274431631,109.07211394645
"DFG2020","Late","Capone","176","Combined","1",2303.88535195351,37.0075483447852,1709.6321058111,1614.22819213465,1644.475,594.253246142409,659.410351953506,689.657159818853,3.44,1545.84166666667,3.44,1545.84166666667,3.44,1545.84166666667,2365.73333333333,1981.59514582992,2205.73367391045,2309.78240597116,61.847981379824
"DFG2020","Late","Capone","176","Combined","2",2260.36990712967,30.3483170688804,1685.57914441769,1585.24582936202,1644.475,574.790762711972,615.894907129666,675.124077767648,2.93,1627.82916666667,2.93,1627.82916666667,2.85,1545.84166666667,2434.775,1671.75416763655,1792.17778977119,1912.04118896017,174.405092870334
"DFG2020","Late","Capone","176","Combined","3",2221.56915319104,31.6913210725158,1684.66174042208,1588.56894891497,1644.475,536.907412768957,577.094153191038,633.000204276065,3.6,1433.075,3.6,1433.075,3.6,1433.075,2365.73333333333,1910.50419327215,2055.16069101731,2256.41358957701,144.164180142292
"DFG2020","Late","Capone","176","Split","1",2324.45357510456,40.8228446699357,1689.10277184063,1586.93027199409,1644.475,635.350803263931,679.978575104563,737.523303110474,4.99,1545.84166666667,4.99,1545.84166666667,4.99,1545.84166666667,2434.775,3139.01295612489,3361.70524077556,3648.85332225999,110.321424895437
"DFG2020","Late","Capone","176","Split","2",2283.55506184738,30.5812137966451,1694.59541873674,1593.39932060258,1644.475,588.959643110645,639.080061847381,690.155741244802,4.58,1627.82916666667,4.58,1627.82916666667,3.57,1545.84166666667,2434.775,2666.18918603581,2895.72426199928,2439.48257578289,151.219938152619
"DFG2020","Late","Capone","176","Split","3",2263.77700673127,28.2933500316182,1679.12695161427,1582.65869999717,1612.4125,584.650055117,651.364506731266,681.118306734099,4.6,1433.075,4.6,1433.075,4.6,1433.075,2365.73333333333,2609.87199882921,2916.7193952978,3053.57966463323,101.956326602064
"DFG2020","Late","Capone","220","Combined","1",2314.81133922934,37.9854620622576,1705.76741536762,1605.63858424473,1644.475,609.043923861716,670.336339229339,709.172754984609,3.88,1545.84166666667,3.88,1545.84166666667,3.88,1545.84166666667,2434.775,2338.33897899139,2576.15236539819,2726.83743129373,119.963660770662
"DFG2020","Late","Capone","220","Combined","2",2338.95172393353,39.2933156293833,1703.81986040019,1604.82645964107,1644.475,635.131863533342,694.476723933534,734.125264292464,5.57,1644.475,5.57,1644.475,4.96,1433.075,2434.775,3485.02465959477,3815.57482987386,3594.36779569035,95.823276066466
"DFG2020","Late","Capone","220","Combined","3",2321.42142436841,33.1519694644025,1727.71446031234,1632.60974029883,1644.475,593.706964056061,676.946424368406,688.811684069573,4.31,1644.475,4.31,1644.475,3.92,1560.4,2434.775,2512.69070126674,2871.4428492601,2658.12528240828,113.353575631595
"DFG2020","Late","Capone","220","Split","1",2336.04513212606,35.0737774793511,1696.7610016122,1596.8865734591,1644.475,639.284130513862,691.57013212606,739.158558666963,5.94,1545.84166666667,5.94,1545.84166666667,5.94,1545.84166666667,2434.775,3726.49461302486,4037.07091445099,4319.74537265185,98.7298678739403
"DFG2020","Late","Capone","220","Split","2",2278.4959559058,32.7388407068298,1679.58226218987,1579.3327491229,1644.475,598.913693715933,634.020955905801,699.163206782899,6.11,1644.475,6.11,1644.475,4.58,1545.84166666667,2434.775,3630.13538142373,3844.63360455862,3180.24978453621,156.279044094199
"DFG2020","Late","Capone","220","Split","3",2344.70094172834,35.0325483786406,1691.89282528361,1588.89156983897,1612.4125,652.808116444729,732.288441728339,755.809371889373,5.56,1560.4,5.56,1560.4,5.56,1560.4,2434.775,3552.81328995518,3994.7215665256,4125.49773255003,90.0740582716608
"DFG2020","Late","Esket","176","Combined","1",2228.07460214499,35.7054573900646,1674.3696383899,1578.40760810183,1644.475,553.704963755086,583.599602144989,649.666994043163,4.76,1545.84166666667,4.76,1545.84166666667,4.76,1545.84166666667,2365.73333333333,2613.23844426257,2755.5330225353,3070.01057000094,137.658731188341
"DFG2020","Late","Esket","176","Combined","2",2190.16101546728,27.8866224441339,1670.54610013382,1579.2327022802,1612.4125,519.614915333454,577.748515467277,610.928313187077,3.28,1627.82916666667,3.24,1433.075,3.24,1433.075,2275.075,1636.91314910499,1805.24068779995,1912.72727263117,84.9139845327231
"DFG2020","Late","Esket","176","Combined","3",2196.22079784173,23.4467013224743,1685.82398326961,1589.12437987233,1612.4125,510.396814572118,583.808297841731,607.096417969404,3.01,1644.475,2.72,1433.075,2.72,1433.075,2365.73333333333,1505.29878722737,1559.6974264084,1623.00282133453,169.512535491599
"DFG2020","Late","Esket","176","Split","1",2235.53063776454,21.4023762106379,1679.89728644104,1575.3706032382,1612.4125,555.633351323501,623.118137764539,660.160034526335,4.2,1545.84166666667,4.2,1545.84166666667,4.2,1545.84166666667,2492.1875,2320.28864295612,2603.30752677225,2758.7709285728,256.656862235461
"DFG2020","Late","Esket","176","Split","2",2212.86983281385,24.7762475882977,1685.82398326961,1589.12437987233,1612.4125,527.045849544236,600.457332813849,623.745452941522,4.21,1627.82916666667,4.1,1416.825,4.1,1416.825,2365.73333333333,2170.8124390533,2414.86365778586,2510.31348669013,152.863500519481
"DFG2020","Late","Esket","176","Split","3",2136.82229246864,19.9561012969902,1676.29915220911,1578.79812536726,1612.4125,460.523140259525,524.409792468636,558.024167101378,4.22,1644.475,3.77,1433.075,3.77,1433.075,2365.73333333333,1918.3707542003,1953.34239989553,2079.69421897149,228.911040864694
"DFG2020","Late","Esket","220","Combined","1",2253.1072298763,28.1800801534042,1696.04182177094,1604.05451564436,1644.475,557.065408105355,608.632229876298,649.052714231942,4.68,1627.82916666667,4.68,1627.82916666667,4.16,1545.84166666667,2307.52083333333,2464.5346398667,2705.81338130593,2573.29971780945,54.4136034570324
"DFG2020","Late","Esket","220","Combined","2",2261.52334292639,24.3764770870838,1688.68658770428,1593.08004452192,1644.475,572.836755222111,617.048342926391,668.443298404467,4.78,1433.075,4.78,1433.075,4.78,1433.075,2365.73333333333,2628.74573425028,2839.95116748557,3085.54648698396,104.209990406939
"DFG2020","Late","Esket","220","Combined","3",2243.33503205875,19.2955700402429,1683.05277212534,1586.91465172214,1612.4125,560.282259933417,630.922532058754,656.420380336617,4.64,1644.475,4.28,1560.4,4.28,1560.4,2365.73333333333,2462.62024980793,2573.09138129792,2682.06182083043,122.398301274576
"DFG2020","Late","Esket","220","Split","1",2265.70091054394,24.974609541769,1683.38974530606,1581.37881621612,1644.475,582.311165237879,621.225910543941,684.322094327823,5.72,1627.82916666667,5.72,1627.82916666667,5.69,1545.84166666667,2434.775,3276.06413989454,3498.55533791563,3839.14673407707,169.074089456059
"DFG2020","Late","Esket","220","Split","2",2327.69323377103,26.6219459501632,1701.26420265148,1607.48727854557,1644.475,626.42903111955,683.21823377103,720.205955225462,6.38,1644.475,6.38,1644.475,5.62,1433.075,2365.73333333333,3734.92072375117,4097.17910254278,3816.96987269683,38.0400995623004
"DFG2020","Late","Esket","220","Split","3",2294.30960303725,19.9208390279269,1691.57235212952,1595.4477135372,1644.475,602.737250907726,649.834603037249,698.861889500052,6.21,1560.4,6.21,1560.4,6.21,1560.4,2365.73333333333,3464.65011371945,3756.60862877063,4060.76724228678,71.4237302960814
"DFG2020","Late","Patras","176","Combined","1",2225.20611006432,23.5518300803718,1667.99108138023,1576.83969393927,1612.4125,557.21502868409,612.793610064318,648.366416125051,5.15,1545.84166666667,5.15,1545.84166666667,5.15,1545.84166666667,2307.52083333333,2716.70172234273,3002.70890879089,3185.83653273483,82.3147232690121
"DFG2020","Late","Patras","176","Combined","2",2162.22628306645,21.1846488242436,1697.55753538327,1607.88622327797,1644.475,464.66874768318,517.751283066448,554.34005978848,3.09,1433.075,3.09,1433.075,3.09,1433.075,2365.73333333333,1411.47381671397,1574.79132936644,1687.57842866753,203.507050266882
"DFG2020","Late","Patras","176","Combined","3",2164.32946804878,18.7534003606056,1701.32316353187,1609.50678446494,1612.4125,463.006304516905,551.91696804878,554.822683583835,3.07,1644.475,2.91,1560.4,2.91,1560.4,2365.73333333333,1384.66998561568,1569.45361853936,1577.87609587233,201.40386528455
"DFG2020","Late","Patras","176","Split","1",2155.49992652342,23.1957846516635,1671.0193123031,1581.03100054745,1545.84166666667,484.48061422032,609.658259856751,574.468925975972,5.2,1545.84166666667,5.2,1545.84166666667,5.2,1545.84166666667,2307.52083333333,2453.23078517976,3103.32606640879,2920.44912588955,152.020906809908
"DFG2020","Late","Patras","176","Split","2",2163.67917966938,21.5605905799703,1672.88980722887,1579.41640619377,1612.4125,490.789372440508,551.266679669382,584.262773475609,3.69,1627.82916666667,3.52,1545.84166666667,3.52,1545.84166666667,2307.52083333333,1747.8567283317,1879.63943901127,1995.62055001182,143.841653663948
"DFG2020","Late","Patras","176","Split","3",2145.03949418918,18.4680434324527,1670.54610013382,1579.2327022802,1612.4125,474.493394055355,532.626994189178,565.806791908978,4.15,1644.475,3.59,1560.4,3.59,1560.4,2275.075,1857.99158824772,1814.46914994206,1933.07835310814,130.035505810822
"DFG2020","Late","Patras","220","Combined","1",2239.57779715433,25.2010392486723,1689.0926535541,1596.95674515234,1612.4125,550.485143600228,627.165297154331,642.621052001996,4.64,1545.84166666667,4.64,1545.84166666667,4.64,1545.84166666667,2365.73333333333,2479.5320173985,2835.15585092023,2906.85440923803,126.155536178999
"DFG2020","Late","Patras","220","Combined","2",2228.21539407711,31.4698680339118,1674.95579660442,1577.33763674937,1612.4125,553.259597472691,615.802894077115,650.877757327746,5.63,1644.475,4.35,1433.075,4.35,1433.075,2365.73333333333,3073.86833206118,2647.05706040886,2799.6285329627,137.517939256215
"DFG2020","Late","Patras","220","Combined","3",2226.83552353356,24.5266041071183,1702.74854464058,1615.59480372935,1612.4125,524.086978892971,614.423023533556,611.240719804207,3.77,1644.475,3.45,1560.4,3.45,1560.4,2307.52083333333,1869.60279854502,2022.3296698674,2011.35481481182,80.6853097997741
"DFG2020","Late","Patras","220","Split","1",2213.51145536097,23.0138911821074,1675.34914237932,1580.25321991011,1612.4125,538.162312981651,601.098955360975,633.258235450869,5.36,1627.82916666667,5.31,1545.84166666667,5.31,1545.84166666667,2365.73333333333,2809.00040732889,3116.62487933966,3287.29757600501,152.221877972355
"DFG2020","Late","Patras","220","Split","2",2257.45489326512,29.9095933435543,1678.85057997857,1582.38873919871,1612.4125,578.604313286552,645.042393265118,675.06615406641,5.73,1433.075,5.73,1433.075,5.73,1433.075,2365.73333333333,3235.82840509141,3616.48701684148,3788.51756171399,108.278440068212
"DFG2020","Late","Patras","220","Split","3",2236.26173527243,22.3544232069333,1670.65632190418,1569.88646055343,1644.475,565.605413368249,591.786735272429,666.375274719002,5.72,1433.075,5.72,1433.075,5.72,1433.075,2434.775,3187.12032870459,3336.69138443856,3763.06161262954,198.513264727571
"DFG2020","Late","Pionier","176","Combined","1",2266.46688621013,51.4738016147721,1710.90057890134,1615.56087135413,1644.475,555.566307308787,621.991886210128,650.906014855999,3.68,1627.82916666667,3.68,1627.82916666667,3.62,1545.84166666667,2365.73333333333,2031.64096252503,2276.08703857882,2343.64606488642,99.2664471232019
"DFG2020","Late","Pionier","176","Combined","2",2259.25480921442,36.6325315323842,1694.04065407163,1598.08907346393,1644.475,565.214155142782,614.779809214415,661.165735750488,4.88,1627.82916666667,4.88,1627.82916666667,3.89,1545.84166666667,2365.73333333333,2716.69691054581,2958.57341964014,2538.81128744852,106.478524118915
"DFG2020","Late","Pionier","176","Combined","3",2247.60939596745,30.1476553955154,1735.88607089384,1640.69440855835,1644.475,511.723325073615,603.134395967452,606.914987409099,4.16,1433.075,4.16,1433.075,4.16,1433.075,2434.775,2115.94026441774,2496.13207640922,2511.85810426768,187.165604032548
"DFG2020","Late","Pionier","176","Split","1",2346.22301009327,37.5576610077268,1660.23042336574,1553.63826536779,1545.84166666667,685.992586727531,800.381343426599,792.584744725483,5.74,1545.84166666667,5.74,1545.84166666667,5.74,1545.84166666667,2492.1875,3914.69893323044,4571.28986865654,4526.53739981972,145.964489906731
"DFG2020","Late","Pionier","176","Split","2",2288.59874011743,34.5275448485532,1726.5908938979,1628.13977704947,1681.08333333333,562.007846219529,607.515406784097,660.458963067958,5.34,1627.82916666667,5.34,1627.82916666667,5.34,1627.82916666667,2434.775,2974.75391989367,3217.75483051874,3500.46936080001,146.176259882573
"DFG2020","Late","Pionier","176","Split","3",2202.30646995948,40.2126627601615,1733.57682305873,1642.63036134654,1681.08333333333,468.729646900751,521.223136626151,559.676108612943,3.57,1644.475,3.57,1644.475,3.44,1560.4,2365.73333333333,1669.5941835769,1856.98880671013,1921.64393212361,163.426863373848
"DFG2020","Late","Pionier","220","Combined","1",2346.37669087015,37.9974054062654,1719.70976609292,1622.48983692454,1681.08333333333,626.666924777236,665.293357536824,723.886853945613,5.91,1627.82916666667,5.91,1627.82916666667,4.91,1545.84166666667,2434.775,3633.96023379706,3862.24130940874,3496.42535004828,88.398309129846
"DFG2020","Late","Pionier","220","Combined","2",2351.62536805175,42.7356856834304,1722.05741626118,1625.01019859451,1681.08333333333,629.567951790566,670.542034718416,726.615169457237,5.48,1644.475,5.48,1644.475,4.45,1433.075,2434.775,3396.29362922571,3620.83137194767,3189.79902217186,83.1496319482544
"DFG2020","Late","Pionier","220","Combined","3",2322.30801573671,27.2832976871392,1740.32007700201,1650.0868005022,1681.08333333333,581.9879387347,641.224682403376,672.221215234506,4.83,1560.4,4.83,1560.4,4.83,1560.4,2365.73333333333,2629.77991095919,2915.82256994067,3065.51839479478,43.4253175966237
"DFG2020","Late","Pionier","220","Split","1",2329.16855040186,36.3405612273555,1712.27220945957,1614.4071595213,1644.475,616.896340942296,684.693550401865,714.76139088056,5.7,1627.82916666667,5.7,1627.82916666667,5.03,1545.84166666667,2434.775,3461.30494950074,3847.7462085097,3546.70815194313,105.606449598135
"DFG2020","Late","Pionier","220","Split","2",2370.30323696858,36.7980392059781,1728.71815542486,1631.13570524783,1681.08333333333,641.585081543718,689.219903635248,739.167531720746,6.51,1644.475,6.51,1644.475,5.83,1433.075,2434.775,4054.9700776124,4365.07101572878,4200.31299940936,64.4717630314217
"DFG2020","Late","Pionier","220","Split","3",2304.24406738767,37.6239663781274,1700.54522321676,1605.85528059852,1681.08333333333,603.698844170913,623.160734054341,698.388786789154,6.04,1644.475,6.04,1644.475,3.88,1560.4,2365.73333333333,3539.07353344237,3656.62231169288,2640.83991259104,61.4892659456591
"DFG2020","Late","Potenzial","176","Combined","1",2249.13616601785,32.5106418060652,1678.85057997857,1582.38873919871,1612.4125,570.285586039285,636.723666017851,666.747426819143,5.02,1545.84166666667,5.02,1545.84166666667,5.02,1545.84166666667,2365.73333333333,2813.7225825321,3147.22788647033,3297.94490863699,116.597167315479
"DFG2020","Late","Potenzial","176","Combined","2",2224.23131005614,35.3411508277918,1711.3342524905,1620.51143432301,1612.4125,512.89705756564,611.818810056142,603.71987573313,4.33,1627.82916666667,3.34,1416.825,3.34,1416.825,2365.73333333333,2201.58024420676,2028.60209509743,2001.55199640696,141.502023277189
"DFG2020","Late","Potenzial","176","Combined","3",2206.1019665088,30.9908373135814,1696.87609657767,1608.91304412474,1612.4125,509.225869931126,593.689466508798,597.188922384062,3.48,1644.475,2.66,1560.4,2.66,1560.4,2307.52083333333,1725.82089991074,1543.80178536105,1553.10979481619,101.418866824532
"DFG2020","Late","Potenzial","176","Split","1",2256.45637528857,30.5313473325727,1667.04967298029,1573.87386699352,1612.4125,589.406702308285,644.043875288574,682.582508295058,6.24,1545.84166666667,6.24,1545.84166666667,6.24,1545.84166666667,2307.52083333333,3502.78294601253,3843.69814295184,4084.17325521297,51.0644580447561
"DFG2020","Late","Potenzial","176","Split","2",2222.66866063171,29.2788125878228,1682.07507483211,1585.09533791074,1644.475,540.593585799599,578.19366063171,637.573322720968,4.76,1627.82916666667,4.76,1627.82916666667,4.12,1433.075,2365.73333333333,2534.10840537637,2713.04728056547,2592.88985024138,143.06467270162
"DFG2020","Late","Potenzial","176","Split","3",2195.17701449506,26.0247020680356,1670.54610013382,1579.2327022802,1612.4125,524.630914361238,582.764514495061,615.944312214861,4.72,1433.075,4.72,1433.075,4.72,1433.075,2275.075,2358.55789648499,2632.80140220472,2789.37062400029,79.8979855049392
"DFG2020","Late","Potenzial","220","Combined","1",2293.15840492544,28.2347734318223,1699.3687814167,1613.2788055857,1644.475,593.789623508741,648.68340492544,679.879599339738,4.72,1545.84166666667,4.72,1545.84166666667,4.72,1545.84166666667,2307.52083333333,2580.18000429604,2839.24284653002,2986.47935735258,14.3624284078896
"DFG2020","Late","Potenzial","220","Combined","2",2305.29638715535,23.4633494760104,1705.92927389668,1606.35174186121,1612.4125,599.367113258666,692.883887155349,698.944645294139,6.16,1644.475,5.87,1433.075,5.87,1433.075,2434.775,3571.05455674831,3951.61856894993,3987.18746859395,129.478612844651
"DFG2020","Late","Potenzial","220","Combined","3",2258.06428570256,21.1742211473249,1707.05790074817,1615.54489196389,1644.475,551.006384954392,613.589285702561,642.519393738675,4.58,1644.475,4.58,1644.475,4.12,1560.4,2365.73333333333,2391.68169809872,2677.78093383034,2527.90501564056,107.669047630769
"DFG2020","Late","Potenzial","220","Split","1",2273.78393355151,25.1261930291849,1697.10292865515,1603.04440294745,1644.475,576.681004896365,629.308933551513,670.739530604062,6.45,1545.84166666667,6.45,1545.84166666667,6.45,1545.84166666667,2307.52083333333,3432.35273282156,3771.65192997909,4038.82176900433,33.7368997818166
"DFG2020","Late","Potenzial","220","Split","2",2254.06762682996,28.1527574556011,1684.13921527964,1593.1309067758,1644.475,569.928411550314,609.592626829957,660.936720054159,5.75,1644.475,5.75,1644.475,5.06,1433.075,2307.52083333333,3099.69358652946,3327.71741568991,3188.16840483721,53.4532065033727
"DFG2020","Late","Potenzial","220","Split","3",2253.23647177572,27.0103487407141,1683.92533075845,1595.23264188237,1612.4125,569.311141017268,640.823971775723,658.003829893349,5.48,1644.475,4.8,1433.075,4.8,1433.075,2275.075,2872.4017018145,2859.15607863683,2941.61089438806,21.8385282242771
"DFG2020","Late","Torrild","176","Combined","1",2199.74115111392,36.9060613602876,1677.57054777134,1589.21898804349,1644.475,522.170603342578,555.266151113923,610.522163070428,4.22,1545.84166666667,4.22,1545.84166666667,4.22,1545.84166666667,2275.075,2146.87169277393,2286.53041539175,2519.70789619609,75.3338488860772
"DFG2020","Late","Torrild","176","Combined","2",2172.67299099437,33.4479031749449,1647.59830458584,1554.54339733487,1612.4125,525.074686408538,560.260490994374,618.129593659504,3.57,1416.825,3.57,1416.825,3.57,1416.825,2275.075,1837.27651087939,1962.88125033424,2169.46837734934,102.402009005626
"DFG2020","Late","Torrild","176","Combined","3",2169.68749698407,21.5288810388863,1666.37376895511,1573.77522451937,1612.4125,503.31372802896,557.274996984074,595.912272464701,4.43,1433.075,4.43,1433.075,4.43,1433.075,2307.52083333333,2147.38568430338,2385.85115081879,2556.790771414,137.833336349256
"DFG2020","Late","Torrild","176","Split","1",2217.76360465905,30.1476134773443,1650.93253219934,1556.17581676016,1545.84166666667,566.831072459717,671.921937992383,661.587787898896,5.73,1545.84166666667,5.73,1545.84166666667,5.73,1545.84166666667,2307.52083333333,3150.89382697047,3753.02834649086,3693.81490004529,89.757228674277
"DFG2020","Late","Torrild","176","Split","2",2195.75274881963,33.1784866732913,1661.06786193166,1566.87592449464,1612.4125,534.684886887972,583.340248819627,628.876824324984,5.09,1627.82916666667,5.08,1545.84166666667,5.08,1545.84166666667,2307.52083333333,2673.91700078227,2915.81796108076,3147.13844922859,111.768084513703
"DFG2020","Late","Torrild","176","Split","3",2142.46819078102,22.4323130956287,1658.10142355415,1565.63447589126,1612.4125,484.366767226865,530.055690781019,576.833714889756,4.24,1433.075,4.24,1433.075,4.24,1433.075,2275.075,1980.13948666617,2173.40245098259,2371.49410275061,132.606809218981
"DFG2020","Late","Torrild","220","Combined","1",2238.78004269661,29.8509775541884,1653.19449976118,1562.79938691026,1612.4125,585.585542935428,626.367542696607,675.980655786346,6.24,1627.82916666667,5.72,1545.84166666667,5.72,1545.84166666667,2275.075,3441.88570902292,3388.31563667653,3672.09235741293,36.2949573033929
"DFG2020","Late","Torrild","220","Combined","2",2261.85488830895,32.6952852513945,1686.86717936398,1596.28436271249,1644.475,574.987708944969,617.379888308947,665.570525596461,4.91,1433.075,4.91,1433.075,4.91,1433.075,2307.52083333333,2690.08111394662,2898.21703160288,3134.82854598229,45.6659450243833
"DFG2020","Late","Torrild","220","Combined","3",2246.13278870795,31.6882433407034,1687.19014814052,1592.37014809171,1612.4125,558.942640567428,633.720288707948,653.762640616241,3.62,1644.475,3.55,1560.4,3.55,1560.4,2365.73333333333,1987.35964816272,2214.37435885171,2285.52309636257,119.600544625382
"DFG2020","Late","Torrild","220","Split","1",2229.65531831227,25.9743544149857,1656.66239796861,1562.87762752966,1612.4125,572.992920343662,617.24281831227,666.777690782606,5.86,1627.82916666667,5.12,1545.84166666667,5.12,1545.84166666667,2307.52083333333,3203.12697364664,3025.12337984832,3278.70349819018,77.8655150210602
"DFG2020","Late","Torrild","220","Split","2",2259.61388929655,30.7215507711933,1671.17241914439,1575.75263920575,1612.4125,588.441470152164,647.201389296553,683.861250090801,6.52,1644.475,5.99,1545.84166666667,5.99,1545.84166666667,2365.73333333333,3748.79531393143,3796.01364571907,4015.60125430004,106.119444036777
"DFG2020","Late","Torrild","220","Split","3",2258.62995761732,23.0352114749499,1681.90363928647,1580.46287216869,1612.4125,576.726318330849,646.217457617322,678.167085448637,5.6,1644.475,5.49,1560.4,5.49,1560.4,2434.775,3168.2124390093,3487.21125512579,3662.55496563534,176.145042382678
"DFG2021","Early","Alves","176","Combined","1",2188.09645703233,26.482618268965,1669.79958868254,1582.78431994615,1644.9375,518.296868349792,543.158957032329,605.312137086179,4.37,1548.1125,4.37,1548.1125,4.37,1548.1125,2328.00416666667,2216.81396558421,2325.39156274353,2596.91168885524,139.907709634341
"DFG2021","Early","Alves","176","Combined","2",2231.01933111336,32.3320774481399,1679.15639657613,1593.24932753777,1644.9375,551.862934537228,586.081831113363,637.770003575597,4.12,1417.54166666667,4.12,1417.54166666667,4.12,1417.54166666667,2328.00416666667,2219.09829769944,2360.06961048244,2573.01788055951,96.9848355533072
"DFG2021","Early","Alves","176","Combined","3",2241.75042282334,48.6369336498756,1650.13751608707,1560.63738782551,1606.74583333333,591.612906736272,635.004589490008,681.113034997833,4.4,1566.5875,4.4,1566.5875,4.3,1435.45,2328.00416666667,2578.12873859343,2769.05210651532,2904.38540900967,86.2537438433314
"DFG2021","Early","Alves","176","Split","1",2177.91935790451,24.4067610355975,1667.32736376337,1578.80168346202,1606.74583333333,510.591994141145,571.173524571181,599.117674442487,4.2,1548.1125,4.2,1548.1125,4.2,1548.1125,2328.00416666667,2095.07543747073,2349.2706072926,2466.57903036664,150.084808762158
"DFG2021","Early","Alves","176","Split","2",2199.70013705703,24.1701842011344,1638.20102774519,1552.23805151945,1606.74583333333,561.499109311841,592.954303723703,647.462085537578,4.7,1417.54166666667,4.7,1417.54166666667,4.7,1417.54166666667,2288.43333333333,2516.90271095184,2664.64698777723,2920.74574108683,88.7331962762973
"DFG2021","Early","Alves","176","Split","3",2197.82094664141,26.1403534740755,1670.69279150409,1588.13979722842,1644.9375,527.128155137322,552.883446641408,609.68114941299,4.28,1566.5875,4.28,1566.5875,4.28,1566.5875,2288.43333333333,2162.35774183626,2272.52059058654,2515.53293206153,90.612386691922
"DFG2021","Early","Alves","220","Combined","1",2231.02133255272,32.3341727777729,1665.06093355279,1578.61836672009,1644.9375,565.960398999928,586.083832552722,652.402965832635,4.44,1548.1125,4.44,1548.1125,4.44,1548.1125,2328.00416666667,2454.04956622348,2543.3918590591,2837.84022068733,96.9828341139482
"DFG2021","Early","Alves","220","Combined","2",2249.22141719398,56.5383304066976,1671.17061830585,1580.68418846127,1644.9375,578.050798888128,604.283917193982,668.537228732717,4.91,1566.5875,4.91,1566.5875,4.91,1566.5875,2365.24583333333,2832.08119566683,2960.88580221831,3276.36955925511,116.024416139348
"DFG2021","Early","Alves","220","Combined","3",2244.53462808312,37.0281045261715,1669.38377133135,1583.22168172022,1644.9375,575.150856751767,599.597128083117,661.312946362895,5.24,1566.5875,5.24,1566.5875,5.24,1566.5875,2328.00416666667,2949.88320360713,3077.97995186323,3401.36909421948,83.4695385835525
"DFG2021","Early","Alves","220","Split","1",2220.50389317104,27.6840265230478,1676.93075823135,1580.91813920733,1644.9375,543.573134939688,575.566393171042,639.585753963711,5.1,1548.1125,5.1,1548.1125,5.1,1548.1125,2437.55833333333,2762.70182121626,2925.81416631816,3252.26380758695,217.054440162288
"DFG2021","Early","Alves","220","Split","2",2251.53313217753,37.7818706635245,1675.86654494211,1578.65552919905,1644.9375,575.666587235414,606.595632177528,672.877602978475,4.97,1566.5875,4.97,1566.5875,4.97,1566.5875,2437.55833333333,2857.95259874156,3011.66837351682,3341.08858091618,186.025201155802
"DFG2021","Early","Alves","220","Split","3",2230.59943575836,31.9791319237781,1644.66511117669,1555.30566712054,1606.74583333333,585.934324581673,623.853602425035,675.293768637822,5.16,1566.5875,5.16,1566.5875,4.98,1435.45,2328.00416666667,2953.75894761606,3149.41433203502,3295.71863322384,97.4047309083053
"DFG2021","Early","Apertus","176","Combined","1",2197.70974219478,26.0707052537706,1704.63361997889,1611.06941954237,1644.9375,493.076122215895,552.772242194781,586.640322652414,4.26,1697.2125,4.01,1548.1125,4.01,1548.1125,2437.55833333333,2096.61063965089,2212.74408031459,2348.50007132171,239.848591138549
"DFG2021","Early","Apertus","176","Combined","2",2204.31158713451,27.6584302046111,1716.69486112222,1631.98535186467,1679.35416666667,487.616726012287,524.957420467842,572.326235269847,3.73,1697.2125,3.56,1548.1125,3.56,1548.1125,2365.24583333333,1792.62019031717,1843.75296765164,2012.32289553412,160.934246198819
"DFG2021","Early","Apertus","176","Combined","3",2251.857817612,30.136776977979,1706.74090392004,1620.05046557528,1644.9375,545.116913691957,606.920317611995,631.807352036716,4.5,1566.5875,4.5,1566.5875,4.5,1566.5875,2365.24583333333,2396.44301698375,2674.51864222424,2786.5033299726,113.388015721335
"DFG2021","Early","Apertus","176","Split","1",2191.61590999995,23.5687191070295,1679.97020938625,1590.18102240172,1644.9375,511.6457006137,546.678409999946,601.434887598225,3.98,1548.1125,3.98,1548.1125,3.98,1548.1125,2365.24583333333,1998.65199973594,2137.87356072961,2355.63052131253,173.629923333384
"DFG2021","Early","Apertus","176","Split","2",2223.64324712084,23.0050867214085,1712.04574096422,1625.84621598909,1679.35416666667,511.597506156621,544.289080454172,597.797031131747,4.47,1697.2125,4.36,1417.54166666667,4.36,1417.54166666667,2365.24583333333,2214.32689784157,2302.09010628998,2535.12674795452,141.602586212488
"DFG2021","Early","Apertus","176","Split","3",2199.94064290266,22.6152974643921,1704.15692118325,1617.36471741975,1679.35416666667,495.783721719409,520.586476235991,582.575925482908,4.12,1566.5875,4.12,1566.5875,4.12,1566.5875,2365.24583333333,1992.56553812986,2094.48352446254,2349.49642582047,165.305190430669
"DFG2021","Early","Apertus","220","Combined","1",2255.84693501018,31.5746641140006,1684.5055277935,1588.66497992592,1644.9375,571.341407216677,610.909435010181,667.181955084259,4.99,1679.35416666667,4.96,1548.1125,4.96,1548.1125,2437.55833333333,2836.54011445267,3015.73051512064,3294.83428407835,181.711398323149
"DFG2021","Early","Apertus","220","Combined","2",2237.71886684439,24.5318788820394,1712.74519807344,1626.87648299573,1679.35416666667,524.973668770946,558.364700177716,610.842383848655,5.33,1697.2125,4.46,1566.5875,4.46,1566.5875,2365.24583333333,2708.5526813893,2415.20033667177,2649.10841038463,127.526966488944
"DFG2021","Early","Apertus","220","Combined","3",2270.59536399077,29.4530279030176,1718.38167957702,1620.3941626141,1679.35416666667,552.21368441375,591.241197324101,650.201201376671,4.89,1718.225,4.77,1566.5875,4.77,1566.5875,2500.4,2697.05810180961,2816.99694266613,3098.21198551855,229.804636009229
"DFG2021","Early","Apertus","220","Split","1",2281.39920612537,36.4676389975909,1684.28428023585,1587.46140546869,1679.35416666667,597.114925889521,602.045039458703,693.937800656684,5.18,1548.1125,5.18,1548.1125,5.18,1548.1125,2437.55833333333,3077.18157613141,3102.71918574654,3578.72082297951,156.159127207957
"DFG2021","Early","Apertus","220","Split","2",2262.62300379656,41.3480751065779,1696.13886980479,1600.9249352687,1679.35416666667,566.484133991762,583.268837129887,661.698068527858,5.23,1566.5875,5.23,1566.5875,5.23,1566.5875,2437.55833333333,2959.89508945358,3047.67860538592,3457.86268755096,174.935329536773
"DFG2021","Early","Apertus","220","Split","3",2251.53080199914,37.7754801432881,1687.10036461257,1598.04037557332,1644.9375,564.430437386564,606.593301999137,653.490426425813,4.47,1354.5375,4.47,1354.5375,4.47,1354.5375,2365.24583333333,2493.03125528078,2681.49702016762,2891.12626116953,113.715031334194
"DFG2021","Early","Capone","176","Combined","1",2285.0737200567,49.0324501426226,1686.12039482022,1598.01826943466,1679.35416666667,598.953325236478,605.719553390031,687.05545062204,3.77,1548.1125,3.77,1548.1125,3.77,1548.1125,2365.24583333333,2232.51026357475,2258.01893551657,2564.65523642748,80.1721132766293
"DFG2021","Early","Capone","176","Combined","2",2294.9777057598,43.6892704626629,1696.24268392039,1603.85545460989,1679.35416666667,598.735021839414,615.623539093134,691.122251149915,3.71,1417.54166666667,3.71,1417.54166666667,3.71,1417.54166666667,2437.55833333333,2213.94638489529,2276.6026906542,2556.70276818034,142.580627573527
"DFG2021","Early","Capone","176","Combined","3",2291.76534896402,42.1763181270748,1708.50056647831,1615.50713437434,1679.35416666667,583.264782485715,612.411182297354,676.258214589689,4.42,1566.5875,4.42,1566.5875,4.42,1566.5875,2437.55833333333,2568.67158423283,2697.49828896914,2979.70188987223,145.792984369306
"DFG2021","Early","Capone","176","Split","1",2285.36804440758,50.5714679610582,1691.54299858529,1596.42028197011,1679.35416666667,593.825045822287,606.013877740912,688.947762437469,4.07,1548.1125,4.07,1548.1125,4.07,1548.1125,2437.55833333333,2415.31529185703,2464.92382752515,2802.46471725168,152.190288925749
"DFG2021","Early","Capone","176","Split","2",2267.90257955108,40.4469724522904,1688.66083555644,1598.75412357053,1679.35416666667,579.241743994641,588.548412884407,669.148455980551,4.22,1548.1125,4.22,1548.1125,4.22,1548.1125,2365.24583333333,2411.52446502964,2450.79837549476,2790.92977248683,97.3432537822537
"DFG2021","Early","Capone","176","Split","3",2292.84465760884,44.0519154014264,1681.72785008204,1586.05229608843,1679.35416666667,611.116807526801,613.490490942169,706.792361520412,4.25,1566.5875,4.25,1566.5875,4.25,1566.5875,2437.55833333333,2589.79548136801,2599.88362439776,2996.41641285208,144.713675724492
"DFG2021","Early","Capone","220","Combined","1",2307.65046221518,36.4284422275781,1672.16193917275,1583.07234968204,1644.9375,635.488523042429,662.712962215183,724.578112533142,4.73,1548.1125,4.73,1548.1125,4.73,1548.1125,2365.24583333333,2911.2283757686,3039.99919548729,3332.62065835216,57.5953711181469
"DFG2021","Early","Capone","220","Combined","2",2317.76349576625,35.6492607370657,1687.86666165636,1586.98929277503,1679.35416666667,629.896834109884,638.409329099577,730.774202991216,4.64,1417.54166666667,4.64,1417.54166666667,4.64,1417.54166666667,2500.4,2914.94996213113,2954.44749420811,3383.01859952606,182.636504233753
"DFG2021","Early","Capone","220","Combined","3",2328.0007599861,31.392740075471,1676.50081263137,1580.07036114967,1679.35416666667,651.499947354733,648.646593319428,747.930398836433,4.96,1566.5875,4.96,1566.5875,4.96,1566.5875,2437.55833333333,3166.28937839349,3152.13722824033,3644.57709725686,109.557573347232
"DFG2021","Early","Capone","220","Split","1",2334.43603194797,37.1596295995958,1694.27152392176,1594.09816181974,1679.35416666667,640.164508026216,655.081865281304,740.337870128231,5.85,1679.35416666667,5.85,1679.35416666667,5.32,1548.1125,2500.4,3730.8797351831,3818.14577513588,3925.78926278698,165.963968052026
"DFG2021","Early","Capone","220","Split","2",2317.76197428883,35.6474788513034,1698.28434755723,1603.26610199263,1679.35416666667,619.477626731602,638.407807622162,714.495872296203,4.9,1417.54166666667,4.9,1417.54166666667,4.9,1417.54166666667,2437.55833333333,2997.189703823,3089.94641764492,3462.77604862491,119.796359044498
"DFG2021","Early","Capone","220","Split","3",2301.51476559219,41.212506832807,1681.53333587129,1579.95470092407,1679.35416666667,619.981429720903,622.160598925521,721.560064668118,4.89,1566.5875,4.89,1566.5875,4.89,1566.5875,2500.4,3032.78719839535,3043.44331077704,3529.5062872873,198.885234407809
"DFG2021","Early","Esket","176","Combined","1",2201.32385308326,27.7991945078804,1653.94371368561,1561.84944784767,1606.74583333333,547.380139397654,594.578019749929,639.474405235593,3.36,1548.1125,3.36,1548.1125,3.36,1548.1125,2365.24583333333,1817.22826983869,1975.77457879358,2126.60990581368,163.921980250071
"DFG2021","Early","Esket","176","Combined","2",2231.01933111336,32.3320774481399,1681.99805579816,1592.09282677113,1606.74583333333,549.0212753152,624.273497780033,638.926504342236,3.84,1417.54166666667,3.84,1417.54166666667,3.84,1417.54166666667,2365.24583333333,2080.88817552872,2369.84032906319,2426.10667619964,134.226502219968
"DFG2021","Early","Esket","176","Combined","3",2254.48587383874,66.1603680569093,1656.22103282696,1563.8480869634,1606.74583333333,598.264841011788,647.740040505414,690.637786875342,4.24,1566.5875,4.24,1566.5875,4.22,1435.45,2365.24583333333,2533.92146478804,2743.69631053088,2911.78283631897,110.759959494586
"DFG2021","Early","Esket","176","Split","1",2237.28572706732,31.5643080155978,1661.87783977457,1573.2889961837,1644.9375,575.407887292751,592.348227067322,663.996730883623,3.87,1343.12916666667,3.87,1343.12916666667,3.87,1343.12916666667,2328.00416666667,2167.04494694481,2232.59935504044,2509.86996720309,90.7184395993477
"DFG2021","Early","Esket","176","Split","2",2196.85448104967,25.6270373915874,1668.44728939298,1579.99198539547,1644.9375,528.407191656686,551.916981049669,616.862495654203,3.97,1548.1125,3.97,1548.1125,3.97,1548.1125,2328.00416666667,2043.16285142765,2136.42892269481,2394.16545218589,131.149685617001
"DFG2021","Early","Esket","176","Split","3",2195.74570622529,25.0645191115617,1659.15257161703,1570.2937087618,1606.74583333333,536.593134608265,588.999872891964,625.451997463496,3.94,1435.45,3.94,1435.45,3.94,1435.45,2328.00416666667,2057.75638667471,2264.11239143742,2407.6902104291,132.258460441376
"DFG2021","Early","Esket","220","Combined","1",2240.85121046996,35.1434718849128,1667.51376692088,1569.94532455923,1644.9375,573.337443549081,595.913710469963,670.90588591073,4.35,1548.1125,4.35,1548.1125,4.35,1548.1125,2437.55833333333,2491.27769655254,2589.48204769227,2915.69492652371,196.707122863367
"DFG2021","Early","Esket","220","Combined","2",2239.81630256711,33.7958996442429,1664.22992844617,1572.59542121255,1644.9375,575.586374120936,594.878802567105,667.220881354555,3.96,1566.5875,3.96,1566.5875,3.96,1566.5875,2365.24583333333,2250.03082949476,2326.42608664293,2612.89635699297,125.429530766225
"DFG2021","Early","Esket","220","Combined","3",2240.85121046996,35.1434718849128,1664.60712961148,1575.87810397281,1644.9375,576.244080858487,595.913710469963,664.97310649715,4.51,1566.5875,4.51,1566.5875,4.51,1566.5875,2328.00416666667,2540.75678931442,2629.46471258385,2940.9194968679,87.1529561967063
"DFG2021","Early","Esket","220","Split","1",2228.3836433033,31.7666588844656,1672.98456220284,1581.89392011244,1644.9375,555.39908110046,583.4461433033,646.489723190864,4.95,1548.1125,4.95,1548.1125,4.95,1548.1125,2365.24583333333,2713.82691782729,2852.64795018387,3164.70203549555,136.86219003003
"DFG2021","Early","Esket","220","Split","2",2240.85091457847,35.1428144228213,1674.66067351818,1587.00624161632,1644.9375,566.190241060285,595.91341457847,653.844672962147,4.26,1566.5875,4.26,1566.5875,4.26,1566.5875,2328.00416666667,2357.08657648403,2483.70392045308,2730.48838799431,87.1532520882001
"DFG2021","Early","Esket","220","Split","3",2262.00488296759,44.2466330299037,1662.14000850526,1569.12699340258,1606.74583333333,599.864874462333,655.259049634264,692.877889565012,4.21,1566.5875,4.21,1566.5875,4.21,1566.5875,2365.24583333333,2503.4883065933,2736.69763869848,2895.072928506,103.240950365736
"DFG2021","Early","Patras","176","Combined","1",2220.11771669836,27.246217631636,1674.24681404196,1586.43928041558,1606.74583333333,545.870902656406,613.371883365034,633.678436282786,3.93,1548.1125,3.93,1548.1125,3.93,1548.1125,2365.24583333333,2106.59660932706,2371.80217386243,2451.59685985383,145.128116634966
"DFG2021","Early","Patras","176","Combined","2",2188.08348877337,26.47228848544,1663.43331567876,1576.80590889,1606.74583333333,524.650173094605,581.337655440036,611.277579883364,3.9,1417.54166666667,3.9,1417.54166666667,3.9,1417.54166666667,2328.00416666667,2003.11424155854,2224.09319979681,2340.83299137101,139.920677893304
"DFG2021","Early","Patras","176","Combined","3",2210.24889738073,25.9551291920419,1643.62826229905,1553.63676843703,1606.74583333333,566.620635081682,603.503064047399,656.612128943698,4.56,1566.5875,4.56,1566.5875,4.18,1435.45,2328.00416666667,2510.04124294831,2678.16682099657,2676.94439288837,117.755269285941
"DFG2021","Early","Patras","176","Split","1",2174.52007954608,25.0548654101703,1667.26408083515,1580.38288420614,1606.74583333333,507.255998710925,567.774246212747,594.137195339939,4.02,1548.1125,4.02,1548.1125,4.02,1548.1125,2328.00416666667,1997.58753597236,2240.66629319268,2346.60111388519,153.484087120592
"DFG2021","Early","Patras","176","Split","2",2166.95326708877,19.7836890418553,1656.75698360204,1568.8986797633,1606.74583333333,510.196283486736,560.207433755445,598.054587325475,4.35,1417.54166666667,4.35,1417.54166666667,4.35,1417.54166666667,2328.00416666667,2143.55881143103,2360.30391642675,2524.58614039538,161.050899577895
"DFG2021","Early","Patras","176","Split","3",2196.85448104967,25.6270373915874,1656.75698360204,1568.8986797633,1606.74583333333,540.09749744763,590.108647716339,627.955801286369,4.23,1566.5875,4.23,1566.5875,4.23,1566.5875,2328.00416666667,2226.38280832476,2437.823760689,2597.87765350669,131.149685617001
"DFG2021","Early","Patras","220","Combined","1",2256.55887146042,58.5427019209305,1662.42459884123,1575.55252528366,1606.74583333333,594.134272619192,649.813038127094,681.006346176768,4.88,1548.1125,4.88,1548.1125,4.88,1548.1125,2328.00416666667,2875.12761770151,3146.8399913659,3299.0633344375,71.4452952062461
"DFG2021","Early","Patras","220","Combined","2",2238.43276414277,37.2008585154456,1651.17783100224,1562.07506399387,1606.74583333333,587.254933140524,631.686930809436,676.357700148895,4.58,1566.5875,4.58,1566.5875,4.57,1435.45,2328.00416666667,2640.20639819491,2843.70339312854,3041.6392922387,89.5714025239035
"DFG2021","Early","Patras","220","Combined","3",2249.90800271473,53.9123931362344,1663.43331567876,1576.80590889,1606.74583333333,586.474687035967,643.162169381398,673.102093824726,5.29,1566.5875,5.29,1566.5875,5.29,1566.5875,2328.00416666667,3074.84596320363,3374.72273477089,3533.1049337712,78.0961639519414
"DFG2021","Early","Patras","220","Split","1",2257.51788265383,51.0292725423923,1653.62685151967,1562.39657107491,1606.74583333333,603.891031134154,650.772049320497,695.121311578916,4.98,1548.1125,4.98,1548.1125,4.98,1548.1125,2365.24583333333,2993.60877284664,3227.07622790924,3447.93555052422,107.727950679503
"DFG2021","Early","Patras","220","Split","2",2244.57242586089,37.1831678151416,1671.34856631221,1581.8920273002,1644.9375,573.223859548681,599.634925860887,662.680398560684,5,1566.5875,5,1566.5875,5,1566.5875,2365.24583333333,2835.85388237216,2967.90748852923,3283.13325468013,120.673407472443
"DFG2021","Early","Patras","220","Split","3",2230.5970088963,31.9767210899855,1650.39031135115,1562.76384861444,1606.74583333333,580.206697545144,623.851175562966,667.833160281851,5.15,1566.5875,5.15,1566.5875,4.72,1435.45,2328.00416666667,2918.5296919671,3143.28884557655,3088.43061930157,97.4071577703739
"DFG2021","Early","Pionier","176","Combined","1",2246.6808810067,39.7447100319221,1672.13953904614,1585.10659220795,1644.9375,574.541341960565,601.743381006705,661.574288798753,3.81,1417.54166666667,3.81,1417.54166666667,3.81,1417.54166666667,2328.00416666667,2147.98895238765,2251.62811300642,2479.58337340105,81.3232856599652
"DFG2021","Early","Pionier","176","Combined","2",2245.31358523902,46.3513372431884,1699.19319142025,1611.86355453677,1679.35416666667,546.120393818775,565.959418572353,633.450030702257,4.13,1697.2125,4.07,1548.1125,4.07,1548.1125,2365.24583333333,2244.08177542398,2292.22478145436,2566.91139693846,119.932248094307
"DFG2021","Early","Pionier","176","Combined","3",2251.1182914662,77.2266679625191,1680.21663556539,1593.58642999389,1644.9375,570.901655900811,606.180791466203,657.531861472312,4.25,1566.5875,4.25,1566.5875,4.25,1566.5875,2328.00416666667,2419.61217326295,2569.5484994596,2787.79054690469,76.8858752004667
"DFG2021","Early","Pionier","176","Split","1",2247.37915792281,33.7085232982545,1683.01374005276,1593.27073837314,1644.9375,564.365417870054,602.441657922811,654.108419549674,4.01,1548.1125,4.01,1548.1125,4.01,1548.1125,2365.24583333333,2228.48665721252,2381.16615372701,2588.34642992229,117.866675410519
"DFG2021","Early","Pionier","176","Split","2",2217.62640378912,34.8862767737976,1670.4680353788,1579.98475858865,1644.9375,547.158368410322,572.688903789121,637.641645200467,4.09,1548.1125,4.09,1548.1125,4.09,1548.1125,2365.24583333333,2221.48156537967,2325.89733563944,2591.54978032888,147.61942954421
"DFG2021","Early","Pionier","176","Split","3",2254.59846778563,41.9359872697238,1683.01374005276,1593.27073837314,1644.9375,571.584727732871,609.660967785628,661.32772941249,4.66,1435.45,4.66,1435.45,4.66,1435.45,2365.24583333333,2639.51046047847,2816.94519888885,3057.71206638937,110.647365547703
"DFG2021","Early","Pionier","220","Combined","1",2283.57206447576,39.5861460974526,1683.37723576429,1582.69973104292,1644.9375,600.194828711477,638.634564475765,700.872333432847,5.29,1679.35416666667,4.72,1548.1125,4.72,1548.1125,2500.4,3178.39545855994,3017.35671916285,3311.11863976483,216.827935524235
"DFG2021","Early","Pionier","220","Combined","2",2277.23902935909,47.6281542946534,1709.41351962006,1611.27324735958,1679.35416666667,567.825509739032,597.884862692424,665.965781999513,5.3,1697.2125,4.52,1566.5875,4.52,1566.5875,2500.4,3014.94026434513,2707.10024260105,3014.82593002108,223.160970640906
"DFG2021","Early","Pionier","220","Combined","3",2292.11773495092,37.3832573281783,1698.6051057678,1604.58590575204,1679.35416666667,593.51262918312,612.76356828425,687.531829198877,4.91,1566.5875,4.91,1566.5875,4.91,1566.5875,2437.55833333333,2895.9524323178,2990.4734932765,3357.58407357548,145.44059838241
"DFG2021","Early","Pionier","220","Split","1",2285.36260901422,50.7013774159323,1676.91762920248,1579.87439226897,1644.9375,608.444979811734,640.425109014217,705.488216745247,4.98,1548.1125,4.98,1548.1125,4.98,1548.1125,2437.55833333333,3028.2191879038,3187.48021579364,3511.49448431986,152.195724319114
"DFG2021","Early","Pionier","220","Split","2",2268.67306178901,43.8784961229374,1686.92425870184,1591.4139284247,1644.9375,581.748803087173,623.735561789009,677.259133364312,4.8,1566.5875,4.8,1566.5875,4.8,1566.5875,2437.55833333333,2790.25791714776,2991.79408287299,3248.70712473195,168.885271544321
"DFG2021","Early","Pionier","220","Split","3",2285.52534172756,52.1204628015987,1687.50672991974,1591.77287053919,1644.9375,598.018611807819,640.587841727564,693.752471188376,5.12,1566.5875,5.12,1566.5875,5.12,1566.5875,2437.55833333333,3060.5787198177,3278.53313985108,3550.73605872297,152.032991605766
"DFG2021","Early","Potenzial","176","Combined","1",2197.94347584583,26.2183050678997,1660.86457709464,1569.99951896638,1606.74583333333,537.078898751186,591.1976425125,627.943956879448,3.84,1548.1125,3.84,1548.1125,3.84,1548.1125,2365.24583333333,2033.58180146747,2241.30799994508,2382.38518074822,167.3023574875
"DFG2021","Early","Potenzial","176","Combined","2",2231.37613620687,32.6395299151875,1678.85458092494,1592.98880121357,1606.74583333333,552.521555281933,624.63030287354,638.387334993296,4.67,1417.54166666667,4.67,1417.54166666667,4.67,1417.54166666667,2328.00416666667,2519.41235017703,2856.14353143763,2920.38763216713,96.6280304597994
"DFG2021","Early","Potenzial","176","Combined","3",2232.14748401905,28.8823191354467,1671.25821725988,1584.48848643483,1606.74583333333,560.889266759161,625.401650685716,647.658997584214,4.33,1566.5875,4.33,1566.5875,4.33,1566.5875,2328.00416666667,2353.58665297712,2632.88601167081,2729.25435489001,95.856682647624
"DFG2021","Early","Potenzial","176","Split","1",2177.96634734806,26.5560486188087,1666.07961570118,1578.52554401353,1606.74583333333,511.886731646881,571.220514014728,599.440803334531,4.27,1548.1125,4.27,1548.1125,4.27,1548.1125,2328.00416666667,2146.37106074058,2399.59377597258,2520.06456866049,150.037819318612
"DFG2021","Early","Potenzial","176","Split","2",2227.12815829598,28.2811475624522,1657.31974245249,1569.09410137132,1606.74583333333,569.808415843483,620.382324962645,658.034056924653,4.54,1548.1125,4.54,1548.1125,4.54,1548.1125,2328.00416666667,2510.22955958796,2739.79914849453,2910.72583140735,100.876008370694
"DFG2021","Early","Potenzial","176","Split","3",2209.06380153731,26.8061687026598,1658.33820614424,1569.10768908216,1606.74583333333,550.725595393071,602.31796820398,639.956112455148,4.35,1435.45,4.35,1435.45,4.35,1435.45,2328.00416666667,2331.57640038499,2555.93363629085,2719.63570501646,118.94036512936
"DFG2021","Early","Potenzial","220","Combined","1",2234.7933102774,30.7519594339822,1663.2019695003,1576.68364188842,1606.74583333333,571.591340777102,628.047476944068,658.109668388976,4.34,1548.1125,4.34,1548.1125,4.34,1548.1125,2328.00416666667,2412.38716725511,2657.38962540815,2787.85565118179,93.2108563892721
"DFG2021","Early","Potenzial","220","Combined","2",2239.2949649124,38.7949386816963,1663.43331567876,1576.80590889,1606.74583333333,575.861649233638,632.549131579069,662.489056022397,4.07,1566.5875,4.07,1566.5875,4.07,1566.5875,2328.00416666667,2303.4950194316,2534.2118245417,2656.0670958628,88.7092017542709
"DFG2021","Early","Potenzial","220","Combined","3",2237.78774671328,28.0478483784253,1685.68102317829,1600.61674076337,1644.9375,552.106723534994,592.850246713283,637.171005949918,4.88,1566.5875,4.88,1566.5875,4.88,1566.5875,2328.00416666667,2597.13565485077,2795.91307605938,3012.17141651521,90.2164199533868
"DFG2021","Early","Potenzial","220","Split","1",2219.11785538541,30.6609771334442,1668.8259253875,1577.78585618891,1644.9375,550.291929997916,574.180355385414,641.331999196504,5.09,1548.1125,5.09,1548.1125,5.09,1548.1125,2365.24583333333,2767.0336046333,2888.60992369575,3230.39181956253,146.127977947916
"DFG2021","Early","Potenzial","220","Split","2",2262.04698277782,44.9024326899569,1663.43331567876,1576.80590889,1606.74583333333,598.613667099059,655.30114944449,685.241073887818,4.77,1566.5875,4.77,1566.5875,4.77,1566.5875,2328.00416666667,2802.63487848796,3073.03402981195,3215.84744889789,65.9571838888496
"DFG2021","Early","Potenzial","220","Split","3",2223.7316992055,24.3532283200444,1652.37197355519,1559.88236776729,1606.74583333333,571.359725650313,616.985865872173,663.849331438213,4.79,1566.5875,4.79,1566.5875,4.46,1435.45,2365.24583333333,2668.93479455685,2887.36936052951,2897.40483564327,141.514134127827
"DFG2021","Early","Torrild","176","Combined","1",2212.19529722447,28.820891204805,1651.45794230582,1564.07804998465,1606.74583333333,560.737354918652,605.449463891143,648.11724723982,3.83,1548.1125,3.83,1548.1125,3.83,1548.1125,2328.00416666667,2098.05916089903,2269.2805464554,2432.68683604819,115.808869442197
"DFG2021","Early","Torrild","176","Combined","2",2222.42482844803,41.4947133862519,1656.75698360204,1568.8986797633,1606.74583333333,565.667844845992,615.6789951147,653.52614868473,3.65,1548.1125,3.65,1548.1125,3.65,1548.1125,2328.00416666667,2043.86933395756,2226.4095051356,2364.55149030221,105.579338218639
"DFG2021","Early","Torrild","176","Combined","3",2217.62136047209,31.0192105989628,1652.36815178868,1564.26631984156,1606.74583333333,565.25320868341,610.87552713876,653.355040630525,4.6,1566.5875,4.6,1566.5875,4.52,1435.45,2328.00416666667,2546.12138123355,2755.96876727048,2900.04031705726,110.38280619458
"DFG2021","Early","Torrild","176","Split","1",2199.85541256096,31.3546094568077,1665.45291898399,1578.23585134868,1606.74583333333,534.402493576975,593.109579227634,621.619561212283,4.54,1548.1125,4.54,1548.1125,4.54,1548.1125,2328.00416666667,2388.38654265339,2654.89065623729,2784.32075110758,128.148754105706
"DFG2021","Early","Torrild","176","Split","2",2187.46610631238,23.6808513416574,1659.67392443339,1573.10776625319,1606.74583333333,527.792181878993,580.720272979055,614.35834005919,3.99,1548.1125,3.99,1548.1125,3.99,1548.1125,2328.00416666667,2047.33219826193,2258.30184823256,2392.446844887,140.538060354285
"DFG2021","Early","Torrild","176","Split","3",2207.65090732263,29.6230072202836,1656.75698360204,1568.8986797633,1606.74583333333,550.893923720595,600.905073989304,638.752227559334,4.31,1435.45,4.31,1435.45,4.31,1435.45,2328.00416666667,2326.04383403261,2541.56311903865,2704.67477319245,120.353259344035
"DFG2021","Early","Torrild","220","Combined","1",2262.1999090382,49.2233974081686,1642.91568276888,1556.35591165702,1606.74583333333,619.284226269316,655.454075704865,705.843997381178,4.72,1548.1125,4.72,1548.1125,4.72,1548.1125,2288.43333333333,2829.43466732115,3000.15634155765,3237.9967660038,26.2334242951351
"DFG2021","Early","Torrild","220","Combined","2",2253.82382695532,44.2391821074489,1655.67168025886,1567.56290733653,1606.74583333333,598.152146696463,647.077993621992,686.260919618794,4.43,1566.5875,4.43,1566.5875,4.43,1566.5875,2328.00416666667,2607.09298876554,2823.8343476683,2997.41467658162,74.1803397113481
"DFG2021","Early","Torrild","220","Combined","3",2240.85666183009,35.1540104156321,1653.22656523375,1565.49628925192,1606.74583333333,587.630096596335,634.110828496757,675.360372578163,4.87,1566.5875,4.87,1566.5875,4.64,1435.45,2328.00416666667,2799.05215382443,3025.41006017389,3073.9230532632,87.1475048365824
"DFG2021","Early","Torrild","220","Split","1",2262.04684479341,44.8626333210767,1651.60507538352,1562.49668719365,1606.74583333333,610.441769409883,655.301011460078,699.550157599758,4.78,1548.1125,4.78,1548.1125,4.78,1548.1125,2328.00416666667,2864.94565809275,3079.37274318529,3290.88363574102,65.9573218732621
"DFG2021","Early","Torrild","220","Split","2",2244.90194214971,38.3633900904283,1672.24648159203,1584.62172225751,1679.35416666667,572.655460557689,565.547775483044,660.2802198922,4.89,1566.5875,4.89,1566.5875,4.89,1566.5875,2328.00416666667,2744.97546324096,2710.21935128456,3173.45826997166,83.1022245169556
"DFG2021","Early","Torrild","220","Split","3",2262.1999090382,49.2233974081686,1657.52746093402,1569.73393603544,1606.74583333333,604.672448104178,655.454075704865,692.465973002757,4.95,1566.5875,4.95,1566.5875,4.95,1566.5875,2328.00416666667,2948.53994616026,3199.90897389591,3383.11786021709,65.8042576284747
"DFG2021","Late","Alves","176","Combined","1",2027.47444398427,22.5601295897967,1502.93452741956,1419.21009321162,1472.07916666667,524.539916564706,555.395277317598,608.264350772649,4.31,1375.25416666667,4.31,1375.25416666667,4.31,1375.25416666667,2155.14583333333,2192.26018037043,2325.12292889872,2552.87508246293,127.671389349062
"DFG2021","Late","Alves","176","Combined","2",2057.42881168667,28.0908464798442,1507.5498655714,1424.03742093773,1472.07916666667,549.878946115268,585.349645019996,633.39139074894,3.8,1375.25416666667,3.8,1375.25416666667,3.8,1375.25416666667,2155.14583333333,2033.09710803438,2167.8699425172,2350.41877088388,97.7170216466639
"DFG2021","Late","Alves","176","Combined","3",2071.1679417643,36.3259302114763,1502.93452741956,1419.21009321162,1472.07916666667,568.233414344742,599.088775097634,651.957848552686,4.88,1393.72916666667,4.88,1393.72916666667,4.88,1393.72916666667,2155.14583333333,2722.40834294656,2872.98157957584,3130.98206948809,83.9778915690258
"DFG2021","Late","Alves","176","Split","1",2084.59483447617,47.5531804265061,1508.32785136807,1425.31156399957,1472.07916666667,576.266983108094,612.515667809496,659.2832704766,4.66,1375.25416666667,4.66,1375.25416666667,4.66,1375.25416666667,2155.14583333333,2652.13067719259,2821.04952721575,3038.98654852779,70.5509988571639
"DFG2021","Late","Alves","176","Split","2",2059.28802502791,26.7441090366023,1504.27933381729,1419.91096318151,1472.07916666667,555.008691210614,587.208858361238,639.377061846393,4.58,1244.68333333333,4.58,1244.68333333333,4.58,1244.68333333333,2155.14583333333,2464.00477217745,2611.45630944564,2850.36728421171,95.8578083054217
"DFG2021","Late","Alves","176","Split","3",2046.26206112934,24.7397948187617,1504.55900407619,1420.95871092851,1472.07916666667,541.703057053152,574.182894462672,625.303350200828,5.12,1393.72916666667,5.12,1393.72916666667,5.12,1393.72916666667,2155.14583333333,2687.8174326557,2854.05035807052,3115.73648355865,108.883772203988
"DFG2021","Late","Alves","220","Combined","1",2072.38035340027,29.3575619447701,1510.19690676581,1424.28737038393,1472.07916666667,562.183446634459,600.301186733595,648.092983016335,5.38,1506.49583333333,5.13,1375.25416666667,5.13,1375.25416666667,2192.3875,2972.87282885092,3030.25947299513,3275.42452778579,120.007146599734
"DFG2021","Late","Alves","220","Combined","2",2071.21161561485,36.520722409897,1523.54648176768,1442.05559430971,1506.49583333333,547.66513384717,564.715782281515,629.156021305132,4.8,1393.72916666667,4.8,1393.72916666667,4.8,1393.72916666667,2155.14583333333,2579.64920404703,2661.49141243017,2970.80317271826,83.9342177184844
"DFG2021","Late","Alves","220","Combined","3",2092.90543554028,33.9687203631001,1515.92251606919,1433.62893002149,1472.07916666667,576.982919471091,620.826268873614,659.276505518791,4.83,1393.72916666667,4.83,1393.72916666667,4.83,1393.72916666667,2155.14583333333,2701.72078794983,2913.48182048211,3099.19567288361,62.2403977930458
"DFG2021","Late","Alves","220","Split","1",2089.10157639711,41.0550341521347,1496.70687972955,1412.43860014319,1472.07916666667,592.394696667555,617.022409730437,676.662976253918,5.4,1375.25416666667,5.4,1375.25416666667,5.4,1375.25416666667,2155.14583333333,3138.42064829369,3271.41018941843,3593.4691593756,66.0442569362226
"DFG2021","Late","Alves","220","Split","2",2058.53818079155,24.6698909455525,1510.91926200656,1424.62180641819,1472.07916666667,547.618918784985,586.45901412488,633.916374373364,5.04,1393.72916666667,5.04,1393.72916666667,5.04,1393.72916666667,2192.3875,2698.53727495001,2894.2211319005,3133.36423257647,133.84931920845
"DFG2021","Late","Alves","220","Split","3",2103.24867817904,39.3342770711222,1505.9206300809,1422.35387008992,1472.07916666667,597.328048098133,631.169511512367,680.894808089113,5.1,1393.72916666667,5.1,1393.72916666667,5.1,1393.72916666667,2155.14583333333,2964.53933386067,3137.13057287179,3390.72947333449,51.8971551542932
"DFG2021","Late","Apertus","176","Combined","1",2073.76427900029,28.652302509262,1546.85091660117,1453.04896568506,1506.49583333333,526.913362399125,567.268445666961,620.715313315233,4.5,1524.35416666667,3.73,1375.25416666667,3.73,1375.25416666667,2327.54166666667,2376.26931418022,2120.16390409669,2319.50757704501,253.777387666379
"DFG2021","Late","Apertus","176","Combined","2",2063.8790054808,28.4843916898038,1533.59458326885,1450.79082665251,1506.49583333333,530.284422211944,557.383172147468,613.088178828291,4.07,1244.68333333333,4.07,1244.68333333333,4.07,1244.68333333333,2192.3875,2121.8260271487,2232.09959749551,2458.80118350848,128.508494519202
"DFG2021","Late","Apertus","176","Combined","3",2074.50504608355,31.4009837523944,1547.92612358014,1455.0816818007,1472.07916666667,526.578922503412,602.425879416877,619.423364282844,4.44,1545.36666666667,4.03,1393.72916666667,4.03,1393.72916666667,2327.54166666667,2344.37552314526,2433.53791257961,2502.03657203696,253.036620583123
"DFG2021","Late","Apertus","176","Split","1",2027.20750261092,22.4093975421699,1522.04696764428,1436.77912262697,1506.49583333333,505.160534966634,520.711669277588,590.428379983947,4.59,1375.25416666667,4.59,1375.25416666667,4.59,1375.25416666667,2192.3875,2274.64398043964,2345.92024175797,2665.66470268522,165.179997389082
"DFG2021","Late","Apertus","176","Split","2",2078.67512591241,35.0339500507814,1532.474245023,1448.72139635515,1506.49583333333,546.200880889407,572.179292579079,629.953729557261,5.01,1524.35416666667,4.63,1375.25416666667,4.63,1375.25416666667,2192.3875,2703.95536878468,2619.14290469807,2886.63669983841,113.712374087591
"DFG2021","Late","Apertus","176","Split","3",2070.069951193,25.8635280771705,1518.34619295854,1437.25704814599,1472.07916666667,551.723758234468,597.990784526333,632.81290304701,4.1,1393.72916666667,4.1,1393.72916666667,4.1,1393.72916666667,2155.14583333333,2175.31461497829,2364.96627367835,2507.72116916857,85.0758821403265
"DFG2021","Late","Apertus","220","Combined","1",2095.24135835911,26.88104182023,1528.81295732599,1439.25843270889,1472.07916666667,566.428401033123,623.162191692439,655.982925650219,5.09,1506.49583333333,4.61,1375.25416666667,4.61,1375.25416666667,2264.7,2855.52831133901,2847.75302398653,2999.04800976024,169.458641640891
"DFG2021","Late","Apertus","220","Combined","2",2110.46935064581,36.2582793625694,1532.14759567705,1436.67688796913,1506.49583333333,578.321754968763,603.973517312478,673.792462676673,5.35,1524.35416666667,4.92,1393.72916666667,4.92,1393.72916666667,2327.54166666667,3098.15718452497,2975.35223477844,3318.86063534032,217.072316020862
"DFG2021","Late","Apertus","220","Combined","3",2130.96848886791,27.6257334986827,1534.5711354337,1451.34929924079,1506.49583333333,596.397353434212,624.472655534579,679.619189627122,4.72,1393.72916666667,4.72,1393.72916666667,4.72,1393.72916666667,2192.3875,2690.16041095798,2822.66388752827,3082.9442708747,61.4190111320904
"DFG2021","Late","Apertus","220","Split","1",2073.2991415263,24.9775582454876,1535.71498815154,1441.85086109049,1472.07916666667,537.584153374758,601.219974859632,631.448280435808,5.58,1506.49583333333,5.2,1375.25416666667,5.2,1375.25416666667,2327.54166666667,3001.1260641885,3127.54087300327,3284.704396277,254.242525140368
"DFG2021","Late","Apertus","220","Split","2",2081.22478815251,30.0023343310055,1531.88306251619,1442.07378705967,1506.49583333333,549.341725636326,574.728954819182,639.151001092839,5.1,1524.35416666667,4.66,1393.72916666667,4.66,1393.72916666667,2264.7,2790.68651855494,2668.21643666549,2968.41283290375,183.475211847488
"DFG2021","Late","Apertus","220","Split","3",2135.75737462732,31.0338388114645,1539.89648788013,1446.73216969166,1472.07916666667,595.860886747188,663.678207960651,689.025204935662,5.14,1393.72916666667,5.14,1393.72916666667,5.14,1393.72916666667,2327.54166666667,3054.78437683497,3403.35804421456,3533.64063656534,191.784292039349
"DFG2021","Late","Capone","176","Combined","1",2110.62209911319,36.6500766109942,1507.60330436363,1421.51332862153,1506.49583333333,603.018794749564,604.126265779863,689.108770491666,4.03,1375.25416666667,4.03,1375.25416666667,4.03,1375.25416666667,2192.3875,2385.53455370248,2389.99764252921,2732.4765217819,81.7654008868067
"DFG2021","Late","Capone","176","Combined","2",2110.47953997521,36.292729735079,1519.0437148765,1423.53947573953,1506.49583333333,591.435825098716,603.983706641882,686.940064235681,4.29,1244.68333333333,4.29,1244.68333333333,4.29,1244.68333333333,2327.54166666667,2540.58719536636,2594.41730212439,2950.29933647537,217.062126691458
"DFG2021","Late","Capone","176","Combined","3",2127.22222197485,36.7466581084366,1515.64862292561,1424.00452108772,1506.49583333333,611.573599049243,620.726388641518,703.217700887128,3.97,1262.59166666667,3.97,1262.59166666667,3.97,1262.59166666667,2264.7,2414.22614107647,2450.56258838427,2778.05266362476,137.477778025152
"DFG2021","Late","Capone","176","Split","1",2112.40773519222,46.933870218464,1522.29044850071,1426.57938543993,1506.49583333333,590.117286691506,605.911901858886,685.828349752284,4.31,1375.25416666667,4.31,1375.25416666667,4.31,1375.25416666667,2327.54166666667,2547.91623610221,2615.99101615992,2960.4308904693,215.133931474455
"DFG2021","Late","Capone","176","Split","2",2112.56513876979,48.2231056421121,1542.47075694403,1449.43261976204,1506.49583333333,570.094381825763,606.069305436461,663.132519007753,4.64,1375.25416666667,4.64,1375.25416666667,4.64,1375.25416666667,2327.54166666667,2650.04855899314,2816.97217867601,3081.74547964363,214.976527896879
"DFG2021","Late","Capone","176","Split","3",2128.43477259275,37.9725341970359,1500.39329343268,1413.21639111056,1506.49583333333,628.041479160066,621.938939259416,715.218381482191,4.6,1262.59166666667,4.6,1262.59166666667,4.6,1262.59166666667,2192.3875,2823.27454441048,2795.20291285314,3224.28802122861,63.9527274072534
"DFG2021","Late","Capone","220","Combined","1",2126.65828035283,32.6545892745907,1509.21248348808,1413.1359370748,1506.49583333333,617.445796864751,620.162447019502,713.522343278032,5.35,1506.49583333333,5.35,1506.49583333333,4.61,1375.25416666667,2327.54166666667,3300.78146107614,3315.31534635936,3287.13513244063,200.883386313838
"DFG2021","Late","Capone","220","Combined","2",2136.49964993374,35.1592696735515,1513.81957493072,1417.90633832708,1506.49583333333,622.680075003025,630.003816600412,718.593311606666,4.65,1393.72916666667,4.65,1393.72916666667,4.65,1393.72916666667,2327.54166666667,2893.46275939139,2927.51798607681,3339.45834198235,191.042016732928
"DFG2021","Late","Capone","220","Combined","3",2153.49836059731,31.5256271082655,1539.10161436786,1445.9339779597,1506.49583333333,614.396746229447,647.00252726398,707.564382637614,4.19,1181.67916666667,4.19,1181.67916666667,4.19,1181.67916666667,2327.54166666667,2562.82048773483,2699.43620550543,2953.18854608577,174.04330606936
"DFG2021","Late","Capone","220","Split","1",2162.81667121169,31.9428397234999,1504.82623542078,1407.94355669131,1506.49583333333,657.99043579091,656.32083787836,754.873114520385,5.14,1375.25416666667,5.34,1506.49583333333,5.14,1375.25416666667,2327.54166666667,3364.58932224753,3486.59162615055,3862.56435236657,164.72499545498
"DFG2021","Late","Capone","220","Split","2",2144.24789325515,29.3606221302254,1521.67325875988,1426.93114639982,1506.49583333333,622.574634495267,637.752059921818,717.316746855327,4.97,1393.72916666667,4.97,1393.72916666667,4.97,1393.72916666667,2327.54166666667,3079.40270005044,3154.83173796181,3550.26195238543,183.293773411522
"DFG2021","Late","Capone","220","Split","3",2173.5467484029,42.5245717350746,1518.49590009943,1426.30305162678,1506.49583333333,655.050848303471,667.050915069575,747.243696776129,5.23,1393.72916666667,5.23,1393.72916666667,5.23,1393.72916666667,2264.7,3390.38935895347,3453.14969545939,3872.55791519721,91.1532515970948
"DFG2021","Late","Esket","176","Combined","1",2039.17578085315,26.5612782796,1522.04696764428,1436.77912262697,1506.49583333333,517.128813208866,532.67994751982,602.396658226179,4,1375.25416666667,4,1375.25416666667,4,1375.25416666667,2192.3875,2040.84570427716,2103.02723320129,2381.84279506487,153.21171914685
"DFG2021","Late","Esket","176","Combined","2",2058.14724929765,29.8994218133664,1513.81771909195,1429.93820546895,1506.49583333333,544.3295302057,551.651415964318,628.209043828696,3.84,1375.25416666667,3.84,1375.25416666667,3.84,1375.25416666667,2155.14583333333,2040.24073533375,2068.35409024441,2362.32207610165,96.9985840356821
"DFG2021","Late","Esket","176","Combined","3",2072.49106804807,42.113906458597,1531.11208648316,1446.86494235395,1506.49583333333,541.378981564911,565.995234714739,625.626125694116,4.29,1262.59166666667,4.29,1262.59166666667,4.29,1262.59166666667,2192.3875,2310.28319817323,2415.88670222569,2671.70304359605,119.896431951931
"DFG2021","Late","Esket","176","Split","1",2007.8991607268,24.0199354328491,1522.04696764428,1436.77912262697,1506.49583333333,485.852193082513,501.403327393467,571.120038099826,4.04,1244.68333333333,4.04,1244.68333333333,4.04,1244.68333333333,2192.3875,1942.30739443282,2005.06230650067,2286.54786595444,184.488339273203
"DFG2021","Late","Esket","176","Split","2",2079.14328234577,36.0163234306036,1527.99646430205,1443.54809352401,1506.49583333333,551.146818043726,572.647449012444,635.595188821761,4.88,1244.68333333333,4.88,1244.68333333333,4.88,1244.68333333333,2192.3875,2660.24859226334,2765.1704200285,3072.35394997642,113.244217654226
"DFG2021","Late","Esket","176","Split","3",2059.24410244769,26.7118981554744,1510.34995568019,1424.03687211173,1506.49583333333,548.8941467675,552.748269114355,635.207230335953,4.29,1262.59166666667,4.29,1262.59166666667,4.29,1262.59166666667,2192.3875,2312.22225143443,2328.75238758783,2682.45774306805,133.143397552315
"DFG2021","Late","Esket","220","Combined","1",2042.32877999874,24.4887886369368,1517.89699266907,1427.84873631881,1472.07916666667,524.431787329672,570.249613332067,614.480043679928,4.55,1375.25416666667,4.55,1375.25416666667,4.55,1375.25416666667,2264.7,2378.27163834512,2586.64027354684,2787.84194729697,222.371220001262
"DFG2021","Late","Esket","220","Combined","2",2095.04924960393,37.919451478,1519.55986296966,1423.74980579008,1472.07916666667,575.489386634275,622.970082937262,671.299443813852,4.58,1393.72916666667,4.58,1393.72916666667,4.58,1393.72916666667,2327.54166666667,2641.43715215633,2858.89808902322,3080.24637710253,232.492417062738
"DFG2021","Late","Esket","220","Combined","3",2095.04924960393,37.919451478,1515.30040731744,1423.68009352406,1472.07916666667,579.748842286491,622.970082937262,671.369156079874,4.69,1393.72916666667,4.69,1393.72916666667,4.69,1393.72916666667,2264.7,2715.62792135696,2918.33496958876,3145.32642343234,169.650750396067
"DFG2021","Late","Esket","220","Split","1",2059.24410244769,26.7118981554744,1506.9826464329,1420.79631954668,1506.49583333333,552.261456014789,552.748269114355,638.447782901007,5.51,1506.49583333333,5.51,1506.49583333333,4.91,1375.25416666667,2192.3875,2988.32660855773,2991.00831133075,3086.04258960842,133.143397552315
"DFG2021","Late","Esket","220","Split","2",2089.33496784006,45.227389994574,1505.97241169039,1413.35611680106,1472.07916666667,583.362556149677,617.255801173393,675.978851039006,4.83,1393.72916666667,4.83,1393.72916666667,4.83,1393.72916666667,2264.7,2819.38362263074,2983.08795812711,3266.72027170434,175.365032159937
"DFG2021","Late","Esket","220","Split","3",2106.05073299576,28.9952225745599,1508.87846610042,1424.82534779302,1472.07916666667,597.172266895342,633.971566329093,681.225385202744,5.21,1393.72916666667,5.21,1393.72916666667,5.21,1393.72916666667,2155.14583333333,2966.15835976257,3157.87403747186,3404.06150016732,49.0951003375671
"DFG2021","Late","Patras","176","Combined","1",2006.53146224432,25.5021354329207,1488.7714340329,1405.02307694706,1433.8875,517.760028211418,572.643962244316,601.508385297261,4.26,1375.25416666667,4.26,1375.25416666667,4.26,1375.25416666667,2155.14583333333,2171.19412864173,2404.9250557045,2527.86926817644,148.614371089014
"DFG2021","Late","Patras","176","Combined","2",2034.72391977282,26.1456077415371,1502.49684242181,1416.5680901837,1506.49583333333,532.227077351011,528.228086439494,618.155829589119,4.09,1375.25416666667,4.09,1375.25416666667,4.09,1375.25416666667,2192.3875,2149.5086144869,2133.15884448659,2500.89212543434,157.663580227176
"DFG2021","Late","Patras","176","Combined","3",2044.09310102296,28.0312937472032,1510.06222782877,1427.65244009705,1472.07916666667,534.03087319419,572.013934356295,616.440660925917,4.66,1393.72916666667,4.66,1393.72916666667,4.66,1393.72916666667,2155.14583333333,2432.46607775681,2609.44105677938,2816.45556561936,111.052732310365
"DFG2021","Late","Patras","176","Split","1",2024.98399040286,27.7357745105731,1516.38377041452,1435.62363590746,1472.07916666667,508.600219988334,552.904823736188,589.360354495401,4.22,1244.68333333333,4.22,1244.68333333333,4.22,1244.68333333333,2155.14583333333,2108.95108153247,2295.87461520008,2449.70095187194,130.161842930471
"DFG2021","Late","Patras","176","Split","2",2049.62064157779,23.862530334373,1496.25623529985,1412.40202780498,1472.07916666667,553.364406277942,577.541474911121,637.218613772809,4.81,1244.68333333333,4.81,1244.68333333333,4.81,1244.68333333333,2155.14583333333,2570.44255475273,2686.68145116101,2973.66052057707,105.525191755538
"DFG2021","Late","Patras","176","Split","3",2024.82851550529,24.12351592385,1495.01710845889,1411.63665343472,1472.07916666667,529.811407046394,552.749348838619,613.191862070564,5.07,1393.72916666667,5.07,1393.72916666667,5.07,1393.72916666667,2155.14583333333,2620.44060003494,2736.67155320134,3043.02670946428,130.317317828041
"DFG2021","Late","Patras","220","Combined","1",2072.10819922659,27.4409122030347,1485.05715595184,1397.45531246892,1472.07916666667,587.051043274751,600.029032559922,674.652886757672,5.07,1375.25416666667,5.07,1375.25416666667,5.07,1375.25416666667,2192.3875,2918.17688291238,2983.96902041916,3362.29488942832,120.279300773408
"DFG2021","Late","Patras","220","Combined","2",2071.70727271526,34.5386724148845,1514.73868632662,1432.66488771994,1506.49583333333,556.968586388647,565.211439381934,639.04238499532,4.58,1244.68333333333,4.58,1244.68333333333,4.58,1244.68333333333,2155.14583333333,2496.89164442016,2534.64321969364,2872.78626128986,83.4385606180654
"DFG2021","Late","Patras","220","Combined","3",2089.13710993233,41.5979678656753,1488.27509779814,1403.58332064691,1472.07916666667,600.862012134198,617.057943265664,685.553789285424,4.53,1393.72916666667,4.53,1393.72916666667,4.53,1393.72916666667,2155.14583333333,2672.55281608487,2745.92034005419,3056.2064582394,66.0087234009957
"DFG2021","Late","Patras","220","Split","1",2092.90361610185,33.9643141621269,1495.1294284204,1407.95476887048,1472.07916666667,597.77418768145,620.824449435181,684.948847231375,5.29,1375.25416666667,5.29,1375.25416666667,5.29,1375.25416666667,2192.3875,3111.87838736979,3233.8132353077,3573.03016565169,99.4838838981491
"DFG2021","Late","Patras","220","Split","2",2078.69248558532,32.4979138626146,1503.92239641182,1416.94026387788,1506.49583333333,574.770089173501,572.196652251991,661.75222170744,5.01,1244.68333333333,5.01,1244.68333333333,5.01,1244.68333333333,2192.3875,2838.88481422927,2825.99225367974,3274.66004381593,113.695014414679
"DFG2021","Late","Patras","220","Split","3",2089.33489180689,45.2275851221385,1500.20953648478,1413.78139126238,1506.49583333333,589.12535532211,582.839058473558,675.553500544506,4.74,1393.72916666667,4.74,1393.72916666667,4.74,1393.72916666667,2192.3875,2775.18370555493,2745.38666871748,3184.85306904835,103.052608193112
"DFG2021","Late","Pionier","176","Combined","1",2089.26324612879,45.5914779386546,1512.89650972648,1427.12998243781,1506.49583333333,576.366736402311,582.767412795458,662.133263690975,4.2,1375.25416666667,4.2,1375.25416666667,4.2,1375.25416666667,2192.3875,2405.90556962583,2432.78840054557,2766.12493248494,103.124253871212
"DFG2021","Late","Pionier","176","Combined","2",2088.60098333053,49.1336566334829,1537.73118532446,1454.24322926083,1506.49583333333,550.869798006069,582.105149997203,634.357754069705,4.13,1524.35416666667,3.56,1375.25416666667,3.56,1375.25416666667,2192.3875,2264.35910385125,2063.04248381126,2249.0617448312,103.786516669466
"DFG2021","Late","Pionier","176","Combined","3",2103.05205178812,57.9073531310581,1541.54130721656,1452.2926286218,1506.49583333333,561.510744571561,596.556218454788,650.759423166315,4.7,1393.72916666667,4.7,1393.72916666667,4.7,1393.72916666667,2264.7,2641.40018656262,2806.11391231607,3060.86897421752,161.647948211882
"DFG2021","Late","Pionier","176","Split","1",2089.26324612879,45.5914779386546,1537.15455596892,1457.25178101685,1506.49583333333,552.108690159869,582.767412795458,632.011465111933,4.95,1524.35416666667,4.53,1375.25416666667,4.53,1375.25416666667,2155.14583333333,2689.05830357886,2599.77971799453,2822.85523653854,65.8825872045418
"DFG2021","Late","Pionier","176","Split","2",2096.61540775467,50.8418797703303,1550.51226012166,1457.8147917296,1506.49583333333,546.103147633003,590.119574421336,638.800616025067,4.77,1524.35416666667,4.55,1375.25416666667,4.55,1375.25416666667,2327.54166666667,2610.18352765575,2690.07242354888,2911.57115731049,230.926258912004
"DFG2021","Late","Pionier","176","Split","3",2120.71244680441,42.3032751065036,1515.38400094212,1423.0779264201,1506.49583333333,605.328445862283,614.216613471076,697.634520384302,4.45,1393.72916666667,4.45,1393.72916666667,4.45,1393.72916666667,2264.7,2687.68458363368,2727.23690606347,3098.44651792311,143.987553195594
"DFG2021","Late","Pionier","220","Combined","1",2130.00432579816,44.4696273044213,1542.43704914719,1454.20017128836,1506.49583333333,587.567276650964,623.508492464828,675.804154509795,4.97,1375.25416666667,4.97,1375.25416666667,4.97,1375.25416666667,2264.7,2912.60411386095,3091.2318916785,3351.14130509097,134.695674201842
"DFG2021","Late","Pionier","220","Combined","2",2128.54910095424,38.1580529649703,1535.65550537042,1441.40454712206,1506.49583333333,592.893595583825,622.053267620911,687.144553832185,5.12,1524.35416666667,4.81,1244.68333333333,4.81,1244.68333333333,2327.54166666667,3037.51282225851,2993.85854768764,3306.94734967301,198.992565712429
"DFG2021","Late","Pionier","220","Combined","3",2182.86563186259,38.1174594161965,1530.01992846343,1435.56504826734,1472.07916666667,652.845703399166,710.786465195922,747.300583595249,4.97,1393.72916666667,4.97,1393.72916666667,4.97,1393.72916666667,2327.54166666667,3231.02949379321,3518.9948829183,3700.47001616654,144.676034804078
"DFG2021","Late","Pionier","220","Split","1",2119.95552745094,40.9708971881926,1530.73931946607,1440.93569164468,1472.07916666667,589.216207984872,647.876360784272,679.019835806264,5.72,1506.49583333333,5.22,1375.25416666667,5.22,1375.25416666667,2264.7,3361.24214321907,3373.63301871668,3536.20192625974,144.744472549058
"DFG2021","Late","Pionier","220","Split","2",2113.75127075171,46.7197053429892,1531.98135031919,1436.90813976431,1506.49583333333,581.769920432522,607.255437418378,676.843130987394,5.67,1524.35416666667,5.49,1393.72916666667,5.49,1393.72916666667,2327.54166666667,3304.48747389497,3339.49856932889,3721.53498621542,213.790395914963
"DFG2021","Late","Pionier","220","Split","3",2182.86563186259,38.1174594161965,1507.94959255373,1411.92473012664,1472.07916666667,674.916039308866,710.786465195922,770.940901735954,4.88,1393.72916666667,4.88,1393.72916666667,4.88,1393.72916666667,2327.54166666667,3280.22303680823,3455.2706295053,3748.82423538285,144.676034804078
"DFG2021","Late","Potenzial","176","Combined","1",2028.28398843693,21.5339002571986,1490.92253428752,1406.77370351961,1472.07916666667,537.361454149406,556.204821770259,621.51028491732,4,1375.25416666667,4,1375.25416666667,4,1375.25416666667,2155.14583333333,2077.74822508144,2153.0345582581,2414.08822955369,126.861844896401
"DFG2021","Late","Potenzial","176","Combined","2",2035.28441252525,26.5600269138688,1515.93854734247,1433.27366818365,1433.8875,519.34586518278,601.396912525247,602.010744341597,3.82,1375.25416666667,3.82,1375.25416666667,3.82,1375.25416666667,2155.14583333333,1938.30325776924,2251.67239822819,2254.01702316824,119.861420808082
"DFG2021","Late","Potenzial","176","Combined","3",2068.87476905055,46.1126176214163,1518.92835269229,1437.21567869248,1472.07916666667,549.946416358258,596.795602383882,631.659090358068,4.15,1262.59166666667,4.15,1262.59166666667,4.15,1262.59166666667,2155.14583333333,2260.8476146065,2455.27166968832,2599.95513136408,86.2710642827774
"DFG2021","Late","Potenzial","176","Split","1",2058.17134100763,29.9196749892406,1507.20528290223,1421.15992836018,1472.07916666667,550.966058105403,586.092174340958,637.011412647446,4.83,1375.25416666667,4.83,1375.25416666667,4.83,1375.25416666667,2192.3875,2627.90444964899,2797.55268911938,3043.48587265045,134.216158992372
"DFG2021","Late","Potenzial","176","Split","2",2066.49057551002,36.030924686535,1510.34995568019,1424.03687211173,1506.49583333333,556.140619829835,559.994742176691,642.453703398289,4.45,1244.68333333333,4.45,1244.68333333333,4.45,1244.68333333333,2192.3875,2455.21729669907,2472.36793759733,2839.30851939515,125.896924489979
"DFG2021","Late","Potenzial","176","Split","3",2066.95711784857,29.3041748106179,1499.22558186743,1412.34743113231,1472.07916666667,567.73153598114,594.877951181901,654.609686716265,4.76,1262.59166666667,4.76,1262.59166666667,4.76,1262.59166666667,2192.3875,2660.83046632023,2790.03920572751,3074.35434391642,125.430382151429
"DFG2021","Late","Potenzial","220","Combined","1",2068.0519536602,32.6618111283962,1500.03613631318,1413.19950082727,1472.07916666667,568.015817347015,595.972786993525,654.852452832924,4.84,1375.25416666667,4.84,1375.25416666667,4.84,1375.25416666667,2192.3875,2718.1894183499,2853.49833229129,3138.47353245784,124.335546339804
"DFG2021","Late","Potenzial","220","Combined","2",2090.35141609122,43.0672432730389,1504.60276535492,1418.01395856908,1472.07916666667,585.7486507363,618.272249424546,672.337457522133,4.65,1393.72916666667,4.65,1393.72916666667,4.65,1393.72916666667,2192.3875,2703.05928653523,2854.29395092751,3105.69713391455,102.036083908783
"DFG2021","Late","Potenzial","220","Combined","3",2102.18438799622,31.1976152974665,1526.27488078421,1441.99849788124,1472.07916666667,575.909507212008,630.105221329545,660.185890114975,4.59,1262.59166666667,4.59,1262.59166666667,4.59,1262.59166666667,2192.3875,2580.05222312244,2828.80367376927,2966.87242755918,90.2031120037846
"DFG2021","Late","Potenzial","220","Split","1",2081.38062313867,30.197438884894,1519.09431484629,1433.65681813205,1506.49583333333,562.286308292384,574.884789805341,647.72380500662,5.73,1506.49583333333,5.73,1506.49583333333,5.01,1375.25416666667,2192.3875,3161.9392587004,3234.12382572692,3192.65426619108,111.006876861329
"DFG2021","Late","Potenzial","220","Split","2",2078.67512591241,35.0339500507814,1505.74308624053,1413.05630307624,1472.07916666667,572.932039671879,606.595959245739,665.61882283617,4.78,1393.72916666667,4.78,1393.72916666667,4.78,1393.72916666667,2264.7,2736.52913431758,2897.44128771188,3179.5697289598,186.024874087591
"DFG2021","Late","Potenzial","220","Split","3",2100.40398552013,32.5752726237389,1502.03974660011,1417.89155739381,1472.07916666667,598.364238920023,628.324818853459,682.512428126314,5.2,1393.72916666667,5.2,1393.72916666667,5.2,1393.72916666667,2155.14583333333,3000.5029442967,3156.29589641471,3438.06993634436,54.7418478132013
"DFG2021","Late","Torrild","176","Combined","1",2074.31916567699,31.0018429178646,1504.02229721622,1421.28591516972,1472.07916666667,570.296868460768,602.239999010316,653.033250507269,4.03,1375.25416666667,4.03,1375.25416666667,4.03,1375.25416666667,2155.14583333333,2235.23083076957,2363.95722984694,2568.6510151019,80.8266676563435
"DFG2021","Late","Torrild","176","Combined","2",2071.50392477607,32.2347750359503,1504.60276535492,1418.01395856908,1472.07916666667,566.901159421152,599.424758109398,653.489966206985,3.84,1375.25416666667,3.84,1375.25416666667,3.84,1375.25416666667,2192.3875,2149.29909464874,2274.18671579984,2481.79511617484,120.883575223932
"DFG2021","Late","Torrild","176","Combined","3",2089.26324612879,45.5914779386546,1512.29648561353,1425.14886565451,1506.49583333333,576.966760515256,582.767412795458,664.114380474281,4.01,1393.72916666667,4.01,1393.72916666667,4.01,1393.72916666667,2192.3875,2299.47308005742,2322.73368718755,2648.93498743117,103.124253871212
"DFG2021","Late","Torrild","176","Split","1",2074.31916567699,31.0018429178646,1514.79006060325,1431.75901001583,1506.49583333333,559.529105073736,567.823332343656,642.560155661155,4.29,1375.25416666667,4.29,1375.25416666667,4.29,1375.25416666667,2155.14583333333,2333.24799319089,2368.82831243758,2689.44126839513,80.8266676563435
"DFG2021","Late","Torrild","176","Split","2",2071.23251669199,36.619509781319,1492.37306830485,1399.96130666675,1472.07916666667,578.859448387139,599.153350025316,671.27121002524,4.6,1375.25416666667,4.6,1375.25416666667,4.6,1375.25416666667,2264.7,2663.53999695097,2756.89149455525,3088.63308362184,193.467483308014
"DFG2021","Late","Torrild","176","Split","3",2079.14438137034,36.0199488302063,1500.52965271915,1415.06884045025,1506.49583333333,578.614728651182,572.648548037006,664.075540920084,4.54,1262.59166666667,4.54,1262.59166666667,4.54,1262.59166666667,2155.14583333333,2571.02646389774,2543.94023421665,2959.01726214569,76.001451962994
"DFG2021","Late","Torrild","220","Combined","1",2110.83950058922,62.3560850853949,1516.62984322763,1430.64236835289,1506.49583333333,594.209657361587,604.343667255892,680.197132236332,5.59,1506.49583333333,5.59,1506.49583333333,5,1375.25416666667,2192.3875,3308.65940781496,3365.30852307433,3389.38228287553,81.5479994107782
"DFG2021","Late","Torrild","220","Combined","2",2088.60491864447,49.1237106794428,1524.98945894486,1439.40710405655,1506.49583333333,563.615459699609,582.109085311141,649.197814587925,4.99,1524.35416666667,4.26,1393.72916666667,4.26,1393.72916666667,2192.3875,2799.46066015468,2468.70315663546,2754.50113103572,103.782581355529
"DFG2021","Late","Torrild","220","Combined","3",2096.61540573133,50.8418839730399,1492.84767890433,1405.60638668272,1433.8875,603.767726827005,662.727905731335,691.009019048619,4.57,1393.72916666667,4.57,1393.72916666667,4.57,1393.72916666667,2192.3875,2745.56297632283,3015.01099026323,3144.25567779102,95.7720942686651
"DFG2021","Late","Torrild","220","Split","1",2089.26324612879,45.5914779386546,1504.60276535492,1418.01395856908,1472.07916666667,584.660480773872,617.184079462118,671.249287559705,4.97,1375.25416666667,4.97,1375.25416666667,4.97,1375.25416666667,2192.3875,2888.20815210303,3049.85040516738,3318.55447428557,103.124253871212
"DFG2021","Late","Torrild","220","Split","2",2081.69000582382,38.8022164728562,1507.5920190044,1420.97494511118,1472.07916666667,574.097986819419,609.610839157147,660.715060712638,4.8,1393.72916666667,4.8,1393.72916666667,4.8,1393.72916666667,2192.3875,2731.57549852532,2902.03678322621,3147.33685218023,110.697494176183
"DFG2021","Late","Torrild","220","Split","3",2095.88171147652,53.2773470916784,1503.35496557025,1419.57525637996,1506.49583333333,592.526745906268,589.385878143191,676.306455096564,5.1,1393.72916666667,5.1,1393.72916666667,5.1,1393.72916666667,2155.14583333333,2985.13802470787,2969.11959946355,3412.41453881051,59.2641218568092
